season,week,games_seen,home_win,market_logit,margin_diff,qb_diff,off_diff,def_diff,to_diff,h2h_net,home_price,away_price
2023,2,1,1,0.7310299485401845,10.312820512820512,0.2733615919577146,0.9423550820813976,1.61280821678559,5,1.558,-238,195
2023,2,1,1,0.2902593934660813,-0.29565217391304355,-0.8517002421941424,-0.4026123905817168,-0.5118984013856162,1,-0.348,-148,124
2023,2,1,1,1.0868214372568055,6.363768115942029,-0.22062831109513614,-0.18436229619129257,1.691239085678002,-1,0.274,-355,280
2023,2,1,0,0.4441029008135785,-1.7306666666666661,0.4595586385631055,-0.10029636326335929,-0.35336871670019065,3,0.39,-175,145
2023,2,1,0,0.6520630971900706,7.6347826086956525,0.39532875274282453,0.7982390771333949,0.1768612275142778,0,0.397,-218,180
2023,2,1,0,0,1.8434782608695643,-0.052205940990563304,0.10815584514692511,-0.41904549234296984,0,-0.109,-110,-110
2023,2,1,0,-0.4211440182204822,2.292307692307692,-1.0161207639784107,-1.1595358096036055,0.6722883667004755,2,-0.115,142,-170
2023,2,1,1,0.20649509332803073,9.634782608695652,1.9480795425235051,0.26340973974775006,1.5626210990128406,4,1.594,-135,114
2023,2,1,1,-0.25534669180884456,0.6144927536231883,-1.6110820140137938,-1.2915608631615336,1.042315583813155,-1,-0.604,120,-142
2023,2,1,0,-0.6795942141552419,7.03513043478261,-0.010686060881021864,-0.647735289280392,1.4627101372979112,3,0.67,185,-225
2023,2,1,0,-1.050503710348079,-7.178595317725751,-1.5118409605185035,-1.1488410477568376,-1.7610595430298146,-1,-1.405,270,-340
2023,2,1,1,1.1526795099383862,14.610086956521739,1.0297674139956319,1.0171987095235333,1.0304851493494418,2,1.162,-380,300
2023,2,1,0,0.561952461347356,-0.6000000000000001,0.6546511288680874,0.491487632836977,-0.7782507098829592,2,0.348,-198,164
2023,2,1,0,-0.17139248626176423,0.4942028985507245,-1.1020154638308073,-1.44216049576597,1.5287481403414227,1,-0.098,110,-130
2023,2,1,0,-0.44410290081357806,-0.6173913043478265,-1.4630060584030395,-0.3813567918094477,-1.1314634451319974,-4,-1.38,145,-175
2023,2,1,1,-0.29025939346608154,-7.42608695652174,-0.018190071204769953,-0.2679627303459986,-0.6854139290954286,3,0.12,124,-148
2023,3,2,1,1.438079660437415,18.93897435897436,1.4757551122957107,1.4326652679564216,2.547219727634119,3,2.008,-535,400
2023,3,2,0,1.1526795099383862,9.830917874396135,0.9196201019752536,1.4029929189451273,0.2053875320488721,-1,0.579,-380,300
2023,3,2,1,0.5000307258401198,5.688405797101449,0.11902440010384974,0.08714438416855347,0.7973642637326231,-2,0.023,-185,154
2023,3,2,1,0.40396021692874423,0.6956521739130435,1.1925799469988736,0.5152064019631558,-0.7896809334910122,-2.5,-0.149,-166,140
2023,3,2,1,-0.13005312824819792,5.239130434782609,0.7807615992683319,0.8422643680541563,-1.2032596576383927,0.5,0.145,105,-125
2023,3,2,0,1.1526795099383862,11.905797101449275,0.7653710791079008,0.9555494635695428,0.8528025709622693,1.5,0.954,-380,300
2023,3,2,1,0.7786693539981074,7.334541062801932,1.2007886200439348,1.662362446212808,-0.04585575873059505,-0.5,0.719,-250,205
2023,3,2,0,0,0.6666666666666665,0.32999473391100587,-0.6554619673379859,0.300365393990888,-2.5,-0.381,-110,-110
2023,3,2,0,-0.25534669180884456,1.2608695652173916,-1.4468618759788956,-0.786493721564924,0.06871294342224016,1,-0.43,120,-142
2023,3,2,0,-0.756326082181477,-5.5567632850241555,-1.317774088387136,-1.1781473585561035,-0.1529379204889093,0,-0.729,200,-245
2023,3,2,1,0.6795942141552417,3.5072463768115947,2.061309438008201,1.3865290828458057,-0.8321420475310543,2.5,1.017,-225,185
2023,3,2,1,-1.597365331199831,-16.03739130434783,-1.09283823695167,-1.078926089716801,-2.409278319150204,-3.5,-1.834,470,-650
2023,3,2,1,1.7074183207943046,15.452062430323302,3.0199495498277864,1.942685302778512,2.0477431645937076,0.5,2.032,-750,525
2023,3,2,0,0.2902593934660813,2.4347826086956523,1.280266438450356,0.904676679406559,-1.5591707255901892,-4,-0.456,-148,124
2023,3,2,0,-0.8038287100120177,-4.038461538461538,0.10303807471688053,-0.8528447918099588,-0.21131689076401794,0,-0.305,210,-258
2023,3,2,1,0.3779134505088062,1.9031884057971014,0.8059769078773451,0.0368999630412809,0.24868835793348637,1,0.422,-162,136
2023,4,3,0,-0.25534669180884456,3.1863354037267086,-0.5509553213907812,-0.1953534937250288,0.32000331269933363,1.67,0.14,120,-142
2023,4,3,1,0.5000307258401198,1,0.467956878617095,-0.11319664753401479,0.23190086352596548,0,0.149,-185,154
2023,4,3,1,0.2553466918088444,5.19047619047619,-0.9741517387534755,-1.0544139903973533,1.883547402900066,0.6699999999999999,0.117,-142,120
2023,4,3,0,-0.6795942141552419,0.18426501035196674,-1.5279593866934311,-0.5496746234549241,0.4241241403424768,0.34,-0.358,185,-225
2023,4,3,0,-0.3779134505088058,0,-1.576092241076808,-0.5086901883491011,-0.37493482567010106,0.32999999999999996,-0.606,136,-162
2023,4,3,0,-0.20649509332803068,4.36231884057971,-0.18855442083284613,-0.37368924178012064,0.6884285508854446,-1,-0.088,114,-135
2023,4,3,1,-0.3779134505088058,1.2608695652173911,0.18015566423151136,-0.19295928002915064,-1.023657052202982,-1.33,-0.52,136,-162
2023,4,3,0,-0.04334372921647221,0.15527950310559047,0.031040743809438776,-0.9431461811407449,0.49285022592265026,2.34,0.195,-105,-115
2023,4,3,0,0.5959499755412798,4.29192546583851,-0.6028281417358703,-0.005621473954176115,0.6438670932386398,-0.6699999999999999,-0.041,-205,170
2023,4,3,1,1.3054067019807902,14.629240324892496,1.5435233268650717,1.6981668649711623,0.5302639945646517,3,1.481,-455,350
2023,4,3,1,-0.3779134505088058,-1.8486956521739133,-1.0160725677837528,-0.5724623578269911,-0.20071746786817085,0,-0.484,136,-162
2023,4,3,1,0.9731781062762064,7.188405797101449,1.1242426919920092,1.2651884702713025,0.5527970682340317,3,1.253,-310,250
2023,4,3,1,0.8931683144533004,13.087950310559005,0.4474387903622762,1.0146457696736821,0.8545383813625274,3,1.107,-285,230
2023,4,3,1,1.9924301646902072,15.20831342570473,1.3838097524378734,1.3749644318695842,1.3638790654600503,0.33000000000000007,1.227,-1100,700
2023,4,3,0,-1.3600995524216395,-9.66698518872432,-2.99054492039053,-2.6045721937070554,-0.3253872540731587,0.33,-1.58,370,-485
2023,4,3,0,-0.25534669180884456,-5.497142857142857,-1.5278347323231942,-1.084062275676501,-0.46782244066453027,-2,-1.128,120,-142
2023,5,4,0,0.8038287100120176,8.375,0.36486732418565193,-0.00350433972465114,1.9170226892682358,0.5,0.751,-258,210
2023,5,4,0,0.7786693539981074,15.395833333333334,1.239266050661399,1.3884792691711794,1.2829744590377368,0.75,1.231,-250,205
2023,5,4,1,0.2553466918088444,0.30434782608695654,-0.7040865426579465,0.11059879026926445,-0.16897730770986868,-1.25,-0.362,-142,120
2023,5,4,1,1.3054067019807902,10.402173913043478,1.789409499311236,1.4018347875255106,0.1791682377633293,-0.25,0.885,-455,350
2023,5,4,1,-0.25534669180884456,-0.17391304347826075,0.11865619763071211,-0.315287326886008,-0.003327798697702139,0.75,0.035,120,-142
2023,5,4,1,1.7074183207943046,16.414166666666667,2.4928197459340296,2.481229690398809,0.6004070180685529,2,1.834,-750,525
2023,5,4,0,0.20649509332803073,-0.7173913043478266,-0.2210918675913302,-0.14762424644749428,-0.060213024258029435,-0.75,-0.222,-135,114
2023,5,4,1,-0.7036973914550977,-9.32427536231884,-1.1829606861109512,-0.9962108735324475,-1.0529476822170545,1.5,-0.709,190,-230
2023,5,4,0,-0.4211440182204822,1.0019565217391309,0.23630511953591313,0.5029827743654792,-0.4269376015919871,0,0.08,142,-170
2023,5,4,0,-0.5362530147869359,-4.4962374581939795,-1.413734743365246,-0.8207469424672711,-0.8323325883459909,-2.25,-1.167,160,-192
2023,5,4,0,0.20649509332803073,-2.1304347826086962,1.5301495628980792,1.0629443279351691,-1.4166647036940412,-0.5,0.188,-135,114
2023,5,4,0,-0.474457979595116,-6.7339743589743595,-0.4961734943907298,-1.1454762621882826,-0.839615899670926,0,-0.734,150,-180
2023,5,4,1,0.4744579795951159,0.5292307692307698,1.1692768928320134,1.1468670598587984,-1.049518369531122,-1.75,0.066,-180,150
2023,5,4,1,0.06948444579350904,-3.266304347826087,-0.551081618559626,-0.6331491014849998,-0.8174734199092624,-2.5,-0.932,-118,-102
2023,6,5,1,1.5973653311998304,18.19026384243776,1.0415593893253552,1.2985403776589772,1.4907044922537152,-0.4,1.059,-650,470
2023,6,5,0,-0.7786693539981077,-4.066022544283413,-0.5414773837792967,-0.28110656649956833,-1.4145754983907624,0.8,-0.544,205,-250
2023,6,5,0,0.13005312824819815,6.241545893719806,0.06259513906083863,0.2650068639411427,-0.10192732646922903,0.39999999999999997,0.122,-125,105
2023,6,5,0,-0.40396021692874395,-3.3156199677938814,-1.301280410460577,-0.1477287096954281,-1.1235838467537682,0.19999999999999996,-0.678,140,-166
2023,6,4,1,0.33507069469592426,-1.2855555555555558,-0.6769226783622236,-1.017180543816485,0.23350459250201136,-0.5,-0.475,-155,130
2023,6,4,1,-1.3331526373705578,-10.575065031586771,-2.8606102358411767,-2.5857122355549813,-0.38245950943597373,-3.15,-2.048,360,-470
2023,6,5,1,-0.17139248626176423,-0.7198067632850242,-0.00795307509122975,0.20738337934461254,-1.653513466337801,1,-0.31,110,-130
2023,6,5,1,0.5959499755412798,5.294685990338165,0.5604138874612854,0.47128192801268415,0.027863018504147963,-0.3999999999999999,0.233,-205,170
2023,6,5,1,1.9924301646902072,13.541867954911433,2.067074420112432,2.378063062850077,0.16772847094866855,0.39999999999999997,1.341,-1100,700
2023,6,5,1,0.2902593934660813,6.2270531400966185,0.4986415896905887,0.8478626753332206,-1.2133141432828478,-0.3999999999999999,-0.05,-148,124
2023,6,5,1,1.0505037103480785,6.6183574879227045,-0.2513104338519472,0.40708454599468036,0.003668185814308167,-0.6000000000000001,-0.017,-340,270
2023,6,5,1,-0.9547989405441406,-7.262356001486436,-1.9840357491540885,-2.018758938644357,-0.2762615341891812,-0.9999999999999999,-1.328,245,-305
2023,6,4,0,-0.3779134505088058,-2.1721014492753623,-0.15627693682396893,-1.1062492329297302,0.49537579369946627,1.15,-0.066,136,-162
2023,6,5,1,2.0600234558227344,23.738518518518518,2.3507563694640177,2.0210679047142586,2.543063270978983,2.4,2.315,-1200,750
2023,6,4,0,-0.17139248626176423,-5.366111111111112,0.8415762165469599,0.6254259624056951,-1.748435958908534,-0.6000000000000001,-0.23,110,-130
2023,7,6,0,0.2902593934660813,1.0043478260869567,-0.14891149771845943,-0.40316616656089854,0.8641384672822168,-0.8300000000000001,-0.009,-148,124
2023,7,6,1,0.3779134505088062,1.2159420289855083,-1.1900933324014829,-1.0296196982128212,1.0602748588949953,-0.8400000000000001,-0.394,-162,136
2023,7,6,1,-0.25534669180884456,-1.7521739130434786,-0.7310086871928674,0.007522919612325096,-0.844796105488663,0.8399999999999999,-0.317,120,-142
2023,7,5,0,-0.474457979595116,-2.550724637681159,0.49788124253345,0.1890507368119716,-1.1294787217839635,2.27,0.146,150,-180
2023,7,6,1,-1.1853149760426938,-16.18623188405797,-2.3253229348479656,-2.3946608881151086,-0.8108997184209507,-2,-1.832,310,-395
2023,7,6,1,-0.3779134505088058,-2.9306086956521735,-0.42356270085426523,-0.4346576103278261,-1.2860409665995676,-0.17,-0.659,136,-162
2023,7,5,0,0.2902593934660813,3.6777777777777776,1.1046487626306571,-0.05294064318680053,0.680635563327342,2.07,0.75,-148,124
2023,7,5,0,0.4441029008135785,7.088405797101449,0.3003030394581825,1.0558525736007909,-0.6061477725369407,-2.0300000000000002,-0.073,-175,145
2023,7,5,1,1.3054067019807902,10.208212560386473,1.2567939839801974,0.9515238621911396,0.8431574085699753,0.83,0.974,-455,350
2023,7,5,1,0.06948444579350904,-6.481642512077295,0.3079622077571572,-0.2561087189670729,-0.9804252967903738,0.2,-0.281,-118,-102
2023,7,5,1,0.8272349252412727,9.757549857549858,0.3656746990539701,0.3424770347464612,0.960852071338768,-0.42999999999999994,0.432,-265,215
2023,7,6,1,0.33507069469592426,1.5397435897435896,-0.9136607873109102,-0.8982319730731693,0.8628160733136325,0.67,-0.136,-155,130
2023,7,6,1,-1.0126698588673846,-11.14871794871795,-1.026683092078182,-1.6578176262037512,-1.6717782694087453,-1.5,-1.489,260,-325
2023,8,6,1,1.36009955242164,12.978787878787879,0.9098393839289199,1.4969802587523267,0.642550213442957,-0.30999999999999994,0.838,-485,370
2023,8,6,1,-0.3779134505088058,-5.460869565217391,-0.6266719230783937,-0.3571427097834152,-0.20656130448543386,-1.83,-0.581,136,-162
2023,8,6,1,0.9731781062762064,10.150102766798419,0.8075495960488823,-0.13965545984659833,1.9672060293970952,1.3599999999999999,0.951,-310,250
2023,8,6,0,-0.01731944920018042,2.6326745718050066,-0.856516086162532,-0.013783312885555406,-0.1542750945939942,-0.62,-0.344,-108,-112
2023,8,7,0,-0.17139248626176423,-1.9723320158102764,-0.39422707456243555,-0.10508851810751796,-0.7854423120974886,-0.14,-0.39,110,-130
2023,8,7,1,1.1526795099383862,13.77536231884058,1.953620193794118,2.6405402847252284,-0.4281037675787239,0.57,1.235,-380,300
2023,8,6,0,-0.3779134505088058,-5.003320158102767,0.6044320154748241,0.2792236185356234,-1.4739308196691234,-1.1400000000000001,-0.385,136,-162
2023,8,6,0,-0.20649509332803068,-4.026086956521739,-0.9707340509084283,-0.4881312481746418,-0.08646491782551657,0.71,-0.312,114,-135
2023,8,6,1,-0.17139248626176423,1.8557312252964424,-0.4594310446821222,-0.061217362398698294,-0.17524004624212547,1.0699999999999998,-0.034,110,-130
2023,8,7,0,-0.9547989405441406,-9.491334752204317,-1.1175903138950698,-1.4292585374569067,-0.8760097982797836,-0.29,-1.023,245,-305
2023,8,6,1,0.561952461347356,3.2130434782608694,2.111257499205495,1.5715007539953398,-0.7609765964747706,1.5,0.968,-198,164
2023,8,7,0,-1.3862943611198908,-11.967061923583662,-1.2863445889049132,-0.9573216881494291,-2.2153271838320645,0.29,-1.252,380,-500
2023,8,7,1,-1.050503710348079,-13.9738522347218,-1.4176371737230626,-1.4501992708766347,-1.9541625761539945,0,-1.396,270,-340
2023,8,6,0,0.5959499755412798,13.655076923076923,1.4592693645688073,1.8910779845363568,0.9090464488893828,0,1.218,-205,170
2023,8,6,1,1.2768101282782025,6.1733860342556,1.6611271724741734,1.0184642707757812,0.42775508136526996,0.36,0.897,-440,340
2023,8,7,1,1.0505037103480785,9.25691699604743,1.4522749035240292,1.5566710964137431,0.5263099706227679,1.72,1.235,-340,270
2023,9,7,1,0.4441029008135785,0,-0.38646542928394756,-0.3481479199402174,0.5905344875377689,1.4300000000000002,0.183,-175,145
2023,9,8,1,0.043343729216472,3.058760683760685,-0.07964293280337831,-0.5444862199765775,0.9202980325891016,0,0.097,-115,-105
2023,9,8,0,0.5362530147869362,-1.1388888888888888,-1.2965468738699508,-0.4762290655110706,-0.46566720473843515,-1.12,-0.76,-192,160
2023,9,7,1,0.8480697631657852,7.1641414141414135,-0.2398718572540361,-0.0833504543525565,1.2069487443502893,-0.20999999999999996,0.261,-270,220
2023,9,7,1,1.7074183207943046,9.672595520421606,-0.5830725019133128,-0.4256336840950371,1.775079510953431,-0.96,0.144,-750,525
2023,9,7,1,0.546684989216567,2.5747694334650855,0.43515279431332005,-0.5518644696552565,-0.025981863077280676,-0.42,-0.133,-198,160
2023,9,7,1,0.2902593934660813,3.7786561264822134,-0.4906746965643999,0.1576989526310778,-0.4122885785684377,0,-0.197,-148,124
2023,9,8,0,0.33507069469592426,-0.12681159420289934,-0.3514158440092541,-0.7276055013497505,0.4424476271874328,-0.5,-0.243,-155,130
2023,9,8,1,1.2768101282782025,9.434782608695652,1.0753320089080585,0.10174410441920989,2.233671288420532,0.38,1.035,-440,340
2023,9,7,0,-0.17139248626176423,-0.5177865612648223,-0.06640196346986749,-0.06218837415638889,-0.5931285865661902,-0.39,-0.274,110,-130
2023,9,8,1,0.06948444579350904,4.985652173913045,0.05049128093260824,-0.005068536707413807,-0.17677645952461973,-0.87,-0.166,-118,-102
2023,9,7,1,0.4441029008135785,-0.23864801864801866,0.44201102958957,0.5151744933731739,-1.0880388396763074,-1.04,-0.217,-175,145
2023,9,7,1,0.13005312824819815,-6.141464646464646,-1.01790848571949,-1.1780285787504483,-0.5920884119348784,0.5099999999999999,-0.722,-125,105
2023,9,7,0,-0.4211440182204822,0.7457180500658762,-2.33849729893449,-1.9333448110214915,1.3674222665428242,0.14,-0.717,142,-170
2023,10,8,1,0.4744579795951159,3.7274247491638786,-0.16476735097487616,0.38525380836277234,-0.5626597197689014,-0.06000000000000005,-0.103,-180,150
2023,10,9,0,-0.06948444579350957,-2.311036789297659,-0.22949939386203744,-0.3722432555304602,-0.07832010266182851,-1,-0.335,-102,-118
2023,10,8,0,0.8038287100120176,8.504459308807135,1.695274335178554,1.4909104766230952,0.0036905904203663464,0.69,0.967,-258,210
2023,10,8,0,0.7786693539981074,3.0928985507246374,0.07955036732231541,0.028290166077357543,0.5963167652681476,0.1200000000000001,0.23,-250,205
2023,10,8,0,-0.4211440182204822,-2.9294871794871806,-0.9855968573723022,-1.4810100941006006,-0.3106572798709999,0.3799999999999999,-0.739,142,-170
2023,10,9,1,-0.33507069469592426,1.4325529542920845,0.6863536117440916,0.44499933815264364,-0.850851515331094,-0.45,-0.024,130,-155
2023,10,8,1,0.40396021692874423,-1.3949275362318838,-0.6217257846389176,-0.3529336299640659,0.3928730912642473,2,0.143,-166,140
2023,10,8,1,0.2553466918088444,2.1884057971014492,1.0742937450844008,-0.006118266662096666,0.18068267141382877,1,0.452,-142,120
2023,10,9,1,-0.17139248626176423,-3.7157190635451496,-0.7816765155262624,-0.6001002472614454,-0.4049967238439305,0.45000000000000007,-0.436,110,-130
2023,10,8,0,-0.25534669180884456,1.1243961352657008,-0.06008796847014486,-0.16046347820241325,-0.2452774252563511,0.63,-0.052,120,-142
2023,10,8,1,2.4383866341531086,19.273846153846154,1.7505534125522098,1.63706539212443,2.1953663510835844,1.47,1.814,-2100,1100
2023,10,8,1,0.8480697631657852,5.821070234113712,0.6022216714603978,0.5107117717510924,0.3396409194903376,0.74,0.512,-270,220
2023,10,8,1,-0.04334372921647221,1.620958751393534,0.5968580565343677,0.5556551155113866,-1.3142733232857835,-0.94,-0.224,-105,-115
2023,10,8,0,1.1853149760426938,15.783723522853958,1.1563882238475902,1.3305948505408236,1.6274341774333148,-0.16999999999999998,1.171,-395,310
2023,11,9,1,0.5959499755412798,9.861611721611721,-0.15070527072670847,0.36815608786228726,1.7778028460140551,-0.7100000000000001,0.53,-205,170
2023,11,9,0,-1.597365331199831,-14.92026755852843,-1.7043334076684649,-1.638891102367519,-2.277916026259371,-1.44,-1.825,470,-650
2023,11,9,1,0.2553466918088444,7.933110367892977,-0.3994779880789576,-0.43060992913391216,1.7429918387942969,-1.8900000000000001,0.046,-142,120
2023,11,9,1,1.2768101282782025,10.767558528428093,1.9574825737168133,1.4211441567544814,0.9213104871878415,0.8300000000000001,1.312,-440,340
2023,11,9,1,-0.3779134505088058,0.0624303232998884,-0.9517419994332812,-0.6888208358239873,0.352905635852115,-1.11,-0.488,136,-162
2023,11,9,1,0.7786693539981074,9.944338270425227,1.6477311796894158,1.021301860575588,0.24859744605586442,1.2,0.957,-250,205
2023,11,9,1,0.9126945296938028,5.558528428093646,0.6769828619442552,-0.011667555743252567,0.8003414831408333,0.3400000000000001,0.455,-290,235
2023,11,9,1,1.9924301646902072,9.374422678770504,2.0294553458931226,2.2522421576763922,0.1644387062041367,0.29000000000000004,1.277,-1100,700
2023,11,10,0,1.1853149760426938,8.521863354037267,1.0386586099967845,0.8853413140751362,0.667308357884703,-0.1,0.717,-395,310
2023,11,9,1,1.8809180103096015,13.165680473372781,0.8250050440407068,1.7506742545313352,1.3399457421560304,0,1.156,-950,625
2023,11,9,1,1.1853149760426938,11.631828316610926,2.485852743876847,2.3576122056282798,-0.49699518774537893,-0.67,1.08,-395,310
2023,11,9,1,0.20649509332803073,-0.5183946488294313,-1.2431798520675372,-0.2612788418603307,-0.47688741392706335,-0.56,-0.606,-135,114
2023,11,9,1,0.2553466918088444,-4.63792005096353,-0.5805661310341597,-0.47836391937777395,-1.2399151033273994,0.08000000000000007,-0.661,-142,120
2023,11,9,0,0.2902593934660813,1.8698224852071021,0.16115036746335387,-0.1684510144257001,0.32128157530312385,-0.33,0.04,-148,124
2023,12,10,0,1.2473059290323103,5.406832298136646,0.734815016660731,0.8234432730327619,0.09691154859447443,0.5,0.532,-425,330
2023,12,10,1,1.7540191412452084,17.667784679089028,1.0861080794440205,1.1714123787023967,2.172769582570971,1.7400000000000002,1.541,-800,550
2023,12,10,0,-1.0868214372568055,-8.868131868131869,-1.2849842474675768,-1.3589026554931722,-1.3460329387040024,-0.6,-1.231,280,-355
2023,12,10,0,-1.3862943611198908,-6.854554865424429,-2.6454983448979665,-2.6515158958744642,0.7387039946450722,0.6,-1.144,380,-500
2023,12,10,1,-0.17139248626176423,-1.5031055900621118,-0.5146217363882823,-0.013703460342780027,-1.0611794120602864,-1,-0.597,110,-130
2023,12,10,0,-0.20649509332803068,4.495776397515527,1.2488969923163502,0.47930652857942,-0.5540605254946227,-0.5999999999999999,0.193,114,-135
2023,12,10,0,-0.04334372921647221,0.39751552795031064,0.11459227646259867,0.32821942734853427,-0.6275247508627128,0.09999999999999998,-0.051,-105,-115
2023,12,10,1,0.33507069469592426,1.2391304347826089,-0.9457945733954758,-0.3679160910680149,0.5275860835047352,0,-0.177,-155,130
2023,12,10,1,-0.6520630971900705,0.012927536231885917,-0.21139863646654444,-0.033032738058111466,-0.857727326460485,0.9500000000000001,-0.194,180,-218
2023,12,10,1,0.4441029008135785,6.627329192546584,0.4795140842028993,0.5993549318393785,0.06648184833516813,0.7,0.419,-175,145
2023,12,10,0,-0.29025939346608154,-2.519875776397515,-0.35784499829755667,-0.7841860975812621,-0.08401630316908426,-0.1,-0.369,124,-148
2023,12,10,1,0.13005312824819815,-5.645962732919255,1.600725466149544,0.5342837685777115,-2.7749655467282137,1.2,-0.142,-125,105
2023,12,10,0,-1.3862943611198908,-6.386701704093008,-1.974523631180855,-1.7653603680979635,-1.0958989362184728,-0.36,-1.411,380,-500
2023,12,10,1,0.2902593934660813,0.37680097680097724,-0.3428782339564318,-0.03337465547386875,-0.48062524271623597,0.13,-0.223,-148,124
2023,12,10,0,-0.4211440182204822,-5.069841269841271,0.4337322376774798,0.019524684126984937,-2.2594209422954084,0.24,-0.557,142,-170
2023,12,11,0,0.40396021692874423,8.722705314009662,1.7421133080223274,0.5073241456986113,1.1532074933808252,0.63,1.021,-166,140
2023,13,11,1,1.3862943611198901,15.994666666666667,0.8764198979798538,0.9088619568817002,1.8905220125429962,0.45000000000000007,1.141,-500,380
2023,13,11,1,0.4211440182204819,5.649275362318841,-0.06869535917449537,0.5036851032270807,0.19117255856500448,-0.27,0.161,-170,142
2023,13,11,0,-0.6795942141552419,-5.290821256038647,-1.7986940799644615,-1.4740453274631136,0.8816742751776419,-0.8200000000000001,-0.73,185,-225
2023,13,11,0,-0.5619524613473554,0.12463768115942075,-0.7418388814264952,-1.12312368611579,1.0650755907105616,0.64,-0.106,164,-198
2023,13,11,0,-0.13005312824819792,-1.6753623188405795,-1.0875985901350937,-1.3330417172271098,1.1608702009040919,0.72,-0.214,105,-125
2023,13,11,0,0.8931683144533004,8.309963768115942,0.6150676402788949,0.4916874301117201,1.2593624728535386,1.5599999999999998,0.909,-285,230
2023,13,11,0,-0.10444117427409072,0.49275362318840576,0.03746246086149968,0.2651701199267056,-0.9772544984419027,-0.6399999999999999,-0.301,102,-122
2023,13,11,0,-1.30540670198079,-10.499758454106281,-1.4608481153046786,-1.4326746614018884,-1.2158109867242208,-0.49,-1.24,350,-455
2023,13,11,1,0.561952461347356,8.53623188405797,1.4096981325628484,0.6852743039212132,0.5308540848735435,1.28,0.895,-198,164
2023,13,11,1,0.5362530147869362,-0.5739130434782611,0.6519825233050315,1.1918354748698121,-2.0215120577629158,0.36,-0.05,-192,160
2023,13,11,0,-0.29025939346608154,-2.994871794871796,-0.764240251609319,-0.730336531308614,-1.4182654284727985,-0.8200000000000001,-0.964,124,-148
2023,13,11,1,-0.8272349252412726,-3.7373467112597556,-0.8761320083357296,-0.6653105782582744,-0.9598943772903359,0,-0.714,215,-265
2023,13,11,0,1.4621864550671133,5.154666666666667,-0.09366683843021179,-0.21870775881286136,0.5295750774394388,-0.55,-0.003,-550,410
2023,14,12,0,0.8480697631657852,5.7146739130434785,0.66589422794769,0.8031343593824564,0.13876509600943693,2.08,0.743,-270,220
2023,14,12,0,0.13005312824819815,2.3125,-0.8124600268013432,-0.10653911134762717,0.19481327816501592,-0.5,-0.238,-125,105
2023,14,12,1,1.1029506902667081,10.817028985507246,0.839701843531003,0.2734155921060134,2.075612786183277,0.5900000000000001,1.012,-360,285
2023,14,12,1,-0.4211440182204822,-5.459239130434783,-1.6747654693498764,-1.2281981953947771,-0.06156514782447298,0.17,-0.778,142,-170
2023,14,12,1,0.2902593934660813,2.7707608695652173,0.9244102005126917,0.764429941545288,-0.8672228451422186,-0.07999999999999996,0.179,-148,124
2023,14,12,1,0.2553466918088444,0.7418478260869565,-1.6722519326825838,-0.8978305720678061,1.4823424993037004,-0.9199999999999999,-0.349,-142,120
2023,14,12,1,0.756326082181477,9.880434782608695,1.068988884037605,0.6547868709734982,1.2509245509851628,0.9099999999999999,0.975,-245,200
2023,14,12,1,-0.44410290081357806,-3.7934782608695654,-1.997358339490685,-1.966527485910483,1.1930371036047607,-0.67,-0.813,145,-175
2023,14,12,0,-0.33507069469592426,-2.769927536231884,-1.4724073008386045,-0.8807946358719234,-0.8324009684125189,-0.66,-0.977,130,-155
2023,14,12,1,1.9195928407379388,15.822115384615385,1.4856057380560908,1.5920154740491466,1.6979259339330337,0.5,1.446,-1000,650
2023,14,12,0,0.13005312824819815,-0.10176282051282026,-0.048337695211662535,-0.1576931418326647,-0.4733325080884078,-0.33,-0.253,-125,105
2023,14,12,0,0.3779134505088062,6.6150362318840585,0.4516946432404115,0.7135115603644206,0.18808516735900005,-0.33,0.342,-162,136
2023,14,12,1,0.4441029008135785,9.605576923076924,0.32140741908634607,0.18839889365741314,1.9421949050287688,0.8300000000000001,0.854,-175,145
2023,14,12,0,1.8809180103096015,12.88088768115942,1.7292020077486114,1.4178841269308462,1.3029104404112315,0,1.258,-950,625
2023,14,12,1,-0.8272349252412726,-7.2473913043478255,-1.3702802304085548,-1.351767515515458,-0.19063737351110632,0.75,-0.702,215,-265
2023,15,13,1,0.3779134505088062,-1.6658141517476555,-1.4930746726990805,-1.228914178687651,0.02642018824924197,-0.77,-0.839,-162,136
2023,15,13,1,0.4441029008135785,1.2360784313725488,0.10962428693169285,0.4536850113000277,-0.937239715105112,0.38999999999999996,-0.069,-175,145
2023,15,13,1,0.10444117427409029,2.8593350383631715,0.14969235142063342,-0.17067738007978372,-0.1319861155109336,-0.45999999999999985,-0.122,-122,102
2023,15,13,1,0.8038287100120176,6.020460358056266,0.4558298398955106,1.1021115189600132,-0.24262582246565767,-1,0.236,-258,210
2023,15,13,1,-0.33507069469592426,-5.002557544757034,-0.7051405985675722,-0.7244821516470636,-0.6205654287417222,-0.77,-0.694,130,-155
2023,15,13,1,0.2902593934660813,6.296675191815857,-0.3630580303984746,-0.5497870705276966,1.9433633876814185,-0.69,0.248,-148,124
2023,15,13,0,0.6520630971900706,3.8516624040920715,0.09042002233178925,0.5652158991885203,-0.3232181957197703,-0.9299999999999999,-0.033,-218,180
2023,15,13,1,1.0672259748474389,12.821398124467178,2.611942560414243,2.7830001429417024,-0.6320857406354664,0,1.294,-345,275
2023,15,13,0,-1.3600995524216395,-8.896124336022034,-2.07174267601414,-1.902294982339075,0.06797826086953113,-0.39,-1.12,370,-485
2023,15,13,1,0.7786693539981074,11.207263427109975,0.9030012916158934,0.6004919201437877,1.2023519921517916,-0.46,0.711,-250,205
2023,15,13,0,0.4211440182204819,0.06905370843989767,-0.5825979262422291,-0.23821731507094146,-0.3094515395831084,-0.92,-0.438,-170,142
2023,15,13,0,-1.707418320794304,-16.90930552823136,-3.0507921072154813,-2.7025344183528732,-2.475195742452976,-0.8400000000000001,-2.455,525,-750
2023,15,13,1,0.9344169128430823,9.84910485933504,0.12518098921512583,0.8092526387175438,0.5910440009156819,0.77,0.572,-298,240
2023,15,13,1,0.20649509332803073,-2.750196078431374,-0.10349657440368598,-0.13015425490194787,-0.8239328104644268,-0.8399999999999999,-0.438,-135,114
2023,15,13,0,-0.6795942141552419,-4.960784313725492,-0.13057459194687698,-0.8330888496144724,-1.6437323769883319,-0.16000000000000003,-0.822,185,-225
2023,15,13,1,-0.7310299485401845,-3.1900452488687776,-0.653376270071883,-0.6168089790868332,-0.106395209766181,0.38,-0.328,195,-238
2023,16,14,1,0.6520630971900706,0.012077294685990392,-0.43189698267264937,0.6865026676019905,-1.1867795230981388,-0.36,-0.309,-218,180
2023,16,14,1,-0.33507069469592426,-2.3856038647343,-1.2551502650235307,-0.8656837383852488,0.7505907503218665,0.21000000000000008,-0.308,130,-155
2023,16,14,0,-1.7540191412452077,-8.36111111111111,-0.6336931723536304,-1.1379668554578228,-1.335326215261633,-0.36,-0.969,550,-800
2023,16,14,1,0.33507069469592426,1.9251207729468598,-0.14005262083266212,-0.0017817609543778756,-0.4702561969012209,-1,-0.32,-155,130
2023,16,14,0,-0.5619524613473554,-5.86231884057971,-1.6644034285867946,-1.3779574241290133,0.11928453271961448,-0.36,-0.84,164,-198
2023,16,14,0,-0.3779134505088058,0.64975845410628,1.350396520080544,1.0320433053684288,-1.7912340292693745,1.22,0.26,136,-162
2023,16,14,0,-0.29025939346608154,0.19404186795491163,-0.3409247207583027,-0.9525202033397463,0.8774805103699934,0.5,-0.035,124,-148
2023,16,14,1,0.40396021692874423,4.724637681159419,-1.1551159051683864,-1.3993701537369307,2.0682682112101403,0.36,-0.019,-166,140
2023,16,14,0,-0.40396021692874395,1.0410628019323669,-0.7280417951375913,-0.46353403881083255,-0.050536994122859724,-0.57,-0.414,140,-166
2023,16,14,1,-0.13005312824819792,1.3888888888888888,0.2722716350117834,0.18720897281361026,-0.11811262679812379,0.5700000000000001,0.167,105,-125
2023,16,14,1,0.6520630971900706,6.118357487922705,0.2667124132787112,0.143683704535292,1.088657404877538,0.5700000000000001,0.526,-218,180
2023,16,14,1,0.10444117427409029,-0.3381481481481483,0.25164936225642676,0.1087820064719709,-0.18496970206294105,-0.6400000000000001,-0.053,-122,102
2023,16,14,0,1.0505037103480785,5.028985507246377,1.3062682905581138,0.700078946436254,-0.9709308189759349,1.0699999999999998,0.379,-340,270
2023,16,14,0,1.5322482737429697,8.5661464139725,1.812926404546681,1.6063353102099933,0.7137510553488651,-0.07,1.145,-600,440
2023,16,14,1,1.8405496333974871,13.039487179487178,1.6607940389426235,1.7785829694890134,0.3255209700778601,-0.9299999999999999,0.921,-900,600
2023,16,14,0,1.0672259748474389,5.156695156695157,1.5780280623326544,1.39602702092747,-0.012129675218018221,0.71,0.907,-345,275
2023,17,15,1,1.053802954515298,8.421052631578947,0.5869582337792358,0.976468067915299,0.7913135421681734,-0.07,0.679,-345,270
2023,17,15,1,0.7310299485401845,8.618215102974828,0.05849266495577221,0.08958110398682284,1.3035745488683785,0.66,0.538,-238,195
2023,17,15,1,0.4744579795951159,3.7631578947368416,-0.7826436733317625,-0.4055666770334777,0.7127767478715582,0.4,-0.037,-180,150
2023,17,15,1,2.0600234558227344,15.624332570556827,2.064739227731163,2.152698182779408,0.3252366154522338,0.33,1.31,-1200,750
2023,17,15,1,0.33507069469592426,-0.43020594965675096,-0.5163320714642541,-0.0877229459647152,-0.19513226544113146,0.2,-0.184,-155,130
2023,17,15,1,0.7036973914550977,3.6750572082379867,0.37707945436347357,0.0020690273854235414,0.39263143731309547,0.8,0.325,-230,190
2023,17,15,1,0.4744579795951159,0.6842105263157894,0.45035482958280815,0.368886309785573,0.2484870017931648,0.8,0.411,-180,150
2023,17,15,1,0.5362530147869362,9.475972540045767,1.2323820716038174,0.623089332895377,0.5980062887148254,0.33,0.721,-192,160
2023,17,15,0,-0.9344169128430824,-6.670572082379863,-0.9198651942624902,-1.5010270939124406,-0.3889489872294457,0.8,-0.695,240,-298
2023,17,15,0,1.7074183207943046,12.554479845097696,1.9479415355395253,1.5403187641695668,0.8764566391448665,0,1.217,-750,525
2023,17,15,0,0.2902593934660813,1.0503432494279177,0.4620199657200341,0.23478734699221757,-0.662979258152976,0.74,0.082,-148,124
2023,17,15,0,-1.9567210651595288,-16.28040837880655,-2.1883795627814284,-2.347308990390298,-2.1463621712609493,-1.33,-2.104,675,-1050
2023,17,15,0,0.6795942141552417,2.750572082379863,0.921907601585644,0.7678149191627923,-0.8179509346148344,-0.67,0.112,-225,185
2023,17,15,1,0.561952461347356,0.9557589626239511,-0.08695940174905431,-0.31899798629628945,0.04652405778191748,0.4,-0.049,-198,164
2023,17,15,1,1.0672259748474389,7.097813765182186,0.4278735384454733,0.3824459620105962,1.2674718283210722,-0.8700000000000001,0.492,-345,275
2023,17,15,0,0.01731944920018027,2.5888634630053393,-0.14847534308479998,-0.5410112772738331,1.0632759835360464,0.27,0.164,-112,-108
2023,18,16,0,-0.33507069469592426,14.629710144927538,1.2921649188505848,1.1643889584079345,1.3977546562290968,-0.43999999999999995,1.043,130,-155
2023,18,16,0,-0.13005312824819792,0.3891304347826088,-0.37575051579515223,-0.34515485760448694,0.0779999950025462,0,-0.173,105,-125
2023,18,16,0,-0.756326082181477,-6.752173913043478,-1.8080530781459667,-0.9642081321628185,-0.6157185186999037,-1.12,-1.081,200,-245
2023,18,16,1,1.1029506902667081,-0.9594782608695653,1.4516408513237533,1.0409932192749214,-2.5913954754589694,0.94,-0.001,-360,285
2023,18,16,1,0.5959499755412798,5.725362318840579,0.5485884551866606,1.0255911669589886,-0.2811762890265057,0.18,0.388,-205,170
2023,18,16,0,0.2553466918088444,1.7717391304347823,0.5408951049432982,0.6163936015822413,-0.4491304765432036,-0.19,0.155,-142,120
2023,18,16,1,0.4441029008135785,5.502173913043478,1.0038851299446292,0.1697084014729709,0.49692121570130804,0.5,0.518,-175,145
2023,18,16,1,-0.5000307258401193,-2.91304347826087,-0.7445419128205852,-0.011295849718250706,-0.6006084807522457,0,-0.368,154,-185
2023,18,16,0,-0.33507069469592426,-2.915217391304348,-1.471629465718401,-0.8880196618247869,-0.7039861234140049,-0.56,-0.925,130,-155
2023,18,16,1,0.2902593934660813,5.182608695652174,1.6054483722529147,0.8911932471949464,-0.6676951133258809,-0.5,0.385,-148,124
2023,18,16,0,0.5000307258401198,-5.143589743589744,-0.575339473478122,-0.7858973221028667,-1.2667771188377577,0.44,-0.713,-185,154
2023,18,16,1,0.4441029008135785,4.17608695652174,-1.0937621102235788,-0.3753289388482373,0.3986458467215935,-0.49999999999999994,-0.325,-175,145
2023,18,16,1,-0.7139355151808843,-8.385538461538461,-1.8434743727070644,-1.8860152057046746,-0.27811705330825764,1,-0.973,190,-238
2023,18,16,0,0.756326082181477,12.594648829431438,1.7692521211091632,1.3945965581675988,1.5740067551775137,0.88,1.468,-245,200
2023,18,16,0,-1.7983168697742138,-15.454695652173914,-1.7378942997432905,-1.48146470969285,-1.9608701445601606,-1.5,-1.694,575,-850
2023,18,16,0,-0.33507069469592426,-0.11666666666666625,0.17247446162489455,0.06742034357454108,-0.40228563965907593,-0.13,-0.081,130,-155
2023,19,17,1,-0.29025939346608154,0.6045548654244306,1.1680389821325814,0.87435381538627,-1.717666670394522,1.12,0.176,124,-148
2023,19,17,1,0.7036973914550977,1.7002442002442013,-0.3283231295468252,-0.42498244474745006,0.3347116826989737,-0.47,-0.173,-230,190
2023,19,17,0,1.0672259748474389,10.735320910973085,0.31103481946177025,0.36673144029344507,1.607663833030783,0.8799999999999999,0.81,-345,275
2023,19,17,1,0.3779134505088062,4.710144927536232,0.9733191210720288,0.455499020682794,0.06367109102934626,0.41,0.452,-162,136
2023,19,17,1,1.36009955242164,11.11559696342305,1.3510196720921204,1.1844316434510975,0.5287828506744872,-0.8899999999999999,0.731,-485,370
2023,19,17,1,-0.3779134505088058,1.036630036630037,-0.14215525491914582,-0.9288062296173777,0.3963923118435694,0.94,-0.068,136,-162
2023,20,17,1,1.2473059290323103,10.52697785306481,0.5514422477875736,0.7251416625853637,1.4205698023230986,-0.05999999999999994,0.789,-425,330
2023,20,17,1,1.3331526373705576,10.145760037064385,0.5512683141989947,0.98023444301337,1.7013665772679016,0.6499999999999999,1.055,-470,360
2023,20,18,1,0.8713819144126952,3.6442687747035576,0.368687162265793,1.043618641919112,-0.40409748685785435,-0.38999999999999996,0.232,-278,225
2023,20,18,0,0.2553466918088444,4.801282051282051,0.2777940274681032,0.40310901609119365,0.033711319543117235,0.61,0.287,-142,120
2023,21,18,0,0.6520630971900706,7.224941724941725,-0.035817595431090976,0.13924434374937866,0.9151448391766535,1,0.458,-218,180
2023,21,18,1,1.0126698588673853,8.742514574272608,0.5930418778766815,0.8154109579515982,1.5848913310720971,0.4099999999999999,0.944,-325,260
2023,22,19,1,-0.08701137698962969,-2.388238573021181,-0.6183754999918083,-1.242617173579281,-0.21029917447778668,-0.84,-0.716,100,-120
2024,2,1,0,0.20649509332803073,-0.37333333333333263,-0.6149844749404356,-0.2534837685508441,0.03246971252118486,2,0.064,-135,114
2024,2,1,0,1.3054067019807902,9.882782608695653,1.1945697748113557,1.771130456921059,0.6973323007598823,3,1.472,-455,350
2024,2,1,0,-0.6795942141552419,-11.31304347826087,-1.7315909098622964,-1.367869162255092,-1.293154561824898,-5,-1.94,185,-225
2024,2,1,0,0.9126945296938028,1.855072463768117,-0.29444061008554623,0.35081594545132816,-0.12194516343696327,0,0,-290,235
2024,2,1,0,1.1373268008488,0.735384615384616,-0.8976736280683137,0.31449742837734007,-0.02800296888506265,-2,-0.407,-375,295
2024,2,1,1,-0.25534669180884456,4.594434782608696,1.1602761383704283,1.0134288234541193,-0.27366080991906794,2,0.788,120,-142
2024,2,1,0,0.4211440182204819,5.439130434782609,1.6038613449614607,0.8849314785875123,-1.629099429472199,0,0.154,-170,142
2024,2,1,1,-0.6520630971900705,-1.9872909698996644,-0.46542572782436253,-1.412604584035011,0.49369107332524415,-2,-0.677,180,-218
2024,2,1,0,-0.4211440182204822,-0.5391304347826082,-1.2497385422613467,-1.3718636911298006,0.3355575194488342,0,-0.621,142,-170
2024,2,1,0,-0.474457979595116,4.069565217391304,0.34907791077635575,0.8796202002302098,-0.577621413013669,0,0.177,150,-180
2024,2,1,1,0.13005312824819815,2.130434782608697,0.7950364948617037,1.0429083363242748,-1.0130645494409773,0,0.2,-125,105
2024,2,1,1,-0.01731944920018042,-3.2782608695652176,-0.8779828910712354,-0.6922108466440642,-0.9139425686981886,0,-0.709,-108,-112
2024,2,1,0,-0.33507069469592426,-1.684057971014493,0.09500104415295516,-0.3148267765689681,-1.3147692217278937,-4,-1.042,130,-155
2024,2,1,1,0.9126945296938028,8.466022544283414,0.6996855369698527,0.7983886232037195,0.6067529235918038,0,0.604,-290,235
2024,2,1,1,0.8038287100120176,3.319304347826087,1.6387392919541721,0.85956525054675,-0.6942219673054082,-2,0.165,-258,210
2024,2,1,0,0.8272349252412727,5.872463768115942,1.5895693096489356,1.3550873891896615,-1.2472920147917883,1,0.555,-265,215
2024,3,2,1,0.8931683144533004,2.413043478260869,0.033481729679156746,-0.11288396917156651,0.48879868113114694,-1.5,-0.085,-285,230
2024,3,2,0,0.8480697631657852,8.445652173913045,-0.13596619153378398,0.010618839021520055,2.0332822211436903,0.5,0.671,-270,220
2024,3,2,1,0.13005312824819815,0.3840579710144927,0.549473408409359,0.7365844761845813,-1.2406484464459697,-2.5,-0.374,-125,105
2024,3,2,1,-0.20649509332803068,4.096231884057971,-0.0639847642103808,-0.14479580434339395,-0.049828514030626714,-1,-0.216,114,-135
2024,3,2,0,0.2553466918088444,14.954106280193239,0.7048951991542425,0.4067534282571741,2.8332728344031817,3.5,1.664,-142,120
2024,3,2,1,0.2902593934660813,-0.04589371980676349,-0.20849233288780689,-0.14088610973475152,0.13122980899230163,1.5,0.157,-148,124
2024,3,2,0,0.756326082181477,10.414492753623188,1.466241129164319,1.2871770342439695,0.03795140700946065,3.5,1.253,-245,200
2024,3,2,0,0.3779134505088062,-3.741739130434783,-1.7895648186563753,-1.5102361858683726,0.25397300601793654,-4,-1.379,-162,136
2024,3,2,0,0.756326082181477,16.29710144927536,1.635297220640172,0.9286900745546083,0.9671269947793222,-0.5,0.91,-245,200
2024,3,2,1,0.5959499755412798,3.7342995169082123,0.23137627679161193,0.025015839350738256,0.07846369976472758,2.5,0.438,-205,170
2024,3,2,0,-0.29025939346608154,1.088628762541806,0.05317800450812321,-0.11890781013645568,-0.8144332945404495,-0.5,-0.347,124,-148
2024,3,2,0,-0.08701137698962969,1.4044444444444446,-0.14211800105138905,-0.2471010813448511,-0.5299352508633239,0.5,-0.205,100,-120
2024,3,2,1,-0.8038287100120177,-8.85897435897436,-0.93179557955049,-0.927629245995494,-1.6025135733581255,-1.5,-1.218,210,-258
2024,3,2,0,-0.4211440182204822,-3.9245840042941493,-0.9233162568192945,-0.8102952215224415,-0.08721651387556857,0,-0.5,142,-170
2024,3,2,1,0.6520630971900706,11.584057971014493,1.7245924467442035,1.2179209607147359,0.9965149268007945,1.5,1.31,-218,180
2024,3,2,0,1.0868214372568055,8.007246376811594,0.7232175175477109,-0.12311925228399663,1.4179562606670668,0.5,0.645,-355,280
2024,4,3,0,-0.7786693539981077,-6.120082815734991,-1.0840005665152777,-1.3907557509115656,0.32865506887616075,-0.66,-0.682,205,-250
2024,4,3,1,0.2553466918088444,-11.298136645962733,-1.3873322539448996,-1.067375735192053,-1.3792134109721583,-2.66,-1.464,-142,120
2024,4,3,0,-0.5959499755412798,-6.211180124223603,-2.0910834848250452,-1.8561292262678144,0.05488010943402999,-1.33,-1.246,170,-205
2024,4,3,1,0.3779134505088062,5.149068322981367,-1.25947484164331,-1.5669746135808762,2.3257406297136107,-0.34,-0.115,-162,136
2024,4,3,0,0.20649509332803073,-1.2710559006211177,0.2549702116553735,0.8254482855822637,-0.6754184124743026,1.6600000000000001,0.34,-135,114
2024,4,3,1,0.7310299485401845,6.277763975155279,0.7943339027935534,0.28670233649592336,1.5390394634449183,1,0.897,-238,195
2024,4,3,1,-0.17139248626176423,-2.283643892339544,-1.3556680158729493,-0.042650934296281195,-1.269699362854579,-2,-1.012,110,-130
2024,4,3,0,1.2473059290323103,2.515527950310559,0.06000627655584673,0.144878187892021,0.9493323390957278,1.33,0.54,-425,330
2024,4,3,1,-0.04334372921647221,2.533333333333333,-0.055225735371961515,-0.46862675503833146,0.4643489998137389,1.67,0.219,-105,-115
2024,4,3,0,0.4744579795951159,6.875776397515527,-0.31874695443092393,-0.3169877243789382,1.1898585773645953,-0.33,0.148,-180,150
2024,4,3,1,1.4621864550671133,12.730052556139514,2.535113861285442,2.7352593903369735,0.299239193604047,-0.32999999999999996,1.503,-550,410
2024,4,3,0,-1.0672259748474389,0.6795491143317234,-0.35767218731444606,-0.7092747485924222,0.4669600902637932,0.67,-0.067,275,-345
2024,4,3,1,-0.20649509332803068,1.6180124223602483,1.0092786240355616,0.21937107867713612,-1.4494118617105758,-1.33,-0.325,114,-135
2024,4,3,1,0.20649509332803073,-5.9942857142857155,-1.4840308532151592,-0.6011550494286131,-0.4516288484236327,-0.9999999999999999,-0.823,-135,114
2024,4,3,0,0.20649509332803073,4.351966873706004,0.8628636632333482,0.6603319203713743,0.3201097362022698,2.66,0.883,-135,114
2024,4,3,1,0.5000307258401198,1.4768275203057812,-0.09569990916648996,0.45654281802683144,-0.4551327833681021,-1,-0.163,-185,154
2024,5,4,1,0.2553466918088444,-3.5119565217391298,-0.971627633502393,-0.7476614384650995,-0.14603006843472643,-1.25,-0.685,-142,120
2024,5,4,1,0.2553466918088444,8.96195652173913,1.5692545899118802,0.9491850482747981,-0.19452932959061076,0.75,0.716,-142,120
2024,5,4,1,0.561952461347356,12.75,0.1961431700618994,0.24667871008975784,1.6764987689483817,1,0.783,-198,164
2024,5,4,0,-0.29025939346608154,-5.214782608695653,-0.10718751559713313,-0.5376756641056791,-1.4801120881659817,0.25,-0.616,124,-148
2024,5,4,1,0.06948444579350904,-7.07,-1.2822741932047246,-0.9460074768154261,-0.06281070998774907,-1.25,-0.795,-118,-102
2024,5,4,1,0.5000307258401198,-2.5815217391304346,0.14576160962429097,-0.19728435075743034,-0.9265874170041619,-0.5,-0.383,-185,154
2024,5,4,0,-0.17139248626176423,1.2137681159420284,-1.1831073723239085,-1.1347440366378325,-0.5478610724872667,0.25,-0.771,110,-130
2024,5,4,1,0.33507069469592426,3.3722826086956523,2.031301907624558,2.179498264634355,-2.7292776046534013,0.75,0.422,-155,130
2024,5,4,1,0.33507069469592426,4.510869565217392,-0.08535372338635738,0.14633369847763,0.7862159538502322,0.25,0.304,-155,130
2024,5,4,0,1.0126698588673853,12.81814381270903,1.280551798960781,1.2826829137367342,2.250288869527336,1.5,1.613,-325,260
2024,5,4,0,-0.33507069469592426,-4.79,-0.7698388810639698,-0.31525855228340527,-1.6806215575703378,-1,-0.943,130,-155
2024,5,4,0,0.9731781062762064,9.36413043478261,0.9309469485450268,1.360016343906275,0.3215754278476839,0.75,0.85,-310,250
2024,5,4,0,0.20649509332803073,1.708333333333333,-0.36808533066689575,-0.7128071337302714,1.004698785628629,0,0.002,-135,114
2024,5,4,1,0.7036973914550977,-2.3174315619967807,-0.5055151144000313,-0.35217744436391074,-0.7684654515041681,-2.25,-0.784,-230,190
2024,6,5,0,-0.5619524613473554,-3.379412857673727,-0.8205274325396694,-0.8272230270424805,-0.6789055510681737,-0.4,-0.72,164,-198
2024,6,5,1,-0.08701137698962969,9.371980676328503,-0.575762680897071,-0.5345034415478537,2.121327122990128,1.7999999999999998,0.606,100,-120
2024,6,5,1,0.8931683144533004,7.306859903381643,0.8235315286611214,0.48792767419211525,1.43115389145236,0,0.793,-285,230
2024,6,5,1,0.7310299485401845,8.96792270531401,0.6182212325510502,0.40251510643219385,1.5128066039083488,0.7999999999999999,0.854,-238,195
2024,6,5,0,-0.8272349252412726,-3.7329468599033815,-2.049115594599151,-1.6292082455187578,-0.7032853282577611,1,-1.075,215,-265
2024,6,5,0,-0.44410290081357806,6.665700483091788,0.012655726422035829,-0.12400284503020309,1.0749345184928516,0.8,0.41,145,-175
2024,6,4,1,1.2473059290323103,4.847222222222222,1.8848496949626266,1.7922207983025544,-1.8991102146452026,-1.4,0.223,-425,330
2024,6,4,0,0.20649509332803073,0.19504830917874405,-0.9775026915945971,-1.2958973815714596,0.5842720103731506,-2.4,-0.791,-135,114
2024,6,4,0,-0.33507069469592426,2.5809178743961354,-0.528741554770392,-0.2978724636583767,0.22818149848949532,-1,-0.289,130,-155
2024,6,5,0,-0.474457979595116,-3.389694041867954,-1.060048001220156,-0.969673049669723,-0.7551374360537387,-2.8,-1.181,150,-180
2024,6,5,0,-0.8038287100120177,-8.251207729468598,-1.3854819814216444,-1.1087368176628405,-0.636151033344977,-0.8,-0.985,210,-258
2024,6,4,0,-0.474457979595116,1.4394586894586898,-0.09314550024822232,-0.48817648637401123,0.013696796116672322,-0.35,-0.218,150,-180
2024,6,5,0,-0.7036973914550977,-0.9661835748792278,-1.618372844051699,-1.4757812763473845,1.1509188680453661,-0.6000000000000001,-0.573,190,-230
2024,6,5,0,-0.10444117427409072,-5.408695652173914,-2.2404110795294154,-2.206721113083252,1.0427562440810567,-1.8,-1.151,102,-122
2024,7,6,0,-0.29025939346608154,4.747826086956522,0.7169977604829209,0.6320114072151728,-0.3640028124016376,1.8399999999999999,0.513,124,-148
2024,7,6,1,0.9344169128430823,4.265217391304349,1.5298810761665826,1.5989654911509992,-0.9182118718468433,-0.67,0.484,-298,240
2024,7,6,0,0.3779134505088062,3.556521739130435,-0.05987723359174073,-0.24438809017974306,0.02470128403095112,0.32999999999999996,-0.036,-162,136
2024,7,5,1,1.438079660437415,11.634492753623189,2.747849957232245,2.190322345425268,0.15151412668780548,3.27,1.843,-535,400
2024,7,6,0,-0.7036973914550977,-2.302173913043479,-2.712822959104378,-2.104420506921425,1.4392069685614932,0,-0.857,190,-230
2024,7,6,1,0.4211440182204819,5.668,0.32662493171899354,0.6342167958910793,-0.5132827617173064,0.6699999999999999,0.21,-170,142
2024,7,5,1,0.33507069469592426,6.153301127214171,0.3310579234013316,0.7409846043092727,-0.5651878723576539,0.5,0.204,-155,130
2024,7,5,0,0.06948444579350904,0.79338535860275,-0.45474647335723895,-1.363877211423416,0.9917916053651372,-0.40000000000000013,-0.28,-118,-102
2024,7,5,0,-0.40396021692874395,-1.7692431561996784,-1.065781202695246,-1.3205539498852823,0.852683680098773,0.8,-0.289,140,-166
2024,7,5,1,1.0868214372568055,3.195169082125603,0.5915549711476705,1.6760674851843143,-1.0670101273670554,1.8699999999999999,0.593,-355,280
2024,7,6,1,1.438079660437415,15.543478260869565,1.958552535644683,2.2210103392127643,0.1897517322355371,1.33,1.404,-535,400
2024,7,5,0,0.2553466918088444,3.009623298512188,0.8684881382041756,1.2257468098948363,0.3650677049264767,1.7,0.94,-142,120
2024,7,6,1,-0.40396021692874395,6.681159420289855,0.9166321835293137,0.7063890792493648,-0.3660885895926138,1.8399999999999999,0.583,140,-166
2024,7,6,0,-0.6795942141552419,0.11599999999999966,-0.7563417996385333,-0.871250558849723,-0.26683504972541616,0.83,-0.418,185,-225
2024,7,5,1,-0.10444117427409072,-5.095652173913043,-0.11798162600945482,0.4540477751648341,-1.9499424625875248,-1.2,-0.66,102,-122
2024,8,6,1,-0.33507069469592426,-6.9217391304347835,-0.8617380029664,0.09702321557243329,-2.0515479994411763,-0.66,-0.905,130,-155
2024,8,6,0,0.2902593934660813,1.289855072463768,0.7076393863296201,0.0026846035156667947,-0.3093830458165191,1.21,0.244,-148,124
2024,8,7,1,-1.1526795099383853,-9.34,-3.2354781225505986,-3.0672632424351587,0.574978134910553,-0.43,-1.609,300,-380
2024,8,6,1,1.7540191412452084,14.220735785953178,2.2614890251396824,2.376119455383904,0.5289079376620633,2.83,1.84,-800,550
2024,8,7,1,0.6795942141552417,3.1174703557312253,0.547139629526541,0.05495212487811386,1.1219248128362747,0.14,0.516,-225,185
2024,8,7,0,-0.5362530147869359,-6.693122529644269,-0.6481679496805096,-0.5182421870907441,-1.76069122214374,-1.14,-1.022,160,-192
2024,8,6,0,0.561952461347356,2.2052700922266135,-0.4652579069272378,-0.9719114512567272,1.625321476391526,-0.62,0.004,-198,164
2024,8,7,1,-0.9547989405441406,-4.0434782608695645,-0.42422689872556163,-0.579930977841477,-1.4299534460203767,0.5700000000000001,-0.645,245,-305
2024,8,7,0,-0.10444117427409072,6.73596837944664,0.6343496844933315,0.6620859956022648,0.011723126893687041,0.57,0.441,102,-122
2024,8,6,1,0.9731781062762064,2.9980237154150196,0.382622647699038,0.25707612181251405,0.3984473314433773,-0.1200000000000001,0.278,-310,250
2024,8,7,0,-0.4211440182204822,-5.314624505928853,-1.1772637865525855,-0.865639989608802,-0.8470983998825071,-1.29,-0.994,142,-170
2024,8,7,1,1.7074183207943046,19.533596837944664,0.9941253096240261,0.8900813275474877,2.668062642305783,1,1.482,-750,525
2024,8,6,0,-1.2768101282782023,-9.082813643683208,-1.2291747319269841,-1.803680386707269,-0.558312265288921,-2.0300000000000002,-1.311,340,-440
2024,8,6,1,0.10444117427409029,1.2209486166007908,1.2184322874277225,1.412376335981671,-1.8681903978845793,-0.4700000000000001,0.085,-122,102
2024,8,6,1,0.7310299485401845,7.7927738927738925,0.6619897179518526,1.1922202842120524,1.2383062600745625,1.47,1.118,-238,195
2024,8,7,1,0.8480697631657852,14.046113306982871,1.0947307401596527,1.1002532302414216,0.9543058600468256,1.86,1.16,-270,220
2024,9,8,1,0.2902593934660813,-1.7598550724637683,-0.9039743947495738,-0.6875615406761393,-0.2796620487211703,-1,-0.657,-148,124
2024,9,7,1,0.40396021692874423,2.3435441370223975,0.1965783930676111,0.24522095797162746,0.23938733294729453,1.0699999999999998,0.347,-166,140
2024,9,8,1,1.253820610053503,4.360579710144929,1.83344247437556,2.116146012574513,-1.1030433179908234,0.5,0.824,-440,330
2024,9,7,1,0.8931683144533004,15.600000000000001,1.922337721679039,1.9748636881541322,0.771442161239414,1.77,1.561,-285,230
2024,9,8,1,-1.0672259748474389,-11.86231884057971,-1.1068831126217398,-1.044975472340351,-1.7669350385581544,-2.12,-1.434,275,-345
2024,9,8,1,1.2168309592693045,6.557971014492754,1.9523870093106492,2.0926018900633956,-0.7098618471296358,2,1.177,-410,320
2024,9,7,0,-0.17139248626176423,-5.01366930171278,-1.5583043000047656,-1.1722306580865456,-0.11333544663280448,-1.12,-0.929,110,-130
2024,9,8,0,-0.6520630971900705,-7.887681159420291,-1.671950007287097,-2.1189241369443854,0.4542007763692301,-0.87,-1.039,180,-218
2024,9,7,1,0.3779134505088062,2.2572463768115947,-0.09375372064066201,0.11517225477051585,0.6582839152778642,-1.82,-0.038,-162,136
2024,9,7,1,0.08701137698962969,-5.58201581027668,0.8324170856095909,0.8073770418240893,-2.134112426781051,-0.6399999999999999,-0.301,-120,100
2024,9,7,1,1.0505037103480785,9.790513833992094,0.4135606272373804,0.5110625667555084,1.158617499157047,0.64,0.706,-340,270
2024,9,7,0,-0.33507069469592426,-3.3894172494172503,-0.41197637118814534,-0.5450512531849283,-0.2640998942664484,-1.11,-0.505,130,-155
2024,9,7,0,-0.13005312824819792,3.182806324110672,0.3983237577054657,0.12876866962992417,0.17244822561296835,0.07,0.199,105,-125
2024,9,7,1,0.9344169128430823,6.2559288537549405,1.2191009107210373,0.16880649674460546,1.2913982901585055,0.91,0.873,-298,240
2024,9,7,1,1.2473059290323103,6.135016835016835,-0.46868241340336664,-0.2839766639774077,1.3642913540048958,0.010000000000000009,0.224,-425,330
2024,10,9,1,0.8480697631657852,9.439866220735787,0.8118099598265858,1.4318160657945282,0.7248136198338436,0.23000000000000004,0.896,-270,220
2024,10,9,1,-0.9344169128430824,-4.598662207357859,-0.5830198067468333,-0.5104198662977658,-1.2866086204785248,-0.67,-0.791,240,-298
2024,10,8,0,1.0126698588673853,11.211817168338907,0.5138997281559609,0.8038291050037945,1.3161674667965486,0.9099999999999999,0.908,-325,260
2024,10,9,0,-0.7036973914550977,-7.142474916387959,-2.220943933487022,-1.607966512822943,-0.47593523922460645,-1,-1.319,190,-230
2024,10,8,0,-1.0804712015974596,-6.528706800445931,-0.6587744773267663,-0.009618959613071146,-2.7093235391453176,-1.55,-1.218,280,-345
2024,10,8,1,1.1526795099383862,6.9174202072752795,0.7633935541552758,0.8113457651242468,-0.23796591749273155,0,0.361,-380,300
2024,10,9,1,-0.5362530147869359,2.237458193979933,-0.7050904861039504,-0.4394951976948623,0.666292699696791,0.8899999999999999,0.026,160,-192
2024,10,8,0,-0.9344169128430824,-0.9435897435897438,0.024478642784774407,-0.6498372274404746,-1.6026147234438204,-1.28,-0.872,240,-298
2024,10,8,0,0.10444117427409029,0.15003716090672592,0.6431607614250796,1.1262268839380352,-1.5458219949947067,-0.97,-0.112,-122,102
2024,10,8,1,1.1526795099383862,13.394927536231883,1.3881745825926828,1.0887462919941928,0.9410136790267019,2.5,1.312,-380,300
2024,10,9,1,-0.17139248626176423,1.6220735785953178,0.663511905853682,1.005125517992902,-2.030511944060019,0.55,-0.082,110,-130
2024,10,8,0,-1.1029506902667081,-3.166666666666666,-0.6117423158834534,-0.7831950813483675,-0.9127672204634824,-0.63,-0.761,285,-360
2024,10,8,0,-0.7036973914550977,-7.502051282051282,-1.2338015303145022,-1.2220060714537602,0.5388157438068779,-1.08,-0.659,190,-230
2024,10,8,0,0.2553466918088444,4.472222222222222,-0.04986197473905639,0.4864558915677919,-0.02768945744695195,0.75,0.235,-142,120
2024,11,9,1,0.7036973914550977,4.621516164994426,-0.04920180385891204,-0.4087655336003789,1.3248926805687793,-0.33999999999999997,0.225,-230,190
2024,11,9,0,-0.8272349252412726,-1.0212709030100338,-1.5284507258895452,-1.3644901002588083,0.32206210154649884,0.55,-0.613,215,-265
2024,11,9,1,1.9195928407379388,16.077106839648646,1.2130438261710335,1.1106342108170708,1.9648884630812884,1.8199999999999998,1.499,-1000,650
2024,11,9,1,1.2473059290323103,5.269788182831661,0.8553954333673218,1.2289964646999318,0.17564651117759597,1.56,0.859,-425,330
2024,11,9,0,-0.5619524613473554,-1.4089823220258006,-0.9650907530036681,-1.2315540062739465,-0.053112439237205156,-0.4600000000000001,-0.694,164,-198
2024,11,9,1,-0.04334372921647221,6.714763497372193,1.2993905942459025,1.1439282587342836,-0.5403538866828509,1.8399999999999999,0.757,-105,-115
2024,11,10,0,0.5959499755412798,-0.13043478260869623,0.31326270620519225,-0.31581306861720765,0.6900561094606603,-0.5,0.121,-205,170
2024,11,9,1,-0.44410290081357806,-0.06293040293040342,-1.8312130380183809,-1.9555443559045322,0.7922176746561369,0.6300000000000001,-0.712,145,-175
2024,11,9,0,-0.9126945296938027,-9.642140468227424,-1.3496354312957766,-0.9798144966538129,-1.5368512098149614,-1.67,-1.338,235,-290
2024,11,10,1,0.20649509332803073,3.7577639751552794,-0.4005831295001061,-0.6101597360107875,1.4271868674026007,-0.2,0.129,-135,114
2024,11,9,0,0.8272349252412727,8.339593516851043,0.8213346246426547,1.2056522316061977,1.3931626117560478,1,1.143,-265,215
2024,11,9,1,0.2553466918088444,5.344363044363045,0.6516099474726121,0.87228635520798,0.15937137350376002,1.6,0.7,-142,120
2024,11,9,1,0,6.339225991399904,-0.6578288286536765,-0.33971053729756573,2.002431473507656,1.1300000000000001,0.516,-110,-110
2024,11,9,0,-1.1029506902667081,-2.0603663003663,-0.06195123787700968,-0.2942584349260182,-1.8281206120576705,-1.56,-0.891,285,-360
2024,12,10,1,-0.5959499755412798,-8.773809523809522,-1.405226699992603,-1.0787734838217016,-0.604603003584839,-1.5,-1.069,170,-205
2024,12,10,0,-1.6582280766035327,-15.057740970784447,-1.9485161890562286,-1.6507578828538616,-1.7190340591375721,-0.4,-1.568,500,-700
2024,12,10,0,-0.44410290081357806,-3.083850931677019,-1.3696094811150772,-0.5611201276313593,-1.2408528451682048,0.5000000000000001,-0.817,145,-175
2024,12,10,0,1.1373268008488,11.347221532091096,0.7875253554065232,0.921802308570776,1.2643772542846254,1.9900000000000002,1.145,-375,295
2024,12,10,0,-1.1373268008488,-11.191829909221212,-2.1960056097366634,-1.834205190613507,-0.8805875932530141,-0.9299999999999999,-1.499,295,-375
2024,12,10,1,1.1029506902667081,5.963768115942029,1.2125550809441972,0.9712505390679675,0.4627583388625616,0.19,0.762,-360,285
2024,12,10,0,-0.9344169128430824,-5.5409937888198755,-1.6204862334726087,-1.4252274215917653,0.35943968598793574,-0.7,-0.817,240,-298
2024,12,10,0,1.56537792264007,9.750931677018633,1.0156031646275743,1.580466829489146,0.015653313771049282,1.3199999999999998,0.923,-625,455
2024,12,10,0,-0.8713819144126957,-7.654244306418219,-1.0883002263376702,-1.4124961870580914,-1.3015645713331652,-1.49,-1.311,225,-278
2024,12,10,1,0.9126945296938028,1.369010989010989,-0.1778785752984986,-0.5061103280316807,-0.8056001448326661,-0.7999999999999999,-0.561,-290,235
2024,12,10,1,-0.04334372921647221,1.2236024844720497,-0.356600099151569,-0.4942683420187918,0.38036441309960073,-0.10000000000000003,-0.135,-105,-115
2024,12,10,0,-0.4211440182204822,-5.047619047619048,-0.5162474177273859,-0.6102678757962641,-0.8850782430033723,0.10000000000000009,-0.573,142,-170
2024,12,10,0,-0.40396021692874395,0.07033540372670721,-1.493896594808159,-1.5263686345659804,0.6239546979907216,0.6500000000000001,-0.547,140,-166
2024,13,11,1,1.4133445386529173,15.002229654403568,2.164813876137072,1.9023714498277016,0.6376027957695256,0.08999999999999986,1.32,-520,390
2024,13,11,1,0.6697626742894717,5.256038647342996,0.5988550368053744,0.3372808303701784,0.11039201993702952,0,0.283,-218,185
2024,13,11,1,0.4441029008135785,7.332444444444444,0.32477188419564285,0.9985523918434428,0.06511735138494418,0.73,0.51,-175,145
2024,13,11,1,1.7540191412452084,13.735050993022007,1.616770670066567,2.049450320066419,0.4761538064666087,1.45,1.374,-800,550
2024,13,11,0,-0.06948444579350957,-4.486956521739131,-0.1293928974305656,-0.15702173865815203,-1.528629711954364,-0.8200000000000001,-0.668,-102,-118
2024,13,11,0,0.33507069469592426,-2.1874396135265703,0.8710065303848131,0.7078706736783995,-1.59834669621184,-1.28,-0.246,-155,130
2024,13,11,0,-0.5362530147869359,-6.3727898550724635,-0.13910092408002767,-0.12047744107107172,-3.0920180236375403,-1.56,-1.248,160,-192
2024,13,11,1,0.5000307258401198,8.107246376811593,0.30982848608854713,-0.36906715980280436,2.11152252470054,0.10000000000000003,0.629,-185,154
2024,13,12,0,-0.20649509332803068,-2.2690217391304355,-0.3146040673224272,-0.9158743400183285,-0.35820905274977916,-0.5,-0.54,114,-135
2024,13,11,0,0.043343729216472,-0.7478260869565219,-0.588250675546053,-0.7943270395060981,0.7809294204398813,-0.36,-0.196,-115,-105
2024,13,11,1,0.7786693539981074,10.005253623188405,1.474164581590865,1.84240621716359,-1.015876520768819,1.4,0.806,-250,205
2024,13,11,0,-0.9126945296938027,-12.62376811594203,-2.087472895259785,-1.71390899433428,-0.8816436620006515,-0.72,-1.406,235,-290
2024,13,11,0,-0.25534669180884456,5.559420289855073,-0.14656149534428237,-0.21155027719463398,0.48644328090588895,0.45000000000000007,0.113,120,-142
2024,13,11,0,0.3779134505088062,2.320555555555556,1.3351612947144749,1.0145994666969471,-0.5020758915331927,-0.5,0.409,-162,136
2024,13,11,1,1.0505037103480785,8.869743589743589,0.45976023898134455,0.18110471400257722,-0.10010972811829766,0.7300000000000001,0.238,-340,270
2024,13,11,1,0.9126945296938028,10.994565217391305,1.5564726629616845,1.123642280529155,0.8488312710628326,0.52,1.058,-290,235
2024,14,12,1,0.4211440182204819,8.797307692307692,0.5191494720162061,0.5211241176187087,0.678294531364622,0.07999999999999996,0.508,-170,142
2024,14,12,1,0.9344169128430823,4.42572463768116,1.1836427710612265,0.7421867824049958,-0.5965874911491016,0.25,0.364,-298,240
2024,14,12,1,0.7786693539981074,9.619565217391305,0.7134816770564026,0.26904443542512524,2.1184880791799987,0.67,1.005,-250,205
2024,14,12,0,-0.756326082181477,-5.785326086956522,-1.077127282693578,-1.0462603970431377,-0.6062829404758413,-1.25,-0.946,200,-245
2024,14,12,1,1.8809180103096015,19.97644927536232,1.7500981749343438,1.9331204613829762,2.3431280843625006,1.33,1.932,-950,625
2024,14,12,1,0.8038287100120176,11.989583333333332,1.7360283771287275,1.2778373848856943,0.6497872771729917,1.9100000000000001,1.282,-258,210
2024,14,12,1,1.0126698588673853,11.473369565217391,1.567024204077031,2.030567845143435,-0.38939315906767075,1.67,1.119,-325,260
2024,14,12,0,0.4211440182204819,1.5108695652173916,-0.6206802799730199,-0.8221439046222203,1.8083355780190193,0,0.157,-170,142
2024,14,12,0,0.4441029008135785,1.3043478260869565,0.14327334829564922,0.2986089858797488,-0.5516824466600676,-0.08000000000000002,-0.055,-175,145
2024,14,12,1,-0.5362530147869359,-9.575,-1.1666394566593485,-1.1109582739897776,-1.1771532476241784,-1,-1.129,160,-192
2024,14,12,1,0.3779134505088062,2.6943979933110365,1.3108925248137995,1.4106180674136048,0.3865833358204556,-0.5000000000000001,0.802,-162,136
2024,14,12,1,0.7310299485401845,2.452697262479871,0.3606182902176367,0.3489554183792883,-0.9576982427710621,-1.17,-0.266,-238,195
2024,14,12,0,-0.7036973914550977,-1.3034420289855069,-1.4973905711862259,-1.2402581212317263,0.6608084996920058,-0.09000000000000001,-0.552,190,-230
2024,15,13,0,0.33507069469592426,5.479638009049774,0.4181149581258429,0.7262696947457951,1.5096334196252617,-0.08000000000000002,0.782,-155,130
2024,15,13,0,0.2553466918088444,-4.919011082693947,-0.572530902832632,-0.36326748302755874,-1.0383803966052865,-0.38,-0.625,-142,120
2024,15,13,0,-0.7036973914550977,-8.020697167755992,-1.762332875693876,-1.6280424828994686,0.3151253139204441,-0.46,-0.894,190,-230
2024,15,13,1,0.33507069469592426,4.488627450980392,-0.9401198479438801,-0.11046998020690624,1.670519267935321,0.77,0.366,-155,130
2024,15,13,0,-0.44410290081357806,-0.46035805626598414,0.15153968176119953,0.43060766457651545,-1.98162025520012,-0.61,-0.53,145,-175
2024,15,13,0,-1.1373268008488,-0.1227621483375958,-0.6221366648640863,-0.9727012145866534,0.7451579553370284,0.30000000000000004,-0.178,295,-375
2024,15,13,0,-2.343828051528095,-11.318465473145782,-3.079360693270168,-2.89319308183418,-0.9798536620437628,-0.62,-2.026,1000,-1800
2024,15,13,0,-0.7786693539981077,-5.3324808184143215,-2.148413187228087,-1.5967375581684866,1.1026843602601373,-0.61,-0.754,205,-250
2024,15,13,1,0.8038287100120176,6.621483375959079,1.0762593399981366,1.4540928361177745,-0.3700994778615562,0.23,0.627,-258,210
2024,15,13,1,0.7310299485401845,7.6214833759590785,0.9867282844073382,0.27933577172942015,1.433583150772154,-0.07,0.758,-238,195
2024,15,13,0,0.17139248626176457,4.228054298642533,0.10145120915530992,-0.14448222756235052,0.41029412484102096,-0.5399999999999999,0.031,-130,110
2024,15,13,0,0.3779134505088062,2.2475703324808185,-0.34087048895052474,-0.39993556386592427,1.570039602636795,1.0699999999999998,0.431,-162,136
2024,15,13,1,0.8272349252412727,3.549019607843138,0.15973258671206242,0.8277129749169043,-0.17769738338369334,-0.45999999999999996,0.175,-265,215
2024,15,13,0,-0.3779134505088058,-2.1518158567774934,-0.7389540817512822,-0.8082747485165659,-0.17573192552946765,-0.16000000000000003,-0.505,136,-162
2024,15,13,1,1.0126698588673853,9.245524296675192,1.5622829581676982,0.8513914410456933,1.5393851010068624,-0.15000000000000002,1.095,-325,260
2024,15,13,0,-1.0672259748474389,-1.1457800511508958,-0.7069977660082639,-1.355411678589756,0.6043660905501005,-1.08,-0.554,275,-345
2024,16,14,1,0.2902593934660813,-0.29468599033816467,0.12252524723793291,0.34379549525564607,-0.780543015668627,0.7100000000000001,-0.007,-148,124
2024,16,14,1,0.4744579795951159,4.956213991769547,0.7120746266309583,0.5704371077373376,-1.2107144860329673,-0.57,-0.107,-180,150
2024,16,14,1,1.0672259748474389,5.050370370370372,1.6371661175544114,1.968257676311922,-0.25975843910503904,-1,0.783,-345,275
2024,16,14,1,1.4621864550671133,7.026570048309178,0.9348407355434001,0.996492205827894,0.16596784620863037,0.07,0.595,-550,410
2024,16,14,1,-0.756326082181477,-8.475845410628018,-1.2351699926194666,-1.5017570579764086,-0.7716458804534623,-0.86,-1.122,200,-245
2024,16,14,0,-1.050503710348079,-10.724080267558527,-2.1456309691023163,-1.9769919494141248,-0.4888954897268094,0.14,-1.26,270,-340
2024,16,14,1,1.497885426528353,9.167874396135266,2.499036088918378,1.8621359202970773,-1.0648367134383139,1.0699999999999998,0.997,-575,425
2024,16,14,1,0.561952461347356,6.8599033816425115,0.017031553882353556,0.45854081720493944,0.10324042095434963,0.85,0.297,-198,164
2024,16,14,0,-0.3779134505088058,0.3067632850241546,-0.585059869953715,-0.7476139323043328,0.7945354624996773,-0.42999999999999994,-0.186,136,-162
2024,16,14,1,-0.6520630971900705,-1.9549114331723025,-0.24901711426084738,-0.12325274017146581,-1.5087587494400534,-0.36,-0.616,180,-218
2024,16,14,0,-0.29025939346608154,-4.582125603864735,-0.7764547522459571,-0.3118226535235211,-1.485669195555336,-0.22000000000000008,-0.774,124,-148
2024,16,14,1,1.9924301646902072,17.56425120772947,2.251284838131132,2.7072245309605942,0.6972250737421396,1.5,1.806,-1100,700
2024,16,14,1,0.17139248626176457,1.2294685990338161,-0.6449292424127923,-1.239871266195375,1.6020012462849533,-0.5,-0.113,-130,110
2024,16,14,1,-0.13005312824819792,-0.3233618233618234,0.006533069627645938,-1.1283794434143293,-0.632508794743535,-0.43,-0.605,105,-125
2024,16,14,1,-0.6520630971900705,-5.540740740740741,-1.085440177495219,-1.201607512941297,0.2746166335435408,0.21999999999999997,-0.517,180,-218
2024,16,14,1,1.8809180103096015,7.218260869565217,1.1373044241768404,1.0719017592227744,0.36539653373575065,0,0.719,-950,625
2024,17,15,0,-0.3779134505088058,0.025341130604288775,-0.10606372544350245,-0.5203206438339552,0.20000498223812802,0.74,-0.021,136,-162
2024,17,15,0,-0.756326082181477,-3.9263157894736853,-2.2565691649457063,-2.0891054777274114,0.8267856627268886,0.33000000000000007,-0.887,200,-245
2024,17,15,0,-0.5362530147869359,-0.6681922196796339,-0.5010515958543242,-0.5245843230835615,-0.39881943225327743,0.26,-0.37,160,-192
2024,17,15,0,-0.9547989405441406,-6.503432494279176,-1.0089655782966156,-1.158261983283151,-1.2122733974536897,-0.93,-1.107,245,-305
2024,17,15,1,0.4441029008135785,-0.3890160183066369,1.0635169549148689,0.8199597952226434,-1.9025722646518655,0.06000000000000005,-0.072,-175,145
2024,17,15,1,1.0505037103480785,2.5469107551487413,0.10968023548305085,-0.12730827075223572,0.4239678113465881,0.33,0.164,-340,270
2024,17,15,1,1.4133445386529173,14.035697940503432,1.606598272099207,2.123292403486624,-0.20151524921782388,1.4,1.177,-520,390
2024,17,15,1,0.01731944920018027,3.359267734553775,0.6794176545269646,0.7515067686470986,-1.515283149706809,-0.14,-0.093,-112,-108
2024,17,15,0,-0.13005312824819792,7.187643020594967,0.6039176241255404,1.1402833758621704,0.07376644087746143,1.7400000000000002,0.765,105,-125
2024,17,15,1,-1.2168309592693047,-4.869565217391305,-0.3438414631636788,-0.7702021471579665,-0.9803866396969635,-0.53,-0.699,320,-410
2024,17,15,1,1.0126698588673853,11,0.9103262879403802,1.3823312947370647,1.1327705303161564,0.6,1.082,-325,260
2024,17,15,1,1.3862943611198901,17.0187643020595,1.6899240995266342,1.5969586751230767,1.2288978711924907,0.4,1.338,-500,380
2024,17,15,0,-0.4211440182204822,-4.359649122807018,-2.036416628758066,-1.313714575468583,0.2571950444366412,-0.8,-0.928,142,-170
2024,17,15,1,-0.01731944920018042,1.0998627002288321,-0.2312932331019265,-0.7255096427530773,0.5604149088661765,-0.13,-0.125,-108,-112
2024,17,15,1,0.5362530147869362,6.324942791762014,0.7957282474821865,0.8424668222491534,-0.17460572908272365,0.33999999999999997,0.446,-192,160
2024,17,15,0,-0.7036973914550977,-8.153846153846153,-1.0756312561863417,-0.6197574050088668,0.26785505281639826,-0.53,-0.441,190,-230
2024,18,16,1,2.5241273629412815,18.087,3.6076726887976935,3.472593078724165,0.7002974202881977,1.56,2.378,-2400,1200
2024,18,16,0,-0.29025939346608154,2.040579710144928,-0.9913059769013035,-0.7979848344095115,0.9611395984554918,0.68,-0.092,124,-148
2024,18,16,0,1.1526795099383862,11.863043478260868,0.6165970286264792,0.7695884903410364,1.5394463781740186,0.5,0.934,-380,300
2024,18,16,0,-0.9731781062762065,-4.8905797101449275,-0.8555337564702323,-1.3839709646299154,0.124793303376532,-0.25000000000000006,-0.631,250,-310
2024,18,16,0,1.2168309592693045,12.06382608695652,1.5344085683984778,1.5037377387349065,1.0963380812014138,0.1299999999999999,1.192,-410,320
2024,18,16,1,0.4744579795951159,4.932608695652174,-0.6249963197000988,-0.21298647217243155,1.5087797085249166,0.8799999999999999,0.375,-180,150
2024,18,16,1,-0.40396021692874395,-15.05782608695652,-2.1963777589182665,-2.7142899849464137,-1.0990274421400863,-1.69,-1.946,140,-166
2024,18,16,1,0.33507069469592426,17.692028985507246,1.8139285690862572,2.0483369008081564,1.9580899119384805,1.38,1.871,-155,130
2024,18,16,1,1.9567210651595293,9.900434782608697,1.4117947603010257,1.187120651905969,-0.19084486453553634,-0.44,0.586,-1050,675
2024,18,16,0,0.2553466918088444,-5.138521739130434,-0.55689775274094,-0.6279596339433569,-1.5353746430490929,-1.56,-1.023,-142,120
2024,18,16,1,0.5362530147869362,0.722742474916388,-0.4825154925824495,-0.6339357937496377,-1.1092253609493459,-0.07,-0.666,-192,160
2024,18,16,1,1.36009955242164,-0.14694041867954866,-0.45425789231395786,-0.62411685960416,0.5913245979587435,-0.44,-0.181,-485,370
2024,18,16,0,-1.1029506902667081,1.9630434782608694,0.23856957767469883,0.2738687282228668,-0.610951351577848,0.19,-0.021,285,-360
2024,18,16,0,-1.0672259748474389,-7.239130434782609,-1.2203596113063464,-1.5387783048314372,-0.6732045768764732,-1.63,-1.207,275,-345
2024,18,16,1,0.10444117427409029,-2.8405797101449277,-0.890495517550077,-0.37605189372957404,-0.1861508439789945,-0.19,-0.415,-122,102
2024,18,16,1,0.2902593934660813,6.792976588628762,0.7968089598861301,1.2511420555510275,-1.382870383610706,0.12,0.167,-148,124
2024,19,17,1,-0.3779134505088058,-2.1413664596273287,-0.9408946370977745,-0.7054779497898742,0.44171061273381795,-0.17000000000000004,-0.331,136,-162
2024,19,17,1,1.4133445386529173,9.805079365079365,1.9251605303377874,2.2859938656158025,0.6444734029140304,-0.6499999999999999,1.279,-520,390
2024,19,17,1,1.2473059290323103,5.63271221532091,0.8991327800644815,1.4771526717143952,-1.2258397198503237,1.06,0.442,-425,330
2024,19,17,1,0.7786693539981074,3.3022222222222224,-0.0445380759875883,0.01752490315683286,0.4157642683625353,0.4700000000000001,0.189,-250,205
2024,19,17,0,0.3779134505088062,4.948654244306418,0.4548641816116716,0.1320829230065539,0.14154890444182622,-0.53,0.12,-162,136
2024,19,17,1,-0.25534669180884456,-3.296066252587992,-0.4077969071177495,0.06360386647404798,-1.861409632956139,-0.4099999999999999,-0.713,120,-142
2024,20,17,1,1.4621864550671133,4.539611992945326,0.9252928367283999,0.7080184747807005,-1.3284358652207455,0.039999999999999925,0.035,-550,410
2024,20,17,0,1.4133445386529173,10.072832964137312,0.9696400147578391,0.7731684578724884,0.6875148810615345,0.31999999999999995,0.73,-520,390
2024,20,18,1,1.0126698588673853,9.530303030303031,0.6085377742080238,0.6013160125179584,1.3807726326708267,0.9500000000000001,0.893,-325,260
2024,20,18,1,-0.06948444579350957,1.9527272727272713,-0.6663229801019952,-0.4970380829825527,-0.9535391353744643,0.72,-0.509,-102,-118
2024,21,19,1,0.7786693539981074,5.87775677378702,0.0028708796222549626,-0.026397588766313707,1.750660122914783,0.8400000000000001,0.653,-250,205
2024,21,18,1,0.06948444579350904,-3.066813058117406,-0.8719514302104314,-1.1614773229054336,0.23342687262966363,-0.7500000000000001,-0.602,-118,-102
2024,22,19,1,-0.08701137698962969,6.63023349436393,0.26691526322138703,0.555007381178138,1.023584010702269,0.8099999999999999,0.667,100,-120
2025,2,1,1,0.5000307258401198,2.9128205128205122,0.3863338736206098,-0.20608862901227665,0.7200679753308988,0,0.252,-185,154
2025,2,1,1,1.8405496333974871,14.358956521739131,3.497028770068426,3.7206930902301947,-0.2516807073852315,2,2.195,-900,600
2025,2,1,1,0.5362530147869362,5.121739130434782,1.1540164150754575,0.22286746865257695,0.6545856187964127,0,0.549,-192,160
2025,2,1,1,0.7310299485401845,5.034782608695651,0.6340928123479435,0.43529249985178964,0.25145717077392105,-1,0.225,-238,195
2025,2,1,1,0.8480697631657852,9.556521739130435,1.6724363269038776,1.483269846783955,-0.7036124886111335,-2,0.363,-270,220
2025,2,1,0,0.13005312824819815,2.9913043478260875,0.09880944037834305,0.1772269359519031,0.2942733656050694,-3,-0.25,-125,105
2025,2,1,0,-0.40396021692874395,-1.4521739130434779,-1.2148646971577186,-1.1183749463054955,-0.27023405057191763,0,-0.722,140,-166
2025,2,1,0,-0.9126945296938027,-6.3645484949832785,-0.8850130108858811,-1.100811850798382,0.9360730519406328,0,-0.263,235,-290
2025,2,1,0,0.5362530147869362,4.592753623188406,0.7815070902384118,0.5206376514337326,-0.4440675007212431,1,0.351,-192,160
2025,2,1,0,-0.7786693539981077,-4.62504347826087,-1.5735256220057765,-1.7783647209545874,-0.009683126088189942,0,-0.932,205,-250
2025,2,1,1,0.9731781062762064,14.043478260869565,1.3231058566556495,1.3717230235569413,1.4013481600520152,2,1.457,-310,250
2025,2,1,1,-0.17139248626176423,0.5971014492753626,-0.29567378877071293,0.5224985705213119,-1.2294565529384094,4,0.27,110,-130
2025,2,1,0,-0.10444117427409072,-4.028490028490029,-0.6482166626206558,-0.3177592542394387,-1.4857328249664323,0,-0.715,102,-122
2025,2,1,0,0.4744579795951159,7.985507246376811,-0.17422427997495518,-0.5950978645436893,1.6950440372336781,0,0.299,-180,150
2025,2,1,0,0.20649509332803073,-2.8506666666666662,-1.6596559015368446,-1.443273058420309,1.598818778671617,-1,-0.49,-135,114
2025,2,1,0,-0.5619524613473554,-4.11159420289855,-0.9751305386444644,-1.163386971850159,-0.05506878459160733,1,-0.472,164,-198
2025,3,2,1,1.7540191412452084,15.774804905239687,1.193142039997198,1.9698906860869205,0.7136027949452082,4.5,1.748,-800,550
2025,3,2,1,-0.6795942141552419,-7.608695652173912,-0.5623336701676505,-0.9514174385318566,-2.1925246450586644,-2.5,-1.46,185,-225
2025,3,2,1,-1.3331526373705578,-13.46135265700483,-2.588388563923652,-2.369133084551425,-1.0619876946962303,-2,-1.965,360,-470
2025,3,2,1,0.13005312824819815,1.377971014492754,0.5539997225203636,0.4556940845628889,-0.9545823391849052,1.5,0.188,-125,105
2025,3,2,1,0.3779134505088062,0.1183574879227054,-1.6568746454847343,-1.089353239187958,0.7817290391060481,-1.5,-0.703,-162,136
2025,3,2,0,-0.08701137698962969,-0.45772946859903385,-0.2498617963513922,-0.22275099574774648,-0.39774827352081465,0,-0.252,100,-120
2025,3,2,1,0.561952461347356,5.622716049382717,0.1203331389158745,-0.025010247075394232,0.4299234133103337,1,0.294,-198,164
2025,3,2,1,1.0672259748474389,12.577294685990339,0.7622990052175569,0.9385006247649936,0.06510117773741658,-1,0.354,-345,275
2025,3,2,0,-0.756326082181477,-8.202898550724637,-1.2281045940667243,-1.928848144678734,-0.5433758923786971,-1.5,-1.271,200,-245
2025,3,2,1,0.33507069469592426,9.360089186176143,1.3827757516054733,1.6554328170369088,-0.4238676497750189,1.5,0.924,-155,130
2025,3,2,1,0.33507069469592426,3.4166666666666665,0.6922195302352009,0.655106591996323,0.03821364860203613,2,0.661,-155,130
2025,3,2,1,1.1373268008488,8.275362318840578,0.4322289567626187,0.2962409742236015,0.5288157908255126,0,0.36,-375,295
2025,3,2,1,-0.13005312824819792,-1.8188405797101441,-0.30865678296845567,-0.2576482731892046,0.12426095704882367,0,-0.115,105,-125
2025,3,2,1,0.13005312824819815,0.19565217391304301,0.17321229161939172,-0.03600970849516949,0.28920183796638255,0,0.12,-125,105
2025,3,2,0,-1.0126698588673846,-4.366220735785952,-0.5587271383545693,-0.9306743235902659,-0.5063077042444604,0,-0.58,260,-325
2025,3,2,0,0.756326082181477,1.8933333333333326,0.4961313069165283,0.6969071116678205,0.31033439538757845,0.5,0.501,-245,200
2025,4,3,0,-0.13005312824819792,-1.366459627329193,-0.15215056808763147,0.3580396174365654,-0.7528077906316597,0.67,-0.065,105,-125
2025,4,3,1,-0.29025939346608154,-3.1190476190476186,0.9532932277913398,0.18122892639610955,-1.4417358740556212,0,-0.162,124,-148
2025,4,3,1,0.2553466918088444,-5.861442904921166,-1.230036812845968,-0.9529287298770074,0.4931779247738578,-0.33,-0.484,-142,120
2025,4,3,1,2.125765613354075,18.06784519827998,1.7683844897703365,2.3070519918435837,0.0526267912526896,2,1.436,-1350,800
2025,4,3,1,1.4621864550671133,18.490683229813666,3.379360146008164,3.255449762566652,-0.31622709395752135,1.67,1.956,-550,410
2025,4,3,1,1.2768101282782025,10.806459627329192,0.5005855352736124,0.7132804745313822,1.7066549983850756,-0.67,0.777,-440,340
2025,4,3,1,0.8272349252412727,0.714285714285714,0.7096485523211046,-0.02597584521983165,0.396667437966008,-0.67,0.191,-265,215
2025,4,3,1,-0.893168314453301,-10.315734989648032,-1.3395283155281645,-1.0907307676342648,-2.0604473245786705,-0.66,-1.391,230,-285
2025,4,3,0,-0.5000307258401193,-0.5661375661375665,0.19200624935779198,0.4645340423951755,-0.7845316802667671,-0.32999999999999996,-0.099,154,-185
2025,4,3,1,0.5000307258401198,-1.4417391304347822,0.103330324405139,-0.2512174453980201,0.0005629965510106638,-1.3399999999999999,-0.241,-185,154
2025,4,3,0,0.4744579795951159,2.8757763975155277,1.048361279240285,0.5766814700621248,-0.10617797104993912,-1.3399999999999999,0.21,-180,150
2025,4,3,1,-0.29025939346608154,-1.7437362637362641,-2.0410075908922587,-1.6292283993271344,0.4096604191005419,0.34,-0.82,124,-148
2025,4,3,0,0.13005312824819815,0.48447204968944035,-0.551978003950911,-0.630406884153777,0.29975111667088333,-1.33,-0.421,-125,105
2025,4,3,1,0.2902593934660813,1.3105590062111796,-0.01143602908577003,-0.10975044016571928,-0.6649981617347068,-2,-0.523,-148,124
2025,4,3,1,1.3331526373705576,8.530020703933747,-0.042510039865249295,0.3082255251081357,1.3662399507565737,1.33,0.695,-470,360
2025,5,4,0,1.2768101282782025,4.635217391304348,0.26579157130566916,0.09312431118905978,0.5820490483387482,1.25,0.448,-440,340
2025,5,4,0,-0.5619524613473554,-12.01268115942029,-1.3896031550783552,-1.423067787431391,-0.6840290122299644,-2,-1.267,164,-198
2025,5,4,0,-0.29025939346608154,3.285,2.2798437483964764,2.249785773972431,-1.7318051123565779,0,0.708,124,-148
2025,5,4,1,-0.08701137698962969,0.5054347826086962,-0.7244760213347667,-0.3680979948808178,0.011206040131510386,0.5,-0.215,100,-120
2025,5,4,1,1.1029506902667081,11.380434782608695,1.0687373693195177,1.6128656571207873,0.34579605570493116,1.5,1.074,-360,285
2025,5,4,1,0.08701137698962969,0.40760869565217384,0.37292206457923216,0.25358781413856357,0.22373184768262822,-0.25,0.202,-120,100
2025,5,4,0,0.043343729216472,1.7173913043478262,0.02533168517993617,0.014892980969632263,1.07058820225719,1,0.483,-115,-105
2025,5,4,0,0.6520630971900706,2.953703703703704,0.3980009381269324,0.3809367637337219,-0.3411196369021462,1.5,0.318,-218,180
2025,5,4,0,1.2473059290323103,15.233695652173912,1.7646681332017653,1.801747590072948,0.6935332308673584,0.75,1.302,-425,330
2025,5,4,0,0.4744579795951159,5.317028985507246,-0.02695580617028448,-0.32464243004257226,0.7131340615209741,0.25,0.149,-180,150
2025,5,4,0,-1.497885426528353,-14.255434782608695,-1.869664941285556,-2.3933627072232895,-1.2723354971721417,-1.75,-1.83,425,-575
2025,5,4,0,0.33507069469592426,2.299679487179487,-0.4921528767804177,-0.6032994970842751,1.6965477581298998,-0.5,0.151,-155,130
2025,5,4,0,1.1853149760426938,10.950668896321071,0.9356897193258296,1.9629571111762956,0.5326418618488586,2,1.278,-395,310
2025,5,4,1,-0.5619524613473554,-1.1007525083612038,-0.911882540039491,-0.7462849880467693,0.10467490795686477,1.75,-0.173,164,-198
2025,6,5,1,-1.1853149760426938,-10.148863839685095,-1.5637665972302588,-1.605977389120661,-1.4787328043120558,-2,-1.612,310,-395
2025,6,5,0,-1.1853149760426938,-10.088566827697264,-0.07899964168539753,-0.15605095502136138,-2.362922983279581,-0.2,-0.828,310,-395
2025,6,5,0,-1.0868214372568055,-0.577777777777778,0.5257810787508722,0.7935172032060047,-1.153033323864673,-1,-0.125,280,-355
2025,6,5,1,-0.44410290081357806,-1.0048309178743962,-0.8110128864084729,-0.6411666735587794,0.3330857543117649,0.19999999999999996,-0.262,145,-175
2025,6,5,1,1.3331526373705576,8.14975845410628,0.3333061204290674,0.74334384856654,0.6709070413971796,0.6,0.602,-470,360
2025,6,5,0,-0.04334372921647221,-1.8357487922705316,-1.5100353714791357,-0.7749229511100735,-0.5601096937303122,1.8,-0.524,-105,-115
2025,6,5,0,-0.5959499755412798,-3.68035426731079,0.5375715892718436,-0.19358724596184723,-2.1117381897993455,0.2,-0.558,170,-205
2025,6,5,0,-0.5362530147869359,-4.207729468599034,-0.8989502898954645,-0.5500209844879301,0.5521941029150907,0.8,-0.103,160,-192
2025,6,4,1,0.8713819144126952,11.388586956521738,2.089237325764382,1.4424854092850283,-0.0703713486880091,2.65,1.298,-278,225
2025,6,5,1,0.5000307258401198,3.7971014492753614,0.5818519219251492,0.3861191467476328,0.39191960557004685,-0.4,0.325,-185,154
2025,6,4,1,1.9195928407379388,13.68538647342995,1.5085644811247834,1.7786410089806477,1.22388175841,0.8,1.405,-1000,650
2025,6,5,1,0.5362530147869362,4.428341384863124,0.579976125343297,0.5979031054483068,-0.021166211705227672,0.6000000000000001,0.402,-192,160
2025,6,5,1,0.2553466918088444,-5.7606837606837615,-1.4596772510905685,-0.7564194352860824,-0.842505703902612,-1,-0.986,-142,120
2025,6,4,1,-0.5959499755412798,-6.887309550353029,-1.7055093291524295,-1.5917421969374266,0.41262313128292144,-0.95,-0.908,170,-205
2025,6,4,0,0.8038287100120176,10.65551839464883,0.9002037222472165,1.32524761089781,0.11720972933888013,-0.9,0.537,-258,210
2025,7,5,1,-0.756326082181477,-6.441384863123993,-0.6663648388368513,-0.8841008670053778,-1.36838627147674,-2.3,-1.18,200,-245
2025,7,6,0,-0.40396021692874395,-1.3212173913043475,-1.1526302173081757,-0.6159084955606619,-0.6831406825378725,1,-0.539,140,-166
2025,7,5,1,0.6795942141552417,5.735748792270531,0.11467659194255059,0.3840887664886675,0.08639742752817078,0.93,0.304,-225,185
2025,7,6,1,0.2902593934660813,-3.1478260869565213,-2.08107105055766,-1.5035811838114876,1.4956087015171118,0,-0.502,-148,124
2025,7,6,1,1.8809180103096015,12.654515050167225,1.73886729013834,2.2183722593450055,-0.04657499344226408,1.5,1.301,-950,625
2025,7,5,0,-0.29025939346608154,3.5,-0.6988154330225533,-0.7397700966240234,0.5064677137379304,-0.27,-0.278,124,-148
2025,7,6,0,0.01731944920018027,0.5782608695652165,0.13526957444957305,-0.1940631267386671,0.4126187907661597,0.67,0.194,-112,-108
2025,7,6,0,-0.9126945296938027,-8.765217391304347,-2.490567046941696,-1.7810879617995556,0.16469801966035214,-1,-1.239,235,-290
2025,7,6,1,1.2473059290323103,12.271014492753622,1.239264144289442,0.8510993284799189,2.437739712172343,0.16,1.339,-425,330
2025,7,6,0,0.20649509332803073,-2.9485507246376823,-0.26131406932532575,-0.7001337380936579,0.30650068001520775,-0.6599999999999999,-0.277,-135,114
2025,7,5,0,-1.1853149760426938,-2.406602254428341,-1.1084550054365032,-0.9109011280219462,-0.5529335721731523,0.53,-0.646,310,-395
2025,7,6,1,0.13005312824819815,-4.763879598662207,-0.19393126488431783,-0.4267297939496383,-1.1570485268071034,0,-0.538,-125,105
2025,7,5,1,0.043343729216472,2.165700483091787,0.6332472042980035,-0.029801994859567887,-1.085126516251386,-1.3,-0.376,-115,-105
2025,7,6,1,0.8713819144126952,7.466666666666667,0.79030556493575,0.45314478698039307,0.6804103126370801,0.84,0.659,-278,225
2025,7,5,1,0.40396021692874423,1.3114009661835748,1.2185137155257997,0.6935349108243956,-0.9454072276332885,-0.4,0.158,-166,140
2025,8,6,1,0.4211440182204819,-1.3515151515151511,0.5054822900342119,0.5866482346230957,-0.3973346715525266,-0.14,0.16,-170,142
2025,8,6,0,1.0868214372568055,6.369960474308301,-0.1400616251811162,0.6725301573653039,1.7426041360352478,1.24,0.889,-355,280
2025,8,6,1,0.2902593934660813,0.7142608695652173,1.132761786155295,0.8441622011976134,-1.171277975098098,-2.83,-0.226,-148,124
2025,8,6,0,-1.1853149760426938,-6.906780176345395,-1.4457809305317744,-1.7617596048570392,-0.4116002528752933,-0.81,-1.134,310,-395
2025,8,7,0,0.8038287100120176,2.1897233201581017,0.7441854911046901,0.2637758839348645,-0.33135854391189734,0,0.158,-258,210
2025,8,6,1,0.33507069469592426,6.464521739130435,-0.5703332789118931,-0.5038634276155322,1.9978081441877564,1.26,0.503,-155,130
2025,8,7,1,1.1526795099383862,11.047430830039525,2.8311380452889967,2.0514064782540338,-1.157694238477415,-0.27999999999999997,0.917,-380,300
2025,8,7,1,1.1526795099383862,9.849070414287805,1.6898433931649834,1.3332679754397738,1.2532866910644858,1.29,1.388,-380,300
2025,8,7,0,-0.6520630971900705,-6.465085638998682,-1.2542010786368707,-1.5731263822510302,-0.41437756971213324,-0.57,-0.997,180,-218
2025,8,7,1,0.5362530147869362,7.1396574440052705,-0.4751724283194471,-0.24718103135025452,2.956183783945523,-0.29,0.685,-192,160
2025,8,7,1,2.2925347571405457,20.292490118577078,2.2894258448350446,2.9576659287675553,1.0261949448465226,2,2.064,-1650,950
2025,8,6,0,-0.33507069469592426,-1.7499999999999996,-0.4467148180566952,-0.8032120477171965,-0.3022891069175426,1.17,-0.286,130,-155
2025,8,7,1,1.6582280766035322,5.944055944055945,0.5824001126443867,0.5872163611174255,0.8205896902488627,1,0.716,-700,500
2025,9,7,0,-1.30540670198079,0.0011989459815544556,-0.9824950608601097,-1.3287030048216213,-0.1570673325700901,0.06999999999999995,-0.687,350,-455
2025,9,7,0,-0.3779134505088058,-1.6597496706192358,0.4019909058366471,-0.13340318933644923,-1.3272101058945949,-1.69,-0.593,136,-162
2025,9,7,0,1.4621864550671133,10.303030303030305,2.1922809530949943,1.9508125910292948,0.6850525835202022,1.57,1.563,-550,410
2025,9,7,0,1.9195928407379388,13.750329380764164,2.0046570362912055,1.8091990449731044,1.5118082589688573,0.64,1.6,-1000,650
2025,9,7,0,0.13005312824819815,0.9441414141414137,-0.5000917696250682,-0.54275081494033,0.014767500737092654,0.61,-0.198,-125,105
2025,9,7,1,0.7786693539981074,9.599143610013176,1.5241097655558882,0.5039830956396436,-0.22610054026795623,-0.18,0.427,-250,205
2025,9,8,0,-0.29025939346608154,-2.5434782608695645,-0.9046252616035444,-0.7020447017910025,-0.24905911589528673,0,-0.512,124,-148
2025,9,7,1,-0.5000307258401193,-6.471014492753625,-0.05970570776070627,-1.1510120462636684,-0.5671558871124452,0,-0.547,154,-185
2025,9,8,0,-1.597365331199831,-11.894323671497583,-1.9312041252277152,-1.971707314835192,-1.618245564996132,-1,-1.716,470,-650
2025,9,7,1,2.0600234558227344,15.30552042160738,1.7362268487217367,1.6643104318257136,0.8558454156363338,0.69,1.295,-1200,750
2025,9,7,0,-0.17139248626176423,-3.612648221343875,-0.5285012908312183,-1.3496811506903654,0.00723541129615185,-1.8599999999999999,-0.803,110,-130
2025,9,7,1,-0.20649509332803068,2.618298368298367,0.05104265571144673,0.46039567681103,-0.27447286290418516,0.25,0.105,114,-135
2025,9,7,0,-0.29025939346608154,-2.598282152629979,-0.6470964888354154,-0.008020243756189843,-1.4390605484787216,0.43,-0.544,124,-148
2025,9,7,0,0.4441029008135785,0.23320158102766797,0.4186723141832839,0.20037872590958464,-1.2259550014935723,-0.15999999999999998,-0.24,-175,145
2025,10,8,1,1.3862943611198901,16.18004459308807,1.1923650041644913,1.6305705746366126,1.88005775434194,0.61,1.46,-500,380
2025,10,8,1,0.9731781062762064,13.027034559643255,0.6008156003729684,1.0591413057300274,0.15743156799855734,-0.31,0.478,-310,250
2025,10,9,0,0.756326082181477,5.913043478260869,0.19281224642143802,0.7224127308591425,-0.5822062766196404,0,0.09,-245,200
2025,10,8,1,0.6520630971900706,6.207357859531773,0.6886614089929348,0.895774405345231,0.9522582083305399,1.97,1.014,-218,180
2025,10,8,1,-0.04334372921647221,8.727681159420289,0.44658472857852727,-0.20329626191404035,1.7705536195766902,-0.2499999999999999,0.558,-105,-115
2025,10,8,1,-1.30540670198079,-10.560758082497212,-1.2780570077546745,-2.1674177164651143,-1.2362033497399256,-1.78,-1.611,350,-455
2025,10,8,0,-0.7036973914550977,2.358888888888889,-1.7788650256401515,-1.6354699837782734,1.0703696816543522,0.12,-0.585,190,-230
2025,10,8,1,-0.17139248626176423,3.692028985507247,1.5609466976682231,1.50917818558945,-1.5720494756895467,-0.75,0.25,110,-130
2025,10,8,0,0.2902593934660813,2.0531400966183577,-0.41451037249326295,0.20019187605372113,0.6173194438620943,0.89,0.279,-148,124
2025,10,8,1,1.0505037103480785,7.797101449275361,0.9500045838311064,0.4672631440033779,0.8792391771113189,-1.13,0.487,-340,270
2025,10,8,0,-0.8038287100120177,-4.44577480490524,-0.800252841745926,-0.4575991566065289,-1.5419936428356156,-1.19,-0.979,210,-258
2025,10,8,0,-1.30540670198079,-7.472879684418146,-1.437256745976513,-0.9569005593129887,-1.9344860753995459,-1.2699999999999998,-1.419,350,-455
2025,10,8,1,0.3779134505088062,4.058760683760683,-0.3200466264366798,0.41273764516601075,0.5841550713530663,-1.5,0.022,-162,136
2025,10,8,0,0,2.253086419753086,0.36948347048282637,0.32188004003980075,-0.059679850804159384,-0.62,0.083,-110,-110
2025,11,9,1,1.8809180103096015,10.505255613951267,1.367032167212704,0.7859438310313791,0.5388610547952851,0.22,0.77,-950,625
2025,11,10,1,0.2902593934660813,1.662446249402771,-0.2889087970009936,-0.6190911497016123,0.29223230526625044,-0.7,-0.269,-148,124
2025,11,9,0,0.6520630971900706,4.155040611562351,0.34982342023209223,0.6103349758662125,1.183250348878448,1.61,0.865,-218,180
2025,11,9,1,0.8931683144533004,5.258382642998028,0.5133920298481905,0.8958976962953401,-0.35462981365223833,-0.21999999999999997,0.26,-285,230
2025,11,9,1,-0.33507069469592426,-4.188445612358656,-0.8919528430783301,-0.5129251641537682,-1.3241405761502212,0.7,-0.686,130,-155
2025,11,9,0,0.2902593934660813,3.5730211817168334,-0.7496280280106012,-1.10068639953584,0.36830849340519634,-1.67,-0.641,-148,124
2025,11,9,0,-1.2768101282782023,-7.605669692626215,-1.6948862627768775,-1.340188999293525,-1.3560522517296092,-0.3,-1.285,340,-440
2025,11,9,1,0.7786693539981074,7.605908584169454,-0.05109919062484278,-0.3850426613336624,1.7295845838024966,1.55,0.622,-250,205
2025,11,9,0,-0.8272349252412726,-13.741939799331103,-1.4519530052754568,-1.4263063956587618,-2.3441967972829145,-1.67,-1.751,215,-265
2025,11,9,0,-0.5362530147869359,2.4452938365981844,-0.4621404168878674,-0.2947592725291332,0.8145289808039745,1.49,0.259,160,-192
2025,11,9,1,0.4441029008135785,1.7454180602006693,0.10114203687210477,0.26369816211385677,-0.3498321583578784,1.22,0.168,-175,145
2025,11,9,0,-1.2768101282782023,-6.676521739130434,-2.7795769275681366,-2.6733562767208956,1.3549935729021012,0.34,-1.028,340,-440
2025,11,9,1,-0.6520630971900705,1.2280924204001131,-0.6534788596534695,-1.0163602641334186,1.5353607713177906,-0.4600000000000001,-0.06,180,-218
2025,11,9,1,0.33507069469592426,-2.515669515669515,-0.6852594393766994,-0.7053371331655359,-0.32459315081385787,-0.43999999999999995,-0.545,-155,130
2025,11,9,0,-0.5619524613473554,-3.193979933110368,-1.4991942688931728,-1.7009997311301046,1.1667512056756058,-0.11000000000000001,-0.541,164,-198
2025,12,10,1,-0.8038287100120177,0.02769230769230724,-1.3632387803261343,-1.8070395682002014,1.6786832015727746,0.30000000000000004,-0.325,210,-258
2025,12,10,1,1.9567210651595293,9.320745341614906,1.184153315627298,1.355440082950185,0.6034876558687521,0.6,0.975,-1050,675
2025,12,10,1,0.33507069469592426,0.09886128364389224,-0.5053898129853607,0.47212166909200937,-0.2758473736603924,0.6000000000000001,0.024,-155,130
2025,12,10,0,-1.1853149760426938,-9.213664596273292,-0.8891202092626406,-0.4843204194460573,-1.4308514856977934,-0.6,-0.891,310,-395
2025,12,10,1,1.9567210651595293,15.879089026915114,1.9086855360543653,1.539693928301444,2.0741509332213806,1.3599999999999999,1.769,-1050,675
2025,12,10,1,0.9126945296938028,6.476190476190475,2.212075159793887,1.8386788650916175,-0.05811769199658201,0.4,1.139,-290,235
2025,12,10,1,0.6520630971900706,0.4644051600573347,0.45695410003318593,-0.06609942155946458,-0.3947577981603289,0.2,-0.005,-218,180
2025,12,10,0,-1.880918010309601,-16.388198757763973,-2.446330845753549,-2.013004634543808,-1.4803743220573156,-0.09999999999999998,-1.684,625,-950
2025,12,10,0,-0.20649509332803068,0.6397515527950308,0.9336421479231524,0.19859639183531844,-0.2203686244771452,-0.4,0.161,114,-135
2025,12,10,0,0.3779134505088062,0.7888198757763973,0.8552949437308044,0.2871059782308685,-1.1674898025797897,-1,-0.208,-162,136
2025,12,10,1,-0.3779134505088058,-3.6547043938348294,-0.226589097325272,-0.23894227596923218,-1.7887031689864872,-1,-0.823,136,-162
2025,12,10,0,0.10444117427409029,-1.9658385093167703,-0.3016898060197469,-1.1376953480781962,-0.2149090533879775,-1.2,-0.66,-122,102
2025,12,10,1,1.1373268008488,7.301904761904762,0.844239452323664,0.2854337154138232,0.5160553476965104,0.09999999999999987,0.465,-375,295
2025,12,11,1,1.1853149760426938,7.3594202898550725,1.2161212610987602,0.9178833223308575,0.031117440895250037,0,0.586,-395,310
2025,13,11,0,0.33507069469592426,4.777777777777779,-0.10559831869707859,0.24572384253729196,0.17830400591265377,0.64,0.196,-155,130
2025,13,11,1,-0.5000307258401193,-4.334894091415831,-0.02095690871284961,-0.6656290782480527,-1.0989821934325947,-0.45,-0.615,154,-185
2025,13,11,0,1.1373268008488,11.760231884057971,0.5818130005584713,0.8547405402453027,1.3749085016475266,1,0.971,-375,295
2025,13,11,0,1.0505037103480785,7.071926999463232,0.9545009829515975,0.16618571105661456,0.5225002176682307,-0.91,0.315,-340,270
2025,13,11,1,-1.497885426528353,-11.419398550724638,-1.9993044068199493,-1.4580646119832783,-1.9097759171065039,-1.35,-1.713,425,-575
2025,13,11,0,-0.7786693539981077,-4.7297101449275365,-2.5925069113446355,-2.200116686084183,2.08136476958751,0.89,-0.534,205,-250
2025,13,11,0,0.4211440182204819,4.704811594202899,0.5185499191305861,1.2434204006182838,-1.3015513629249935,-0.73,0.004,-170,142
2025,13,11,1,0.7786693539981074,6.921739130434783,0.7920570117131955,1.0357718803309761,-0.9295049287326608,-0.27,0.185,-250,205
2025,13,11,1,-0.40396021692874395,-1.391304347826087,-0.18586810588900599,-0.5667946023118846,-1.1075194080808273,-1.36,-0.754,140,-166
2025,13,11,1,0.561952461347356,4.201932367149759,-0.059733866531049444,0.2619961321970545,0.0988503978709201,0,0.098,-198,164
2025,13,11,0,-0.8480697631657858,-8.594202898550725,-0.6429890036866506,-1.2572573627966377,-0.9223670522113346,-1.19,-0.997,220,-270
2025,13,11,1,1.8405496333974871,10.346859903381642,2.137448086782819,1.4520648437051356,0.5734806855581605,-0.19000000000000006,1.114,-900,600
2025,13,11,1,1.5322482737429697,12.370531400966184,1.1777703435568243,1.8035477974814282,1.0094418209144516,0.45,1.218,-600,440
2025,13,11,0,-0.40396021692874395,-2.7905982905982913,-0.5294931776417255,-1.5569983138150956,0.3669617365364021,0.7300000000000001,-0.394,140,-166
2025,13,11,0,-0.9731781062762065,-6.259829059829059,0.09188725017526914,0.19451371836048206,-2.74897517480612,-0.18,-0.795,250,-310
2025,13,12,1,1.1373268008488,12.070652173913043,1.4932940438000066,0.6767034960173938,1.1755992382944398,0.33,0.979,-375,295
2025,14,12,1,0.5362530147869362,9.616847826086957,0.48654045965452064,0.960620998787086,1.690593305984244,1.17,1.102,-192,160
2025,14,12,0,-1.0868214372568055,-8.570652173913043,-1.042671896934784,-0.21650863482870955,-0.94863004685489,0.9099999999999999,-0.484,280,-355
2025,14,12,0,0.8480697631657852,3.7204166666666665,0.265859481292748,0.8760160995091372,-0.3327143883042504,-1,0.092,-270,220
2025,14,12,1,0.8931683144533004,14.045986622073578,0.7506930322238252,1.4673507643040595,1.469837182476084,0.5800000000000001,1.172,-285,230
2025,14,12,0,0.5959499755412798,7.070652173913043,-0.3848915293567996,-0.2158770468352762,1.910062959836674,1.17,0.597,-205,170
2025,14,12,1,-0.20649509332803068,-2.7690217391304355,-1.0311574997094732,-1.1918861828013914,-0.0486703343328273,0.17000000000000004,-0.608,114,-135
2025,14,12,1,-0.04334372921647221,2.556089743589743,-1.7528614222833174,-1.6097539883124332,1.6408856660826823,-0.58,-0.492,-105,-115
2025,14,12,0,-0.29025939346608154,-0.3858695652173907,-0.35338646310234173,-0.3070857133693189,-0.12777207541939217,-0.08999999999999997,-0.232,124,-148
2025,14,12,0,1.2473059290323103,9.757246376811594,0.8524831778325206,1.5681763688000232,-0.004035025524090328,1.17,0.853,-425,330
2025,14,12,0,-1.3331526373705578,-12.503623188405797,-1.3683092179929128,-1.9648125410398831,-1.6770789290887478,-0.5,-1.527,360,-470
2025,14,12,0,-1.3862943611198908,-7.828478260869566,-1.083941641710569,-0.973437167694791,-0.8632811469337387,-0.25,-0.865,380,-500
2025,14,12,1,0.954798940544141,7.444746376811594,1.6184297621720607,0.7605268346337759,0.34468102733065575,-1.3399999999999999,0.543,-305,245
2025,14,12,0,0.6520630971900706,2.879615384615385,0.9856614913132455,1.1892456347428122,-1.8189422496238217,-0.5800000000000001,-0.04,-218,180
2025,14,12,1,-0.08701137698962969,0.8668981481481479,-0.8914853687203224,-0.2934745653134135,0.5022059728630663,-0.34,-0.197,100,-120
2025,15,13,0,0.8713819144126952,5.505541346973572,0.4380421791680388,0.22325088052273723,-0.1304544876651868,0.16000000000000003,0.156,-278,225
2025,15,13,1,1.1373268008488,8.156010230179028,1.657889426233075,2.092290639015957,-1.1505431043492638,1.1600000000000001,0.852,-375,295
2025,15,13,0,-0.3779134505088058,-4.023734015345269,-0.10750296178390706,-0.6068702867893225,-1.0869042025036415,-0.23,-0.583,136,-162
2025,15,13,1,1.56537792264007,10.457391304347826,-0.31600754235754974,-0.1400108648074701,2.060369342818686,0.6099999999999999,0.605,-625,455
2025,15,13,1,1.9567210651595293,10.498721227621484,0.2903062655978794,0.654819609327211,1.3337756819423672,1.47,0.892,-1050,675
2025,15,13,0,0.8038287100120176,3.9404223227752646,0.6791988344204541,0.8875799482324778,-1.320532370150675,-0.47,-0.037,-258,210
2025,15,13,0,-0.25534669180884456,0.6702734605547906,0.15354771788126054,-0.8238105446763958,-0.06377138304968741,-0.3,-0.28,120,-142
2025,15,13,0,0.2902593934660813,0.24631123352350937,-0.434987154928898,-0.30056349665219717,-0.01765850209821962,-0.16,-0.225,-148,124
2025,15,13,1,1.9195928407379388,14.452211802595436,1.6310995446774066,1.9417014265965935,1.066875966534413,0.77,1.432,-1000,650
2025,15,13,1,-0.10444117427409072,1.9607843137254912,-1.3201172635867446,-0.8834333817092332,1.0567619096457732,-0.07,-0.273,102,-122
2025,15,13,1,0.756326082181477,3.7976470588235296,0.12022429556399361,-0.25338843516188003,0.24081507430840188,-0.39,-0.03,-245,200
2025,15,13,1,-0.29025939346608154,-0.109974424552429,-0.41087859373543284,-0.8762342689451685,1.0029104367093302,-0.38,-0.113,124,-148
2025,15,13,1,1.9195928407379388,6.8951406649616365,0.6328039165099444,-0.3628746256931361,1.0563412240011105,-0.38,0.314,-1000,650
2025,15,13,1,1.8405496333974871,14.884910485933505,2.1955013425928778,1.9475606158260836,-0.04637424494751252,0.39,1.171,-900,600
2025,15,13,0,0.8272349252412727,1.2037510656436488,1.9830460657822013,1.374587901475886,-1.8600442023538215,-0.15,0.304,-265,215
2025,15,13,1,0.4441029008135785,3.105285592497869,0.4234246759679012,-0.10551221194142116,0.45372363826944556,1.08,0.361,-175,145
2025,16,14,1,0.10444117427409029,2.350531400966183,-0.6361930167909163,-0.9308785248393343,0.7073238725839607,-0.65,-0.313,-122,102
2025,16,14,0,-1.1526795099383853,-6.25150364039253,-0.7295838082963371,-0.2896116885224737,-2.0702797009985607,-0.78,-1.016,300,-380
2025,16,14,1,0.06948444579350904,-1.617552334943639,-1.4982344178808482,-0.7062432164363553,0.0621556383177895,1.3499999999999999,-0.37,-118,-102
2025,16,14,1,-0.33507069469592426,-2.1247987117552336,-0.25439566720131535,-0.5717912106137666,-0.7555771559961353,-0.79,-0.583,130,-155
2025,16,14,0,-1.497885426528353,-11.951505016722408,-3.167037882836776,-3.343100269440425,1.000137714841946,-0.36,-1.537,425,-575
2025,16,14,0,0.10444117427409029,-2.168679549114332,0.7631310467377299,0.4819948339341149,-2.609844796796329,-0.9299999999999999,-0.607,-122,102
2025,16,14,0,-0.5959499755412798,6.727053140096619,-0.145719060596496,0.23283058425114803,0.9735568198351547,0.13999999999999999,0.359,170,-205
2025,16,14,1,0.9344169128430823,3.07487922705314,0.2506056861779443,-0.2848438333380223,1.0805234342962287,0.5,0.377,-298,240
2025,16,14,0,-0.29025939346608154,-4.4838969404186795,0.7857652521296175,0.7773954657533648,-1.5872281079833326,0.21999999999999997,-0.032,124,-148
2025,16,14,1,-0.5000307258401193,-12.373281308063916,-1.8145622743503464,-2.1176296171600395,-0.754726184812287,-0.5,-1.396,154,-185
2025,16,14,0,-0.29025939346608154,0.8647342995169081,0.4065583665804376,-0.15389612826593918,-0.765309162108091,-0.21000000000000002,-0.217,124,-148
2025,16,14,0,0.4441029008135785,4.017713365539452,0.7266242217624457,0.32231925318110627,0.813502770930367,-0.5700000000000001,0.447,-175,145
2025,16,14,0,1.2473059290323103,7.953703703703704,0.9981025721479355,1.503228198110843,0.18199716651480655,0.21999999999999997,0.793,-425,330
2025,16,14,1,2.2419604711776095,17.859516908212562,1.2615652100821526,1.7747521174926626,2.0749245353262333,1.42,1.695,-1600,900
2025,16,14,0,0.5000307258401198,-0.31816425120772873,-0.7980955781635463,-0.056815092847797066,0.04765566926375697,0.14,-0.175,-185,154
2025,16,14,0,-0.6795942141552419,3.898550724637681,-0.7163038636005823,0.15987630370340639,1.0731698936208973,0.64,0.3,185,-225
2025,17,15,0,-1.3862943611198908,0.5599366308748461,-0.7649217997206861,-0.30200658885784826,0.3167443921203166,0.2,-0.151,380,-500
2025,17,15,1,-1.1029506902667081,-3.5438596491228074,-2.584165842453652,-2.40753571578489,0.47052371571716084,-1.6,-1.445,285,-360
2025,17,15,0,-1.992430164690206,0.34143049932523617,-0.18663291378513686,0.2991158034418029,-1.410829322647495,-0.07,-0.399,700,-1100
2025,17,15,0,0.06948444579350904,0.05719298245614057,0.038110116384975024,0.2887560402312501,-0.42319937500578186,-0.6,-0.117,-118,-102
2025,17,15,0,0.2553466918088444,4.577543859649123,1.063598593542874,0.4788359408399182,0.14078116586283673,0,0.447,-142,120
2025,17,15,0,-0.9547989405441406,-10.88329519450801,-0.8811457961515503,-0.6540044204849194,-1.870414745244736,0.27,-0.956,245,-305
2025,17,15,1,1.0672259748474389,2.086956521739131,0.22234060649225565,-0.05445051553576542,-0.7999378976771891,-0.33,-0.258,-345,275
2025,17,15,1,-0.5959499755412798,-6.329900839054158,-2.444419453087894,-1.9529327928428344,0.7664377926865111,-1,-1.094,170,-205
2025,17,15,0,-0.6795942141552419,1.0160183066361546,0.24144699539707948,0.46947794034536505,-0.4268092628849286,-0.4600000000000001,0.007,185,-225
2025,17,15,1,-0.7786693539981077,-0.48893974065598833,-0.0480237911004357,-0.30242249928488485,-0.4113995334855946,-1.07,-0.383,205,-250
2025,17,15,0,-1.880918010309601,-10.80091533180778,-2.323347013617659,-1.781628777112258,-0.8365653432328518,-0.73,-1.471,625,-950
2025,17,15,0,-0.08701137698962969,-2.4096109839816933,-0.6851997787502002,-0.1623184673480036,-0.9695089080408472,-0.2,-0.543,100,-120
2025,17,15,0,-0.3779134505088058,-1.4919908466819232,-0.5587039345408611,-1.467563706708941,0.5860058154433164,-0.27,-0.445,136,-162
2025,17,15,0,0.4211440182204819,3.3366321787374416,0.23243959270424164,0.9094049605284689,-0.9050200738542324,-0.07000000000000006,0.047,-170,142
2025,17,15,1,0.5959499755412798,4.382151029748284,1.054393636344278,0.19440902846055808,-0.9562922962718224,-1.6700000000000002,-0.217,-205,170
2025,17,15,1,-1.1526795099383853,-9.148466819221968,-1.7239179162333222,-1.2654623696394816,-0.3418259972867692,-0.4,-0.968,300,-380
2025,18,16,1,0.33507069469592426,6.51231884057971,0.35962487875651716,0.725624845656849,0.5262939385877048,0.37000000000000005,0.526,-155,130
2025,18,16,0,-0.29025939346608154,-3.519565217391304,0.5510935767910571,0.5434558178113884,-2.075221240135178,-0.12,-0.359,124,-148
2025,18,16,1,0.5959499755412798,3.676086956521739,0.24720657586735395,1.0584538301058353,-0.037693375870209156,0.75,0.481,-205,170
2025,18,16,0,1.3054067019807902,5.369565217391305,2.4268366756612525,1.9987764375784616,-2.1016758492081946,0,0.551,-455,350
2025,18,16,1,1.438079660437415,4.671391304347826,0.014813498708155917,-0.663776796998462,1.6050841543587695,0.8099999999999999,0.409,-535,400
2025,18,16,1,1.7074183207943046,15.695652173913043,1.1214995907023244,1.40395285193675,1.3580858427310318,1.13,1.284,-750,525
2025,18,16,1,1.5973653311998304,-0.33333333333333304,-2.861380902600988,-2.1992718160126143,1.0503528693846127,-0.12,-1.06,-650,470
2025,18,16,1,-0.40396021692874395,-0.6086956521739126,-1.2198563593606666,-0.653914363582591,0.7335760718172284,0.38,-0.215,140,-166
2025,18,16,1,1.7540191412452084,17.39113712374582,2.168338928100603,2.375495793410167,1.3341707775343523,1.25,1.845,-800,550
2025,18,16,0,0.4744579795951159,-1.839130434782609,-1.0286821945334452,-0.43784353019313627,-0.33881813538970695,0.75,-0.383,-180,150
2025,18,16,1,2.2419604711776095,3.7750000000000004,0.40773024670199487,0.27447697295378926,0.12070626504973214,-0.62,0.134,-1600,900
2025,18,16,1,2.125765613354075,15.512782608695652,1.285798968997191,1.26211053033201,1.0704823767648288,0.30999999999999994,1.075,-1350,800
2025,18,16,1,-0.6795942141552419,-10.727257525083612,-1.3414933273797118,-2.370055741833693,-0.3727180293346002,-0.56,-1.251,185,-225
2025,18,16,1,1.9195928407379388,10.802173913043479,1.494712614250473,0.9924947059961591,0.3389947979358575,0.12,0.788,-1000,650
2025,18,16,0,0.4744579795951159,11.326353276353277,0.857259746432911,0.2690551523647256,2.1488690840414804,0.75,1.06,-180,150
2025,18,16,1,-0.6795942141552419,0.023666666666666725,-0.17635793167544445,-0.7180374032080556,0.4033311050013497,0.81,-0.026,185,-225
2025,19,17,0,-1.462186455067114,-11.022525879917184,-1.6727947150485767,-1.8036643108650525,-1.15843265969077,-0.5800000000000001,-1.401,410,-550
2025,19,17,1,-0.20649509332803068,0.37543133195307155,-1.1722277775451269,-0.3662921096814067,0.12296225174440303,1.35,-0.168,114,-135
2025,19,17,0,0.10444117427409029,0.7931199235547073,-1.0852283624739716,-1.155201846124458,0.4582938496873765,0.41000000000000003,-0.419,-122,102
2025,19,17,0,0.8272349252412727,3.372287401272909,-0.30547778042055473,-0.308177081344883,1.8759025467160504,0.8899999999999999,0.537,-265,215
2025,19,17,1,0.561952461347356,7.0438233264320225,1.7954011237523648,1.2585407564616466,-1.111696953982333,-0.35,0.427,-198,164
2025,19,17,0,-0.33507069469592426,-2.6307936507936507,0.3587078471072278,0.29774913221168237,-1.3033345477701543,-0.22999999999999998,-0.258,130,-155
2025,20,17,1,0.08701137698962969,0.26867576867576926,-0.870903598551096,-1.1695743310191444,1.2054386962686525,-0.32000000000000006,-0.243,-120,100
2025,20,17,1,0.954798940544141,8.255599472990777,-0.3893247570507675,-0.35559635858218624,2.1293127453578435,0.34,0.504,-305,245
2025,20,18,1,0.4744579795951159,3.000316205533596,1.4669422063892201,1.2216180907609557,-1.4870577603946789,-1,0.13,-180,150
2025,20,18,0,-0.5959499755412798,-5.197391304347826,-1.2252597543415062,-0.5587281680696667,-0.6105145036816326,0.72,-0.556,170,-205
2025,21,18,0,-0.5959499755412798,-0.5070745259781173,-0.9929282490552163,-0.5934597423618513,0.8385736694555754,0.18,-0.137,170,-205
2025,21,18,1,0.2553466918088444,4.374861660079051,-0.6246847457855855,-0.8360940285337986,0.8478455916175863,-0.5599999999999999,-0.225,-142,120
2025,22,19,0,-0.7310299485401845,-0.7805608065532459,0.3943185358476622,0.3336110721323616,-0.5236992843212621,0.030000000000000027,0.04,195,-238