date,graded_at,week,game_id,matchup,team,opponent,player,position,depth,market,model_version,projection,line,lean,actual,result,abs_error,line_abs_error,beat_line,brier,variance_class,excluded,exclude_reason,rate_used,expected_volume,opp_adjustment,games_played,actual_rate,actual_volume,rate_effect,volume_effect,frozen_minutes_before_kickoff
2026-09-20,2026-09-21T12:38:43.730Z,2,2026_02_CAR_ATL,CAR @ ATL,CAR,ATL,Bryce Young,QB,QB1,QB_PASS_YARDS,leo-nflprop-v1,277,221.5,over,287,W,10,65.5,Y,,good_pick_won,,,8,33.7,0.997,1,7.972,36,-1,18.4,24
2026-09-20,2026-09-21T12:38:43.730Z,2,2026_02_CAR_ATL,CAR @ ATL,CAR,ATL,Chuba Hubbard,RB,RB1,RB_RUSH_YARDS,leo-nflprop-v1,41,56.5,under,53,W,12,3.5,N,,lucky_win,,,4.4,9.6,0.8959999999999999,1,4.417,12,0.2,10.56,24
2026-09-20,2026-09-21T12:38:43.730Z,2,2026_02_CAR_ATL,CAR @ ATL,CAR,ATL,Chuba Hubbard,RB,RB1,ANYTIME_TD,leo-nflprop-v1,0.296,,,1,,0.704,,,0.496,,,,,,0.8959999999999999,1,,,,,24
2026-09-20,2026-09-21T12:38:43.730Z,2,2026_02_CAR_ATL,CAR @ ATL,CAR,ATL,AJ Dillon,RB,RB2,RB_RUSH_YARDS,leo-nflprop-v1,18,,,-3,,21,,,,,,,4.7,3.5,0.8959999999999999,1,-1,3,-17.1,-2.35,24
2026-09-20,2026-09-21T12:38:43.730Z,2,2026_02_CAR_ATL,CAR @ ATL,CAR,ATL,AJ Dillon,RB,RB2,ANYTIME_TD,leo-nflprop-v1,0.127,,,0,,0.127,,,0.016,,,,,,0.8959999999999999,1,,,,,24
2026-09-20,2026-09-21T12:38:43.730Z,2,2026_02_CAR_ATL,CAR @ ATL,CAR,ATL,Jalen Coker,WR,WR1,WR_REC_YARDS,leo-nflprop-v1,83,50.5,over,66,W,17,15.5,N,,lucky_win,,,12.1,6.8,0.997,1,7.333,9,-42.9,26.62,24
2026-09-20,2026-09-21T12:38:43.730Z,2,2026_02_CAR_ATL,CAR @ ATL,CAR,ATL,Jalen Coker,WR,WR1,ANYTIME_TD,leo-nflprop-v1,0.481,,,0,,0.481,,,0.231,,,,,,0.997,1,,,,,24
2026-09-20,2026-09-21T12:38:43.730Z,2,2026_02_CAR_ATL,CAR @ ATL,CAR,ATL,Tetairoa McMillan,WR,WR2,WR_REC_YARDS,leo-nflprop-v1,69,58.5,over,101,W,32,42.5,Y,,lucky_win,,,9,7.6,0.997,1,10.1,10,11,21.6,24
2026-09-20,2026-09-21T12:38:43.730Z,2,2026_02_CAR_ATL,CAR @ ATL,CAR,ATL,Tetairoa McMillan,WR,WR2,ANYTIME_TD,leo-nflprop-v1,0.254,,,0,,0.254,,,0.065,,,,,,0.997,1,,,,,24
2026-09-20,2026-09-21T12:38:43.730Z,2,2026_02_CAR_ATL,CAR @ ATL,CAR,ATL,Xavier Legette,WR,WR3,WR_REC_YARDS,leo-nflprop-v1,9,15.5,under,64,L,55,48.5,N,,good_pick_lost,,,2.5,3.1,0.997,1,16,4,54,2.25,24
2026-09-20,2026-09-21T12:38:43.730Z,2,2026_02_CAR_ATL,CAR @ ATL,CAR,ATL,Xavier Legette,WR,WR3,ANYTIME_TD,leo-nflprop-v1,0.16,,,0,,0.16,,,0.026,,,,,,0.997,1,,,,,24
2026-09-20,2026-09-21T12:38:43.730Z,2,2026_02_CAR_ATL,CAR @ ATL,ATL,CAR,Cooper Rush,QB,QB1,QB_PASS_YARDS,leo-nflprop-v1,106,182.5,under,86,W,20,96.5,Y,,good_pick_won,,,5.3,17.5,1.04,1,5.059,17,-4.1,-2.65,24
2026-09-20,2026-09-21T12:38:43.730Z,2,2026_02_CAR_ATL,CAR @ ATL,ATL,CAR,Bijan Robinson,RB,RB1,RB_RUSH_YARDS,leo-nflprop-v1,99,83.5,over,72,L,27,11.5,N,,bad_pick_lost,,,4.4,18.9,1.15,1,4.5,16,1.6,-12.76,24
2026-09-20,2026-09-21T12:38:43.730Z,2,2026_02_CAR_ATL,CAR @ ATL,ATL,CAR,Bijan Robinson,RB,RB1,ANYTIME_TD,leo-nflprop-v1,0.31,,,0,,0.31,,,0.096,,,,,,1.15,1,,,,,24
2026-09-20,2026-09-21T12:38:43.730Z,2,2026_02_CAR_ATL,CAR @ ATL,ATL,CAR,Brian Robinson,RB,RB2,RB_RUSH_YARDS,leo-nflprop-v1,33,25.5,over,51,W,18,25.5,Y,,lucky_win,,,3.7,7,1.15,1,4.636,11,10.3,14.8,24
2026-09-20,2026-09-21T12:38:43.730Z,2,2026_02_CAR_ATL,CAR @ ATL,ATL,CAR,Brian Robinson,RB,RB2,ANYTIME_TD,leo-nflprop-v1,0.146,,,0,,0.146,,,0.021,,,,,,1.15,1,,,,,24
2026-09-20,2026-09-21T12:38:43.730Z,2,2026_02_CAR_ATL,CAR @ ATL,ATL,CAR,Drake London,WR,WR1,WR_REC_YARDS,leo-nflprop-v1,54,57.5,under,51,W,3,6.5,Y,,good_pick_won,,,7.7,6.7,1.04,1,10.2,5,12.5,-13.09,24
2026-09-20,2026-09-21T12:38:43.730Z,2,2026_02_CAR_ATL,CAR @ ATL,ATL,CAR,Drake London,WR,WR1,ANYTIME_TD,leo-nflprop-v1,0.334,,,0,,0.334,,,0.112,,,,,,1.04,1,,,,,24
2026-09-20,2026-09-21T12:38:43.730Z,2,2026_02_CAR_ATL,CAR @ ATL,ATL,CAR,Jahan Dotson,WR,WR2,WR_REC_YARDS,leo-nflprop-v1,18,17.5,,11,,7,6.5,N,,,,,6.2,2.7,1.04,1,2.75,4,-13.8,8.06,24
2026-09-20,2026-09-21T12:38:43.730Z,2,2026_02_CAR_ATL,CAR @ ATL,ATL,CAR,Jahan Dotson,WR,WR2,ANYTIME_TD,leo-nflprop-v1,0.1,,,0,,0.1,,,0.01,,,,,,1.04,1,,,,,24
2026-09-20,2026-09-21T12:38:43.730Z,2,2026_02_CAR_ATL,CAR @ ATL,ATL,CAR,Olamide Zaccheaus,WR,WR3,WR_REC_YARDS,leo-nflprop-v1,14,8.5,over,3,L,11,5.5,N,,good_pick_lost,,,4.7,2.7,1.04,1,1,3,-11.1,1.41,24
2026-09-20,2026-09-21T12:38:43.730Z,2,2026_02_CAR_ATL,CAR @ ATL,ATL,CAR,Olamide Zaccheaus,WR,WR3,ANYTIME_TD,leo-nflprop-v1,0.166,,,0,,0.166,,,0.028,,,,,,1.04,1,,,,,24
2026-09-20,2026-09-21T12:38:43.730Z,2,2026_02_NO_BAL,NO @ BAL,NO,BAL,Tyler Shough,QB,QB1,QB_PASS_YARDS,leo-nflprop-v1,297,231.5,over,252,W,45,20.5,N,,good_pick_won,,,7.1,42.9,0.948,1,7.412,34,10.6,-63.19,24
2026-09-20,2026-09-21T12:38:43.730Z,2,2026_02_NO_BAL,NO @ BAL,NO,BAL,Travis Etienne,RB,RB1,RB_RUSH_YARDS,leo-nflprop-v1,58,,,25,,33,,,,,,,4.7,12,0.968,1,3.125,8,-12.6,-18.8,24
2026-09-20,2026-09-21T12:38:43.730Z,2,2026_02_NO_BAL,NO @ BAL,NO,BAL,Travis Etienne,RB,RB1,ANYTIME_TD,leo-nflprop-v1,0.259,,,0,,0.259,,,0.067,,,,,,0.968,1,,,,,24
2026-09-20,2026-09-21T12:38:43.730Z,2,2026_02_NO_BAL,NO @ BAL,NO,BAL,Kendre Miller,RB,RB2,RB_RUSH_YARDS,leo-nflprop-v1,32,,,,,,,,,,Y,no stat line (did not play),3.8,7.9,0.968,1,,,,,24
2026-09-20,2026-09-21T12:38:43.730Z,2,2026_02_NO_BAL,NO @ BAL,NO,BAL,Kendre Miller,RB,RB2,ANYTIME_TD,leo-nflprop-v1,0.322,,,,,,,,,,Y,no stat line (did not play),,,0.968,1,,,,,24
2026-09-20,2026-09-21T12:38:43.730Z,2,2026_02_NO_BAL,NO @ BAL,NO,BAL,Chris Olave,WR,WR1,WR_REC_YARDS,leo-nflprop-v1,119,68.5,over,86,W,33,17.5,N,,lucky_win,,,10.9,11.4,0.948,1,8.6,10,-23,-15.26,24
2026-09-20,2026-09-21T12:38:43.730Z,2,2026_02_NO_BAL,NO @ BAL,NO,BAL,Chris Olave,WR,WR1,ANYTIME_TD,leo-nflprop-v1,0.311,,,1,,0.689,,,0.475,,,,,,0.948,1,,,,,24
2026-09-20,2026-09-21T12:38:43.730Z,2,2026_02_NO_BAL,NO @ BAL,NO,BAL,Devaughn Vele,WR,WR2,WR_REC_YARDS,leo-nflprop-v1,46,43.5,over,64,W,18,20.5,Y,,lucky_win,,,7.1,6.7,0.948,1,9.143,7,14.3,2.13,24
2026-09-20,2026-09-21T12:38:43.730Z,2,2026_02_NO_BAL,NO @ BAL,NO,BAL,Devaughn Vele,WR,WR2,ANYTIME_TD,leo-nflprop-v1,0.317,,,0,,0.317,,,0.1,,,,,,0.948,1,,,,,24
2026-09-20,2026-09-21T12:38:43.730Z,2,2026_02_NO_BAL,NO @ BAL,NO,BAL,Bryce Lance,WR,WR3,WR_REC_YARDS,leo-nflprop-v1,41,19.5,over,8,L,33,11.5,N,,good_pick_lost,,,10.5,4,0.948,1,8,1,-2.5,-31.5,24
2026-09-20,2026-09-21T12:38:43.730Z,2,2026_02_NO_BAL,NO @ BAL,NO,BAL,Bryce Lance,WR,WR3,ANYTIME_TD,leo-nflprop-v1,0.204,,,0,,0.204,,,0.042,,,,,,0.948,1,,,,,24
2026-09-20,2026-09-21T12:38:43.730Z,2,2026_02_NO_BAL,NO @ BAL,BAL,NO,Lamar Jackson,QB,QB1,QB_PASS_YARDS,leo-nflprop-v1,268,209.5,over,235,W,33,25.5,N,,good_pick_won,,,10.9,24.1,0.9840000000000001,1,7.581,31,-102.9,75.21,24
2026-09-20,2026-09-21T12:38:43.730Z,2,2026_02_NO_BAL,NO @ BAL,BAL,NO,Derrick Henry,RB,RB1,RB_RUSH_YARDS,leo-nflprop-v1,130,95.5,over,68,L,62,27.5,N,,good_pick_lost,,,5.6,21,1.072,1,4.25,16,-21.6,-28,24
2026-09-20,2026-09-21T12:38:43.730Z,2,2026_02_NO_BAL,NO @ BAL,BAL,NO,Derrick Henry,RB,RB1,ANYTIME_TD,leo-nflprop-v1,0.72,,,1,,0.28,,,0.078,,,,,,1.072,1,,,,,24
2026-09-20,2026-09-21T12:38:43.730Z,2,2026_02_NO_BAL,NO @ BAL,BAL,NO,Justice Hill,RB,RB2,RB_RUSH_YARDS,leo-nflprop-v1,16,13.5,over,6,L,10,7.5,N,,good_pick_lost,,,3.1,3.9,1.072,1,3,2,-0.2,-5.89,24
2026-09-20,2026-09-21T12:38:43.730Z,2,2026_02_NO_BAL,NO @ BAL,BAL,NO,Justice Hill,RB,RB2,ANYTIME_TD,leo-nflprop-v1,0.205,,,0,,0.205,,,0.042,,,,,,1.072,1,,,,,24
2026-09-20,2026-09-21T12:38:43.730Z,2,2026_02_NO_BAL,NO @ BAL,BAL,NO,Zay Flowers,WR,WR1,WR_REC_YARDS,leo-nflprop-v1,114,,,,,,,,,,Y,listed Doubtful,17.8,6.5,0.9840000000000001,1,,,,,24
2026-09-20,2026-09-21T12:38:43.730Z,2,2026_02_NO_BAL,NO @ BAL,BAL,NO,Zay Flowers,WR,WR1,ANYTIME_TD,leo-nflprop-v1,0.349,,,,,,,,,,Y,listed Doubtful,,,0.9840000000000001,1,,,,,24
2026-09-20,2026-09-21T12:38:43.730Z,2,2026_02_NO_BAL,NO @ BAL,BAL,NO,Chris Moore,WR,WR2,WR_REC_YARDS,leo-nflprop-v1,38,,,6,,32,,,,,,,17.7,2.2,0.9840000000000001,1,2,3,-47.1,14.16,24
2026-09-20,2026-09-21T12:38:43.730Z,2,2026_02_NO_BAL,NO @ BAL,BAL,NO,Chris Moore,WR,WR2,ANYTIME_TD,leo-nflprop-v1,0.129,,,0,,0.129,,,0.017,,,,,,0.9840000000000001,1,,,,,24
2026-09-20,2026-09-21T12:38:43.730Z,2,2026_02_NO_BAL,NO @ BAL,BAL,NO,LaJohntay Wester,WR,WR3,WR_REC_YARDS,leo-nflprop-v1,5,,,14,,9,,,,,,,3.8,1,0.9840000000000001,1,7,2,6.4,3.8,24
2026-09-20,2026-09-21T12:38:43.730Z,2,2026_02_NO_BAL,NO @ BAL,BAL,NO,LaJohntay Wester,WR,WR3,ANYTIME_TD,leo-nflprop-v1,0.068,,,0,,0.068,,,0.005,,,,,,0.9840000000000001,1,,,,,24
2026-09-20,2026-09-21T12:38:43.730Z,2,2026_02_MIN_CHI,MIN @ CHI,MIN,CHI,Carson Wentz,QB,QB1,QB_PASS_YARDS,leo-nflprop-v1,219,212.5,,143,,76,69.5,N,,,,,7.1,26.4,1.122,1,7.15,20,1,-45.44,24
2026-09-20,2026-09-21T12:38:43.730Z,2,2026_02_MIN_CHI,MIN @ CHI,MIN,CHI,Aaron Jones,RB,RB1,RB_RUSH_YARDS,leo-nflprop-v1,46,54.5,under,105,L,59,50.5,N,,good_pick_lost,,,3.7,11.5,1.006,1,4.565,23,19.9,42.55,24
2026-09-20,2026-09-21T12:38:43.730Z,2,2026_02_MIN_CHI,MIN @ CHI,MIN,CHI,Aaron Jones,RB,RB1,ANYTIME_TD,leo-nflprop-v1,0.325,,,0,,0.325,,,0.106,,,,,,1.006,1,,,,,24
2026-09-20,2026-09-21T12:38:43.730Z,2,2026_02_MIN_CHI,MIN @ CHI,MIN,CHI,Justin Jefferson,WR,WR1,WR_REC_YARDS,leo-nflprop-v1,86,79.5,over,55,L,31,24.5,N,,bad_pick_lost,,,8.7,8.6,1.122,1,9.167,6,2.8,-22.62,24
2026-09-20,2026-09-21T12:38:43.730Z,2,2026_02_MIN_CHI,MIN @ CHI,MIN,CHI,Justin Jefferson,WR,WR1,ANYTIME_TD,leo-nflprop-v1,0.45,,,0,,0.45,,,0.203,,,,,,1.122,1,,,,,24
2026-09-20,2026-09-21T12:38:43.730Z,2,2026_02_MIN_CHI,MIN @ CHI,MIN,CHI,Jordan Addison,WR,WR2,WR_REC_YARDS,leo-nflprop-v1,18,39.5,under,21,W,3,18.5,Y,,good_pick_won,,,4,3.8,1.122,1,4.2,5,1,4.8,24
2026-09-20,2026-09-21T12:38:43.730Z,2,2026_02_MIN_CHI,MIN @ CHI,MIN,CHI,Jordan Addison,WR,WR2,ANYTIME_TD,leo-nflprop-v1,0.194,,,0,,0.194,,,0.038,,,,,,1.122,1,,,,,24
2026-09-20,2026-09-21T12:38:43.730Z,2,2026_02_MIN_CHI,MIN @ CHI,MIN,CHI,Jauan Jennings,WR,WR3,WR_REC_YARDS,leo-nflprop-v1,15,,,,,,,,,,Y,listed Out,3.6,3.4,1.122,1,,,,,24
2026-09-20,2026-09-21T12:38:43.730Z,2,2026_02_MIN_CHI,MIN @ CHI,MIN,CHI,Jauan Jennings,WR,WR3,ANYTIME_TD,leo-nflprop-v1,0.344,,,,,,,,,,Y,listed Out,,,1.122,1,,,,,24
2026-09-20,2026-09-21T12:38:43.730Z,2,2026_02_MIN_CHI,MIN @ CHI,CHI,MIN,Caleb Williams,QB,QB1,QB_PASS_YARDS,leo-nflprop-v1,305,225.5,over,138,L,167,87.5,N,,good_pick_lost,,,8.1,31.8,1.145,1,5.308,26,-72.6,-46.98,24
2026-09-20,2026-09-21T12:38:43.730Z,2,2026_02_MIN_CHI,MIN @ CHI,CHI,MIN,D'Andre Swift,RB,RB1,RB_RUSH_YARDS,leo-nflprop-v1,88,60.5,over,45,L,43,15.5,N,,good_pick_lost,,,5.8,16.1,0.909,1,2.813,16,-47.8,-0.58,24
2026-09-20,2026-09-21T12:38:43.730Z,2,2026_02_MIN_CHI,MIN @ CHI,CHI,MIN,D'Andre Swift,RB,RB1,ANYTIME_TD,leo-nflprop-v1,0.6,,,0,,0.6,,,0.36,,,,,,0.909,1,,,,,24
2026-09-20,2026-09-21T12:38:43.730Z,2,2026_02_MIN_CHI,MIN @ CHI,CHI,MIN,Kyle Monangai,RB,RB2,RB_RUSH_YARDS,leo-nflprop-v1,66,36.5,over,47,W,19,10.5,N,,lucky_win,,,6.9,10,0.909,1,4.7,10,-22,0,24
2026-09-20,2026-09-21T12:38:43.730Z,2,2026_02_MIN_CHI,MIN @ CHI,CHI,MIN,Kyle Monangai,RB,RB2,ANYTIME_TD,leo-nflprop-v1,0.325,,,0,,0.325,,,0.106,,,,,,0.909,1,,,,,24
2026-09-20,2026-09-21T12:38:43.730Z,2,2026_02_MIN_CHI,MIN @ CHI,CHI,MIN,Kalif Raymond,WR,WR1,WR_REC_YARDS,leo-nflprop-v1,55,23.5,over,40,W,15,16.5,Y,,lucky_win,,,8.5,5.5,1.145,1,8,5,-2.5,-4.25,24
2026-09-20,2026-09-21T12:38:43.730Z,2,2026_02_MIN_CHI,MIN @ CHI,CHI,MIN,Kalif Raymond,WR,WR1,ANYTIME_TD,leo-nflprop-v1,0.115,,,0,,0.115,,,0.013,,,,,,1.145,1,,,,,24
2026-09-20,2026-09-21T12:38:43.730Z,2,2026_02_MIN_CHI,MIN @ CHI,CHI,MIN,Luther Burden III,WR,WR2,WR_REC_YARDS,leo-nflprop-v1,58,49.5,over,32,L,26,17.5,N,,good_pick_lost,,,10.6,4.7,1.145,1,4.571,7,-42.2,24.38,24
2026-09-20,2026-09-21T12:38:43.730Z,2,2026_02_MIN_CHI,MIN @ CHI,CHI,MIN,Luther Burden III,WR,WR2,ANYTIME_TD,leo-nflprop-v1,0.14,,,0,,0.14,,,0.02,,,,,,1.145,1,,,,,24
2026-09-20,2026-09-21T12:38:43.730Z,2,2026_02_MIN_CHI,MIN @ CHI,CHI,MIN,Rome Odunze,WR,WR3,WR_REC_YARDS,leo-nflprop-v1,72,39.5,over,43,W,29,3.5,N,,lucky_win,,,12,5.1,1.145,1,10.75,4,-5,-13.2,24
2026-09-20,2026-09-21T12:38:43.730Z,2,2026_02_MIN_CHI,MIN @ CHI,CHI,MIN,Rome Odunze,WR,WR3,ANYTIME_TD,leo-nflprop-v1,0.3,,,0,,0.3,,,0.09,,,,,,1.145,1,,,,,24
2026-09-20,2026-09-21T12:38:43.730Z,2,2026_02_CIN_HOU,CIN @ HOU,CIN,HOU,Joe Burrow,QB,QB1,QB_PASS_YARDS,leo-nflprop-v1,271,249.5,over,207,L,64,42.5,N,,bad_pick_lost,,,7.1,33.7,1.0979999999999999,1,6.677,31,-13.1,-19.17,24
2026-09-20,2026-09-21T12:38:43.730Z,2,2026_02_CIN_HOU,CIN @ HOU,CIN,HOU,Chase Brown,RB,RB1,RB_RUSH_YARDS,leo-nflprop-v1,58,55.5,,80,,22,24.5,Y,,,,,3.9,14.8,0.9420000000000001,1,4,20,2,20.28,24
2026-09-20,2026-09-21T12:38:43.730Z,2,2026_02_CIN_HOU,CIN @ HOU,CIN,HOU,Chase Brown,RB,RB1,ANYTIME_TD,leo-nflprop-v1,0.369,,,0,,0.369,,,0.136,,,,,,0.9420000000000001,1,,,,,24
2026-09-20,2026-09-21T12:38:43.730Z,2,2026_02_CIN_HOU,CIN @ HOU,CIN,HOU,Samaje Perine,RB,RB2,RB_RUSH_YARDS,leo-nflprop-v1,23,16.5,over,6,L,17,10.5,N,,good_pick_lost,,,4,5.3,0.9420000000000001,1,3,2,-2,-13.2,24
2026-09-20,2026-09-21T12:38:43.730Z,2,2026_02_CIN_HOU,CIN @ HOU,CIN,HOU,Samaje Perine,RB,RB2,ANYTIME_TD,leo-nflprop-v1,0.173,,,0,,0.173,,,0.03,,,,,,0.9420000000000001,1,,,,,24
2026-09-20,2026-09-21T12:38:43.730Z,2,2026_02_CIN_HOU,CIN @ HOU,CIN,HOU,Tee Higgins,WR,WR1,WR_REC_YARDS,leo-nflprop-v1,68,55.5,over,95,W,27,39.5,Y,,lucky_win,,,9.7,6.3,1.0979999999999999,1,9.5,10,-2,35.89,24
2026-09-20,2026-09-21T12:38:43.730Z,2,2026_02_CIN_HOU,CIN @ HOU,CIN,HOU,Tee Higgins,WR,WR1,ANYTIME_TD,leo-nflprop-v1,0.415,,,0,,0.415,,,0.172,,,,,,1.0979999999999999,1,,,,,24
2026-09-20,2026-09-21T12:38:43.730Z,2,2026_02_CIN_HOU,CIN @ HOU,CIN,HOU,Ja'Marr Chase,WR,WR2,WR_REC_YARDS,leo-nflprop-v1,46,77.5,under,75,W,29,2.5,N,,lucky_win,,,5.3,7.8,1.0979999999999999,1,8.333,9,27.3,6.36,24
2026-09-20,2026-09-21T12:38:43.730Z,2,2026_02_CIN_HOU,CIN @ HOU,CIN,HOU,Ja'Marr Chase,WR,WR2,ANYTIME_TD,leo-nflprop-v1,0.324,,,1,,0.676,,,0.457,,,,,,1.0979999999999999,1,,,,,24
2026-09-20,2026-09-21T12:38:43.730Z,2,2026_02_CIN_HOU,CIN @ HOU,CIN,HOU,Andrei Iosivas,WR,WR3,WR_REC_YARDS,leo-nflprop-v1,24,14.5,over,7,L,17,7.5,N,,good_pick_lost,,,6.1,3.4,1.0979999999999999,1,7,1,0.9,-14.64,24
2026-09-20,2026-09-21T12:38:43.730Z,2,2026_02_CIN_HOU,CIN @ HOU,CIN,HOU,Andrei Iosivas,WR,WR3,ANYTIME_TD,leo-nflprop-v1,0.147,,,0,,0.147,,,0.022,,,,,,1.0979999999999999,1,,,,,24
2026-09-20,2026-09-21T12:38:43.730Z,2,2026_02_CIN_HOU,CIN @ HOU,HOU,CIN,C.J. Stroud,QB,QB1,QB_PASS_YARDS,leo-nflprop-v1,258,222.5,over,353,W,95,130.5,Y,,lucky_win,,,7.2,34.7,0.993,1,6.418,55,-43,146.16,24
2026-09-20,2026-09-21T12:38:43.730Z,2,2026_02_CIN_HOU,CIN @ HOU,HOU,CIN,David Montgomery,RB,RB1,RB_RUSH_YARDS,leo-nflprop-v1,56,63.5,under,10,W,46,53.5,Y,,lucky_win,,,3.8,14.6,0.9470000000000001,1,1.667,6,-12.8,-32.68,24
2026-09-20,2026-09-21T12:38:43.730Z,2,2026_02_CIN_HOU,CIN @ HOU,HOU,CIN,David Montgomery,RB,RB1,ANYTIME_TD,leo-nflprop-v1,0.512,,,0,,0.512,,,0.262,,,,,,0.9470000000000001,1,,,,,24
2026-09-20,2026-09-21T12:38:43.730Z,2,2026_02_CIN_HOU,CIN @ HOU,HOU,CIN,Woody Marks,RB,RB2,RB_RUSH_YARDS,leo-nflprop-v1,46,30.5,over,8,L,38,22.5,N,,good_pick_lost,,,4.1,10.9,0.9470000000000001,1,1,8,-24.8,-11.89,24
2026-09-20,2026-09-21T12:38:43.730Z,2,2026_02_CIN_HOU,CIN @ HOU,HOU,CIN,Woody Marks,RB,RB2,ANYTIME_TD,leo-nflprop-v1,0.154,,,0,,0.154,,,0.024,,,,,,0.9470000000000001,1,,,,,24
2026-09-20,2026-09-21T12:38:43.730Z,2,2026_02_CIN_HOU,CIN @ HOU,HOU,CIN,Nico Collins,WR,WR1,WR_REC_YARDS,leo-nflprop-v1,79,,,,,,,,,,Y,listed Out,8.7,9,0.993,1,,,,,24
2026-09-20,2026-09-21T12:38:43.730Z,2,2026_02_CIN_HOU,CIN @ HOU,HOU,CIN,Nico Collins,WR,WR1,ANYTIME_TD,leo-nflprop-v1,0.381,,,,,,,,,,Y,listed Out,,,0.993,1,,,,,24
2026-09-20,2026-09-21T12:38:43.730Z,2,2026_02_CIN_HOU,CIN @ HOU,HOU,CIN,Xavier Hutchinson,WR,WR2,WR_REC_YARDS,leo-nflprop-v1,30,33.5,under,37,L,7,3.5,N,,bad_pick_lost,,,5.8,5.1,0.993,1,4.111,9,-15.2,22.62,24
2026-09-20,2026-09-21T12:38:43.730Z,2,2026_02_CIN_HOU,CIN @ HOU,HOU,CIN,Xavier Hutchinson,WR,WR2,ANYTIME_TD,leo-nflprop-v1,0.147,,,0,,0.147,,,0.022,,,,,,0.993,1,,,,,24
2026-09-20,2026-09-21T12:38:43.730Z,2,2026_02_CIN_HOU,CIN @ HOU,HOU,CIN,Kayshon Boutte,WR,WR3,WR_REC_YARDS,leo-nflprop-v1,32,,,37,,5,,,,,,,11.1,2.8,0.993,1,7.4,5,-18.5,24.42,24
2026-09-20,2026-09-21T12:38:43.730Z,2,2026_02_CIN_HOU,CIN @ HOU,HOU,CIN,Kayshon Boutte,WR,WR3,ANYTIME_TD,leo-nflprop-v1,0.253,,,0,,0.253,,,0.064,,,,,,0.993,1,,,,,24
2026-09-20,2026-09-21T12:38:43.730Z,2,2026_02_PIT_NE,PIT @ NE,PIT,NE,Aaron Rodgers,QB,QB1,QB_PASS_YARDS,leo-nflprop-v1,221,208.5,over,187,L,34,21.5,N,,bad_pick_lost,,,6.1,35.6,0.9790000000000001,1,4.795,39,-50.9,20.74,24
2026-09-20,2026-09-21T12:38:43.730Z,2,2026_02_PIT_NE,PIT @ NE,PIT,NE,Jaylen Warren,RB,RB1,RB_RUSH_YARDS,leo-nflprop-v1,54,41.5,over,43,W,11,1.5,N,,lucky_win,,,4.5,11.6,0.96,1,3.909,11,-6.5,-2.7,24
2026-09-20,2026-09-21T12:38:43.730Z,2,2026_02_PIT_NE,PIT @ NE,PIT,NE,Jaylen Warren,RB,RB1,ANYTIME_TD,leo-nflprop-v1,0.242,,,0,,0.242,,,0.059,,,,,,0.96,1,,,,,24
2026-09-20,2026-09-21T12:38:43.730Z,2,2026_02_PIT_NE,PIT @ NE,PIT,NE,Rico Dowdle,RB,RB2,RB_RUSH_YARDS,leo-nflprop-v1,34,33.5,,22,,12,11.5,N,,,,,3,10.7,0.96,1,3.143,7,1,-11.1,24
2026-09-20,2026-09-21T12:38:43.730Z,2,2026_02_PIT_NE,PIT @ NE,PIT,NE,Rico Dowdle,RB,RB2,ANYTIME_TD,leo-nflprop-v1,0.233,,,0,,0.233,,,0.054,,,,,,0.96,1,,,,,24
2026-09-20,2026-09-21T12:38:43.730Z,2,2026_02_PIT_NE,PIT @ NE,PIT,NE,DK Metcalf,WR,WR1,WR_REC_YARDS,leo-nflprop-v1,53,59.5,under,27,W,26,32.5,Y,,lucky_win,,,6.4,8.3,0.9790000000000001,1,3,9,-30.6,4.48,24
2026-09-20,2026-09-21T12:38:43.730Z,2,2026_02_PIT_NE,PIT @ NE,PIT,NE,DK Metcalf,WR,WR1,ANYTIME_TD,leo-nflprop-v1,0.242,,,0,,0.242,,,0.059,,,,,,0.9790000000000001,1,,,,,24
2026-09-20,2026-09-21T12:38:43.730Z,2,2026_02_PIT_NE,PIT @ NE,PIT,NE,Roman Wilson,WR,WR2,WR_REC_YARDS,leo-nflprop-v1,24,33.5,under,28,W,4,5.5,Y,,good_pick_won,,,5.6,4.2,0.9790000000000001,1,4.667,6,-5.6,10.08,24
2026-09-20,2026-09-21T12:38:43.730Z,2,2026_02_PIT_NE,PIT @ NE,PIT,NE,Roman Wilson,WR,WR2,ANYTIME_TD,leo-nflprop-v1,0.18,,,0,,0.18,,,0.032,,,,,,0.9790000000000001,1,,,,,24
2026-09-20,2026-09-21T12:38:43.730Z,2,2026_02_PIT_NE,PIT @ NE,PIT,NE,Michael Pittman,WR,WR3,WR_REC_YARDS,leo-nflprop-v1,62,,,,,,,,,,Y,no stat line (did not play),13.1,4.8,0.9790000000000001,1,,,,,24
2026-09-20,2026-09-21T12:38:43.730Z,2,2026_02_PIT_NE,PIT @ NE,PIT,NE,Michael Pittman,WR,WR3,ANYTIME_TD,leo-nflprop-v1,0.259,,,,,,,,,,Y,no stat line (did not play),,,0.9790000000000001,1,,,,,24
2026-09-20,2026-09-21T12:38:43.730Z,2,2026_02_PIT_NE,PIT @ NE,NE,PIT,Drake Maye,QB,QB1,QB_PASS_YARDS,leo-nflprop-v1,213,224.5,under,208,W,5,16.5,Y,,good_pick_won,,,7.1,31.1,0.9279999999999999,1,9.455,22,51.8,-64.61,24
2026-09-20,2026-09-21T12:38:43.730Z,2,2026_02_PIT_NE,PIT @ NE,NE,PIT,Rhamondre Stevenson,RB,RB1,RB_RUSH_YARDS,leo-nflprop-v1,57,48.5,over,43,L,14,5.5,N,,bad_pick_lost,,,3.8,14.2,0.998,1,7.167,6,20.2,-31.16,24
2026-09-20,2026-09-21T12:38:43.730Z,2,2026_02_PIT_NE,PIT @ NE,NE,PIT,Rhamondre Stevenson,RB,RB1,ANYTIME_TD,leo-nflprop-v1,0.266,,,0,,0.266,,,0.071,,,,,,0.998,1,,,,,24
2026-09-20,2026-09-21T12:38:43.730Z,2,2026_02_PIT_NE,PIT @ NE,NE,PIT,Corey Kiner,RB,RB2,RB_RUSH_YARDS,leo-nflprop-v1,17,,,0,,17,,,,,,,3.1,4.5,0.998,1,0,2,-6.2,-7.75,24
2026-09-20,2026-09-21T12:38:43.730Z,2,2026_02_PIT_NE,PIT @ NE,NE,PIT,Corey Kiner,RB,RB2,ANYTIME_TD,leo-nflprop-v1,0.166,,,0,,0.166,,,0.028,,,,,,0.998,1,,,,,24
2026-09-20,2026-09-21T12:38:43.730Z,2,2026_02_PIT_NE,PIT @ NE,NE,PIT,DeMario Douglas,WR,WR1,WR_REC_YARDS,leo-nflprop-v1,33,34.5,,9,,24,25.5,Y,,,,,6.9,5,0.9279999999999999,1,4.5,2,-4.8,-20.7,24
2026-09-20,2026-09-21T12:38:43.730Z,2,2026_02_PIT_NE,PIT @ NE,NE,PIT,DeMario Douglas,WR,WR1,ANYTIME_TD,leo-nflprop-v1,0.153,,,0,,0.153,,,0.023,,,,,,0.9279999999999999,1,,,,,24
2026-09-20,2026-09-21T12:38:43.730Z,2,2026_02_PIT_NE,PIT @ NE,NE,PIT,Mack Hollins,WR,WR2,WR_REC_YARDS,leo-nflprop-v1,45,35.5,over,18,L,27,17.5,N,,good_pick_lost,,,9.8,4.8,0.9279999999999999,1,9,2,-1.6,-27.44,24
2026-09-20,2026-09-21T12:38:43.730Z,2,2026_02_PIT_NE,PIT @ NE,NE,PIT,Mack Hollins,WR,WR2,ANYTIME_TD,leo-nflprop-v1,0.149,,,0,,0.149,,,0.022,,,,,,0.9279999999999999,1,,,,,24
2026-09-20,2026-09-21T12:38:43.730Z,2,2026_02_PIT_NE,PIT @ NE,NE,PIT,Romeo Doubs,WR,WR3,WR_REC_YARDS,leo-nflprop-v1,19,39.5,under,96,L,77,56.5,N,,good_pick_lost,,,4.5,4.3,0.9279999999999999,1,24,4,78,-1.35,24
2026-09-20,2026-09-21T12:38:43.730Z,2,2026_02_PIT_NE,PIT @ NE,NE,PIT,Romeo Doubs,WR,WR3,ANYTIME_TD,leo-nflprop-v1,0.247,,,0,,0.247,,,0.061,,,,,,0.9279999999999999,1,,,,,24
2026-09-20,2026-09-21T12:38:43.730Z,2,2026_02_GB_NYJ,GB @ NYJ,GB,NYJ,Jordan Love,QB,QB1,QB_PASS_YARDS,leo-nflprop-v1,290,254.5,over,145,L,145,109.5,N,,good_pick_lost,,,8.4,36.2,0.925,1,5,29,-98.6,-60.48,24
2026-09-20,2026-09-21T12:38:43.730Z,2,2026_02_GB_NYJ,GB @ NYJ,GB,NYJ,MarShawn Lloyd,RB,RB1,RB_RUSH_YARDS,leo-nflprop-v1,37,49.5,under,20,W,17,29.5,Y,,lucky_win,,,2.8,13,0.912,1,3.333,6,3.2,-19.6,24
2026-09-20,2026-09-21T12:38:43.730Z,2,2026_02_GB_NYJ,GB @ NYJ,GB,NYJ,MarShawn Lloyd,RB,RB1,ANYTIME_TD,leo-nflprop-v1,0.242,,,1,,0.758,,,0.575,,,,,,0.912,1,,,,,24
2026-09-20,2026-09-21T12:38:43.730Z,2,2026_02_GB_NYJ,GB @ NYJ,GB,NYJ,Chris Brooks,RB,RB2,RB_RUSH_YARDS,leo-nflprop-v1,16,24.5,under,11,W,5,13.5,Y,,lucky_win,,,3.2,4.3,0.912,1,2.75,4,-1.8,-0.96,24
2026-09-20,2026-09-21T12:38:43.730Z,2,2026_02_GB_NYJ,GB @ NYJ,GB,NYJ,Chris Brooks,RB,RB2,ANYTIME_TD,leo-nflprop-v1,0.067,,,0,,0.067,,,0.004,,,,,,0.912,1,,,,,24
2026-09-20,2026-09-21T12:38:43.730Z,2,2026_02_GB_NYJ,GB @ NYJ,GB,NYJ,Matthew Golden,WR,WR1,WR_REC_YARDS,leo-nflprop-v1,54,49.5,over,58,W,4,8.5,Y,,good_pick_won,,,7.5,7.6,0.925,1,9.667,6,13,-12,24
2026-09-20,2026-09-21T12:38:43.730Z,2,2026_02_GB_NYJ,GB @ NYJ,GB,NYJ,Matthew Golden,WR,WR1,ANYTIME_TD,leo-nflprop-v1,0.094,,,0,,0.094,,,0.009,,,,,,0.925,1,,,,,24
2026-09-20,2026-09-21T12:38:43.730Z,2,2026_02_GB_NYJ,GB @ NYJ,GB,NYJ,Christian Watson,WR,WR2,WR_REC_YARDS,leo-nflprop-v1,95,61.5,over,41,L,54,20.5,N,,good_pick_lost,,,14.9,6.8,0.925,1,3.727,11,-122.9,62.58,24
2026-09-20,2026-09-21T12:38:43.730Z,2,2026_02_GB_NYJ,GB @ NYJ,GB,NYJ,Christian Watson,WR,WR2,ANYTIME_TD,leo-nflprop-v1,0.529,,,1,,0.471,,,0.222,,,,,,0.925,1,,,,,24
2026-09-20,2026-09-21T12:38:43.730Z,2,2026_02_GB_NYJ,GB @ NYJ,GB,NYJ,Jayden Reed,WR,WR3,WR_REC_YARDS,leo-nflprop-v1,34,37.5,under,4,W,30,33.5,Y,,lucky_win,,,5.9,5.9,0.925,1,4,1,-1.9,-28.91,24
2026-09-20,2026-09-21T12:38:43.730Z,2,2026_02_GB_NYJ,GB @ NYJ,GB,NYJ,Jayden Reed,WR,WR3,ANYTIME_TD,leo-nflprop-v1,0.209,,,0,,0.209,,,0.044,,,,,,0.925,1,,,,,24
2026-09-20,2026-09-21T12:38:43.730Z,2,2026_02_GB_NYJ,GB @ NYJ,NYJ,GB,Geno Smith,QB,QB1,QB_PASS_YARDS,leo-nflprop-v1,206,207.5,,247,,41,39.5,N,,,,,7.8,26.9,0.935,1,6.024,41,-72.8,109.98,24
2026-09-20,2026-09-21T12:38:43.730Z,2,2026_02_GB_NYJ,GB @ NYJ,NYJ,GB,Breece Hall,RB,RB1,RB_RUSH_YARDS,leo-nflprop-v1,85,63.5,over,29,L,56,34.5,N,,good_pick_lost,,,4.5,18.6,0.977,1,1.813,16,-43,-11.7,24
2026-09-20,2026-09-21T12:38:43.730Z,2,2026_02_GB_NYJ,GB @ NYJ,NYJ,GB,Breece Hall,RB,RB1,ANYTIME_TD,leo-nflprop-v1,0.342,,,0,,0.342,,,0.117,,,,,,0.977,1,,,,,24
2026-09-20,2026-09-21T12:38:43.730Z,2,2026_02_GB_NYJ,GB @ NYJ,NYJ,GB,Braelon Allen,RB,RB2,RB_RUSH_YARDS,leo-nflprop-v1,34,24.5,over,7,L,27,17.5,N,,good_pick_lost,,,4.3,7.3,0.977,1,1.4,5,-14.5,-9.89,24
2026-09-20,2026-09-21T12:38:43.730Z,2,2026_02_GB_NYJ,GB @ NYJ,NYJ,GB,Braelon Allen,RB,RB2,ANYTIME_TD,leo-nflprop-v1,0.226,,,1,,0.774,,,0.599,,,,,,0.977,1,,,,,24
2026-09-20,2026-09-21T12:38:43.730Z,2,2026_02_GB_NYJ,GB @ NYJ,NYJ,GB,Garrett Wilson,WR,WR1,WR_REC_YARDS,leo-nflprop-v1,64,68.5,under,57,W,7,11.5,Y,,good_pick_won,,,8.7,7.7,0.935,1,8.143,7,-3.9,-6.09,24
2026-09-20,2026-09-21T12:38:43.730Z,2,2026_02_GB_NYJ,GB @ NYJ,NYJ,GB,Garrett Wilson,WR,WR1,ANYTIME_TD,leo-nflprop-v1,0.284,,,1,,0.716,,,0.513,,,,,,0.935,1,,,,,24
2026-09-20,2026-09-21T12:38:43.730Z,2,2026_02_GB_NYJ,GB @ NYJ,NYJ,GB,Adonai Mitchell,WR,WR2,WR_REC_YARDS,leo-nflprop-v1,47,33.5,over,63,W,16,29.5,Y,,lucky_win,,,12.8,3.8,0.935,1,5.25,12,-90.6,104.96,24
2026-09-20,2026-09-21T12:38:43.730Z,2,2026_02_GB_NYJ,GB @ NYJ,NYJ,GB,Adonai Mitchell,WR,WR2,ANYTIME_TD,leo-nflprop-v1,0.121,,,0,,0.121,,,0.015,,,,,,0.935,1,,,,,24
2026-09-20,2026-09-21T12:38:43.730Z,2,2026_02_GB_NYJ,GB @ NYJ,NYJ,GB,Isaiah Williams,WR,WR3,WR_REC_YARDS,leo-nflprop-v1,9,11.5,under,34,L,25,22.5,N,,good_pick_lost,,,5,1.7,0.935,1,5.667,6,4,21.5,24
2026-09-20,2026-09-21T12:38:43.730Z,2,2026_02_GB_NYJ,GB @ NYJ,NYJ,GB,Isaiah Williams,WR,WR3,ANYTIME_TD,leo-nflprop-v1,0.062,,,0,,0.062,,,0.004,,,,,,0.935,1,,,,,24
2026-09-20,2026-09-21T12:38:43.730Z,2,2026_02_CLE_TB,CLE @ TB,CLE,TB,Deshaun Watson,QB,QB1,QB_PASS_YARDS,leo-nflprop-v1,219,175.5,over,238,W,19,62.5,Y,,good_pick_won,,,9.3,22,1.0270000000000001,1,7.933,30,-41,74.4,24
2026-09-20,2026-09-21T12:38:43.730Z,2,2026_02_CLE_TB,CLE @ TB,CLE,TB,Quinshon Judkins,RB,RB1,RB_RUSH_YARDS,leo-nflprop-v1,47,49.5,under,21,W,26,28.5,Y,,lucky_win,,,3.1,14.2,0.975,1,1.75,12,-16.2,-6.82,24
2026-09-20,2026-09-21T12:38:43.730Z,2,2026_02_CLE_TB,CLE @ TB,CLE,TB,Quinshon Judkins,RB,RB1,ANYTIME_TD,leo-nflprop-v1,0.304,,,0,,0.304,,,0.092,,,,,,0.975,1,,,,,24
2026-09-20,2026-09-21T12:38:43.730Z,2,2026_02_CLE_TB,CLE @ TB,CLE,TB,Raheim Sanders,RB,RB2,RB_RUSH_YARDS,leo-nflprop-v1,11,10.5,,4,,7,6.5,N,,,,,2.1,3.9,0.975,1,2,2,-0.2,-3.99,24
2026-09-20,2026-09-21T12:38:43.730Z,2,2026_02_CLE_TB,CLE @ TB,CLE,TB,Raheim Sanders,RB,RB2,ANYTIME_TD,leo-nflprop-v1,0.226,,,0,,0.226,,,0.051,,,,,,0.975,1,,,,,24
2026-09-20,2026-09-21T12:38:43.730Z,2,2026_02_CLE_TB,CLE @ TB,CLE,TB,KC Concepcion,WR,WR1,WR_REC_YARDS,leo-nflprop-v1,45,35.5,over,28,L,17,7.5,N,,good_pick_lost,,,8.6,5,1.0270000000000001,1,4.667,6,-23.6,8.6,24
2026-09-20,2026-09-21T12:38:43.730Z,2,2026_02_CLE_TB,CLE @ TB,CLE,TB,KC Concepcion,WR,WR1,ANYTIME_TD,leo-nflprop-v1,0.218,,,0,,0.218,,,0.048,,,,,,1.0270000000000001,1,,,,,24
2026-09-20,2026-09-21T12:38:43.730Z,2,2026_02_CLE_TB,CLE @ TB,CLE,TB,Jerry Jeudy,WR,WR2,WR_REC_YARDS,leo-nflprop-v1,33,27.5,over,0,L,33,27.5,N,,good_pick_lost,,,6.1,5.1,1.0270000000000001,1,0,1,-6.1,-25.01,24
2026-09-20,2026-09-21T12:38:43.730Z,2,2026_02_CLE_TB,CLE @ TB,CLE,TB,Jerry Jeudy,WR,WR2,ANYTIME_TD,leo-nflprop-v1,0.127,,,0,,0.127,,,0.016,,,,,,1.0270000000000001,1,,,,,24
2026-09-20,2026-09-21T12:38:43.730Z,2,2026_02_CLE_TB,CLE @ TB,CLE,TB,Denzel Boston,WR,WR3,WR_REC_YARDS,leo-nflprop-v1,62,29.5,over,95,W,33,65.5,Y,,lucky_win,,,14.8,4,1.0270000000000001,1,13.571,7,-8.6,44.4,24
2026-09-20,2026-09-21T12:38:43.730Z,2,2026_02_CLE_TB,CLE @ TB,CLE,TB,Denzel Boston,WR,WR3,ANYTIME_TD,leo-nflprop-v1,0.363,,,1,,0.637,,,0.406,,,,,,1.0270000000000001,1,,,,,24
2026-09-20,2026-09-21T12:38:43.730Z,2,2026_02_CLE_TB,CLE @ TB,TB,CLE,Baker Mayfield,QB,QB1,QB_PASS_YARDS,leo-nflprop-v1,230,216.5,over,182,L,48,34.5,N,,bad_pick_lost,,,7.3,30,1.0190000000000001,1,5.353,34,-66.2,29.2,24
2026-09-20,2026-09-21T12:38:43.730Z,2,2026_02_CLE_TB,CLE @ TB,TB,CLE,Bucky Irving,RB,RB1,RB_RUSH_YARDS,leo-nflprop-v1,61,65.5,under,89,L,28,23.5,N,,good_pick_lost,,,4.5,12.7,1.008,1,5.235,17,12.5,19.35,24
2026-09-20,2026-09-21T12:38:43.730Z,2,2026_02_CLE_TB,CLE @ TB,TB,CLE,Bucky Irving,RB,RB1,ANYTIME_TD,leo-nflprop-v1,0.307,,,0,,0.307,,,0.094,,,,,,1.008,1,,,,,24
2026-09-20,2026-09-21T12:38:43.730Z,2,2026_02_CLE_TB,CLE @ TB,TB,CLE,Kenny Gainwell,RB,RB2,RB_RUSH_YARDS,leo-nflprop-v1,24,26.5,under,10,W,14,16.5,Y,,lucky_win,,,3.5,5.8,1.008,1,5,2,3,-13.3,24
2026-09-20,2026-09-21T12:38:43.730Z,2,2026_02_CLE_TB,CLE @ TB,TB,CLE,Kenny Gainwell,RB,RB2,ANYTIME_TD,leo-nflprop-v1,0.217,,,0,,0.217,,,0.047,,,,,,1.008,1,,,,,24
2026-09-20,2026-09-21T12:38:43.730Z,2,2026_02_CLE_TB,CLE @ TB,TB,CLE,Emeka Egbuka,WR,WR1,WR_REC_YARDS,leo-nflprop-v1,64,54.5,over,16,L,48,38.5,N,,good_pick_lost,,,9.2,6.7,1.0190000000000001,1,3.2,5,-30,-15.64,24
2026-09-20,2026-09-21T12:38:43.730Z,2,2026_02_CLE_TB,CLE @ TB,TB,CLE,Emeka Egbuka,WR,WR1,ANYTIME_TD,leo-nflprop-v1,0.241,,,1,,0.759,,,0.576,,,,,,1.0190000000000001,1,,,,,24
2026-09-20,2026-09-21T12:38:43.730Z,2,2026_02_CLE_TB,CLE @ TB,TB,CLE,Chris Godwin Jr.,WR,WR2,WR_REC_YARDS,leo-nflprop-v1,43,38.5,over,46,W,3,7.5,Y,,good_pick_won,,,8.6,4.8,1.0190000000000001,1,15.333,3,20.2,-15.48,24
2026-09-20,2026-09-21T12:38:43.730Z,2,2026_02_CLE_TB,CLE @ TB,TB,CLE,Chris Godwin Jr.,WR,WR2,ANYTIME_TD,leo-nflprop-v1,0.187,,,0,,0.187,,,0.035,,,,,,1.0190000000000001,1,,,,,24
2026-09-20,2026-09-21T12:38:43.730Z,2,2026_02_CLE_TB,CLE @ TB,TB,CLE,Ted Hurst III,WR,WR3,WR_REC_YARDS,leo-nflprop-v1,38,,,27,,11,,,,,,,12,3,1.0190000000000001,1,3.857,7,-57,48,24
2026-09-20,2026-09-21T12:38:43.730Z,2,2026_02_CLE_TB,CLE @ TB,TB,CLE,Ted Hurst III,WR,WR3,ANYTIME_TD,leo-nflprop-v1,0.217,,,0,,0.217,,,0.047,,,,,,1.0190000000000001,1,,,,,24
2026-09-20,2026-09-21T12:38:43.730Z,2,2026_02_PHI_TEN,PHI @ TEN,PHI,TEN,Jalen Hurts,QB,QB1,QB_PASS_YARDS,leo-nflprop-v1,212,206.5,,264,,52,57.5,Y,,,,,7.6,26.9,0.992,1,7.135,37,-17.2,76.76,24
2026-09-20,2026-09-21T12:38:43.730Z,2,2026_02_PHI_TEN,PHI @ TEN,PHI,TEN,Saquon Barkley,RB,RB1,RB_RUSH_YARDS,leo-nflprop-v1,88,79.5,over,9,L,79,70.5,N,,good_pick_lost,,,4.9,16.5,1.051,1,2.25,4,-10.6,-61.25,24
2026-09-20,2026-09-21T12:38:43.730Z,2,2026_02_PHI_TEN,PHI @ TEN,PHI,TEN,Saquon Barkley,RB,RB1,ANYTIME_TD,leo-nflprop-v1,0.288,,,0,,0.288,,,0.083,,,,,,1.051,1,,,,,24
2026-09-20,2026-09-21T12:38:43.730Z,2,2026_02_PHI_TEN,PHI @ TEN,PHI,TEN,Will Shipley,RB,RB2,RB_RUSH_YARDS,leo-nflprop-v1,6,,,24,,18,,,,,,,1.6,1.5,1.051,1,3.429,7,12.8,8.8,24
2026-09-20,2026-09-21T12:38:43.730Z,2,2026_02_PHI_TEN,PHI @ TEN,PHI,TEN,Will Shipley,RB,RB2,ANYTIME_TD,leo-nflprop-v1,0.087,,,0,,0.087,,,0.008,,,,,,1.051,1,,,,,24
2026-09-20,2026-09-21T12:38:43.730Z,2,2026_02_PHI_TEN,PHI @ TEN,PHI,TEN,DeVonta Smith,WR,WR1,WR_REC_YARDS,leo-nflprop-v1,59,60.5,,117,,58,56.5,N,,,,,9.1,6.4,0.992,1,9,13,-1.3,60.06,24
2026-09-20,2026-09-21T12:38:43.730Z,2,2026_02_PHI_TEN,PHI @ TEN,PHI,TEN,DeVonta Smith,WR,WR1,ANYTIME_TD,leo-nflprop-v1,0.175,,,1,,0.825,,,0.681,,,,,,0.992,1,,,,,24
2026-09-20,2026-09-21T12:38:43.730Z,2,2026_02_PHI_TEN,PHI @ TEN,PHI,TEN,Dontayvion Wicks,WR,WR2,WR_REC_YARDS,leo-nflprop-v1,48,31.5,over,74,W,26,42.5,Y,,lucky_win,,,12.5,3.8,0.992,1,12.333,6,-1,27.5,24
2026-09-20,2026-09-21T12:38:43.730Z,2,2026_02_PHI_TEN,PHI @ TEN,PHI,TEN,Dontayvion Wicks,WR,WR2,ANYTIME_TD,leo-nflprop-v1,0.3,,,0,,0.3,,,0.09,,,,,,0.992,1,,,,,24
2026-09-20,2026-09-21T12:38:43.730Z,2,2026_02_PHI_TEN,PHI @ TEN,PHI,TEN,Makai Lemon,WR,WR3,WR_REC_YARDS,leo-nflprop-v1,0,24.5,under,14,W,14,10.5,N,,lucky_win,,,-1.2,4,0.992,1,14,1,15.2,3.6,24
2026-09-20,2026-09-21T12:38:43.730Z,2,2026_02_PHI_TEN,PHI @ TEN,PHI,TEN,Makai Lemon,WR,WR3,ANYTIME_TD,leo-nflprop-v1,0.212,,,0,,0.212,,,0.045,,,,,,0.992,1,,,,,24
2026-09-20,2026-09-21T12:38:43.730Z,2,2026_02_PHI_TEN,PHI @ TEN,TEN,PHI,Cam Ward,QB,QB1,QB_PASS_YARDS,leo-nflprop-v1,172,187.5,under,183,W,11,4.5,N,,good_pick_won,,,5.4,31.9,0.946,1,9.15,20,75,-64.26,24
2026-09-20,2026-09-21T12:38:43.730Z,2,2026_02_PHI_TEN,PHI @ TEN,TEN,PHI,Tony Pollard,RB,RB1,RB_RUSH_YARDS,leo-nflprop-v1,54,40.5,over,64,W,10,23.5,Y,,lucky_win,,,4.6,10.6,1.018,1,4.571,14,-0.4,15.64,24
2026-09-20,2026-09-21T12:38:43.730Z,2,2026_02_PHI_TEN,PHI @ TEN,TEN,PHI,Tony Pollard,RB,RB1,ANYTIME_TD,leo-nflprop-v1,0.227,,,0,,0.227,,,0.052,,,,,,1.018,1,,,,,24
2026-09-20,2026-09-21T12:38:43.730Z,2,2026_02_PHI_TEN,PHI @ TEN,TEN,PHI,Tyjae Spears,RB,RB2,RB_RUSH_YARDS,leo-nflprop-v1,20,16.5,over,41,W,21,24.5,Y,,lucky_win,,,3.9,4.3,1.018,1,5.857,7,13.7,10.53,24
2026-09-20,2026-09-21T12:38:43.730Z,2,2026_02_PHI_TEN,PHI @ TEN,TEN,PHI,Tyjae Spears,RB,RB2,ANYTIME_TD,leo-nflprop-v1,0.168,,,0,,0.168,,,0.028,,,,,,1.018,1,,,,,24
2026-09-20,2026-09-21T12:38:43.730Z,2,2026_02_PHI_TEN,PHI @ TEN,TEN,PHI,Wan'Dale Robinson,WR,WR1,WR_REC_YARDS,leo-nflprop-v1,48,37.5,over,9,L,39,28.5,N,,good_pick_lost,,,6.7,7.4,0.946,1,9,1,2.3,-42.88,24
2026-09-20,2026-09-21T12:38:43.730Z,2,2026_02_PHI_TEN,PHI @ TEN,TEN,PHI,Wan'Dale Robinson,WR,WR1,ANYTIME_TD,leo-nflprop-v1,0.181,,,0,,0.181,,,0.033,,,,,,0.946,1,,,,,24
2026-09-20,2026-09-21T12:38:43.730Z,2,2026_02_PHI_TEN,PHI @ TEN,TEN,PHI,Carnell Tate,WR,WR2,WR_REC_YARDS,leo-nflprop-v1,37,39.5,under,27,W,10,12.5,Y,,lucky_win,,,6.3,6,0.946,1,5.4,5,-4.5,-6.3,24
2026-09-20,2026-09-21T12:38:43.730Z,2,2026_02_PHI_TEN,PHI @ TEN,TEN,PHI,Carnell Tate,WR,WR2,ANYTIME_TD,leo-nflprop-v1,0.203,,,0,,0.203,,,0.041,,,,,,0.946,1,,,,,24
2026-09-20,2026-09-21T12:38:43.730Z,2,2026_02_PHI_TEN,PHI @ TEN,TEN,PHI,Elic Ayomanor,WR,WR3,WR_REC_YARDS,leo-nflprop-v1,22,,,69,,47,,,,,,,5.1,4.3,0.946,1,23,3,53.7,-6.63,24
2026-09-20,2026-09-21T12:38:43.730Z,2,2026_02_PHI_TEN,PHI @ TEN,TEN,PHI,Elic Ayomanor,WR,WR3,ANYTIME_TD,leo-nflprop-v1,0.322,,,0,,0.322,,,0.104,,,,,,0.946,1,,,,,24
2026-09-20,2026-09-21T12:38:43.730Z,2,2026_02_JAX_DEN,JAX @ DEN,JAX,DEN,Trevor Lawrence,QB,QB1,QB_PASS_YARDS,leo-nflprop-v1,249,224.5,over,189,L,60,35.5,N,,bad_pick_lost,,,9,27.9,0.9640000000000001,1,6.517,29,-72,9.9,209
2026-09-20,2026-09-21T12:38:43.730Z,2,2026_02_JAX_DEN,JAX @ DEN,JAX,DEN,Bhayshul Tuten,RB,RB1,RB_RUSH_YARDS,leo-nflprop-v1,55,48.5,over,65,W,10,16.5,Y,,lucky_win,,,4.4,10.2,1.15,1,5,13,7.8,12.32,209
2026-09-20,2026-09-21T12:38:43.730Z,2,2026_02_JAX_DEN,JAX @ DEN,JAX,DEN,Bhayshul Tuten,RB,RB1,ANYTIME_TD,leo-nflprop-v1,0.262,,,1,,0.738,,,0.545,,,,,,1.15,1,,,,,209
2026-09-20,2026-09-21T12:38:43.730Z,2,2026_02_JAX_DEN,JAX @ DEN,JAX,DEN,Chris Rodriguez Jr.,RB,RB2,RB_RUSH_YARDS,leo-nflprop-v1,39,24.5,over,13,L,26,11.5,N,,good_pick_lost,,,4,7.7,1.15,1,2.167,6,-11,-6.8,209
2026-09-20,2026-09-21T12:38:43.730Z,2,2026_02_JAX_DEN,JAX @ DEN,JAX,DEN,Chris Rodriguez Jr.,RB,RB2,ANYTIME_TD,leo-nflprop-v1,0.345,,,0,,0.345,,,0.119,,,,,,1.15,1,,,,,209
2026-09-20,2026-09-21T12:38:43.730Z,2,2026_02_JAX_DEN,JAX @ DEN,JAX,DEN,Parker Washington,WR,WR1,WR_REC_YARDS,leo-nflprop-v1,67,60.5,over,98,W,31,37.5,Y,,lucky_win,,,11.1,6.1,0.9640000000000001,1,8.167,12,-35.2,65.49,209
2026-09-20,2026-09-21T12:38:43.730Z,2,2026_02_JAX_DEN,JAX @ DEN,JAX,DEN,Parker Washington,WR,WR1,ANYTIME_TD,leo-nflprop-v1,0.365,,,0,,0.365,,,0.133,,,,,,0.9640000000000001,1,,,,,209
2026-09-20,2026-09-21T12:38:43.730Z,2,2026_02_JAX_DEN,JAX @ DEN,JAX,DEN,Brian Thomas Jr.,WR,WR2,WR_REC_YARDS,leo-nflprop-v1,49,34.5,over,40,W,9,5.5,N,,lucky_win,,,10.8,4.6,0.9640000000000001,1,5,8,-46.4,36.72,209
2026-09-20,2026-09-21T12:38:43.730Z,2,2026_02_JAX_DEN,JAX @ DEN,JAX,DEN,Brian Thomas Jr.,WR,WR2,ANYTIME_TD,leo-nflprop-v1,0.162,,,0,,0.162,,,0.026,,,,,,0.9640000000000001,1,,,,,209
2026-09-20,2026-09-21T12:38:43.730Z,2,2026_02_JAX_DEN,JAX @ DEN,JAX,DEN,Jakobi Meyers,WR,WR3,WR_REC_YARDS,leo-nflprop-v1,60,37.5,over,28,L,32,9.5,N,,good_pick_lost,,,14,4.4,0.9640000000000001,1,28,1,14,-47.6,209
2026-09-20,2026-09-21T12:38:43.730Z,2,2026_02_JAX_DEN,JAX @ DEN,JAX,DEN,Jakobi Meyers,WR,WR3,ANYTIME_TD,leo-nflprop-v1,0.298,,,0,,0.298,,,0.089,,,,,,0.9640000000000001,1,,,,,209
2026-09-20,2026-09-21T12:38:43.730Z,2,2026_02_JAX_DEN,JAX @ DEN,DEN,JAX,Bo Nix,QB,QB1,QB_PASS_YARDS,leo-nflprop-v1,184,221.5,under,288,L,104,66.5,N,,good_pick_lost,,,5.5,32.3,0.983,1,9.29,31,117.5,-7.15,209
2026-09-20,2026-09-21T12:38:43.730Z,2,2026_02_JAX_DEN,JAX @ DEN,DEN,JAX,J.K. Dobbins,RB,RB1,RB_RUSH_YARDS,leo-nflprop-v1,56,58.5,,36,,20,22.5,Y,,,,,4.8,11.7,0.9440000000000001,1,3.6,10,-12,-8.16,209
2026-09-20,2026-09-21T12:38:43.730Z,2,2026_02_JAX_DEN,JAX @ DEN,DEN,JAX,J.K. Dobbins,RB,RB1,ANYTIME_TD,leo-nflprop-v1,0.256,,,0,,0.256,,,0.066,,,,,,0.9440000000000001,1,,,,,209
2026-09-20,2026-09-21T12:38:43.730Z,2,2026_02_JAX_DEN,JAX @ DEN,DEN,JAX,RJ Harvey,RB,RB2,RB_RUSH_YARDS,leo-nflprop-v1,30,,,,,,,,,,Y,no stat line (did not play),4.7,5.8,0.9440000000000001,1,,,,,209
2026-09-20,2026-09-21T12:38:43.730Z,2,2026_02_JAX_DEN,JAX @ DEN,DEN,JAX,RJ Harvey,RB,RB2,ANYTIME_TD,leo-nflprop-v1,0.244,,,,,,,,,,Y,no stat line (did not play),,,0.9440000000000001,1,,,,,209
2026-09-20,2026-09-21T12:38:43.730Z,2,2026_02_JAX_DEN,JAX @ DEN,DEN,JAX,Pat Bryant,WR,WR1,WR_REC_YARDS,leo-nflprop-v1,34,32.5,,0,,34,32.5,N,,,,,7.1,4.8,0.983,1,0,1,-7.1,-26.98,209
2026-09-20,2026-09-21T12:38:43.730Z,2,2026_02_JAX_DEN,JAX @ DEN,DEN,JAX,Pat Bryant,WR,WR1,ANYTIME_TD,leo-nflprop-v1,0.1,,,0,,0.1,,,0.01,,,,,,0.983,1,,,,,209
2026-09-20,2026-09-21T12:38:43.730Z,2,2026_02_JAX_DEN,JAX @ DEN,DEN,JAX,Courtland Sutton,WR,WR2,WR_REC_YARDS,leo-nflprop-v1,30,39.5,under,25,W,5,14.5,Y,,good_pick_won,,,4.8,6.1,0.983,1,6.25,4,5.8,-10.08,209
2026-09-20,2026-09-21T12:38:43.730Z,2,2026_02_JAX_DEN,JAX @ DEN,DEN,JAX,Courtland Sutton,WR,WR2,ANYTIME_TD,leo-nflprop-v1,0.265,,,0,,0.265,,,0.07,,,,,,0.983,1,,,,,209
2026-09-20,2026-09-21T12:38:43.730Z,2,2026_02_JAX_DEN,JAX @ DEN,DEN,JAX,Jaylen Waddle,WR,WR3,WR_REC_YARDS,leo-nflprop-v1,22,54.5,under,138,L,116,83.5,N,,good_pick_lost,,,4.5,4.6,0.983,1,13.8,10,93,24.3,209
2026-09-20,2026-09-21T12:38:43.730Z,2,2026_02_JAX_DEN,JAX @ DEN,DEN,JAX,Jaylen Waddle,WR,WR3,ANYTIME_TD,leo-nflprop-v1,0.243,,,0,,0.243,,,0.059,,,,,,0.983,1,,,,,209
2026-09-20,2026-09-21T12:38:43.730Z,2,2026_02_LV_LAC,LV @ LAC,LV,LAC,Kirk Cousins,QB,QB1,QB_PASS_YARDS,leo-nflprop-v1,178,194.5,under,253,L,75,58.5,N,,bad_pick_lost,,,5.7,28.5,1.047,1,8.724,29,87.7,2.85,209
2026-09-20,2026-09-21T12:38:43.730Z,2,2026_02_LV_LAC,LV @ LAC,LV,LAC,Ashton Jeanty,RB,RB1,RB_RUSH_YARDS,leo-nflprop-v1,79,62.5,over,48,L,31,14.5,N,,good_pick_lost,,,4,19.3,0.991,1,2.286,21,-36,6.8,209
2026-09-20,2026-09-21T12:38:43.730Z,2,2026_02_LV_LAC,LV @ LAC,LV,LAC,Ashton Jeanty,RB,RB1,ANYTIME_TD,leo-nflprop-v1,0.222,,,0,,0.222,,,0.049,,,,,,0.991,1,,,,,209
2026-09-20,2026-09-21T12:38:43.730Z,2,2026_02_LV_LAC,LV @ LAC,LV,LAC,Mike Washington Jr.,RB,RB2,RB_RUSH_YARDS,leo-nflprop-v1,44,18.5,over,7,L,37,11.5,N,,good_pick_lost,,,5.9,7,0.991,1,2.333,3,-10.7,-23.6,209
2026-09-20,2026-09-21T12:38:43.730Z,2,2026_02_LV_LAC,LV @ LAC,LV,LAC,Mike Washington Jr.,RB,RB2,ANYTIME_TD,leo-nflprop-v1,0.26,,,0,,0.26,,,0.068,,,,,,0.991,1,,,,,209
2026-09-20,2026-09-21T12:38:43.730Z,2,2026_02_LV_LAC,LV @ LAC,LV,LAC,Jalen Nailor,WR,WR1,WR_REC_YARDS,leo-nflprop-v1,27,32.5,under,9,W,18,23.5,Y,,lucky_win,,,6.1,4.1,1.047,1,3,3,-9.3,-6.71,209
2026-09-20,2026-09-21T12:38:43.730Z,2,2026_02_LV_LAC,LV @ LAC,LV,LAC,Jalen Nailor,WR,WR1,ANYTIME_TD,leo-nflprop-v1,0.19,,,0,,0.19,,,0.036,,,,,,1.047,1,,,,,209
2026-09-20,2026-09-21T12:38:43.730Z,2,2026_02_LV_LAC,LV @ LAC,LV,LAC,Tre Tucker,WR,WR2,WR_REC_YARDS,leo-nflprop-v1,37,36.5,,119,,82,82.5,Y,,,,,7.3,4.7,1.047,1,17,7,67.9,16.79,209
2026-09-20,2026-09-21T12:38:43.730Z,2,2026_02_LV_LAC,LV @ LAC,LV,LAC,Tre Tucker,WR,WR2,ANYTIME_TD,leo-nflprop-v1,0.219,,,1,,0.781,,,0.61,,,,,,1.047,1,,,,,209
2026-09-20,2026-09-21T12:38:43.730Z,2,2026_02_LV_LAC,LV @ LAC,LV,LAC,Jack Bech,WR,WR3,WR_REC_YARDS,leo-nflprop-v1,22,,,25,,3,,,,,,,6.4,3,1.047,1,12.5,2,12.2,-6.4,209
2026-09-20,2026-09-21T12:38:43.730Z,2,2026_02_LV_LAC,LV @ LAC,LV,LAC,Jack Bech,WR,WR3,ANYTIME_TD,leo-nflprop-v1,0.248,,,0,,0.248,,,0.062,,,,,,1.047,1,,,,,209
2026-09-20,2026-09-21T12:38:43.730Z,2,2026_02_LV_LAC,LV @ LAC,LAC,LV,Justin Herbert,QB,QB1,QB_PASS_YARDS,leo-nflprop-v1,227,223.5,,192,,35,31.5,N,,,,,7.5,29.5,0.996,1,7.111,27,-10.5,-18.75,209
2026-09-20,2026-09-21T12:38:43.730Z,2,2026_02_LV_LAC,LV @ LAC,LAC,LV,Omarion Hampton,RB,RB1,RB_RUSH_YARDS,leo-nflprop-v1,46,64.5,under,94,L,48,29.5,N,,good_pick_lost,,,3.7,12.3,0.922,1,4.087,23,8.9,39.59,209
2026-09-20,2026-09-21T12:38:43.730Z,2,2026_02_LV_LAC,LV @ LAC,LAC,LV,Omarion Hampton,RB,RB1,ANYTIME_TD,leo-nflprop-v1,0.377,,,1,,0.623,,,0.388,,,,,,0.922,1,,,,,209
2026-09-20,2026-09-21T12:38:43.730Z,2,2026_02_LV_LAC,LV @ LAC,LAC,LV,Keaton Mitchell,RB,RB2,RB_RUSH_YARDS,leo-nflprop-v1,18,23.5,under,24,L,6,0.5,N,,bad_pick_lost,,,3.8,4.3,0.922,1,4.8,5,5,2.66,209
2026-09-20,2026-09-21T12:38:43.730Z,2,2026_02_LV_LAC,LV @ LAC,LAC,LV,Keaton Mitchell,RB,RB2,ANYTIME_TD,leo-nflprop-v1,0.12,,,0,,0.12,,,0.014,,,,,,0.922,1,,,,,209
2026-09-20,2026-09-21T12:38:43.730Z,2,2026_02_LV_LAC,LV @ LAC,LAC,LV,Ladd McConkey,WR,WR1,WR_REC_YARDS,leo-nflprop-v1,66,41.5,over,35,L,31,6.5,N,,good_pick_lost,,,9.7,6.7,0.996,1,11.667,3,5.9,-35.89,209
2026-09-20,2026-09-21T12:38:43.730Z,2,2026_02_LV_LAC,LV @ LAC,LAC,LV,Ladd McConkey,WR,WR1,ANYTIME_TD,leo-nflprop-v1,0.375,,,0,,0.375,,,0.141,,,,,,0.996,1,,,,,209
2026-09-20,2026-09-21T12:38:43.730Z,2,2026_02_LV_LAC,LV @ LAC,LAC,LV,Quentin Johnston,WR,WR2,WR_REC_YARDS,leo-nflprop-v1,35,46.5,under,7,W,28,39.5,Y,,lucky_win,,,5.5,6.2,0.996,1,1.4,5,-20.5,-6.6,209
2026-09-20,2026-09-21T12:38:43.730Z,2,2026_02_LV_LAC,LV @ LAC,LAC,LV,Quentin Johnston,WR,WR2,ANYTIME_TD,leo-nflprop-v1,0.323,,,0,,0.323,,,0.104,,,,,,0.996,1,,,,,209
2026-09-20,2026-09-21T12:38:43.730Z,2,2026_02_LV_LAC,LV @ LAC,LAC,LV,Tre Harris,WR,WR3,WR_REC_YARDS,leo-nflprop-v1,24,30.5,under,53,L,29,22.5,N,,good_pick_lost,,,5.3,4.4,0.996,1,17.667,3,37.1,-7.42,209
2026-09-20,2026-09-21T12:38:43.730Z,2,2026_02_LV_LAC,LV @ LAC,LAC,LV,Tre Harris,WR,WR3,ANYTIME_TD,leo-nflprop-v1,0.092,,,0,,0.092,,,0.008,,,,,,0.996,1,,,,,209
2026-09-20,2026-09-21T12:38:43.730Z,2,2026_02_SEA_ARI,SEA @ ARI,SEA,ARI,Drew Lock,QB,QB1,QB_PASS_YARDS,leo-nflprop-v1,66,207.5,under,235,L,169,27.5,N,,good_pick_lost,,,5.1,11.5,0.987,1,9.038,26,102.4,73.95,229
2026-09-20,2026-09-21T12:38:43.730Z,2,2026_02_SEA_ARI,SEA @ ARI,SEA,ARI,Jadarian Price,RB,RB1,RB_RUSH_YARDS,leo-nflprop-v1,52,60.5,under,52,W,0,8.5,Y,,good_pick_won,,,5.2,10,0.934,1,4,13,-15.6,15.6,229
2026-09-20,2026-09-21T12:38:43.730Z,2,2026_02_SEA_ARI,SEA @ ARI,SEA,ARI,Jadarian Price,RB,RB1,ANYTIME_TD,leo-nflprop-v1,0.247,,,0,,0.247,,,0.061,,,,,,0.934,1,,,,,229
2026-09-20,2026-09-21T12:38:43.730Z,2,2026_02_SEA_ARI,SEA @ ARI,SEA,ARI,George Holani,RB,RB2,RB_RUSH_YARDS,leo-nflprop-v1,16,29.5,under,13,W,3,16.5,Y,,good_pick_won,,,2.5,5.1,0.934,1,3.25,4,3,-2.75,229
2026-09-20,2026-09-21T12:38:43.730Z,2,2026_02_SEA_ARI,SEA @ ARI,SEA,ARI,George Holani,RB,RB2,ANYTIME_TD,leo-nflprop-v1,0.127,,,0,,0.127,,,0.016,,,,,,0.934,1,,,,,229
2026-09-20,2026-09-21T12:38:43.730Z,2,2026_02_SEA_ARI,SEA @ ARI,SEA,ARI,Jaxon Smith-Njigba,WR,WR1,WR_REC_YARDS,leo-nflprop-v1,111,81.5,over,155,W,44,73.5,Y,,lucky_win,,,10.9,10.2,0.987,1,14.091,11,35.1,8.72,229
2026-09-20,2026-09-21T12:38:43.730Z,2,2026_02_SEA_ARI,SEA @ ARI,SEA,ARI,Jaxon Smith-Njigba,WR,WR1,ANYTIME_TD,leo-nflprop-v1,0.46,,,1,,0.54,,,0.292,,,,,,0.987,1,,,,,229
2026-09-20,2026-09-21T12:38:43.730Z,2,2026_02_SEA_ARI,SEA @ ARI,SEA,ARI,Cooper Kupp,WR,WR2,WR_REC_YARDS,leo-nflprop-v1,44,23.5,over,20,L,24,3.5,N,,good_pick_lost,,,11,3.9,0.987,1,10,2,-2,-20.9,229
2026-09-20,2026-09-21T12:38:43.730Z,2,2026_02_SEA_ARI,SEA @ ARI,SEA,ARI,Cooper Kupp,WR,WR2,ANYTIME_TD,leo-nflprop-v1,0.141,,,0,,0.141,,,0.02,,,,,,0.987,1,,,,,229
2026-09-20,2026-09-21T12:38:43.730Z,2,2026_02_SEA_ARI,SEA @ ARI,SEA,ARI,Rashid Shaheed,WR,WR3,WR_REC_YARDS,leo-nflprop-v1,17,23.5,under,35,L,18,11.5,N,,good_pick_lost,,,4.1,3.9,0.987,1,5.833,6,10.4,8.61,229
2026-09-20,2026-09-21T12:38:43.730Z,2,2026_02_SEA_ARI,SEA @ ARI,SEA,ARI,Rashid Shaheed,WR,WR3,ANYTIME_TD,leo-nflprop-v1,0.105,,,0,,0.105,,,0.011,,,,,,0.987,1,,,,,229
2026-09-20,2026-09-21T12:38:43.730Z,2,2026_02_SEA_ARI,SEA @ ARI,ARI,SEA,Jacoby Brissett,QB,QB1,QB_PASS_YARDS,leo-nflprop-v1,240,216.5,over,95,L,145,121.5,N,,good_pick_lost,,,6.7,35.8,0.9590000000000001,1,3.393,28,-92.6,-52.26,229
2026-09-20,2026-09-21T12:38:43.730Z,2,2026_02_SEA_ARI,SEA @ ARI,ARI,SEA,Tyler Allgeier,RB,RB1,RB_RUSH_YARDS,leo-nflprop-v1,48,34.5,over,10,L,38,24.5,N,,good_pick_lost,,,3.6,12.7,0.98,1,2,5,-8,-27.72,229
2026-09-20,2026-09-21T12:38:43.730Z,2,2026_02_SEA_ARI,SEA @ ARI,ARI,SEA,Tyler Allgeier,RB,RB1,ANYTIME_TD,leo-nflprop-v1,0.296,,,0,,0.296,,,0.088,,,,,,0.98,1,,,,,229
2026-09-20,2026-09-21T12:38:43.730Z,2,2026_02_SEA_ARI,SEA @ ARI,ARI,SEA,Jeremiyah Love,RB,RB2,RB_RUSH_YARDS,leo-nflprop-v1,44,36.5,over,29,L,15,7.5,N,,good_pick_lost,,,3.7,11,0.98,1,3.222,9,-4.3,-7.4,229
2026-09-20,2026-09-21T12:38:43.730Z,2,2026_02_SEA_ARI,SEA @ ARI,ARI,SEA,Jeremiyah Love,RB,RB2,ANYTIME_TD,leo-nflprop-v1,0.39,,,0,,0.39,,,0.152,,,,,,0.98,1,,,,,229
2026-09-20,2026-09-21T12:38:43.730Z,2,2026_02_SEA_ARI,SEA @ ARI,ARI,SEA,Kendrick Bourne,WR,WR1,WR_REC_YARDS,leo-nflprop-v1,53,24.5,over,11,L,42,13.5,N,,good_pick_lost,,,9.4,5.8,0.9590000000000001,1,3.667,3,-17.2,-26.32,229
2026-09-20,2026-09-21T12:38:43.730Z,2,2026_02_SEA_ARI,SEA @ ARI,ARI,SEA,Kendrick Bourne,WR,WR1,ANYTIME_TD,leo-nflprop-v1,0.064,,,0,,0.064,,,0.004,,,,,,0.9590000000000001,1,,,,,229
2026-09-20,2026-09-21T12:38:43.730Z,2,2026_02_SEA_ARI,SEA @ ARI,ARI,SEA,Michael Wilson,WR,WR2,WR_REC_YARDS,leo-nflprop-v1,55,37.5,over,18,L,37,19.5,N,,good_pick_lost,,,7.8,7.2,0.9590000000000001,1,2.571,7,-36.6,-1.56,229
2026-09-20,2026-09-21T12:38:43.730Z,2,2026_02_SEA_ARI,SEA @ ARI,ARI,SEA,Michael Wilson,WR,WR2,ANYTIME_TD,leo-nflprop-v1,0.254,,,0,,0.254,,,0.065,,,,,,0.9590000000000001,1,,,,,229
2026-09-20,2026-09-21T12:38:43.730Z,2,2026_02_SEA_ARI,SEA @ ARI,ARI,SEA,Marvin Harrison Jr.,WR,WR3,WR_REC_YARDS,leo-nflprop-v1,44,36.5,over,0,L,44,36.5,N,,good_pick_lost,,,9.8,4.5,0.9590000000000001,1,0,1,-9.8,-34.3,229
2026-09-20,2026-09-21T12:38:43.730Z,2,2026_02_SEA_ARI,SEA @ ARI,ARI,SEA,Marvin Harrison Jr.,WR,WR3,ANYTIME_TD,leo-nflprop-v1,0.219,,,0,,0.219,,,0.048,,,,,,0.9590000000000001,1,,,,,229
2026-09-20,2026-09-21T12:38:43.730Z,2,2026_02_WAS_DAL,WAS @ DAL,WAS,DAL,Jayden Daniels,QB,QB1,QB_PASS_YARDS,leo-nflprop-v1,186,221.5,under,96,W,90,125.5,Y,,lucky_win,,,5.8,30.4,1.005,1,5.647,17,-2.6,-77.72,229
2026-09-20,2026-09-21T12:38:43.730Z,2,2026_02_WAS_DAL,WAS @ DAL,WAS,DAL,Jacory Croskey-Merritt,RB,RB1,RB_RUSH_YARDS,leo-nflprop-v1,64,50.5,over,43,L,21,7.5,N,,good_pick_lost,,,4.3,13.1,1.072,1,3.583,12,-8.6,-4.73,229
2026-09-20,2026-09-21T12:38:43.730Z,2,2026_02_WAS_DAL,WAS @ DAL,WAS,DAL,Jacory Croskey-Merritt,RB,RB1,ANYTIME_TD,leo-nflprop-v1,0.45,,,0,,0.45,,,0.203,,,,,,1.072,1,,,,,229
2026-09-20,2026-09-21T12:38:43.730Z,2,2026_02_WAS_DAL,WAS @ DAL,WAS,DAL,Rachaad White,RB,RB2,RB_RUSH_YARDS,leo-nflprop-v1,37,22.5,over,43,W,6,20.5,Y,,lucky_win,,,4.3,7.4,1.072,1,6.143,7,12.9,-1.72,229
2026-09-20,2026-09-21T12:38:43.730Z,2,2026_02_WAS_DAL,WAS @ DAL,WAS,DAL,Rachaad White,RB,RB2,ANYTIME_TD,leo-nflprop-v1,0.209,,,0,,0.209,,,0.044,,,,,,1.072,1,,,,,229
2026-09-20,2026-09-21T12:38:43.730Z,2,2026_02_WAS_DAL,WAS @ DAL,WAS,DAL,Stefon Diggs,WR,WR1,WR_REC_YARDS,leo-nflprop-v1,57,49.5,over,47,L,10,2.5,N,,bad_pick_lost,,,7.5,7.4,1.005,1,7.833,6,2,-10.5,229
2026-09-20,2026-09-21T12:38:43.730Z,2,2026_02_WAS_DAL,WAS @ DAL,WAS,DAL,Stefon Diggs,WR,WR1,ANYTIME_TD,leo-nflprop-v1,0.332,,,1,,0.668,,,0.446,,,,,,1.005,1,,,,,229
2026-09-20,2026-09-21T12:38:43.730Z,2,2026_02_WAS_DAL,WAS @ DAL,WAS,DAL,Terry McLaurin,WR,WR2,WR_REC_YARDS,leo-nflprop-v1,38,53.5,under,50,W,12,3.5,N,,lucky_win,,,7.3,5,1.005,1,5.556,9,-15.7,29.2,229
2026-09-20,2026-09-21T12:38:43.730Z,2,2026_02_WAS_DAL,WAS @ DAL,WAS,DAL,Terry McLaurin,WR,WR2,ANYTIME_TD,leo-nflprop-v1,0.214,,,0,,0.214,,,0.046,,,,,,1.005,1,,,,,229
2026-09-20,2026-09-21T12:38:43.730Z,2,2026_02_WAS_DAL,WAS @ DAL,WAS,DAL,Antonio Williams,WR,WR3,WR_REC_YARDS,leo-nflprop-v1,65,26.5,over,24,L,41,2.5,N,,good_pick_lost,,,16,4,1.005,1,8,3,-24,-16,229
2026-09-20,2026-09-21T12:38:43.730Z,2,2026_02_WAS_DAL,WAS @ DAL,WAS,DAL,Antonio Williams,WR,WR3,ANYTIME_TD,leo-nflprop-v1,0.357,,,0,,0.357,,,0.127,,,,,,1.005,1,,,,,229
2026-09-20,2026-09-21T12:38:43.730Z,2,2026_02_WAS_DAL,WAS @ DAL,DAL,WAS,Dak Prescott,QB,QB1,QB_PASS_YARDS,leo-nflprop-v1,224,266.5,under,279,L,55,12.5,N,,bad_pick_lost,,,6.4,34.6,0.981,1,9,31,80.6,-23.04,229
2026-09-20,2026-09-21T12:38:43.730Z,2,2026_02_WAS_DAL,WAS @ DAL,DAL,WAS,Javonte Williams,RB,RB1,RB_RUSH_YARDS,leo-nflprop-v1,62,77.5,under,30,W,32,47.5,Y,,lucky_win,,,4.1,13.9,1.024,1,2.5,12,-19.2,-7.79,229
2026-09-20,2026-09-21T12:38:43.730Z,2,2026_02_WAS_DAL,WAS @ DAL,DAL,WAS,Javonte Williams,RB,RB1,ANYTIME_TD,leo-nflprop-v1,0.503,,,0,,0.503,,,0.253,,,,,,1.024,1,,,,,229
2026-09-20,2026-09-21T12:38:43.730Z,2,2026_02_WAS_DAL,WAS @ DAL,DAL,WAS,Emari Demercado,RB,RB2,RB_RUSH_YARDS,leo-nflprop-v1,18,11.5,over,8,L,10,3.5,N,,good_pick_lost,,,5,2.8,1.024,1,2.667,3,-7,1,229
2026-09-20,2026-09-21T12:38:43.730Z,2,2026_02_WAS_DAL,WAS @ DAL,DAL,WAS,Emari Demercado,RB,RB2,ANYTIME_TD,leo-nflprop-v1,0.099,,,0,,0.099,,,0.01,,,,,,1.024,1,,,,,229
2026-09-20,2026-09-21T12:38:43.730Z,2,2026_02_WAS_DAL,WAS @ DAL,DAL,WAS,CeeDee Lamb,WR,WR1,WR_REC_YARDS,leo-nflprop-v1,62,75.5,under,153,L,91,77.5,N,,good_pick_lost,,,7.3,8.5,0.981,1,17,9,87.3,3.65,229
2026-09-20,2026-09-21T12:38:43.730Z,2,2026_02_WAS_DAL,WAS @ DAL,DAL,WAS,CeeDee Lamb,WR,WR1,ANYTIME_TD,leo-nflprop-v1,0.326,,,1,,0.674,,,0.454,,,,,,0.981,1,,,,,229
2026-09-20,2026-09-21T12:38:43.730Z,2,2026_02_WAS_DAL,WAS @ DAL,DAL,WAS,George Pickens,WR,WR2,WR_REC_YARDS,leo-nflprop-v1,53,66.5,under,40,W,13,26.5,Y,,good_pick_won,,,7.5,7,0.981,1,5,8,-20,7.5,229
2026-09-20,2026-09-21T12:38:43.730Z,2,2026_02_WAS_DAL,WAS @ DAL,DAL,WAS,George Pickens,WR,WR2,ANYTIME_TD,leo-nflprop-v1,0.308,,,0,,0.308,,,0.095,,,,,,0.981,1,,,,,229
2026-09-20,2026-09-21T12:38:43.730Z,2,2026_02_WAS_DAL,WAS @ DAL,DAL,WAS,Ryan Flournoy,WR,WR3,WR_REC_YARDS,leo-nflprop-v1,23,28.5,under,23,W,0,5.5,Y,,good_pick_won,,,5.8,3.9,0.981,1,3.833,6,-11.8,12.18,229
2026-09-20,2026-09-21T12:38:43.730Z,2,2026_02_WAS_DAL,WAS @ DAL,DAL,WAS,Ryan Flournoy,WR,WR3,ANYTIME_TD,leo-nflprop-v1,0.195,,,0,,0.195,,,0.038,,,,,,0.981,1,,,,,229
2026-09-20,2026-09-21T12:38:43.730Z,2,2026_02_MIA_SF,MIA @ SF,MIA,SF,Malik Willis,QB,QB1,QB_PASS_YARDS,leo-nflprop-v1,151,185.5,under,197,L,46,11.5,N,,bad_pick_lost,,,8.4,17.9,0.95,1,8.565,23,3.8,42.84,229
2026-09-20,2026-09-21T12:38:43.730Z,2,2026_02_MIA_SF,MIA @ SF,MIA,SF,De'Von Achane,RB,RB1,RB_RUSH_YARDS,leo-nflprop-v1,62,58.5,over,74,W,12,15.5,Y,,lucky_win,,,4.5,12.9,1.001,1,3.7,20,-16,31.95,229
2026-09-20,2026-09-21T12:38:43.730Z,2,2026_02_MIA_SF,MIA @ SF,MIA,SF,De'Von Achane,RB,RB1,ANYTIME_TD,leo-nflprop-v1,0.312,,,0,,0.312,,,0.097,,,,,,1.001,1,,,,,229
2026-09-20,2026-09-21T12:38:43.730Z,2,2026_02_MIA_SF,MIA @ SF,MIA,SF,Jaylen Wright,RB,RB2,RB_RUSH_YARDS,leo-nflprop-v1,11,,,11,,0,,,,,,,1.7,4.4,1.001,1,5.5,2,7.6,-4.08,229
2026-09-20,2026-09-21T12:38:43.730Z,2,2026_02_MIA_SF,MIA @ SF,MIA,SF,Jaylen Wright,RB,RB2,ANYTIME_TD,leo-nflprop-v1,0.204,,,0,,0.204,,,0.042,,,,,,1.001,1,,,,,229
2026-09-20,2026-09-21T12:38:43.730Z,2,2026_02_MIA_SF,MIA @ SF,MIA,SF,Malik Washington,WR,WR1,WR_REC_YARDS,leo-nflprop-v1,37,34.5,over,43,W,6,8.5,Y,,good_pick_won,,,6.4,5.9,0.95,1,8.6,5,11,-5.76,229
2026-09-20,2026-09-21T12:38:43.730Z,2,2026_02_MIA_SF,MIA @ SF,MIA,SF,Malik Washington,WR,WR1,ANYTIME_TD,leo-nflprop-v1,0.147,,,0,,0.147,,,0.022,,,,,,0.95,1,,,,,229
2026-09-20,2026-09-21T12:38:43.730Z,2,2026_02_MIA_SF,MIA @ SF,MIA,SF,Caleb Douglas,WR,WR2,WR_REC_YARDS,leo-nflprop-v1,90,38.5,over,19,L,71,19.5,N,,good_pick_lost,,,13.4,7,0.95,1,6.333,3,-21.2,-53.6,229
2026-09-20,2026-09-21T12:38:43.730Z,2,2026_02_MIA_SF,MIA @ SF,MIA,SF,Caleb Douglas,WR,WR2,ANYTIME_TD,leo-nflprop-v1,0.204,,,0,,0.204,,,0.042,,,,,,0.95,1,,,,,229
2026-09-20,2026-09-21T12:38:43.730Z,2,2026_02_MIA_SF,MIA @ SF,MIA,SF,Chris Bell,WR,WR3,WR_REC_YARDS,leo-nflprop-v1,25,19.5,over,0,L,25,19.5,N,,good_pick_lost,,,12.5,2,0.95,1,0,1,-12.5,-12.5,229
2026-09-20,2026-09-21T12:38:43.730Z,2,2026_02_MIA_SF,MIA @ SF,MIA,SF,Chris Bell,WR,WR3,ANYTIME_TD,leo-nflprop-v1,0.204,,,0,,0.204,,,0.042,,,,,,0.95,1,,,,,229
2026-09-20,2026-09-21T12:38:43.730Z,2,2026_02_MIA_SF,MIA @ SF,SF,MIA,Brock Purdy,QB,QB1,QB_PASS_YARDS,leo-nflprop-v1,215,239.5,under,287,L,72,47.5,N,,bad_pick_lost,,,6.7,32.5,0.943,1,13.045,22,139.6,-70.35,229
2026-09-20,2026-09-21T12:38:43.730Z,2,2026_02_MIA_SF,MIA @ SF,SF,MIA,Kaelon Black,RB,RB1,RB_RUSH_YARDS,leo-nflprop-v1,69,37.5,over,25,L,44,12.5,N,,good_pick_lost,,,4.6,14,1.015,1,3.571,7,-7.2,-32.2,229
2026-09-20,2026-09-21T12:38:43.730Z,2,2026_02_MIA_SF,MIA @ SF,SF,MIA,Kaelon Black,RB,RB1,ANYTIME_TD,leo-nflprop-v1,0.265,,,0,,0.265,,,0.07,,,,,,1.015,1,,,,,229
2026-09-20,2026-09-21T12:38:43.730Z,2,2026_02_MIA_SF,MIA @ SF,SF,MIA,Christian McCaffrey,RB,RB2,RB_RUSH_YARDS,leo-nflprop-v1,77,60.5,over,23,L,54,37.5,N,,good_pick_lost,,,5.3,13.9,1.015,1,2.3,10,-30,-20.67,229
2026-09-20,2026-09-21T12:38:43.730Z,2,2026_02_MIA_SF,MIA @ SF,SF,MIA,Christian McCaffrey,RB,RB2,ANYTIME_TD,leo-nflprop-v1,0.329,,,1,,0.671,,,0.45,,,,,,1.015,1,,,,,229
2026-09-20,2026-09-21T12:38:43.730Z,2,2026_02_MIA_SF,MIA @ SF,SF,MIA,Mike Evans,WR,WR1,WR_REC_YARDS,leo-nflprop-v1,48,48.5,,54,,6,5.5,N,,,,,6.7,7.4,0.943,1,18,3,33.9,-29.48,229
2026-09-20,2026-09-21T12:38:43.730Z,2,2026_02_MIA_SF,MIA @ SF,SF,MIA,Mike Evans,WR,WR1,ANYTIME_TD,leo-nflprop-v1,0.361,,,0,,0.361,,,0.13,,,,,,0.943,1,,,,,229
2026-09-20,2026-09-21T12:38:43.730Z,2,2026_02_MIA_SF,MIA @ SF,SF,MIA,Deebo Samuel Sr.,WR,WR2,WR_REC_YARDS,leo-nflprop-v1,45,36.5,over,31,L,14,5.5,N,,bad_pick_lost,,,7.1,6.6,0.943,1,7.75,4,2.6,-18.46,229
2026-09-20,2026-09-21T12:38:43.730Z,2,2026_02_MIA_SF,MIA @ SF,SF,MIA,Deebo Samuel Sr.,WR,WR2,ANYTIME_TD,leo-nflprop-v1,0.344,,,0,,0.344,,,0.118,,,,,,0.943,1,,,,,229
2026-09-20,2026-09-21T12:38:43.730Z,2,2026_02_MIA_SF,MIA @ SF,SF,MIA,Demarcus Robinson,WR,WR3,WR_REC_YARDS,leo-nflprop-v1,34,26.5,over,34,W,0,7.5,Y,,good_pick_won,,,12.2,2.8,0.943,1,11.333,3,-2.6,2.44,229
2026-09-20,2026-09-21T12:38:43.730Z,2,2026_02_MIA_SF,MIA @ SF,SF,MIA,Demarcus Robinson,WR,WR3,ANYTIME_TD,leo-nflprop-v1,0.273,,,0,,0.273,,,0.075,,,,,,0.943,1,,,,,229
2026-09-20,2026-09-21T12:38:43.730Z,2,2026_02_IND_KC,IND @ KC,IND,KC,Daniel Jones,QB,QB1,QB_PASS_YARDS,leo-nflprop-v1,196,216.5,under,210,W,14,6.5,N,,good_pick_won,,,6.8,30.3,0.917,1,6.774,31,-0.8,4.76,464
2026-09-20,2026-09-21T12:38:43.730Z,2,2026_02_IND_KC,IND @ KC,IND,KC,Jonathan Taylor,RB,RB1,RB_RUSH_YARDS,leo-nflprop-v1,89,79.5,over,92,W,3,12.5,Y,,good_pick_won,,,5,19,0.9009999999999999,1,3.833,24,-28,25,464
2026-09-20,2026-09-21T12:38:43.730Z,2,2026_02_IND_KC,IND @ KC,IND,KC,Jonathan Taylor,RB,RB1,ANYTIME_TD,leo-nflprop-v1,0.63,,,1,,0.37,,,0.137,,,,,,0.9009999999999999,1,,,,,464
2026-09-20,2026-09-21T12:38:43.730Z,2,2026_02_IND_KC,IND @ KC,IND,KC,Keenan Allen,WR,WR1,WR_REC_YARDS,leo-nflprop-v1,36,29.5,over,5,L,31,24.5,N,,good_pick_lost,,,5.8,6.6,0.917,1,1,5,-24,-9.28,464
2026-09-20,2026-09-21T12:38:43.730Z,2,2026_02_IND_KC,IND @ KC,IND,KC,Keenan Allen,WR,WR1,ANYTIME_TD,leo-nflprop-v1,0.162,,,0,,0.162,,,0.026,,,,,,0.917,1,,,,,464
2026-09-20,2026-09-21T12:38:43.730Z,2,2026_02_IND_KC,IND @ KC,IND,KC,Alec Pierce,WR,WR2,WR_REC_YARDS,leo-nflprop-v1,62,45.5,over,11,L,51,34.5,N,,good_pick_lost,,,11.4,5.8,0.917,1,11,1,-0.4,-54.72,464
2026-09-20,2026-09-21T12:38:43.730Z,2,2026_02_IND_KC,IND @ KC,IND,KC,Alec Pierce,WR,WR2,ANYTIME_TD,leo-nflprop-v1,0.238,,,0,,0.238,,,0.057,,,,,,0.917,1,,,,,464
2026-09-20,2026-09-21T12:38:43.730Z,2,2026_02_IND_KC,IND @ KC,IND,KC,Josh Downs,WR,WR3,WR_REC_YARDS,leo-nflprop-v1,36,42.5,under,72,L,36,29.5,N,,good_pick_lost,,,7.9,4.8,0.917,1,8,9,0.9,33.18,464
2026-09-20,2026-09-21T12:38:43.730Z,2,2026_02_IND_KC,IND @ KC,IND,KC,Josh Downs,WR,WR3,ANYTIME_TD,leo-nflprop-v1,0.176,,,0,,0.176,,,0.031,,,,,,0.917,1,,,,,464
2026-09-20,2026-09-21T12:38:43.730Z,2,2026_02_IND_KC,IND @ KC,KC,IND,Patrick Mahomes,QB,QB1,QB_PASS_YARDS,leo-nflprop-v1,247,221.5,over,382,W,135,160.5,Y,,lucky_win,,,7,31.4,1.089,1,8.128,47,53,109.2,464
2026-09-20,2026-09-21T12:38:43.730Z,2,2026_02_IND_KC,IND @ KC,KC,IND,Kenneth Walker III,RB,RB1,RB_RUSH_YARDS,leo-nflprop-v1,132,83.5,over,117,W,15,33.5,Y,,good_pick_won,,,6.1,18.7,1.133,1,4.875,24,-29.4,32.33,464
2026-09-20,2026-09-21T12:38:43.730Z,2,2026_02_IND_KC,IND @ KC,KC,IND,Kenneth Walker III,RB,RB1,ANYTIME_TD,leo-nflprop-v1,0.462,,,0,,0.462,,,0.213,,,,,,1.133,1,,,,,464
2026-09-20,2026-09-21T12:38:43.730Z,2,2026_02_IND_KC,IND @ KC,KC,IND,Emmett Johnson,RB,RB2,RB_RUSH_YARDS,leo-nflprop-v1,31,17.5,over,15,L,16,2.5,N,,good_pick_lost,,,3,8,1.133,1,7.5,2,9,-18,464
2026-09-20,2026-09-21T12:38:43.730Z,2,2026_02_IND_KC,IND @ KC,KC,IND,Emmett Johnson,RB,RB2,ANYTIME_TD,leo-nflprop-v1,0.291,,,0,,0.291,,,0.085,,,,,,1.133,1,,,,,464
2026-09-20,2026-09-21T12:38:43.730Z,2,2026_02_IND_KC,IND @ KC,KC,IND,Xavier Worthy,WR,WR1,WR_REC_YARDS,leo-nflprop-v1,32,39.5,under,25,W,7,14.5,Y,,good_pick_won,,,5,5.6,1.089,1,3.571,7,-10,7,464
2026-09-20,2026-09-21T12:38:43.730Z,2,2026_02_IND_KC,IND @ KC,KC,IND,Xavier Worthy,WR,WR1,ANYTIME_TD,leo-nflprop-v1,0.115,,,1,,0.885,,,0.783,,,,,,1.089,1,,,,,464
2026-09-20,2026-09-21T12:38:43.730Z,2,2026_02_IND_KC,IND @ KC,KC,IND,Rashee Rice,WR,WR2,WR_REC_YARDS,leo-nflprop-v1,55,48.5,over,83,W,28,34.5,Y,,lucky_win,,,8.4,5.9,1.089,1,13.833,6,32.6,0.84,464
2026-09-20,2026-09-21T12:38:43.730Z,2,2026_02_IND_KC,IND @ KC,KC,IND,Rashee Rice,WR,WR2,ANYTIME_TD,leo-nflprop-v1,0.473,,,0,,0.473,,,0.224,,,,,,1.089,1,,,,,464
2026-09-20,2026-09-21T12:38:43.730Z,2,2026_02_IND_KC,IND @ KC,KC,IND,Tyquan Thornton,WR,WR3,WR_REC_YARDS,leo-nflprop-v1,13,16.5,under,86,L,73,69.5,N,,good_pick_lost,,,5.2,2,1.089,1,21.5,4,65.2,10.4,464
2026-09-20,2026-09-21T12:38:43.730Z,2,2026_02_IND_KC,IND @ KC,KC,IND,Tyquan Thornton,WR,WR3,ANYTIME_TD,leo-nflprop-v1,0.207,,,0,,0.207,,,0.043,,,,,,1.089,1,,,,,464
2026-09-21,2026-09-22T14:27:27.314Z,2,2026_02_NYG_LA,NYG @ LA,NYG,LA,Jaxson Dart,QB,QB1,QB_PASS_YARDS,leo-nflprop-v1,185,213.5,under,20,W,165,193.5,Y,,lucky_win,,,6.8,26.6,0.981,1,4,5,-14,-146.88,684
2026-09-21,2026-09-22T14:27:27.314Z,2,2026_02_NYG_LA,NYG @ LA,NYG,LA,Cam Skattebo,RB,RB1,RB_RUSH_YARDS,leo-nflprop-v1,72,52.5,over,36,L,36,16.5,N,,good_pick_lost,,,4,15.3,1.1079999999999999,1,3,12,-12,-13.2,684
2026-09-21,2026-09-22T14:27:27.314Z,2,2026_02_NYG_LA,NYG @ LA,NYG,LA,Cam Skattebo,RB,RB1,ANYTIME_TD,leo-nflprop-v1,0.495,,,0,,0.495,,,0.245,,,,,,1.1079999999999999,1,,,,,684
2026-09-21,2026-09-22T14:27:27.314Z,2,2026_02_NYG_LA,NYG @ LA,NYG,LA,Devin Singletary,RB,RB2,RB_RUSH_YARDS,leo-nflprop-v1,25,11.5,over,9,L,16,2.5,N,,good_pick_lost,,,3,6.5,1.1079999999999999,1,3,3,0,-10.5,684
2026-09-21,2026-09-22T14:27:27.314Z,2,2026_02_NYG_LA,NYG @ LA,NYG,LA,Devin Singletary,RB,RB2,ANYTIME_TD,leo-nflprop-v1,0.245,,,0,,0.245,,,0.06,,,,,,1.1079999999999999,1,,,,,684
2026-09-21,2026-09-22T14:27:27.314Z,2,2026_02_NYG_LA,NYG @ LA,NYG,LA,Malik Nabers,WR,WR1,WR_REC_YARDS,leo-nflprop-v1,64,61.5,,1,,63,60.5,N,,,,,7.2,8.9,0.981,1,0.25,4,-27.8,-35.28,684
2026-09-21,2026-09-22T14:27:27.314Z,2,2026_02_NYG_LA,NYG @ LA,NYG,LA,Malik Nabers,WR,WR1,ANYTIME_TD,leo-nflprop-v1,0.258,,,0,,0.258,,,0.067,,,,,,0.981,1,,,,,684
2026-09-21,2026-09-22T14:27:27.314Z,2,2026_02_NYG_LA,NYG @ LA,NYG,LA,Malachi Fields,WR,WR2,WR_REC_YARDS,leo-nflprop-v1,26,25.5,,30,,4,4.5,Y,,,,,6.3,4,0.981,1,5,6,-7.8,12.6,684
2026-09-21,2026-09-22T14:27:27.314Z,2,2026_02_NYG_LA,NYG @ LA,NYG,LA,Malachi Fields,WR,WR2,ANYTIME_TD,leo-nflprop-v1,0.21,,,0,,0.21,,,0.044,,,,,,0.981,1,,,,,684
2026-09-21,2026-09-22T14:27:27.314Z,2,2026_02_NYG_LA,NYG @ LA,NYG,LA,Darnell Mooney,WR,WR3,WR_REC_YARDS,leo-nflprop-v1,37,19.5,over,48,W,11,28.5,Y,,lucky_win,,,10.7,3.4,0.981,1,16,3,15.9,-4.28,684
2026-09-21,2026-09-22T14:27:27.314Z,2,2026_02_NYG_LA,NYG @ LA,NYG,LA,Darnell Mooney,WR,WR3,ANYTIME_TD,leo-nflprop-v1,0.099,,,0,,0.099,,,0.01,,,,,,0.981,1,,,,,684
2026-09-21,2026-09-22T14:27:27.314Z,2,2026_02_NYG_LA,NYG @ LA,LA,NYG,Matthew Stafford,QB,QB1,QB_PASS_YARDS,leo-nflprop-v1,212,239.5,under,327,L,115,87.5,N,,good_pick_lost,,,7,30.4,0.955,1,10.548,31,110,4.2,684
2026-09-21,2026-09-22T14:27:27.314Z,2,2026_02_NYG_LA,NYG @ LA,LA,NYG,Kyren Williams,RB,RB1,RB_RUSH_YARDS,leo-nflprop-v1,55,63.5,under,85,L,30,21.5,N,,good_pick_lost,,,4.3,13.1,0.922,1,7.083,12,33.4,-4.73,684
2026-09-21,2026-09-22T14:27:27.314Z,2,2026_02_NYG_LA,NYG @ LA,LA,NYG,Kyren Williams,RB,RB1,ANYTIME_TD,leo-nflprop-v1,0.445,,,1,,0.555,,,0.308,,,,,,0.922,1,,,,,684
2026-09-21,2026-09-22T14:27:27.314Z,2,2026_02_NYG_LA,NYG @ LA,LA,NYG,Blake Corum,RB,RB2,RB_RUSH_YARDS,leo-nflprop-v1,49,49.5,,79,,30,29.5,N,,,,,5.4,9.3,0.922,1,6.583,12,14.2,14.58,684
2026-09-21,2026-09-22T14:27:27.314Z,2,2026_02_NYG_LA,NYG @ LA,LA,NYG,Blake Corum,RB,RB2,ANYTIME_TD,leo-nflprop-v1,0.209,,,0,,0.209,,,0.044,,,,,,0.922,1,,,,,684
2026-09-21,2026-09-22T14:27:27.314Z,2,2026_02_NYG_LA,NYG @ LA,LA,NYG,Puka Nacua,WR,WR1,WR_REC_YARDS,leo-nflprop-v1,87,,,,,,,,,,Y,no stat line (did not play),9,10,0.955,1,,,,,684
2026-09-21,2026-09-22T14:27:27.314Z,2,2026_02_NYG_LA,NYG @ LA,LA,NYG,Puka Nacua,WR,WR1,ANYTIME_TD,leo-nflprop-v1,0.344,,,,,,,,,,Y,no stat line (did not play),,,0.955,1,,,,,684
2026-09-21,2026-09-22T14:27:27.314Z,2,2026_02_NYG_LA,NYG @ LA,LA,NYG,Davante Adams,WR,WR2,WR_REC_YARDS,leo-nflprop-v1,40,64.5,under,195,L,155,130.5,N,,good_pick_lost,,,5.8,7.1,0.955,1,19.5,10,137,16.82,684
2026-09-21,2026-09-22T14:27:27.314Z,2,2026_02_NYG_LA,NYG @ LA,LA,NYG,Davante Adams,WR,WR2,ANYTIME_TD,leo-nflprop-v1,0.428,,,1,,0.572,,,0.327,,,,,,0.955,1,,,,,684
2026-09-21,2026-09-22T14:27:27.314Z,2,2026_02_NYG_LA,NYG @ LA,LA,NYG,Jordan Whittington,WR,WR3,WR_REC_YARDS,leo-nflprop-v1,10,,,,,,,,,,Y,listed Doubtful,7.1,1.3,0.955,1,,,,,684
2026-09-21,2026-09-22T14:27:27.314Z,2,2026_02_NYG_LA,NYG @ LA,LA,NYG,Jordan Whittington,WR,WR3,ANYTIME_TD,leo-nflprop-v1,0.058,,,,,,,,,,Y,listed Doubtful,,,0.955,1,,,,,684
2026-09-22,2026-09-22T18:27:56.639Z,2,2026_02_NYG_LA,NYG @ LA,NYG,LA,Jaxson Dart,QB,QB1,QB_PASS_YARDS,leo-nflprop-v1,185,213.5,under,20,W,165,193.5,Y,,lucky_win,,,6.8,26.6,0.981,1,4,5,-14,-146.88,
2026-09-22,2026-09-22T18:27:56.639Z,2,2026_02_NYG_LA,NYG @ LA,NYG,LA,Cam Skattebo,RB,RB1,RB_RUSH_YARDS,leo-nflprop-v1,72,52.5,over,36,L,36,16.5,N,,good_pick_lost,,,4,15.3,1.1079999999999999,1,3,12,-12,-13.2,
2026-09-22,2026-09-22T18:27:56.639Z,2,2026_02_NYG_LA,NYG @ LA,NYG,LA,Cam Skattebo,RB,RB1,ANYTIME_TD,leo-nflprop-v1,0.495,,,0,,0.495,,,0.245,,,,,,1.1079999999999999,1,,,,,
2026-09-22,2026-09-22T18:27:56.639Z,2,2026_02_NYG_LA,NYG @ LA,NYG,LA,Devin Singletary,RB,RB2,RB_RUSH_YARDS,leo-nflprop-v1,25,11.5,over,9,L,16,2.5,N,,good_pick_lost,,,3,6.5,1.1079999999999999,1,3,3,0,-10.5,
2026-09-22,2026-09-22T18:27:56.639Z,2,2026_02_NYG_LA,NYG @ LA,NYG,LA,Devin Singletary,RB,RB2,ANYTIME_TD,leo-nflprop-v1,0.245,,,0,,0.245,,,0.06,,,,,,1.1079999999999999,1,,,,,
2026-09-22,2026-09-22T18:27:56.639Z,2,2026_02_NYG_LA,NYG @ LA,NYG,LA,Malik Nabers,WR,WR1,WR_REC_YARDS,leo-nflprop-v1,64,61.5,,1,,63,60.5,N,,,,,7.2,8.9,0.981,1,0.25,4,-27.8,-35.28,
2026-09-22,2026-09-22T18:27:56.639Z,2,2026_02_NYG_LA,NYG @ LA,NYG,LA,Malik Nabers,WR,WR1,ANYTIME_TD,leo-nflprop-v1,0.258,,,0,,0.258,,,0.067,,,,,,0.981,1,,,,,
2026-09-22,2026-09-22T18:27:56.639Z,2,2026_02_NYG_LA,NYG @ LA,NYG,LA,Malachi Fields,WR,WR2,WR_REC_YARDS,leo-nflprop-v1,26,25.5,,30,,4,4.5,Y,,,,,6.3,4,0.981,1,5,6,-7.8,12.6,
2026-09-22,2026-09-22T18:27:56.639Z,2,2026_02_NYG_LA,NYG @ LA,NYG,LA,Malachi Fields,WR,WR2,ANYTIME_TD,leo-nflprop-v1,0.21,,,0,,0.21,,,0.044,,,,,,0.981,1,,,,,
2026-09-22,2026-09-22T18:27:56.639Z,2,2026_02_NYG_LA,NYG @ LA,NYG,LA,Darnell Mooney,WR,WR3,WR_REC_YARDS,leo-nflprop-v1,37,19.5,over,48,W,11,28.5,Y,,lucky_win,,,10.7,3.4,0.981,1,16,3,15.9,-4.28,
2026-09-22,2026-09-22T18:27:56.639Z,2,2026_02_NYG_LA,NYG @ LA,NYG,LA,Darnell Mooney,WR,WR3,ANYTIME_TD,leo-nflprop-v1,0.099,,,0,,0.099,,,0.01,,,,,,0.981,1,,,,,
2026-09-22,2026-09-22T18:27:56.639Z,2,2026_02_NYG_LA,NYG @ LA,LA,NYG,Matthew Stafford,QB,QB1,QB_PASS_YARDS,leo-nflprop-v1,212,239.5,under,327,L,115,87.5,N,,good_pick_lost,,,7,30.4,0.955,1,10.548,31,110,4.2,
2026-09-22,2026-09-22T18:27:56.639Z,2,2026_02_NYG_LA,NYG @ LA,LA,NYG,Kyren Williams,RB,RB1,RB_RUSH_YARDS,leo-nflprop-v1,55,63.5,under,85,L,30,21.5,N,,good_pick_lost,,,4.3,13.1,0.922,1,7.083,12,33.4,-4.73,
2026-09-22,2026-09-22T18:27:56.639Z,2,2026_02_NYG_LA,NYG @ LA,LA,NYG,Kyren Williams,RB,RB1,ANYTIME_TD,leo-nflprop-v1,0.445,,,1,,0.555,,,0.308,,,,,,0.922,1,,,,,
2026-09-22,2026-09-22T18:27:56.639Z,2,2026_02_NYG_LA,NYG @ LA,LA,NYG,Blake Corum,RB,RB2,RB_RUSH_YARDS,leo-nflprop-v1,49,49.5,,79,,30,29.5,N,,,,,5.4,9.3,0.922,1,6.583,12,14.2,14.58,
2026-09-22,2026-09-22T18:27:56.639Z,2,2026_02_NYG_LA,NYG @ LA,LA,NYG,Blake Corum,RB,RB2,ANYTIME_TD,leo-nflprop-v1,0.209,,,0,,0.209,,,0.044,,,,,,0.922,1,,,,,
2026-09-22,2026-09-22T18:27:56.639Z,2,2026_02_NYG_LA,NYG @ LA,LA,NYG,Puka Nacua,WR,WR1,WR_REC_YARDS,leo-nflprop-v1,87,,,,,,,,,,Y,no stat line (did not play),9,10,0.955,1,,,,,
2026-09-22,2026-09-22T18:27:56.639Z,2,2026_02_NYG_LA,NYG @ LA,LA,NYG,Puka Nacua,WR,WR1,ANYTIME_TD,leo-nflprop-v1,0.344,,,,,,,,,,Y,no stat line (did not play),,,0.955,1,,,,,
2026-09-22,2026-09-22T18:27:56.639Z,2,2026_02_NYG_LA,NYG @ LA,LA,NYG,Davante Adams,WR,WR2,WR_REC_YARDS,leo-nflprop-v1,40,64.5,under,195,L,155,130.5,N,,good_pick_lost,,,5.8,7.1,0.955,1,19.5,10,137,16.82,
2026-09-22,2026-09-22T18:27:56.639Z,2,2026_02_NYG_LA,NYG @ LA,LA,NYG,Davante Adams,WR,WR2,ANYTIME_TD,leo-nflprop-v1,0.428,,,1,,0.572,,,0.327,,,,,,0.955,1,,,,,
2026-09-22,2026-09-22T18:27:56.639Z,2,2026_02_NYG_LA,NYG @ LA,LA,NYG,Jordan Whittington,WR,WR3,WR_REC_YARDS,leo-nflprop-v1,10,,,,,,,,,,Y,listed Doubtful,7.1,1.3,0.955,1,,,,,
2026-09-22,2026-09-22T18:27:56.639Z,2,2026_02_NYG_LA,NYG @ LA,LA,NYG,Jordan Whittington,WR,WR3,ANYTIME_TD,leo-nflprop-v1,0.058,,,,,,,,,,Y,listed Doubtful,,,0.955,1,,,,,
2026-09-23,2026-09-24T14:41:56.092Z,2,2026_02_NYG_LA,NYG @ LA,NYG,LA,Jaxson Dart,QB,QB1,QB_PASS_YARDS,leo-nflprop-v1,185,213.5,under,20,W,165,193.5,Y,,lucky_win,,,6.8,26.6,0.981,1,4,5,-14,-146.88,
2026-09-23,2026-09-24T14:41:56.092Z,2,2026_02_NYG_LA,NYG @ LA,NYG,LA,Cam Skattebo,RB,RB1,RB_RUSH_YARDS,leo-nflprop-v1,72,52.5,over,36,L,36,16.5,N,,good_pick_lost,,,4,15.3,1.1079999999999999,1,3,12,-12,-13.2,
2026-09-23,2026-09-24T14:41:56.092Z,2,2026_02_NYG_LA,NYG @ LA,NYG,LA,Cam Skattebo,RB,RB1,ANYTIME_TD,leo-nflprop-v1,0.495,,,0,,0.495,,,0.245,,,,,,1.1079999999999999,1,,,,,
2026-09-23,2026-09-24T14:41:56.092Z,2,2026_02_NYG_LA,NYG @ LA,NYG,LA,Devin Singletary,RB,RB2,RB_RUSH_YARDS,leo-nflprop-v1,25,11.5,over,9,L,16,2.5,N,,good_pick_lost,,,3,6.5,1.1079999999999999,1,3,3,0,-10.5,
2026-09-23,2026-09-24T14:41:56.092Z,2,2026_02_NYG_LA,NYG @ LA,NYG,LA,Devin Singletary,RB,RB2,ANYTIME_TD,leo-nflprop-v1,0.245,,,0,,0.245,,,0.06,,,,,,1.1079999999999999,1,,,,,
2026-09-23,2026-09-24T14:41:56.092Z,2,2026_02_NYG_LA,NYG @ LA,NYG,LA,Malik Nabers,WR,WR1,WR_REC_YARDS,leo-nflprop-v1,64,61.5,,1,,63,60.5,N,,,,,7.2,8.9,0.981,1,0.25,4,-27.8,-35.28,
2026-09-23,2026-09-24T14:41:56.092Z,2,2026_02_NYG_LA,NYG @ LA,NYG,LA,Malik Nabers,WR,WR1,ANYTIME_TD,leo-nflprop-v1,0.258,,,0,,0.258,,,0.067,,,,,,0.981,1,,,,,
2026-09-23,2026-09-24T14:41:56.092Z,2,2026_02_NYG_LA,NYG @ LA,NYG,LA,Malachi Fields,WR,WR2,WR_REC_YARDS,leo-nflprop-v1,26,25.5,,30,,4,4.5,Y,,,,,6.3,4,0.981,1,5,6,-7.8,12.6,
2026-09-23,2026-09-24T14:41:56.092Z,2,2026_02_NYG_LA,NYG @ LA,NYG,LA,Malachi Fields,WR,WR2,ANYTIME_TD,leo-nflprop-v1,0.21,,,0,,0.21,,,0.044,,,,,,0.981,1,,,,,
2026-09-23,2026-09-24T14:41:56.092Z,2,2026_02_NYG_LA,NYG @ LA,NYG,LA,Darnell Mooney,WR,WR3,WR_REC_YARDS,leo-nflprop-v1,37,19.5,over,48,W,11,28.5,Y,,lucky_win,,,10.7,3.4,0.981,1,16,3,15.9,-4.28,
2026-09-23,2026-09-24T14:41:56.092Z,2,2026_02_NYG_LA,NYG @ LA,NYG,LA,Darnell Mooney,WR,WR3,ANYTIME_TD,leo-nflprop-v1,0.099,,,0,,0.099,,,0.01,,,,,,0.981,1,,,,,
2026-09-23,2026-09-24T14:41:56.092Z,2,2026_02_NYG_LA,NYG @ LA,LA,NYG,Matthew Stafford,QB,QB1,QB_PASS_YARDS,leo-nflprop-v1,212,239.5,under,327,L,115,87.5,N,,good_pick_lost,,,7,30.4,0.955,1,10.548,31,110,4.2,
2026-09-23,2026-09-24T14:41:56.092Z,2,2026_02_NYG_LA,NYG @ LA,LA,NYG,Kyren Williams,RB,RB1,RB_RUSH_YARDS,leo-nflprop-v1,55,63.5,under,85,L,30,21.5,N,,good_pick_lost,,,4.3,13.1,0.922,1,7.083,12,33.4,-4.73,
2026-09-23,2026-09-24T14:41:56.092Z,2,2026_02_NYG_LA,NYG @ LA,LA,NYG,Kyren Williams,RB,RB1,ANYTIME_TD,leo-nflprop-v1,0.445,,,1,,0.555,,,0.308,,,,,,0.922,1,,,,,
2026-09-23,2026-09-24T14:41:56.092Z,2,2026_02_NYG_LA,NYG @ LA,LA,NYG,Blake Corum,RB,RB2,RB_RUSH_YARDS,leo-nflprop-v1,49,49.5,,79,,30,29.5,N,,,,,5.4,9.3,0.922,1,6.583,12,14.2,14.58,
2026-09-23,2026-09-24T14:41:56.092Z,2,2026_02_NYG_LA,NYG @ LA,LA,NYG,Blake Corum,RB,RB2,ANYTIME_TD,leo-nflprop-v1,0.209,,,0,,0.209,,,0.044,,,,,,0.922,1,,,,,
2026-09-23,2026-09-24T14:41:56.092Z,2,2026_02_NYG_LA,NYG @ LA,LA,NYG,Puka Nacua,WR,WR1,WR_REC_YARDS,leo-nflprop-v1,87,,,,,,,,,,Y,no stat line (did not play),9,10,0.955,1,,,,,
2026-09-23,2026-09-24T14:41:56.092Z,2,2026_02_NYG_LA,NYG @ LA,LA,NYG,Puka Nacua,WR,WR1,ANYTIME_TD,leo-nflprop-v1,0.344,,,,,,,,,,Y,no stat line (did not play),,,0.955,1,,,,,
2026-09-23,2026-09-24T14:41:56.092Z,2,2026_02_NYG_LA,NYG @ LA,LA,NYG,Davante Adams,WR,WR2,WR_REC_YARDS,leo-nflprop-v1,40,64.5,under,195,L,155,130.5,N,,good_pick_lost,,,5.8,7.1,0.955,1,19.5,10,137,16.82,
2026-09-23,2026-09-24T14:41:56.092Z,2,2026_02_NYG_LA,NYG @ LA,LA,NYG,Davante Adams,WR,WR2,ANYTIME_TD,leo-nflprop-v1,0.428,,,1,,0.572,,,0.327,,,,,,0.955,1,,,,,
2026-09-23,2026-09-24T14:41:56.092Z,2,2026_02_NYG_LA,NYG @ LA,LA,NYG,Jordan Whittington,WR,WR3,WR_REC_YARDS,leo-nflprop-v1,10,,,,,,,,,,Y,listed Doubtful,7.1,1.3,0.955,1,,,,,
2026-09-23,2026-09-24T14:41:56.092Z,2,2026_02_NYG_LA,NYG @ LA,LA,NYG,Jordan Whittington,WR,WR3,ANYTIME_TD,leo-nflprop-v1,0.058,,,,,,,,,,Y,listed Doubtful,,,0.955,1,,,,,
2026-09-24,2026-09-25T15:03:23.575Z,3,2026_03_ATL_GB,ATL @ GB,ATL,GB,Cooper Rush,QB,QB1,QB_PASS_YARDS,leo-nflprop-v2,154,,,,,,,,,,Y,no stat line (did not play),6.6,25.5,0.9590000000000001,2,,,,,398
2026-09-24,2026-09-25T15:03:23.575Z,3,2026_03_ATL_GB,ATL @ GB,ATL,GB,Bijan Robinson,RB,RB1,RB_RUSH_YARDS,leo-nflprop-v1,78,78.5,,194,,116,115.5,N,,,,,4.5,17.7,0.924,2,6.69,29,63.5,50.85,398
2026-09-24,2026-09-25T15:03:23.575Z,3,2026_03_ATL_GB,ATL @ GB,ATL,GB,Bijan Robinson,RB,RB1,ANYTIME_TD,leo-nflprop-v1,0.22,,,1,,0.78,,,0.608,,,,,,0.924,2,,,,,398
2026-09-24,2026-09-25T15:03:23.575Z,3,2026_03_ATL_GB,ATL @ GB,ATL,GB,Brian Robinson,RB,RB2,RB_RUSH_YARDS,leo-nflprop-v1,33,24.5,over,50,W,17,25.5,Y,,lucky_win,,,4.2,7.7,0.924,2,5,10,8,9.66,398
2026-09-24,2026-09-25T15:03:23.575Z,3,2026_03_ATL_GB,ATL @ GB,ATL,GB,Brian Robinson,RB,RB2,ANYTIME_TD,leo-nflprop-v1,0.108,,,1,,0.892,,,0.796,,,,,,0.924,2,,,,,398
2026-09-24,2026-09-25T15:03:23.575Z,3,2026_03_ATL_GB,ATL @ GB,ATL,GB,Drake London,WR,WR1,WR_REC_YARDS,leo-nflprop-v2,57,65.5,under,194,L,137,128.5,N,,good_pick_lost,,,8.4,7.2,0.9590000000000001,2,19.4,10,110,23.52,398
2026-09-24,2026-09-25T15:03:23.575Z,3,2026_03_ATL_GB,ATL @ GB,ATL,GB,Drake London,WR,WR1,ANYTIME_TD,leo-nflprop-v1,0.268,,,0,,0.268,,,0.072,,,,,,0.9590000000000001,2,,,,,398
2026-09-24,2026-09-25T15:03:23.575Z,3,2026_03_ATL_GB,ATL @ GB,ATL,GB,Jahan Dotson,WR,WR2,WR_REC_YARDS,leo-nflprop-v2,15,17.5,under,11,W,4,6.5,Y,,lucky_win,,,5.5,3,0.9590000000000001,2,3.667,3,-5.5,0,398
2026-09-24,2026-09-25T15:03:23.575Z,3,2026_03_ATL_GB,ATL @ GB,ATL,GB,Jahan Dotson,WR,WR2,ANYTIME_TD,leo-nflprop-v1,0.082,,,0,,0.082,,,0.007,,,,,,0.9590000000000001,2,,,,,398
2026-09-24,2026-09-25T15:03:23.575Z,3,2026_03_ATL_GB,ATL @ GB,ATL,GB,Olamide Zaccheaus,WR,WR3,WR_REC_YARDS,leo-nflprop-v2,11,10.5,,9,,2,1.5,N,,,,,3.7,3.4,0.9590000000000001,2,4.5,2,1.6,-5.18,398
2026-09-24,2026-09-25T15:03:23.575Z,3,2026_03_ATL_GB,ATL @ GB,ATL,GB,Olamide Zaccheaus,WR,WR3,ANYTIME_TD,leo-nflprop-v1,0.114,,,0,,0.114,,,0.013,,,,,,0.9590000000000001,2,,,,,398
2026-09-24,2026-09-25T15:03:23.575Z,3,2026_03_ATL_GB,ATL @ GB,GB,ATL,Jordan Love,QB,QB1,QB_PASS_YARDS,leo-nflprop-v2,254,233.5,over,312,W,58,78.5,Y,,lucky_win,,,7.6,33,1.0390000000000001,2,5.887,53,-90.8,152,398
2026-09-24,2026-09-25T15:03:23.575Z,3,2026_03_ATL_GB,ATL @ GB,GB,ATL,MarShawn Lloyd,RB,RB1,RB_RUSH_YARDS,leo-nflprop-v1,28,24.5,over,11,L,17,13.5,N,,good_pick_lost,,,3.1,9.5,0.853,2,2.75,4,-1.4,-17.05,398
2026-09-24,2026-09-25T15:03:23.575Z,3,2026_03_ATL_GB,ATL @ GB,GB,ATL,MarShawn Lloyd,RB,RB1,ANYTIME_TD,leo-nflprop-v1,0.194,,,0,,0.194,,,0.038,,,,,,0.853,2,,,,,398
2026-09-24,2026-09-25T15:03:23.575Z,3,2026_03_ATL_GB,ATL @ GB,GB,ATL,Chris Brooks,RB,RB2,RB_RUSH_YARDS,leo-nflprop-v1,11,14.5,under,0,W,11,14.5,Y,,lucky_win,,,2.5,3.5,0.853,2,,0,,,398
2026-09-24,2026-09-25T15:03:23.575Z,3,2026_03_ATL_GB,ATL @ GB,GB,ATL,Chris Brooks,RB,RB2,ANYTIME_TD,leo-nflprop-v1,0.055,,,0,,0.055,,,0.003,,,,,,0.853,2,,,,,398
2026-09-24,2026-09-25T15:03:23.575Z,3,2026_03_ATL_GB,ATL @ GB,GB,ATL,Christian Watson,WR,WR1,WR_REC_YARDS,leo-nflprop-v2,80,71.5,over,96,W,16,24.5,Y,,lucky_win,,,11.6,6.8,1.0390000000000001,2,9.6,10,-20,37.12,398
2026-09-24,2026-09-25T15:03:23.575Z,3,2026_03_ATL_GB,ATL @ GB,GB,ATL,Christian Watson,WR,WR1,ANYTIME_TD,leo-nflprop-v1,0.576,,,1,,0.424,,,0.18,,,,,,1.0390000000000001,2,,,,,398
2026-09-24,2026-09-25T15:03:23.575Z,3,2026_03_ATL_GB,ATL @ GB,GB,ATL,Matthew Golden,WR,WR2,WR_REC_YARDS,leo-nflprop-v2,40,55.5,under,100,L,60,44.5,N,,good_pick_lost,,,7.6,5.2,1.0390000000000001,2,8.333,12,8.8,51.68,398
2026-09-24,2026-09-25T15:03:23.575Z,3,2026_03_ATL_GB,ATL @ GB,GB,ATL,Matthew Golden,WR,WR2,ANYTIME_TD,leo-nflprop-v1,0.06,,,1,,0.94,,,0.884,,,,,,1.0390000000000001,2,,,,,398
2026-09-24,2026-09-25T15:03:23.575Z,3,2026_03_ATL_GB,ATL @ GB,GB,ATL,Skyy Moore,WR,WR3,WR_REC_YARDS,leo-nflprop-v2,2,10.5,under,31,L,29,20.5,N,,good_pick_lost,,,3.1,0.9,1.0390000000000001,2,4.429,7,9.3,18.91,398
2026-09-24,2026-09-25T15:03:23.575Z,3,2026_03_ATL_GB,ATL @ GB,GB,ATL,Skyy Moore,WR,WR3,ANYTIME_TD,leo-nflprop-v1,0.053,,,0,,0.053,,,0.003,,,,,,1.0390000000000001,2,,,,,398
2026-09-27,2026-09-28T10:39:59.032Z,3,2026_03_LAC_BUF,LAC @ BUF,LAC,BUF,Justin Herbert,QB,QB1,QB_PASS_YARDS,leo-nflprop-v2,232,228.5,,226,,6,2.5,N,,,,,7.3,29.5,1.105,2,6.647,34,-22.2,32.85,293
2026-09-27,2026-09-28T10:39:59.032Z,3,2026_03_LAC_BUF,LAC @ BUF,LAC,BUF,Omarion Hampton,RB,RB1,RB_RUSH_YARDS,leo-nflprop-v1,65,58.5,over,56,L,9,2.5,N,,bad_pick_lost,,,4.1,15.6,0.945,2,3.733,15,-5.5,-2.46,293
2026-09-27,2026-09-28T10:39:59.032Z,3,2026_03_LAC_BUF,LAC @ BUF,LAC,BUF,Omarion Hampton,RB,RB1,ANYTIME_TD,leo-nflprop-v1,0.439,,,0,,0.439,,,0.193,,,,,,0.945,2,,,,,293
2026-09-27,2026-09-28T10:39:59.032Z,3,2026_03_LAC_BUF,LAC @ BUF,LAC,BUF,Keaton Mitchell,RB,RB2,RB_RUSH_YARDS,leo-nflprop-v1,22,14.5,over,52,W,30,37.5,Y,,lucky_win,,,4.5,4.5,0.945,2,6.5,8,16,15.75,293
2026-09-27,2026-09-28T10:39:59.032Z,3,2026_03_LAC_BUF,LAC @ BUF,LAC,BUF,Keaton Mitchell,RB,RB2,ANYTIME_TD,leo-nflprop-v1,0.103,,,1,,0.897,,,0.805,,,,,,0.945,2,,,,,293
2026-09-27,2026-09-28T10:39:59.032Z,3,2026_03_LAC_BUF,LAC @ BUF,LAC,BUF,Quentin Johnston,WR,WR1,WR_REC_YARDS,leo-nflprop-v2,34,36.5,under,40,L,6,3.5,N,,bad_pick_lost,,,5.3,6.1,1.105,2,6.667,6,8.2,-0.53,293
2026-09-27,2026-09-28T10:39:59.032Z,3,2026_03_LAC_BUF,LAC @ BUF,LAC,BUF,Quentin Johnston,WR,WR1,ANYTIME_TD,leo-nflprop-v1,0.316,,,0,,0.316,,,0.1,,,,,,1.105,2,,,,,293
2026-09-27,2026-09-28T10:39:59.032Z,3,2026_03_LAC_BUF,LAC @ BUF,LAC,BUF,Ladd McConkey,WR,WR2,WR_REC_YARDS,leo-nflprop-v2,63,58.5,over,66,W,3,7.5,Y,,good_pick_won,,,9.7,6,1.105,2,13.2,5,17.5,-9.7,293
2026-09-27,2026-09-28T10:39:59.032Z,3,2026_03_LAC_BUF,LAC @ BUF,LAC,BUF,Ladd McConkey,WR,WR2,ANYTIME_TD,leo-nflprop-v1,0.359,,,0,,0.359,,,0.129,,,,,,1.105,2,,,,,293
2026-09-27,2026-09-28T10:39:59.032Z,3,2026_03_LAC_BUF,LAC @ BUF,LAC,BUF,Tre Harris,WR,WR3,WR_REC_YARDS,leo-nflprop-v2,33,31.5,,76,,43,44.5,Y,,,,,8.9,3.5,1.105,2,10.857,7,13.7,31.15,293
2026-09-27,2026-09-28T10:39:59.032Z,3,2026_03_LAC_BUF,LAC @ BUF,LAC,BUF,Tre Harris,WR,WR3,ANYTIME_TD,leo-nflprop-v1,0.09,,,0,,0.09,,,0.008,,,,,,1.105,2,,,,,293
2026-09-27,2026-09-28T10:39:59.032Z,3,2026_03_LAC_BUF,LAC @ BUF,BUF,LAC,Josh Allen,QB,QB1,QB_PASS_YARDS,leo-nflprop-v2,267,238.5,over,204,L,63,34.5,N,,bad_pick_lost,,,8.9,29.4,1.053,2,7.846,26,-27.4,-30.26,293
2026-09-27,2026-09-28T10:39:59.032Z,3,2026_03_LAC_BUF,LAC @ BUF,BUF,LAC,James Cook,RB,RB1,RB_RUSH_YARDS,leo-nflprop-v1,90,79.5,over,154,W,64,74.5,Y,,lucky_win,,,5.4,17.6,0.92,2,6.417,24,24.4,34.56,293
2026-09-27,2026-09-28T10:39:59.032Z,3,2026_03_LAC_BUF,LAC @ BUF,BUF,LAC,James Cook,RB,RB1,ANYTIME_TD,leo-nflprop-v1,0.414,,,1,,0.586,,,0.343,,,,,,0.92,2,,,,,293
2026-09-27,2026-09-28T10:39:59.032Z,3,2026_03_LAC_BUF,LAC @ BUF,BUF,LAC,Ray Davis,RB,RB2,RB_RUSH_YARDS,leo-nflprop-v1,6,,,,,,,,,,Y,no stat line (did not play),1.7,2,0.92,2,,,,,293
2026-09-27,2026-09-28T10:39:59.032Z,3,2026_03_LAC_BUF,LAC @ BUF,BUF,LAC,Ray Davis,RB,RB2,ANYTIME_TD,leo-nflprop-v1,0.059,,,,,,,,,,Y,no stat line (did not play),,,0.92,2,,,,,293
2026-09-27,2026-09-28T10:39:59.032Z,3,2026_03_LAC_BUF,LAC @ BUF,BUF,LAC,Khalil Shakir,WR,WR1,WR_REC_YARDS,leo-nflprop-v2,44,43.5,,6,,38,37.5,N,,,,,7.3,6,1.053,2,2,3,-15.9,-21.9,293
2026-09-27,2026-09-28T10:39:59.032Z,3,2026_03_LAC_BUF,LAC @ BUF,BUF,LAC,Khalil Shakir,WR,WR1,ANYTIME_TD,leo-nflprop-v1,0.169,,,0,,0.169,,,0.029,,,,,,1.053,2,,,,,293
2026-09-27,2026-09-28T10:39:59.032Z,3,2026_03_LAC_BUF,LAC @ BUF,BUF,LAC,DJ Moore,WR,WR2,WR_REC_YARDS,leo-nflprop-v2,29,49.5,under,67,L,38,17.5,N,,good_pick_lost,,,6.7,4.3,1.053,2,6.7,10,0,38.19,293
2026-09-27,2026-09-28T10:39:59.032Z,3,2026_03_LAC_BUF,LAC @ BUF,BUF,LAC,DJ Moore,WR,WR2,ANYTIME_TD,leo-nflprop-v1,0.339,,,0,,0.339,,,0.115,,,,,,1.053,2,,,,,293
2026-09-27,2026-09-28T10:39:59.032Z,3,2026_03_LAC_BUF,LAC @ BUF,BUF,LAC,Keon Coleman,WR,WR3,WR_REC_YARDS,leo-nflprop-v2,28,,,37,,9,,,,,,,6.3,4.3,1.053,2,18.5,2,24.4,-14.49,293
2026-09-27,2026-09-28T10:39:59.032Z,3,2026_03_LAC_BUF,LAC @ BUF,BUF,LAC,Keon Coleman,WR,WR3,ANYTIME_TD,leo-nflprop-v1,0.203,,,0,,0.203,,,0.041,,,,,,1.053,2,,,,,293
2026-09-27,2026-09-28T10:39:59.032Z,3,2026_03_CAR_CLE,CAR @ CLE,CAR,CLE,Bryce Young,QB,QB1,QB_PASS_YARDS,leo-nflprop-v2,243,223.5,over,291,W,48,67.5,Y,,lucky_win,,,7.7,33.2,0.978,2,6.063,48,-78.6,113.96,293
2026-09-27,2026-09-28T10:39:59.032Z,3,2026_03_CAR_CLE,CAR @ CLE,CAR,CLE,Chuba Hubbard,RB,RB1,RB_RUSH_YARDS,leo-nflprop-v1,48,68.5,under,82,L,34,13.5,N,,good_pick_lost,,,4.3,10,1.052,2,4.316,19,0.3,38.7,293
2026-09-27,2026-09-28T10:39:59.032Z,3,2026_03_CAR_CLE,CAR @ CLE,CAR,CLE,Chuba Hubbard,RB,RB1,ANYTIME_TD,leo-nflprop-v1,0.248,,,0,,0.248,,,0.062,,,,,,1.052,2,,,,,293
2026-09-27,2026-09-28T10:39:59.032Z,3,2026_03_CAR_CLE,CAR @ CLE,CAR,CLE,AJ Dillon,RB,RB2,RB_RUSH_YARDS,leo-nflprop-v1,13,13.5,,16,,3,2.5,N,,,,,3.1,3,1.052,2,4,4,3.6,3.1,293
2026-09-27,2026-09-28T10:39:59.032Z,3,2026_03_CAR_CLE,CAR @ CLE,CAR,CLE,AJ Dillon,RB,RB2,ANYTIME_TD,leo-nflprop-v1,0.125,,,0,,0.125,,,0.016,,,,,,1.052,2,,,,,293
2026-09-27,2026-09-28T10:39:59.032Z,3,2026_03_CAR_CLE,CAR @ CLE,CAR,CLE,Jalen Coker,WR,WR1,WR_REC_YARDS,leo-nflprop-v2,57,58.5,,18,,39,40.5,Y,,,,,10,6,0.978,2,4.5,4,-22,-20,293
2026-09-27,2026-09-28T10:39:59.032Z,3,2026_03_CAR_CLE,CAR @ CLE,CAR,CLE,Jalen Coker,WR,WR1,ANYTIME_TD,leo-nflprop-v1,0.4,,,0,,0.4,,,0.16,,,,,,0.978,2,,,,,293
2026-09-27,2026-09-28T10:39:59.032Z,3,2026_03_CAR_CLE,CAR @ CLE,CAR,CLE,Tetairoa McMillan,WR,WR2,WR_REC_YARDS,leo-nflprop-v2,69,64.5,over,17,L,52,47.5,N,,good_pick_lost,,,9.1,7.9,0.978,2,3.4,5,-28.5,-26.39,293
2026-09-27,2026-09-28T10:39:59.032Z,3,2026_03_CAR_CLE,CAR @ CLE,CAR,CLE,Tetairoa McMillan,WR,WR2,ANYTIME_TD,leo-nflprop-v1,0.221,,,0,,0.221,,,0.049,,,,,,0.978,2,,,,,293
2026-09-27,2026-09-28T10:39:59.032Z,3,2026_03_CAR_CLE,CAR @ CLE,CAR,CLE,Xavier Legette,WR,WR3,WR_REC_YARDS,leo-nflprop-v2,24,12.5,over,,,,,,,,Y,no stat line (did not play),6.6,3.8,0.978,2,,,,,293
2026-09-27,2026-09-28T10:39:59.032Z,3,2026_03_CAR_CLE,CAR @ CLE,CAR,CLE,Xavier Legette,WR,WR3,ANYTIME_TD,leo-nflprop-v1,0.138,,,,,,,,,,Y,no stat line (did not play),,,0.978,2,,,,,293
2026-09-27,2026-09-28T10:39:59.032Z,3,2026_03_CAR_CLE,CAR @ CLE,CLE,CAR,Deshaun Watson,QB,QB1,QB_PASS_YARDS,leo-nflprop-v2,208,187.5,over,144,L,64,43.5,N,,bad_pick_lost,,,7.7,28.7,0.9690000000000001,2,4.8,30,-87,10.01,293
2026-09-27,2026-09-28T10:39:59.032Z,3,2026_03_CAR_CLE,CAR @ CLE,CLE,CAR,Quinshon Judkins,RB,RB1,RB_RUSH_YARDS,leo-nflprop-v1,50,60.5,under,70,L,20,9.5,N,,bad_pick_lost,,,2.9,14.2,1.15,2,3.889,18,17.8,11.02,293
2026-09-27,2026-09-28T10:39:59.032Z,3,2026_03_CAR_CLE,CAR @ CLE,CLE,CAR,Quinshon Judkins,RB,RB1,ANYTIME_TD,leo-nflprop-v1,0.299,,,0,,0.299,,,0.089,,,,,,1.15,2,,,,,293
2026-09-27,2026-09-28T10:39:59.032Z,3,2026_03_CAR_CLE,CAR @ CLE,CLE,CAR,Raheim Sanders,RB,RB2,RB_RUSH_YARDS,leo-nflprop-v1,14,9.5,over,17,W,3,7.5,Y,,lucky_win,,,2.3,4.1,1.15,2,17,1,14.7,-7.13,293
2026-09-27,2026-09-28T10:39:59.032Z,3,2026_03_CAR_CLE,CAR @ CLE,CLE,CAR,Raheim Sanders,RB,RB2,ANYTIME_TD,leo-nflprop-v1,0.222,,,0,,0.222,,,0.049,,,,,,1.15,2,,,,,293
2026-09-27,2026-09-28T10:39:59.032Z,3,2026_03_CAR_CLE,CAR @ CLE,CLE,CAR,Denzel Boston,WR,WR1,WR_REC_YARDS,leo-nflprop-v2,82,47.5,over,41,L,41,6.5,N,,good_pick_lost,,,14.2,6.1,0.9690000000000001,2,10.25,4,-15.8,-29.82,293
2026-09-27,2026-09-28T10:39:59.032Z,3,2026_03_CAR_CLE,CAR @ CLE,CLE,CAR,Denzel Boston,WR,WR1,ANYTIME_TD,leo-nflprop-v1,0.404,,,0,,0.404,,,0.163,,,,,,0.9690000000000001,2,,,,,293
2026-09-27,2026-09-28T10:39:59.032Z,3,2026_03_CAR_CLE,CAR @ CLE,CLE,CAR,KC Concepcion,WR,WR2,WR_REC_YARDS,leo-nflprop-v2,38,33.5,over,9,L,29,24.5,N,,good_pick_lost,,,6.6,6.1,0.9690000000000001,2,1,9,-50.4,19.14,293
2026-09-27,2026-09-28T10:39:59.032Z,3,2026_03_CAR_CLE,CAR @ CLE,CLE,CAR,KC Concepcion,WR,WR2,ANYTIME_TD,leo-nflprop-v1,0.176,,,0,,0.176,,,0.031,,,,,,0.9690000000000001,2,,,,,293
2026-09-27,2026-09-28T10:39:59.032Z,3,2026_03_CAR_CLE,CAR @ CLE,CLE,CAR,Jerry Jeudy,WR,WR3,WR_REC_YARDS,leo-nflprop-v2,19,20.5,under,,,,,,,,Y,no stat line (did not play),4.5,4.6,0.9690000000000001,2,,,,,293
2026-09-27,2026-09-28T10:39:59.032Z,3,2026_03_CAR_CLE,CAR @ CLE,CLE,CAR,Jerry Jeudy,WR,WR3,ANYTIME_TD,leo-nflprop-v1,0.101,,,,,,,,,,Y,no stat line (did not play),,,0.9690000000000001,2,,,,,293
2026-09-27,2026-09-28T10:39:59.032Z,3,2026_03_NYJ_DET,NYJ @ DET,NYJ,DET,Geno Smith,QB,QB1,QB_PASS_YARDS,leo-nflprop-v2,241,230.5,,321,,80,90.5,Y,,,,,6.9,31.2,1.147,2,8.676,37,65.7,40.02,293
2026-09-27,2026-09-28T10:39:59.032Z,3,2026_03_NYJ_DET,NYJ @ DET,NYJ,DET,Breece Hall,RB,RB1,RB_RUSH_YARDS,leo-nflprop-v1,74,60.5,over,32,L,42,28.5,N,,good_pick_lost,,,3.8,17.1,1.097,2,2.462,13,-17.4,-15.58,293
2026-09-27,2026-09-28T10:39:59.032Z,3,2026_03_NYJ_DET,NYJ @ DET,NYJ,DET,Breece Hall,RB,RB1,ANYTIME_TD,leo-nflprop-v1,0.324,,,0,,0.324,,,0.105,,,,,,1.097,2,,,,,293
2026-09-27,2026-09-28T10:39:59.032Z,3,2026_03_NYJ_DET,NYJ @ DET,NYJ,DET,Braelon Allen,RB,RB2,RB_RUSH_YARDS,leo-nflprop-v1,28,17.5,over,14,L,14,3.5,N,,good_pick_lost,,,3.7,6,1.097,2,3.5,4,-0.8,-7.4,293
2026-09-27,2026-09-28T10:39:59.032Z,3,2026_03_NYJ_DET,NYJ @ DET,NYJ,DET,Braelon Allen,RB,RB2,ANYTIME_TD,leo-nflprop-v1,0.345,,,0,,0.345,,,0.119,,,,,,1.097,2,,,,,293
2026-09-27,2026-09-28T10:39:59.032Z,3,2026_03_NYJ_DET,NYJ @ DET,NYJ,DET,Adonai Mitchell,WR,WR1,WR_REC_YARDS,leo-nflprop-v2,56,45.5,over,,,,,,,,Y,no stat line (did not play),9.1,5.5,1.147,2,,,,,293
2026-09-27,2026-09-28T10:39:59.032Z,3,2026_03_NYJ_DET,NYJ @ DET,NYJ,DET,Adonai Mitchell,WR,WR1,ANYTIME_TD,leo-nflprop-v1,0.124,,,,,,,,,,Y,no stat line (did not play),,,1.147,2,,,,,293
2026-09-27,2026-09-28T10:39:59.032Z,3,2026_03_NYJ_DET,NYJ @ DET,NYJ,DET,Garrett Wilson,WR,WR2,WR_REC_YARDS,leo-nflprop-v2,75,76.5,,107,,32,30.5,N,,,,,7.9,8.5,1.147,2,8.231,13,4.3,35.55,293
2026-09-27,2026-09-28T10:39:59.032Z,3,2026_03_NYJ_DET,NYJ @ DET,NYJ,DET,Garrett Wilson,WR,WR2,ANYTIME_TD,leo-nflprop-v1,0.413,,,1,,0.587,,,0.345,,,,,,1.147,2,,,,,293
2026-09-27,2026-09-28T10:39:59.032Z,3,2026_03_NYJ_DET,NYJ @ DET,NYJ,DET,Isaiah Williams,WR,WR3,WR_REC_YARDS,leo-nflprop-v2,14,25.5,under,21,W,7,4.5,N,,lucky_win,,,4.6,2.9,1.147,2,10.5,2,11.8,-4.14,293
2026-09-27,2026-09-28T10:39:59.032Z,3,2026_03_NYJ_DET,NYJ @ DET,NYJ,DET,Isaiah Williams,WR,WR3,ANYTIME_TD,leo-nflprop-v1,0.063,,,0,,0.063,,,0.004,,,,,,1.147,2,,,,,293
2026-09-27,2026-09-28T10:39:59.032Z,3,2026_03_NYJ_DET,NYJ @ DET,DET,NYJ,Jared Goff,QB,QB1,QB_PASS_YARDS,leo-nflprop-v2,227,261.5,under,269,L,42,7.5,N,,bad_pick_lost,,,7.4,36.3,0.875,2,8.406,32,32.2,-31.82,293
2026-09-27,2026-09-28T10:39:59.032Z,3,2026_03_NYJ_DET,NYJ @ DET,DET,NYJ,Jahmyr Gibbs,RB,RB1,RB_RUSH_YARDS,leo-nflprop-v1,76,89.5,under,99,L,23,9.5,N,,bad_pick_lost,,,4.6,18.4,0.8590000000000001,2,4.95,20,7,7.36,293
2026-09-27,2026-09-28T10:39:59.032Z,3,2026_03_NYJ_DET,NYJ @ DET,DET,NYJ,Jahmyr Gibbs,RB,RB1,ANYTIME_TD,leo-nflprop-v1,0.486,,,1,,0.514,,,0.264,,,,,,0.8590000000000001,2,,,,,293
2026-09-27,2026-09-28T10:39:59.032Z,3,2026_03_NYJ_DET,NYJ @ DET,DET,NYJ,Sione Vaki,RB,RB2,RB_RUSH_YARDS,leo-nflprop-v1,5,10.5,under,26,L,21,15.5,N,,good_pick_lost,,,2.9,0.8,0.8590000000000001,2,4.333,6,8.6,15.08,293
2026-09-27,2026-09-28T10:39:59.032Z,3,2026_03_NYJ_DET,NYJ @ DET,DET,NYJ,Sione Vaki,RB,RB2,ANYTIME_TD,leo-nflprop-v1,0.089,,,0,,0.089,,,0.008,,,,,,0.8590000000000001,2,,,,,293
2026-09-27,2026-09-28T10:39:59.032Z,3,2026_03_NYJ_DET,NYJ @ DET,DET,NYJ,Amon-Ra St. Brown,WR,WR1,WR_REC_YARDS,leo-nflprop-v2,77,78.5,,19,,58,59.5,Y,,,,,7.8,11.4,0.875,2,2.375,8,-43.4,-26.52,293
2026-09-27,2026-09-28T10:39:59.032Z,3,2026_03_NYJ_DET,NYJ @ DET,DET,NYJ,Amon-Ra St. Brown,WR,WR1,ANYTIME_TD,leo-nflprop-v1,0.597,,,1,,0.403,,,0.162,,,,,,0.875,2,,,,,293
2026-09-27,2026-09-28T10:39:59.032Z,3,2026_03_NYJ_DET,NYJ @ DET,DET,NYJ,Jameson Williams,WR,WR2,WR_REC_YARDS,leo-nflprop-v2,45,54.5,under,49,W,4,5.5,Y,,good_pick_won,,,8.5,6.2,0.875,2,12.25,4,15,-18.7,293
2026-09-27,2026-09-28T10:39:59.032Z,3,2026_03_NYJ_DET,NYJ @ DET,DET,NYJ,Jameson Williams,WR,WR2,ANYTIME_TD,leo-nflprop-v1,0.2,,,0,,0.2,,,0.04,,,,,,0.875,2,,,,,293
2026-09-27,2026-09-28T10:39:59.032Z,3,2026_03_NYJ_DET,NYJ @ DET,DET,NYJ,Isaac TeSlaa,WR,WR3,WR_REC_YARDS,leo-nflprop-v2,11,15.5,under,66,L,55,50.5,N,,good_pick_lost,,,5.8,2.3,0.875,2,22,3,48.6,4.06,293
2026-09-27,2026-09-28T10:39:59.032Z,3,2026_03_NYJ_DET,NYJ @ DET,DET,NYJ,Isaac TeSlaa,WR,WR3,ANYTIME_TD,leo-nflprop-v1,0.203,,,0,,0.203,,,0.041,,,,,,0.875,2,,,,,293
2026-09-27,2026-09-28T10:39:59.032Z,3,2026_03_HOU_IND,HOU @ IND,HOU,IND,C.J. Stroud,QB,QB1,QB_PASS_YARDS,leo-nflprop-v2,304,236.5,over,167,L,137,69.5,N,,good_pick_lost,,,6.9,39.1,1.15,2,6.185,27,-19.3,-83.49,293
2026-09-27,2026-09-28T10:39:59.032Z,3,2026_03_HOU_IND,HOU @ IND,HOU,IND,David Montgomery,RB,RB1,RB_RUSH_YARDS,leo-nflprop-v1,48,49.5,,33,,15,16.5,Y,,,,,3.5,11.1,1.15,2,3,11,-5.5,-0.35,293
2026-09-27,2026-09-28T10:39:59.032Z,3,2026_03_HOU_IND,HOU @ IND,HOU,IND,David Montgomery,RB,RB1,ANYTIME_TD,leo-nflprop-v1,0.516,,,0,,0.516,,,0.266,,,,,,1.15,2,,,,,293
2026-09-27,2026-09-28T10:39:59.032Z,3,2026_03_HOU_IND,HOU @ IND,HOU,IND,Woody Marks,RB,RB2,RB_RUSH_YARDS,leo-nflprop-v1,42,27.5,over,15,L,27,12.5,N,,good_pick_lost,,,3.2,10.4,1.15,2,3,5,-1,-17.28,293
2026-09-27,2026-09-28T10:39:59.032Z,3,2026_03_HOU_IND,HOU @ IND,HOU,IND,Woody Marks,RB,RB2,ANYTIME_TD,leo-nflprop-v1,0.139,,,1,,0.861,,,0.741,,,,,,1.15,2,,,,,293
2026-09-27,2026-09-28T10:39:59.032Z,3,2026_03_HOU_IND,HOU @ IND,HOU,IND,Xavier Hutchinson,WR,WR1,WR_REC_YARDS,leo-nflprop-v2,31,38.5,under,51,L,20,12.5,N,,good_pick_lost,,,5.6,5,1.15,2,8.5,6,17.4,5.6,293
2026-09-27,2026-09-28T10:39:59.032Z,3,2026_03_HOU_IND,HOU @ IND,HOU,IND,Xavier Hutchinson,WR,WR1,ANYTIME_TD,leo-nflprop-v1,0.154,,,0,,0.154,,,0.024,,,,,,1.15,2,,,,,293
2026-09-27,2026-09-28T10:39:59.032Z,3,2026_03_HOU_IND,HOU @ IND,HOU,IND,Jared Wayne,WR,WR2,WR_REC_YARDS,leo-nflprop-v2,25,15.5,over,20,W,5,4.5,N,,lucky_win,,,9.2,2.5,1.15,2,5,4,-16.8,13.8,293
2026-09-27,2026-09-28T10:39:59.032Z,3,2026_03_HOU_IND,HOU @ IND,HOU,IND,Jared Wayne,WR,WR2,ANYTIME_TD,leo-nflprop-v1,0.179,,,0,,0.179,,,0.032,,,,,,1.15,2,,,,,293
2026-09-27,2026-09-28T10:39:59.032Z,3,2026_03_HOU_IND,HOU @ IND,HOU,IND,Kayshon Boutte,WR,WR3,WR_REC_YARDS,leo-nflprop-v2,45,37.5,over,21,L,24,16.5,N,,good_pick_lost,,,10.7,3.8,1.15,2,10.5,2,-0.4,-19.26,293
2026-09-27,2026-09-28T10:39:59.032Z,3,2026_03_HOU_IND,HOU @ IND,HOU,IND,Kayshon Boutte,WR,WR3,ANYTIME_TD,leo-nflprop-v1,0.258,,,0,,0.258,,,0.067,,,,,,1.15,2,,,,,293
2026-09-27,2026-09-28T10:39:59.032Z,3,2026_03_HOU_IND,HOU @ IND,IND,HOU,Daniel Jones,QB,QB1,QB_PASS_YARDS,leo-nflprop-v2,227,212.5,over,235,W,8,22.5,Y,,good_pick_won,,,7.1,31.2,1.061,2,6.528,36,-20.6,34.08,293
2026-09-27,2026-09-28T10:39:59.032Z,3,2026_03_HOU_IND,HOU @ IND,IND,HOU,Jonathan Taylor,RB,RB1,RB_RUSH_YARDS,leo-nflprop-v1,90,81.5,over,68,L,22,13.5,N,,bad_pick_lost,,,4.7,20.3,0.917,2,2.957,23,-40.1,12.69,293
2026-09-27,2026-09-28T10:39:59.032Z,3,2026_03_HOU_IND,HOU @ IND,IND,HOU,Jonathan Taylor,RB,RB1,ANYTIME_TD,leo-nflprop-v1,0.684,,,0,,0.684,,,0.468,,,,,,0.917,2,,,,,293
2026-09-27,2026-09-28T10:39:59.032Z,3,2026_03_HOU_IND,HOU @ IND,IND,HOU,Seth McGowan,RB,RB2,RB_RUSH_YARDS,leo-nflprop-v1,3,,,14,,11,,,,,,,0,1,0.917,2,3.5,4,14,0,293
2026-09-27,2026-09-28T10:39:59.032Z,3,2026_03_HOU_IND,HOU @ IND,IND,HOU,Seth McGowan,RB,RB2,ANYTIME_TD,leo-nflprop-v1,0.207,,,0,,0.207,,,0.043,,,,,,0.917,2,,,,,293
2026-09-27,2026-09-28T10:39:59.032Z,3,2026_03_HOU_IND,HOU @ IND,IND,HOU,Josh Downs,WR,WR1,WR_REC_YARDS,leo-nflprop-v2,47,50.5,under,77,L,30,26.5,N,,good_pick_lost,,,7.6,5.9,1.061,2,7,11,-6.6,38.76,293
2026-09-27,2026-09-28T10:39:59.032Z,3,2026_03_HOU_IND,HOU @ IND,IND,HOU,Josh Downs,WR,WR1,ANYTIME_TD,leo-nflprop-v1,0.17,,,0,,0.17,,,0.029,,,,,,1.061,2,,,,,293
2026-09-27,2026-09-28T10:39:59.032Z,3,2026_03_HOU_IND,HOU @ IND,IND,HOU,Keenan Allen,WR,WR2,WR_REC_YARDS,leo-nflprop-v2,32,32.5,,63,,31,30.5,N,,,,,4.8,6.4,1.061,2,7,9,19.8,12.48,293
2026-09-27,2026-09-28T10:39:59.032Z,3,2026_03_HOU_IND,HOU @ IND,IND,HOU,Keenan Allen,WR,WR2,ANYTIME_TD,leo-nflprop-v1,0.163,,,1,,0.837,,,0.701,,,,,,1.061,2,,,,,293
2026-09-27,2026-09-28T10:39:59.032Z,3,2026_03_HOU_IND,HOU @ IND,IND,HOU,Laquon Treadwell,WR,WR3,WR_REC_YARDS,leo-nflprop-v2,3,18.5,under,20,L,17,1.5,N,,good_pick_lost,,,5.1,0.8,1.061,2,20,1,14.9,1.02,293
2026-09-27,2026-09-28T10:39:59.032Z,3,2026_03_HOU_IND,HOU @ IND,IND,HOU,Laquon Treadwell,WR,WR3,ANYTIME_TD,leo-nflprop-v1,0.101,,,0,,0.101,,,0.01,,,,,,1.061,2,,,,,293
2026-09-27,2026-09-28T10:39:59.032Z,3,2026_03_NE_JAX,NE @ JAX,NE,JAX,Drake Maye,QB,QB1,QB_PASS_YARDS,leo-nflprop-v2,225,222.5,,199,,26,23.5,N,,,,,8,28.2,1.026,2,7.96,25,-1,-25.6,293
2026-09-27,2026-09-28T10:39:59.032Z,3,2026_03_NE_JAX,NE @ JAX,NE,JAX,TreVeyon Henderson,RB,RB1,RB_RUSH_YARDS,leo-nflprop-v1,63,41.5,over,23,L,40,18.5,N,,good_pick_lost,,,4.7,13.3,0.946,1,2.875,8,-14.6,-24.91,293
2026-09-27,2026-09-28T10:39:59.032Z,3,2026_03_NE_JAX,NE @ JAX,NE,JAX,TreVeyon Henderson,RB,RB1,ANYTIME_TD,leo-nflprop-v1,0.429,,,0,,0.429,,,0.184,,,,,,0.946,1,,,,,293
2026-09-27,2026-09-28T10:39:59.032Z,3,2026_03_NE_JAX,NE @ JAX,NE,JAX,Rhamondre Stevenson,RB,RB2,RB_RUSH_YARDS,leo-nflprop-v1,54,35.5,over,22,L,32,13.5,N,,good_pick_lost,,,5,10.6,0.946,2,3.143,7,-13,-18,293
2026-09-27,2026-09-28T10:39:59.032Z,3,2026_03_NE_JAX,NE @ JAX,NE,JAX,Rhamondre Stevenson,RB,RB2,ANYTIME_TD,leo-nflprop-v1,0.254,,,0,,0.254,,,0.065,,,,,,0.946,2,,,,,293
2026-09-27,2026-09-28T10:39:59.032Z,3,2026_03_NE_JAX,NE @ JAX,NE,JAX,DeMario Douglas,WR,WR1,WR_REC_YARDS,leo-nflprop-v2,27,29.5,under,38,L,11,8.5,N,,bad_pick_lost,,,7.9,3.5,1.026,2,7.6,5,-1.5,11.85,293
2026-09-27,2026-09-28T10:39:59.032Z,3,2026_03_NE_JAX,NE @ JAX,NE,JAX,DeMario Douglas,WR,WR1,ANYTIME_TD,leo-nflprop-v1,0.139,,,0,,0.139,,,0.019,,,,,,1.026,2,,,,,293
2026-09-27,2026-09-28T10:39:59.032Z,3,2026_03_NE_JAX,NE @ JAX,NE,JAX,Mack Hollins,WR,WR2,WR_REC_YARDS,leo-nflprop-v2,36,33.5,over,87,W,51,53.5,Y,,lucky_win,,,8.9,4.1,1.026,2,9.667,9,6.9,43.61,293
2026-09-27,2026-09-28T10:39:59.032Z,3,2026_03_NE_JAX,NE @ JAX,NE,JAX,Mack Hollins,WR,WR2,ANYTIME_TD,leo-nflprop-v1,0.122,,,0,,0.122,,,0.015,,,,,,1.026,2,,,,,293
2026-09-27,2026-09-28T10:39:59.032Z,3,2026_03_NE_JAX,NE @ JAX,NE,JAX,Romeo Doubs,WR,WR3,WR_REC_YARDS,leo-nflprop-v2,48,42.5,over,49,W,1,6.5,Y,,good_pick_won,,,10.4,4.6,1.026,2,12.25,4,7.4,-6.24,293
2026-09-27,2026-09-28T10:39:59.032Z,3,2026_03_NE_JAX,NE @ JAX,NE,JAX,Romeo Doubs,WR,WR3,ANYTIME_TD,leo-nflprop-v1,0.215,,,0,,0.215,,,0.046,,,,,,1.026,2,,,,,293
2026-09-27,2026-09-28T10:39:59.032Z,3,2026_03_NE_JAX,NE @ JAX,JAX,NE,Trevor Lawrence,QB,QB1,QB_PASS_YARDS,leo-nflprop-v2,208,228.5,under,182,W,26,46.5,Y,,good_pick_won,,,7.7,29.5,0.9490000000000001,2,6.276,29,-41.3,-3.85,293
2026-09-27,2026-09-28T10:39:59.032Z,3,2026_03_NE_JAX,NE @ JAX,JAX,NE,Bhayshul Tuten,RB,RB1,RB_RUSH_YARDS,leo-nflprop-v1,42,51.5,under,73,L,31,21.5,N,,good_pick_lost,,,4.2,9.8,0.9420000000000001,2,4.867,15,10,21.84,293
2026-09-27,2026-09-28T10:39:59.032Z,3,2026_03_NE_JAX,NE @ JAX,JAX,NE,Bhayshul Tuten,RB,RB1,ANYTIME_TD,leo-nflprop-v1,0.313,,,1,,0.687,,,0.472,,,,,,0.9420000000000001,2,,,,,293
2026-09-27,2026-09-28T10:39:59.032Z,3,2026_03_NE_JAX,NE @ JAX,JAX,NE,Chris Rodriguez Jr.,RB,RB2,RB_RUSH_YARDS,leo-nflprop-v1,29,20.5,over,37,W,8,16.5,Y,,lucky_win,,,3.6,7.7,0.9420000000000001,2,4.625,8,8.2,1.08,293
2026-09-27,2026-09-28T10:39:59.032Z,3,2026_03_NE_JAX,NE @ JAX,JAX,NE,Chris Rodriguez Jr.,RB,RB2,ANYTIME_TD,leo-nflprop-v1,0.251,,,1,,0.749,,,0.561,,,,,,0.9420000000000001,2,,,,,293
2026-09-27,2026-09-28T10:39:59.032Z,3,2026_03_NE_JAX,NE @ JAX,JAX,NE,Parker Washington,WR,WR1,WR_REC_YARDS,leo-nflprop-v2,67,67.5,,40,,27,27.5,Y,,,,,9.7,7.5,0.9490000000000001,2,8,5,-8.5,-24.25,293
2026-09-27,2026-09-28T10:39:59.032Z,3,2026_03_NE_JAX,NE @ JAX,JAX,NE,Parker Washington,WR,WR1,ANYTIME_TD,leo-nflprop-v1,0.298,,,1,,0.702,,,0.493,,,,,,0.9490000000000001,2,,,,,293
2026-09-27,2026-09-28T10:39:59.032Z,3,2026_03_NE_JAX,NE @ JAX,JAX,NE,Brian Thomas Jr.,WR,WR2,WR_REC_YARDS,leo-nflprop-v2,48,36.5,over,8,L,40,28.5,N,,good_pick_lost,,,8.7,6,0.9490000000000001,2,8,1,-0.7,-43.5,293
2026-09-27,2026-09-28T10:39:59.032Z,3,2026_03_NE_JAX,NE @ JAX,JAX,NE,Brian Thomas Jr.,WR,WR2,ANYTIME_TD,leo-nflprop-v1,0.113,,,0,,0.113,,,0.013,,,,,,0.9490000000000001,2,,,,,293
2026-09-27,2026-09-28T10:39:59.032Z,3,2026_03_NE_JAX,NE @ JAX,JAX,NE,Jakobi Meyers,WR,WR3,WR_REC_YARDS,leo-nflprop-v2,71,34.5,over,64,W,7,29.5,Y,,lucky_win,,,16.2,4.7,0.9490000000000001,2,8,8,-65.6,53.46,293
2026-09-27,2026-09-28T10:39:59.032Z,3,2026_03_NE_JAX,NE @ JAX,JAX,NE,Jakobi Meyers,WR,WR3,ANYTIME_TD,leo-nflprop-v1,0.256,,,1,,0.744,,,0.554,,,,,,0.9490000000000001,2,,,,,293
2026-09-27,2026-09-28T10:39:59.032Z,3,2026_03_KC_MIA,KC @ MIA,KC,MIA,Patrick Mahomes,QB,QB1,QB_PASS_YARDS,leo-nflprop-v2,260,235.5,over,246,W,14,10.5,N,,good_pick_won,,,7.4,36.4,0.993,2,10.25,24,68.4,-91.76,293
2026-09-27,2026-09-28T10:39:59.032Z,3,2026_03_KC_MIA,KC @ MIA,KC,MIA,Kenneth Walker III,RB,RB1,RB_RUSH_YARDS,leo-nflprop-v1,102,83.5,over,70,L,32,13.5,N,,bad_pick_lost,,,5.4,18.3,0.996,2,3.889,18,-27.2,-1.62,293
2026-09-27,2026-09-28T10:39:59.032Z,3,2026_03_KC_MIA,KC @ MIA,KC,MIA,Kenneth Walker III,RB,RB1,ANYTIME_TD,leo-nflprop-v1,0.314,,,1,,0.686,,,0.471,,,,,,0.996,2,,,,,293
2026-09-27,2026-09-28T10:39:59.032Z,3,2026_03_KC_MIA,KC @ MIA,KC,MIA,Emmett Johnson,RB,RB2,RB_RUSH_YARDS,leo-nflprop-v1,30,29.5,,17,,13,12.5,N,,,,,5.3,5,0.996,2,2.833,6,-14.8,5.3,293
2026-09-27,2026-09-28T10:39:59.032Z,3,2026_03_KC_MIA,KC @ MIA,KC,MIA,Emmett Johnson,RB,RB2,ANYTIME_TD,leo-nflprop-v1,0.223,,,0,,0.223,,,0.05,,,,,,0.996,2,,,,,293
2026-09-27,2026-09-28T10:39:59.032Z,3,2026_03_KC_MIA,KC @ MIA,KC,MIA,Xavier Worthy,WR,WR1,WR_REC_YARDS,leo-nflprop-v2,28,40.5,under,20,W,8,20.5,Y,,good_pick_won,,,5.2,5.7,0.993,2,10,2,9.6,-19.24,293
2026-09-27,2026-09-28T10:39:59.032Z,3,2026_03_KC_MIA,KC @ MIA,KC,MIA,Xavier Worthy,WR,WR1,ANYTIME_TD,leo-nflprop-v1,0.228,,,0,,0.228,,,0.052,,,,,,0.993,2,,,,,293
2026-09-27,2026-09-28T10:39:59.032Z,3,2026_03_KC_MIA,KC @ MIA,KC,MIA,Rashee Rice,WR,WR2,WR_REC_YARDS,leo-nflprop-v2,67,49.5,over,88,W,21,38.5,Y,,lucky_win,,,9.5,7.2,0.993,2,9.778,9,2.5,17.1,293
2026-09-27,2026-09-28T10:39:59.032Z,3,2026_03_KC_MIA,KC @ MIA,KC,MIA,Rashee Rice,WR,WR2,ANYTIME_TD,leo-nflprop-v1,0.386,,,0,,0.386,,,0.149,,,,,,0.993,2,,,,,293
2026-09-27,2026-09-28T10:39:59.032Z,3,2026_03_KC_MIA,KC @ MIA,KC,MIA,Tyquan Thornton,WR,WR3,WR_REC_YARDS,leo-nflprop-v2,27,19.5,over,22,W,5,2.5,N,,lucky_win,,,10.6,2.7,0.993,2,11,2,0.8,-7.42,293
2026-09-27,2026-09-28T10:39:59.032Z,3,2026_03_KC_MIA,KC @ MIA,KC,MIA,Tyquan Thornton,WR,WR3,ANYTIME_TD,leo-nflprop-v1,0.162,,,0,,0.162,,,0.026,,,,,,0.993,2,,,,,293
2026-09-27,2026-09-28T10:39:59.032Z,3,2026_03_KC_MIA,KC @ MIA,MIA,KC,Malik Willis,QB,QB1,QB_PASS_YARDS,leo-nflprop-v2,190,176.5,over,210,W,20,33.5,Y,,good_pick_won,,,7.6,28.2,0.9159999999999999,2,5.833,36,-63.6,59.28,293
2026-09-27,2026-09-28T10:39:59.032Z,3,2026_03_KC_MIA,KC @ MIA,MIA,KC,De'Von Achane,RB,RB1,RB_RUSH_YARDS,leo-nflprop-v1,69,60.5,over,17,L,52,43.5,N,,good_pick_lost,,,4.6,15.2,0.93,2,5.667,3,3.2,-56.12,293
2026-09-27,2026-09-28T10:39:59.032Z,3,2026_03_KC_MIA,KC @ MIA,MIA,KC,De'Von Achane,RB,RB1,ANYTIME_TD,leo-nflprop-v1,0.252,,,0,,0.252,,,0.064,,,,,,0.93,2,,,,,293
2026-09-27,2026-09-28T10:39:59.032Z,3,2026_03_KC_MIA,KC @ MIA,MIA,KC,Ollie Gordon II,RB,RB2,RB_RUSH_YARDS,leo-nflprop-v1,11,8.5,over,41,W,30,32.5,Y,,lucky_win,,,2.2,3.6,0.93,1,2.412,17,3.6,29.48,293
2026-09-27,2026-09-28T10:39:59.032Z,3,2026_03_KC_MIA,KC @ MIA,MIA,KC,Ollie Gordon II,RB,RB2,ANYTIME_TD,leo-nflprop-v1,0.157,,,1,,0.843,,,0.711,,,,,,0.93,1,,,,,293
2026-09-27,2026-09-28T10:39:59.032Z,3,2026_03_KC_MIA,KC @ MIA,MIA,KC,Malik Washington,WR,WR1,WR_REC_YARDS,leo-nflprop-v2,30,38.5,under,56,L,26,17.5,N,,good_pick_lost,,,6.9,5,0.9159999999999999,2,5.6,10,-13,34.5,293
2026-09-27,2026-09-28T10:39:59.032Z,3,2026_03_KC_MIA,KC @ MIA,MIA,KC,Malik Washington,WR,WR1,ANYTIME_TD,leo-nflprop-v1,0.12,,,0,,0.12,,,0.014,,,,,,0.9159999999999999,2,,,,,293
2026-09-27,2026-09-28T10:39:59.032Z,3,2026_03_KC_MIA,KC @ MIA,MIA,KC,Kevin Coleman Jr.,WR,WR2,WR_REC_YARDS,leo-nflprop-v2,0,16.5,under,3,W,3,13.5,Y,,good_pick_won,,,0,1.9,0.9159999999999999,1,0.75,4,3,0,293
2026-09-27,2026-09-28T10:39:59.032Z,3,2026_03_KC_MIA,KC @ MIA,MIA,KC,Kevin Coleman Jr.,WR,WR2,ANYTIME_TD,leo-nflprop-v1,0.197,,,0,,0.197,,,0.039,,,,,,0.9159999999999999,1,,,,,293
2026-09-27,2026-09-28T10:39:59.032Z,3,2026_03_KC_MIA,KC @ MIA,MIA,KC,Chris Bell,WR,WR3,WR_REC_YARDS,leo-nflprop-v2,8,19.5,under,67,L,59,47.5,N,,good_pick_lost,,,6.3,1.6,0.9159999999999999,2,9.571,7,22.9,34.02,293
2026-09-27,2026-09-28T10:39:59.032Z,3,2026_03_KC_MIA,KC @ MIA,MIA,KC,Chris Bell,WR,WR3,ANYTIME_TD,leo-nflprop-v1,0.167,,,0,,0.167,,,0.028,,,,,,0.9159999999999999,2,,,,,293
2026-09-27,2026-09-28T10:39:59.032Z,3,2026_03_TEN_NYG,TEN @ NYG,TEN,NYG,Cam Ward,QB,QB1,QB_PASS_YARDS,leo-nflprop-v2,177,175.5,,181,,4,5.5,Y,,,,,6,29.8,1.033,2,5.028,36,-35,37.2,293
2026-09-27,2026-09-28T10:39:59.032Z,3,2026_03_TEN_NYG,TEN @ NYG,TEN,NYG,Tony Pollard,RB,RB1,RB_RUSH_YARDS,leo-nflprop-v1,60,61.5,,74,,14,12.5,N,,,,,4.5,12.4,1.006,2,4.353,17,-2.5,20.7,293
2026-09-27,2026-09-28T10:39:59.032Z,3,2026_03_TEN_NYG,TEN @ NYG,TEN,NYG,Tony Pollard,RB,RB1,ANYTIME_TD,leo-nflprop-v1,0.191,,,0,,0.191,,,0.036,,,,,,1.006,2,,,,,293
2026-09-27,2026-09-28T10:39:59.032Z,3,2026_03_TEN_NYG,TEN @ NYG,TEN,NYG,Tyjae Spears,RB,RB2,RB_RUSH_YARDS,leo-nflprop-v1,27,18.5,over,5,L,22,13.5,N,,good_pick_lost,,,4.4,5.3,1.006,2,1.667,3,-8.2,-10.12,293
2026-09-27,2026-09-28T10:39:59.032Z,3,2026_03_TEN_NYG,TEN @ NYG,TEN,NYG,Tyjae Spears,RB,RB2,ANYTIME_TD,leo-nflprop-v1,0.14,,,0,,0.14,,,0.02,,,,,,1.006,2,,,,,293
2026-09-27,2026-09-28T10:39:59.032Z,3,2026_03_TEN_NYG,TEN @ NYG,TEN,NYG,Carnell Tate,WR,WR1,WR_REC_YARDS,leo-nflprop-v2,40,38.5,,58,,18,19.5,Y,,,,,5.9,6.8,1.033,2,6.444,9,4.9,12.98,293
2026-09-27,2026-09-28T10:39:59.032Z,3,2026_03_TEN_NYG,TEN @ NYG,TEN,NYG,Carnell Tate,WR,WR1,ANYTIME_TD,leo-nflprop-v1,0.187,,,0,,0.187,,,0.035,,,,,,1.033,2,,,,,293
2026-09-27,2026-09-28T10:39:59.032Z,3,2026_03_TEN_NYG,TEN @ NYG,TEN,NYG,Wan'Dale Robinson,WR,WR2,WR_REC_YARDS,leo-nflprop-v2,49,30.5,over,57,W,8,26.5,Y,,lucky_win,,,7.3,6.7,1.033,2,5.182,11,-23.3,31.39,293
2026-09-27,2026-09-28T10:39:59.032Z,3,2026_03_TEN_NYG,TEN @ NYG,TEN,NYG,Wan'Dale Robinson,WR,WR2,ANYTIME_TD,leo-nflprop-v1,0.166,,,1,,0.834,,,0.696,,,,,,1.033,2,,,,,293
2026-09-27,2026-09-28T10:39:59.032Z,3,2026_03_TEN_NYG,TEN @ NYG,TEN,NYG,Elic Ayomanor,WR,WR3,WR_REC_YARDS,leo-nflprop-v2,45,13.5,over,11,L,34,2.5,N,,good_pick_lost,,,9.9,4.5,1.033,2,3.667,3,-18.7,-14.85,293
2026-09-27,2026-09-28T10:39:59.032Z,3,2026_03_TEN_NYG,TEN @ NYG,TEN,NYG,Elic Ayomanor,WR,WR3,ANYTIME_TD,leo-nflprop-v1,0.298,,,0,,0.298,,,0.089,,,,,,1.033,2,,,,,293
2026-09-27,2026-09-28T10:39:59.032Z,3,2026_03_TEN_NYG,TEN @ NYG,NYG,TEN,Jameis Winston,QB,QB1,QB_PASS_YARDS,leo-nflprop-v2,181,200.5,under,118,W,63,82.5,Y,,lucky_win,,,6.2,30,1.016,1,5.364,22,-18.4,-49.6,293
2026-09-27,2026-09-28T10:39:59.032Z,3,2026_03_TEN_NYG,TEN @ NYG,NYG,TEN,Cam Skattebo,RB,RB1,RB_RUSH_YARDS,leo-nflprop-v1,55,57.5,,60,,5,2.5,N,,,,,3.7,13.8,1.02,2,3,20,-14,22.94,293
2026-09-27,2026-09-28T10:39:59.032Z,3,2026_03_TEN_NYG,TEN @ NYG,NYG,TEN,Cam Skattebo,RB,RB1,ANYTIME_TD,leo-nflprop-v1,0.407,,,0,,0.407,,,0.166,,,,,,1.02,2,,,,,293
2026-09-27,2026-09-28T10:39:59.032Z,3,2026_03_TEN_NYG,TEN @ NYG,NYG,TEN,Devin Singletary,RB,RB2,RB_RUSH_YARDS,leo-nflprop-v1,21,,,,,,,,,,Y,no stat line (did not play),3.1,5.8,1.02,2,,,,,293
2026-09-27,2026-09-28T10:39:59.032Z,3,2026_03_TEN_NYG,TEN @ NYG,NYG,TEN,Devin Singletary,RB,RB2,ANYTIME_TD,leo-nflprop-v1,0.194,,,,,,,,,,Y,no stat line (did not play),,,1.02,2,,,,,293
2026-09-27,2026-09-28T10:39:59.032Z,3,2026_03_TEN_NYG,TEN @ NYG,NYG,TEN,Malik Nabers,WR,WR1,WR_REC_YARDS,leo-nflprop-v2,41,54.5,under,26,W,15,28.5,Y,,lucky_win,,,5.4,7.7,1.016,2,4.333,6,-6.4,-9.18,293
2026-09-27,2026-09-28T10:39:59.032Z,3,2026_03_TEN_NYG,TEN @ NYG,NYG,TEN,Malik Nabers,WR,WR1,ANYTIME_TD,leo-nflprop-v1,0.227,,,0,,0.227,,,0.052,,,,,,1.016,2,,,,,293
2026-09-27,2026-09-28T10:39:59.032Z,3,2026_03_TEN_NYG,TEN @ NYG,NYG,TEN,Malachi Fields,WR,WR2,WR_REC_YARDS,leo-nflprop-v2,27,22.5,over,19,L,8,3.5,N,,bad_pick_lost,,,5.6,4.9,1.016,2,9.5,2,7.8,-16.24,293
2026-09-27,2026-09-28T10:39:59.032Z,3,2026_03_TEN_NYG,TEN @ NYG,NYG,TEN,Malachi Fields,WR,WR2,ANYTIME_TD,leo-nflprop-v1,0.184,,,0,,0.184,,,0.034,,,,,,1.016,2,,,,,293
2026-09-27,2026-09-28T10:39:59.032Z,3,2026_03_TEN_NYG,TEN @ NYG,NYG,TEN,Darnell Mooney,WR,WR3,WR_REC_YARDS,leo-nflprop-v2,43,17.5,over,20,W,23,2.5,N,,lucky_win,,,11.3,3.9,1.016,2,6.667,3,-13.9,-10.17,293
2026-09-27,2026-09-28T10:39:59.032Z,3,2026_03_TEN_NYG,TEN @ NYG,NYG,TEN,Darnell Mooney,WR,WR3,ANYTIME_TD,leo-nflprop-v1,0.086,,,0,,0.086,,,0.007,,,,,,1.016,2,,,,,293
2026-09-27,2026-09-28T10:39:59.032Z,3,2026_03_CIN_PIT,CIN @ PIT,CIN,PIT,Joe Burrow,QB,QB1,QB_PASS_YARDS,leo-nflprop-v2,213,253.5,under,282,L,69,28.5,N,,bad_pick_lost,,,7,34.1,0.9229999999999999,2,7.622,37,23,20.3,293
2026-09-27,2026-09-28T10:39:59.032Z,3,2026_03_CIN_PIT,CIN @ PIT,CIN,PIT,Chase Brown,RB,RB1,RB_RUSH_YARDS,leo-nflprop-v1,70,63.5,over,61,L,9,2.5,N,,bad_pick_lost,,,4.1,15.8,1.042,2,4.692,13,7.7,-11.48,293
2026-09-27,2026-09-28T10:39:59.032Z,3,2026_03_CIN_PIT,CIN @ PIT,CIN,PIT,Chase Brown,RB,RB1,ANYTIME_TD,leo-nflprop-v1,0.345,,,0,,0.345,,,0.119,,,,,,1.042,2,,,,,293
2026-09-27,2026-09-28T10:39:59.032Z,3,2026_03_CIN_PIT,CIN @ PIT,CIN,PIT,Samaje Perine,RB,RB2,RB_RUSH_YARDS,leo-nflprop-v1,21,14.5,over,9,L,12,5.5,N,,good_pick_lost,,,3.7,4.6,1.042,2,3,3,-2.1,-5.92,293
2026-09-27,2026-09-28T10:39:59.032Z,3,2026_03_CIN_PIT,CIN @ PIT,CIN,PIT,Samaje Perine,RB,RB2,ANYTIME_TD,leo-nflprop-v1,0.16,,,0,,0.16,,,0.026,,,,,,1.042,2,,,,,293
2026-09-27,2026-09-28T10:39:59.032Z,3,2026_03_CIN_PIT,CIN @ PIT,CIN,PIT,Tee Higgins,WR,WR1,WR_REC_YARDS,leo-nflprop-v2,63,52.5,over,90,W,27,37.5,Y,,lucky_win,,,9.6,7.2,0.9229999999999999,2,12.857,7,22.8,-1.92,293
2026-09-27,2026-09-28T10:39:59.032Z,3,2026_03_CIN_PIT,CIN @ PIT,CIN,PIT,Tee Higgins,WR,WR1,ANYTIME_TD,leo-nflprop-v1,0.313,,,1,,0.687,,,0.472,,,,,,0.9229999999999999,2,,,,,293
2026-09-27,2026-09-28T10:39:59.032Z,3,2026_03_CIN_PIT,CIN @ PIT,CIN,PIT,Ja'Marr Chase,WR,WR2,WR_REC_YARDS,leo-nflprop-v2,57,77.5,under,98,L,41,20.5,N,,good_pick_lost,,,6.6,9.4,0.9229999999999999,2,8.167,12,18.8,17.16,293
2026-09-27,2026-09-28T10:39:59.032Z,3,2026_03_CIN_PIT,CIN @ PIT,CIN,PIT,Ja'Marr Chase,WR,WR2,ANYTIME_TD,leo-nflprop-v1,0.441,,,1,,0.559,,,0.312,,,,,,0.9229999999999999,2,,,,,293
2026-09-27,2026-09-28T10:39:59.032Z,3,2026_03_CIN_PIT,CIN @ PIT,CIN,PIT,Dohnte Meyers,WR,WR3,WR_REC_YARDS,leo-nflprop-v2,8,,,29,,21,,,,,,,9,1.1,0.9229999999999999,2,5.8,5,-16,35.1,293
2026-09-27,2026-09-28T10:39:59.032Z,3,2026_03_CIN_PIT,CIN @ PIT,CIN,PIT,Dohnte Meyers,WR,WR3,ANYTIME_TD,leo-nflprop-v1,0.169,,,0,,0.169,,,0.029,,,,,,0.9229999999999999,2,,,,,293
2026-09-27,2026-09-28T10:39:59.032Z,3,2026_03_CIN_PIT,CIN @ PIT,PIT,CIN,Aaron Rodgers,QB,QB1,QB_PASS_YARDS,leo-nflprop-v2,215,225.5,,292,,77,66.5,N,,,,,5.8,35.3,1.082,2,8.588,34,94.8,-7.54,293
2026-09-27,2026-09-28T10:39:59.032Z,3,2026_03_CIN_PIT,CIN @ PIT,PIT,CIN,Jaylen Warren,RB,RB1,RB_RUSH_YARDS,leo-nflprop-v1,49,57.5,under,127,L,78,69.5,N,,good_pick_lost,,,4.4,11.8,0.885,2,7.471,17,52.2,22.88,293
2026-09-27,2026-09-28T10:39:59.032Z,3,2026_03_CIN_PIT,CIN @ PIT,PIT,CIN,Jaylen Warren,RB,RB1,ANYTIME_TD,leo-nflprop-v1,0.199,,,0,,0.199,,,0.04,,,,,,0.885,2,,,,,293
2026-09-27,2026-09-28T10:39:59.032Z,3,2026_03_CIN_PIT,CIN @ PIT,PIT,CIN,Travis Homer,RB,RB2,RB_RUSH_YARDS,leo-nflprop-v1,7,,,0,,7,,,,,,,3.9,1.1,0.885,1,0,1,-3.9,-0.39,293
2026-09-27,2026-09-28T10:39:59.032Z,3,2026_03_CIN_PIT,CIN @ PIT,PIT,CIN,Travis Homer,RB,RB2,ANYTIME_TD,leo-nflprop-v1,0.109,,,0,,0.109,,,0.012,,,,,,0.885,1,,,,,293
2026-09-27,2026-09-28T10:39:59.032Z,3,2026_03_CIN_PIT,CIN @ PIT,PIT,CIN,DK Metcalf,WR,WR1,WR_REC_YARDS,leo-nflprop-v2,52,52.5,,31,,21,21.5,Y,,,,,6.2,7.9,1.082,2,6.2,5,0,-17.98,293
2026-09-27,2026-09-28T10:39:59.032Z,3,2026_03_CIN_PIT,CIN @ PIT,PIT,CIN,DK Metcalf,WR,WR1,ANYTIME_TD,leo-nflprop-v1,0.235,,,1,,0.765,,,0.585,,,,,,1.082,2,,,,,293
2026-09-27,2026-09-28T10:39:59.032Z,3,2026_03_CIN_PIT,CIN @ PIT,PIT,CIN,Germie Bernard,WR,WR2,WR_REC_YARDS,leo-nflprop-v2,33,,,14,,19,,,,,,,4.4,7.2,1.082,1,14,1,9.6,-27.28,293
2026-09-27,2026-09-28T10:39:59.032Z,3,2026_03_CIN_PIT,CIN @ PIT,PIT,CIN,Germie Bernard,WR,WR2,ANYTIME_TD,leo-nflprop-v1,0.229,,,0,,0.229,,,0.052,,,,,,1.082,1,,,,,293
2026-09-27,2026-09-28T10:39:59.032Z,3,2026_03_CIN_PIT,CIN @ PIT,PIT,CIN,Roman Wilson,WR,WR3,WR_REC_YARDS,leo-nflprop-v2,21,23.5,under,60,L,39,36.5,N,,good_pick_lost,,,5.6,3.7,1.082,2,10,6,26.4,12.88,293
2026-09-27,2026-09-28T10:39:59.032Z,3,2026_03_CIN_PIT,CIN @ PIT,PIT,CIN,Roman Wilson,WR,WR3,ANYTIME_TD,leo-nflprop-v1,0.167,,,1,,0.833,,,0.694,,,,,,1.082,2,,,,,293
2026-09-27,2026-09-28T10:39:59.032Z,3,2026_03_SEA_WAS,SEA @ WAS,SEA,WAS,Drew Lock,QB,QB1,QB_PASS_YARDS,leo-nflprop-v2,213,,,,,,,,,,Y,no stat line (did not play),7.8,27.7,1.018,2,,,,,293
2026-09-27,2026-09-28T10:39:59.032Z,3,2026_03_SEA_WAS,SEA @ WAS,SEA,WAS,Emanuel Wilson,RB,RB1,RB_RUSH_YARDS,leo-nflprop-v1,33,30.5,over,14,L,19,16.5,N,,good_pick_lost,,,3.2,9.4,0.9620000000000001,2,1.556,9,-14.8,-1.28,293
2026-09-27,2026-09-28T10:39:59.032Z,3,2026_03_SEA_WAS,SEA @ WAS,SEA,WAS,Emanuel Wilson,RB,RB1,ANYTIME_TD,leo-nflprop-v1,0.137,,,0,,0.137,,,0.019,,,,,,0.9620000000000001,2,,,,,293
2026-09-27,2026-09-28T10:39:59.032Z,3,2026_03_SEA_WAS,SEA @ WAS,SEA,WAS,Jadarian Price,RB,RB2,RB_RUSH_YARDS,leo-nflprop-v1,54,55.5,,15,,39,40.5,Y,,,,,4.6,11.5,0.9620000000000001,2,3,5,-8,-29.9,293
2026-09-27,2026-09-28T10:39:59.032Z,3,2026_03_SEA_WAS,SEA @ WAS,SEA,WAS,Jadarian Price,RB,RB2,ANYTIME_TD,leo-nflprop-v1,0.216,,,0,,0.216,,,0.047,,,,,,0.9620000000000001,2,,,,,293
2026-09-27,2026-09-28T10:39:59.032Z,3,2026_03_SEA_WAS,SEA @ WAS,SEA,WAS,Jaxon Smith-Njigba,WR,WR1,WR_REC_YARDS,leo-nflprop-v2,123,92.5,over,128,W,5,35.5,Y,,good_pick_won,,,12,10.2,1.018,2,9.143,14,-40,45.6,293
2026-09-27,2026-09-28T10:39:59.032Z,3,2026_03_SEA_WAS,SEA @ WAS,SEA,WAS,Jaxon Smith-Njigba,WR,WR1,ANYTIME_TD,leo-nflprop-v1,0.642,,,1,,0.358,,,0.128,,,,,,1.018,2,,,,,293
2026-09-27,2026-09-28T10:39:59.032Z,3,2026_03_SEA_WAS,SEA @ WAS,SEA,WAS,Rashid Shaheed,WR,WR2,WR_REC_YARDS,leo-nflprop-v2,22,28.5,under,14,W,8,14.5,Y,,lucky_win,,,5.1,4.5,1.018,2,4.667,3,-1.3,-7.65,293
2026-09-27,2026-09-28T10:39:59.032Z,3,2026_03_SEA_WAS,SEA @ WAS,SEA,WAS,Rashid Shaheed,WR,WR2,ANYTIME_TD,leo-nflprop-v1,0.102,,,0,,0.102,,,0.01,,,,,,1.018,2,,,,,293
2026-09-27,2026-09-28T10:39:59.032Z,3,2026_03_SEA_WAS,SEA @ WAS,SEA,WAS,Cooper Kupp,WR,WR3,WR_REC_YARDS,leo-nflprop-v2,38,20.5,over,46,W,8,25.5,Y,,lucky_win,,,10.9,3.6,1.018,2,9.2,5,-8.5,15.26,293
2026-09-27,2026-09-28T10:39:59.032Z,3,2026_03_SEA_WAS,SEA @ WAS,SEA,WAS,Cooper Kupp,WR,WR3,ANYTIME_TD,leo-nflprop-v1,0.111,,,1,,0.889,,,0.79,,,,,,1.018,2,,,,,293
2026-09-27,2026-09-28T10:39:59.032Z,3,2026_03_SEA_WAS,SEA @ WAS,WAS,SEA,Marcus Mariota,QB,QB1,QB_PASS_YARDS,leo-nflprop-v2,149,173.5,under,183,L,34,9.5,N,,bad_pick_lost,,,7.4,24.3,0.866,1,5.903,31,-46.4,49.58,293
2026-09-27,2026-09-28T10:39:59.032Z,3,2026_03_SEA_WAS,SEA @ WAS,WAS,SEA,Jacory Croskey-Merritt,RB,RB1,RB_RUSH_YARDS,leo-nflprop-v1,51,38.5,over,36,L,15,2.5,N,,bad_pick_lost,,,4.2,12.1,0.929,2,1.895,19,-43.8,28.98,293
2026-09-27,2026-09-28T10:39:59.032Z,3,2026_03_SEA_WAS,SEA @ WAS,WAS,SEA,Jacory Croskey-Merritt,RB,RB1,ANYTIME_TD,leo-nflprop-v1,0.351,,,0,,0.351,,,0.123,,,,,,0.929,2,,,,,293
2026-09-27,2026-09-28T10:39:59.032Z,3,2026_03_SEA_WAS,SEA @ WAS,WAS,SEA,Rachaad White,RB,RB2,RB_RUSH_YARDS,leo-nflprop-v1,38,19.5,over,35,W,3,15.5,Y,,good_pick_won,,,5,7.4,0.929,2,4.375,8,-5,3,293
2026-09-27,2026-09-28T10:39:59.032Z,3,2026_03_SEA_WAS,SEA @ WAS,WAS,SEA,Rachaad White,RB,RB2,ANYTIME_TD,leo-nflprop-v1,0.156,,,1,,0.844,,,0.712,,,,,,0.929,2,,,,,293
2026-09-27,2026-09-28T10:39:59.032Z,3,2026_03_SEA_WAS,SEA @ WAS,WAS,SEA,Stefon Diggs,WR,WR1,WR_REC_YARDS,leo-nflprop-v2,43,34.5,over,33,L,10,1.5,N,,bad_pick_lost,,,8.2,6.2,0.866,2,4.714,7,-24.4,6.56,293
2026-09-27,2026-09-28T10:39:59.032Z,3,2026_03_SEA_WAS,SEA @ WAS,WAS,SEA,Stefon Diggs,WR,WR1,ANYTIME_TD,leo-nflprop-v1,0.439,,,0,,0.439,,,0.193,,,,,,0.866,2,,,,,293
2026-09-27,2026-09-28T10:39:59.032Z,3,2026_03_SEA_WAS,SEA @ WAS,WAS,SEA,Terry McLaurin,WR,WR2,WR_REC_YARDS,leo-nflprop-v2,41,42.5,,77,,36,34.5,N,,,,,7.8,6.2,0.866,2,8.556,9,6.8,21.84,293
2026-09-27,2026-09-28T10:39:59.032Z,3,2026_03_SEA_WAS,SEA @ WAS,WAS,SEA,Terry McLaurin,WR,WR2,ANYTIME_TD,leo-nflprop-v1,0.159,,,1,,0.841,,,0.707,,,,,,0.866,2,,,,,293
2026-09-27,2026-09-28T10:39:59.032Z,3,2026_03_SEA_WAS,SEA @ WAS,WAS,SEA,Dyami Brown,WR,WR3,WR_REC_YARDS,leo-nflprop-v2,8,,,0,,8,,,,,,,3.3,3.1,0.866,2,0,1,-3.3,-6.93,293
2026-09-27,2026-09-28T10:39:59.032Z,3,2026_03_SEA_WAS,SEA @ WAS,WAS,SEA,Dyami Brown,WR,WR3,ANYTIME_TD,leo-nflprop-v1,0.091,,,0,,0.091,,,0.008,,,,,,0.866,2,,,,,293
2026-09-27,2026-09-28T10:39:59.032Z,3,2026_03_ARI_SF,ARI @ SF,ARI,SF,Jacoby Brissett,QB,QB1,QB_PASS_YARDS,leo-nflprop-v2,210,225.5,under,280,L,70,54.5,N,,bad_pick_lost,,,6.4,36.4,0.9329999999999999,2,5.385,52,-52.8,99.84,478
2026-09-27,2026-09-28T10:39:59.032Z,3,2026_03_ARI_SF,ARI @ SF,ARI,SF,Tyler Allgeier,RB,RB1,RB_RUSH_YARDS,leo-nflprop-v1,34,34.5,,-1,,35,35.5,Y,,,,,3.2,9.7,0.995,2,-0.5,2,-7.4,-24.64,478
2026-09-27,2026-09-28T10:39:59.032Z,3,2026_03_ARI_SF,ARI @ SF,ARI,SF,Tyler Allgeier,RB,RB1,ANYTIME_TD,leo-nflprop-v1,0.257,,,0,,0.257,,,0.066,,,,,,0.995,2,,,,,478
2026-09-27,2026-09-28T10:39:59.032Z,3,2026_03_ARI_SF,ARI @ SF,ARI,SF,Jeremiyah Love,RB,RB2,RB_RUSH_YARDS,leo-nflprop-v1,38,41.5,under,90,L,52,48.5,N,,good_pick_lost,,,3.5,10,0.995,2,4.286,21,16.5,38.5,478
2026-09-27,2026-09-28T10:39:59.032Z,3,2026_03_ARI_SF,ARI @ SF,ARI,SF,Jeremiyah Love,RB,RB2,ANYTIME_TD,leo-nflprop-v1,0.341,,,1,,0.659,,,0.434,,,,,,0.995,2,,,,,478
2026-09-27,2026-09-28T10:39:59.032Z,3,2026_03_ARI_SF,ARI @ SF,ARI,SF,Michael Wilson,WR,WR1,WR_REC_YARDS,leo-nflprop-v2,43,47.5,under,89,L,46,41.5,N,,good_pick_lost,,,6.5,7.3,0.9329999999999999,2,5.235,17,-21.5,63.05,478
2026-09-27,2026-09-28T10:39:59.032Z,3,2026_03_ARI_SF,ARI @ SF,ARI,SF,Michael Wilson,WR,WR1,ANYTIME_TD,leo-nflprop-v1,0.212,,,1,,0.788,,,0.621,,,,,,0.9329999999999999,2,,,,,478
2026-09-27,2026-09-28T10:39:59.032Z,3,2026_03_ARI_SF,ARI @ SF,ARI,SF,Kendrick Bourne,WR,WR2,WR_REC_YARDS,leo-nflprop-v2,36,23.5,over,22,L,14,1.5,N,,good_pick_lost,,,8.3,4.8,0.9329999999999999,2,7.333,3,-2.9,-14.94,478
2026-09-27,2026-09-28T10:39:59.032Z,3,2026_03_ARI_SF,ARI @ SF,ARI,SF,Kendrick Bourne,WR,WR2,ANYTIME_TD,leo-nflprop-v1,0.054,,,0,,0.054,,,0.003,,,,,,0.9329999999999999,2,,,,,478
2026-09-27,2026-09-28T10:39:59.032Z,3,2026_03_ARI_SF,ARI @ SF,ARI,SF,Marvin Harrison Jr.,WR,WR3,WR_REC_YARDS,leo-nflprop-v2,29,32.5,under,40,L,11,7.5,N,,bad_pick_lost,,,7.1,4.6,0.9329999999999999,2,8,5,4.5,2.84,478
2026-09-27,2026-09-28T10:39:59.032Z,3,2026_03_ARI_SF,ARI @ SF,ARI,SF,Marvin Harrison Jr.,WR,WR3,ANYTIME_TD,leo-nflprop-v1,0.182,,,0,,0.182,,,0.033,,,,,,0.9329999999999999,2,,,,,478
2026-09-27,2026-09-28T10:39:59.032Z,3,2026_03_ARI_SF,ARI @ SF,SF,ARI,Brock Purdy,QB,QB1,QB_PASS_YARDS,leo-nflprop-v2,234,242.5,,297,,63,54.5,N,,,,,8.2,29.8,0.991,2,11,27,75.6,-22.96,478
2026-09-27,2026-09-28T10:39:59.032Z,3,2026_03_ARI_SF,ARI @ SF,SF,ARI,Kaelon Black,RB,RB1,RB_RUSH_YARDS,leo-nflprop-v1,47,32.5,over,17,L,30,15.5,N,,good_pick_lost,,,4.1,10.5,1.023,2,4.25,4,0.6,-26.65,478
2026-09-27,2026-09-28T10:39:59.032Z,3,2026_03_ARI_SF,ARI @ SF,SF,ARI,Kaelon Black,RB,RB1,ANYTIME_TD,leo-nflprop-v1,0.228,,,0,,0.228,,,0.052,,,,,,1.023,2,,,,,478
2026-09-27,2026-09-28T10:39:59.032Z,3,2026_03_ARI_SF,ARI @ SF,SF,ARI,Christian McCaffrey,RB,RB2,RB_RUSH_YARDS,leo-nflprop-v1,64,58.5,over,75,W,11,16.5,Y,,good_pick_won,,,4.2,14.1,1.023,2,5,15,12,3.78,478
2026-09-27,2026-09-28T10:39:59.032Z,3,2026_03_ARI_SF,ARI @ SF,SF,ARI,Christian McCaffrey,RB,RB2,ANYTIME_TD,leo-nflprop-v1,0.506,,,1,,0.494,,,0.244,,,,,,1.023,2,,,,,478
2026-09-27,2026-09-28T10:39:59.032Z,3,2026_03_ARI_SF,ARI @ SF,SF,ARI,Deebo Samuel Sr.,WR,WR1,WR_REC_YARDS,leo-nflprop-v2,49,41.5,over,80,W,31,38.5,Y,,lucky_win,,,7.3,6.9,0.991,2,,0,,,478
2026-09-27,2026-09-28T10:39:59.032Z,3,2026_03_ARI_SF,ARI @ SF,SF,ARI,Deebo Samuel Sr.,WR,WR1,ANYTIME_TD,leo-nflprop-v1,0.309,,,1,,0.691,,,0.477,,,,,,0.991,2,,,,,478
2026-09-27,2026-09-28T10:39:59.032Z,3,2026_03_ARI_SF,ARI @ SF,SF,ARI,Mike Evans,WR,WR2,WR_REC_YARDS,leo-nflprop-v2,59,55.5,over,34,L,25,21.5,N,,good_pick_lost,,,9.4,6.4,0.991,2,5.667,6,-22.4,-3.76,478
2026-09-27,2026-09-28T10:39:59.032Z,3,2026_03_ARI_SF,ARI @ SF,SF,ARI,Mike Evans,WR,WR2,ANYTIME_TD,leo-nflprop-v1,0.324,,,1,,0.676,,,0.457,,,,,,0.991,2,,,,,478
2026-09-27,2026-09-28T10:39:59.032Z,3,2026_03_ARI_SF,ARI @ SF,SF,ARI,KhaDarel Hodge,WR,WR3,WR_REC_YARDS,leo-nflprop-v2,3,,,0,,3,,,,,,,4.7,0.9,0.991,2,,0,,,478
2026-09-27,2026-09-28T10:39:59.032Z,3,2026_03_ARI_SF,ARI @ SF,SF,ARI,KhaDarel Hodge,WR,WR3,ANYTIME_TD,leo-nflprop-v1,0.081,,,0,,0.081,,,0.007,,,,,,0.991,2,,,,,478
2026-09-27,2026-09-28T10:39:59.032Z,3,2026_03_MIN_TB,MIN @ TB,MIN,TB,Carson Wentz,QB,QB1,QB_PASS_YARDS,leo-nflprop-v2,188,,,,,,,,,,Y,no stat line (did not play),7.2,26.7,1.026,2,,,,,478
2026-09-27,2026-09-28T10:39:59.032Z,3,2026_03_MIN_TB,MIN @ TB,MIN,TB,Aaron Jones,RB,RB1,RB_RUSH_YARDS,leo-nflprop-v1,54,52.5,,58,,4,5.5,Y,,,,,4,14.3,0.8859999999999999,2,3.412,17,-10,10.8,478
2026-09-27,2026-09-28T10:39:59.032Z,3,2026_03_MIN_TB,MIN @ TB,MIN,TB,Aaron Jones,RB,RB1,ANYTIME_TD,leo-nflprop-v1,0.25,,,0,,0.25,,,0.063,,,,,,0.8859999999999999,2,,,,,478
2026-09-27,2026-09-28T10:39:59.032Z,3,2026_03_MIN_TB,MIN @ TB,MIN,TB,DeeJay Dallas,RB,RB2,RB_RUSH_YARDS,leo-nflprop-v1,5,,,2,,3,,,,,,,2.1,0.8,0.8859999999999999,2,2,1,-0.1,0.42,478
2026-09-27,2026-09-28T10:39:59.032Z,3,2026_03_MIN_TB,MIN @ TB,MIN,TB,DeeJay Dallas,RB,RB2,ANYTIME_TD,leo-nflprop-v1,0.115,,,0,,0.115,,,0.013,,,,,,0.8859999999999999,2,,,,,478
2026-09-27,2026-09-28T10:39:59.032Z,3,2026_03_MIN_TB,MIN @ TB,MIN,TB,Justin Jefferson,WR,WR1,WR_REC_YARDS,leo-nflprop-v2,69,75.5,under,32,W,37,43.5,Y,,lucky_win,,,8.5,8.1,1.026,2,16,2,15,-51.85,478
2026-09-27,2026-09-28T10:39:59.032Z,3,2026_03_MIN_TB,MIN @ TB,MIN,TB,Justin Jefferson,WR,WR1,ANYTIME_TD,leo-nflprop-v1,0.365,,,0,,0.365,,,0.133,,,,,,1.026,2,,,,,478
2026-09-27,2026-09-28T10:39:59.032Z,3,2026_03_MIN_TB,MIN @ TB,MIN,TB,Jordan Addison,WR,WR2,WR_REC_YARDS,leo-nflprop-v2,23,36.5,under,90,L,67,53.5,N,,good_pick_lost,,,5.1,4.6,1.026,2,10,9,44.1,22.44,478
2026-09-27,2026-09-28T10:39:59.032Z,3,2026_03_MIN_TB,MIN @ TB,MIN,TB,Jordan Addison,WR,WR2,ANYTIME_TD,leo-nflprop-v1,0.151,,,1,,0.849,,,0.721,,,,,,1.026,2,,,,,478
2026-09-27,2026-09-28T10:39:59.032Z,3,2026_03_MIN_TB,MIN @ TB,MIN,TB,Jauan Jennings,WR,WR3,WR_REC_YARDS,leo-nflprop-v2,12,,,1,,11,,,,,,,3.5,3.8,1.026,1,0.5,2,-6,-6.3,478
2026-09-27,2026-09-28T10:39:59.032Z,3,2026_03_MIN_TB,MIN @ TB,MIN,TB,Jauan Jennings,WR,WR3,ANYTIME_TD,leo-nflprop-v1,0.344,,,0,,0.344,,,0.118,,,,,,1.026,1,,,,,478
2026-09-27,2026-09-28T10:39:59.032Z,3,2026_03_MIN_TB,MIN @ TB,TB,MIN,Baker Mayfield,QB,QB1,QB_PASS_YARDS,leo-nflprop-v2,219,216.5,,217,,2,0.5,N,,,,,6.6,31.5,1.089,2,6.382,34,-7.4,16.5,478
2026-09-27,2026-09-28T10:39:59.032Z,3,2026_03_MIN_TB,MIN @ TB,TB,MIN,Bucky Irving,RB,RB1,RB_RUSH_YARDS,leo-nflprop-v1,66,57.5,over,46,L,20,11.5,N,,bad_pick_lost,,,4.4,14.9,0.96,2,3.067,15,-20,0.44,478
2026-09-27,2026-09-28T10:39:59.032Z,3,2026_03_MIN_TB,MIN @ TB,TB,MIN,Bucky Irving,RB,RB1,ANYTIME_TD,leo-nflprop-v1,0.253,,,0,,0.253,,,0.064,,,,,,0.96,2,,,,,478
2026-09-27,2026-09-28T10:39:59.032Z,3,2026_03_MIN_TB,MIN @ TB,TB,MIN,Kenny Gainwell,RB,RB2,RB_RUSH_YARDS,leo-nflprop-v1,23,18.5,over,-4,L,27,22.5,N,,good_pick_lost,,,4,5.1,0.96,2,-1.333,3,-16,-8.4,478
2026-09-27,2026-09-28T10:39:59.032Z,3,2026_03_MIN_TB,MIN @ TB,TB,MIN,Kenny Gainwell,RB,RB2,ANYTIME_TD,leo-nflprop-v1,0.183,,,0,,0.183,,,0.033,,,,,,0.96,2,,,,,478
2026-09-27,2026-09-28T10:39:59.032Z,3,2026_03_MIN_TB,MIN @ TB,TB,MIN,Emeka Egbuka,WR,WR1,WR_REC_YARDS,leo-nflprop-v2,52,49.5,over,62,W,10,12.5,Y,,lucky_win,,,7.4,6.7,1.089,2,6.889,9,-4.6,17.02,478
2026-09-27,2026-09-28T10:39:59.032Z,3,2026_03_MIN_TB,MIN @ TB,TB,MIN,Emeka Egbuka,WR,WR1,ANYTIME_TD,leo-nflprop-v1,0.348,,,0,,0.348,,,0.121,,,,,,1.089,2,,,,,478
2026-09-27,2026-09-28T10:39:59.032Z,3,2026_03_MIN_TB,MIN @ TB,TB,MIN,Ted Hurst III,WR,WR2,WR_REC_YARDS,leo-nflprop-v2,44,24.5,over,40,W,4,15.5,Y,,good_pick_won,,,7.9,5.2,1.089,2,13.333,3,16.3,-17.38,478
2026-09-27,2026-09-28T10:39:59.032Z,3,2026_03_MIN_TB,MIN @ TB,TB,MIN,Ted Hurst III,WR,WR2,ANYTIME_TD,leo-nflprop-v1,0.196,,,1,,0.804,,,0.646,,,,,,1.089,2,,,,,478
2026-09-27,2026-09-28T10:39:59.032Z,3,2026_03_MIN_TB,MIN @ TB,TB,MIN,Chris Godwin Jr.,WR,WR3,WR_REC_YARDS,leo-nflprop-v2,51,35.5,over,25,L,26,10.5,N,,good_pick_lost,,,9.9,4.9,1.089,2,6.25,4,-14.6,-8.91,478
2026-09-27,2026-09-28T10:39:59.032Z,3,2026_03_MIN_TB,MIN @ TB,TB,MIN,Chris Godwin Jr.,WR,WR3,ANYTIME_TD,leo-nflprop-v1,0.168,,,0,,0.168,,,0.028,,,,,,1.089,2,,,,,478
2026-09-27,2026-09-28T10:39:59.032Z,3,2026_03_BAL_DAL,BAL @ DAL,BAL,DAL,Lamar Jackson,QB,QB1,QB_PASS_YARDS,leo-nflprop-v2,233,240.5,,186,,47,54.5,Y,,,,,9.1,26.7,0.986,2,9.3,20,4,-60.97,498
2026-09-27,2026-09-28T10:39:59.032Z,3,2026_03_BAL_DAL,BAL @ DAL,BAL,DAL,Derrick Henry,RB,RB1,RB_RUSH_YARDS,leo-nflprop-v1,117,92.5,over,89,L,28,3.5,N,,bad_pick_lost,,,5.2,19,1.15,2,3.423,26,-46.2,36.4,498
2026-09-27,2026-09-28T10:39:59.032Z,3,2026_03_BAL_DAL,BAL @ DAL,BAL,DAL,Derrick Henry,RB,RB1,ANYTIME_TD,leo-nflprop-v1,0.72,,,1,,0.28,,,0.078,,,,,,1.15,2,,,,,498
2026-09-27,2026-09-28T10:39:59.032Z,3,2026_03_BAL_DAL,BAL @ DAL,BAL,DAL,Justice Hill,RB,RB2,RB_RUSH_YARDS,leo-nflprop-v1,14,13.5,,33,,19,19.5,Y,,,,,3.1,2.9,1.15,2,6.6,5,17.5,6.51,498
2026-09-27,2026-09-28T10:39:59.032Z,3,2026_03_BAL_DAL,BAL @ DAL,BAL,DAL,Justice Hill,RB,RB2,ANYTIME_TD,leo-nflprop-v1,0.185,,,0,,0.185,,,0.034,,,,,,1.15,2,,,,,498
2026-09-27,2026-09-28T10:39:59.032Z,3,2026_03_BAL_DAL,BAL @ DAL,BAL,DAL,Zay Flowers,WR,WR1,WR_REC_YARDS,leo-nflprop-v2,122,46.5,over,84,W,38,37.5,N,,lucky_win,,,17.8,7,0.986,1,14,6,-22.8,-17.8,498
2026-09-27,2026-09-28T10:39:59.032Z,3,2026_03_BAL_DAL,BAL @ DAL,BAL,DAL,Zay Flowers,WR,WR1,ANYTIME_TD,leo-nflprop-v1,0.35,,,0,,0.35,,,0.122,,,,,,0.986,1,,,,,498
2026-09-27,2026-09-28T10:39:59.032Z,3,2026_03_BAL_DAL,BAL @ DAL,BAL,DAL,Rashod Bateman,WR,WR2,WR_REC_YARDS,leo-nflprop-v2,17,39.5,under,37,W,20,2.5,N,,lucky_win,,,5.2,3.6,0.986,2,12.333,3,21.4,-3.12,498
2026-09-27,2026-09-28T10:39:59.032Z,3,2026_03_BAL_DAL,BAL @ DAL,BAL,DAL,Rashod Bateman,WR,WR2,ANYTIME_TD,leo-nflprop-v1,0.256,,,0,,0.256,,,0.066,,,,,,0.986,2,,,,,498
2026-09-27,2026-09-28T10:39:59.032Z,3,2026_03_BAL_DAL,BAL @ DAL,BAL,DAL,Chris Moore,WR,WR3,WR_REC_YARDS,leo-nflprop-v2,26,16.5,over,4,L,22,12.5,N,,good_pick_lost,,,11.5,2.4,0.986,2,4,1,-7.5,-16.1,498
2026-09-27,2026-09-28T10:39:59.032Z,3,2026_03_BAL_DAL,BAL @ DAL,BAL,DAL,Chris Moore,WR,WR3,ANYTIME_TD,leo-nflprop-v1,0.109,,,1,,0.891,,,0.794,,,,,,0.986,2,,,,,498
2026-09-27,2026-09-28T10:39:59.032Z,3,2026_03_BAL_DAL,BAL @ DAL,DAL,BAL,Dak Prescott,QB,QB1,QB_PASS_YARDS,leo-nflprop-v2,239,265.5,under,276,L,37,10.5,N,,bad_pick_lost,,,7.3,34.7,0.972,2,6.9,40,-16,38.69,498
2026-09-27,2026-09-28T10:39:59.032Z,3,2026_03_BAL_DAL,BAL @ DAL,DAL,BAL,Javonte Williams,RB,RB1,RB_RUSH_YARDS,leo-nflprop-v1,52,56.5,under,98,L,46,41.5,N,,good_pick_lost,,,3.9,13.9,0.9109999999999999,2,5.158,19,23.9,19.89,498
2026-09-27,2026-09-28T10:39:59.032Z,3,2026_03_BAL_DAL,BAL @ DAL,DAL,BAL,Javonte Williams,RB,RB1,ANYTIME_TD,leo-nflprop-v1,0.405,,,1,,0.595,,,0.354,,,,,,0.9109999999999999,2,,,,,498
2026-09-27,2026-09-28T10:39:59.032Z,3,2026_03_BAL_DAL,BAL @ DAL,DAL,BAL,Emari Demercado,RB,RB2,RB_RUSH_YARDS,leo-nflprop-v1,17,,,,,,,,,,Y,no stat line (did not play),4.8,3.1,0.9109999999999999,2,,,,,498
2026-09-27,2026-09-28T10:39:59.032Z,3,2026_03_BAL_DAL,BAL @ DAL,DAL,BAL,Emari Demercado,RB,RB2,ANYTIME_TD,leo-nflprop-v1,0.074,,,,,,,,,,Y,no stat line (did not play),,,0.9109999999999999,2,,,,,498
2026-09-27,2026-09-28T10:39:59.032Z,3,2026_03_BAL_DAL,BAL @ DAL,DAL,BAL,CeeDee Lamb,WR,WR1,WR_REC_YARDS,leo-nflprop-v2,86,82.5,,112,,26,29.5,Y,,,,,10.2,8.8,0.972,2,14,8,30.4,-8.16,498
2026-09-27,2026-09-28T10:39:59.032Z,3,2026_03_BAL_DAL,BAL @ DAL,DAL,BAL,CeeDee Lamb,WR,WR1,ANYTIME_TD,leo-nflprop-v1,0.478,,,0,,0.478,,,0.228,,,,,,0.972,2,,,,,498
2026-09-27,2026-09-28T10:39:59.032Z,3,2026_03_BAL_DAL,BAL @ DAL,DAL,BAL,George Pickens,WR,WR2,WR_REC_YARDS,leo-nflprop-v2,55,66.5,under,82,L,27,15.5,N,,good_pick_lost,,,7.5,7.6,0.972,2,7.455,11,-0.5,25.5,498
2026-09-27,2026-09-28T10:39:59.032Z,3,2026_03_BAL_DAL,BAL @ DAL,DAL,BAL,George Pickens,WR,WR2,ANYTIME_TD,leo-nflprop-v1,0.262,,,0,,0.262,,,0.069,,,,,,0.972,2,,,,,498
2026-09-27,2026-09-28T10:39:59.032Z,3,2026_03_BAL_DAL,BAL @ DAL,DAL,BAL,Ryan Flournoy,WR,WR3,WR_REC_YARDS,leo-nflprop-v2,21,30.5,under,22,W,1,8.5,Y,,good_pick_won,,,5.3,4.3,0.972,2,2.75,8,-20.4,19.61,498
2026-09-27,2026-09-28T10:39:59.032Z,3,2026_03_BAL_DAL,BAL @ DAL,DAL,BAL,Ryan Flournoy,WR,WR3,ANYTIME_TD,leo-nflprop-v1,0.164,,,0,,0.164,,,0.027,,,,,,0.972,2,,,,,498
2026-09-27,2026-09-28T10:39:59.032Z,3,2026_03_LV_NO,LV @ NO,LV,NO,Kirk Cousins,QB,QB1,QB_PASS_YARDS,leo-nflprop-v2,196,211.5,under,248,L,52,36.5,N,,bad_pick_lost,,,6.8,30.3,0.988,2,7.515,33,23.6,18.36,498
2026-09-27,2026-09-28T10:39:59.032Z,3,2026_03_LV_NO,LV @ NO,LV,NO,Ashton Jeanty,RB,RB1,RB_RUSH_YARDS,leo-nflprop-v1,72,68.5,over,56,L,16,12.5,N,,bad_pick_lost,,,3.4,18.8,1.0659999999999998,2,2.947,19,-8.6,0.68,498
2026-09-27,2026-09-28T10:39:59.032Z,3,2026_03_LV_NO,LV @ NO,LV,NO,Ashton Jeanty,RB,RB1,ANYTIME_TD,leo-nflprop-v1,0.202,,,0,,0.202,,,0.041,,,,,,1.0659999999999998,2,,,,,498
2026-09-27,2026-09-28T10:39:59.032Z,3,2026_03_LV_NO,LV @ NO,LV,NO,Mike Washington Jr.,RB,RB2,RB_RUSH_YARDS,leo-nflprop-v1,25,15.5,over,54,W,29,38.5,Y,,lucky_win,,,4.1,5,1.0659999999999998,2,10.8,5,33.5,0,498
2026-09-27,2026-09-28T10:39:59.032Z,3,2026_03_LV_NO,LV @ NO,LV,NO,Mike Washington Jr.,RB,RB2,ANYTIME_TD,leo-nflprop-v1,0.237,,,1,,0.763,,,0.582,,,,,,1.0659999999999998,2,,,,,498
2026-09-27,2026-09-28T10:39:59.032Z,3,2026_03_LV_NO,LV @ NO,LV,NO,Tre Tucker,WR,WR1,WR_REC_YARDS,leo-nflprop-v2,52,41.5,over,43,W,9,1.5,N,,lucky_win,,,9.8,5.4,0.988,2,10.75,4,3.8,-13.72,498
2026-09-27,2026-09-28T10:39:59.032Z,3,2026_03_LV_NO,LV @ NO,LV,NO,Tre Tucker,WR,WR1,ANYTIME_TD,leo-nflprop-v1,0.302,,,0,,0.302,,,0.091,,,,,,0.988,2,,,,,498
2026-09-27,2026-09-28T10:39:59.032Z,3,2026_03_LV_NO,LV @ NO,LV,NO,Jalen Nailor,WR,WR2,WR_REC_YARDS,leo-nflprop-v2,18,24.5,under,16,W,2,8.5,Y,,good_pick_won,,,5.5,3.6,0.988,2,5.333,3,-0.5,-3.3,498
2026-09-27,2026-09-28T10:39:59.032Z,3,2026_03_LV_NO,LV @ NO,LV,NO,Jalen Nailor,WR,WR2,ANYTIME_TD,leo-nflprop-v1,0.153,,,0,,0.153,,,0.023,,,,,,0.988,2,,,,,498
2026-09-27,2026-09-28T10:39:59.032Z,3,2026_03_LV_NO,LV @ NO,LV,NO,Jack Bech,WR,WR3,WR_REC_YARDS,leo-nflprop-v2,19,14.5,over,,,,,,,,Y,no stat line (did not play),8.1,2.5,0.988,2,,,,,498
2026-09-27,2026-09-28T10:39:59.032Z,3,2026_03_LV_NO,LV @ NO,LV,NO,Jack Bech,WR,WR3,ANYTIME_TD,leo-nflprop-v1,0.201,,,,,,,,,,Y,no stat line (did not play),,,0.988,2,,,,,498
2026-09-27,2026-09-28T10:39:59.032Z,3,2026_03_LV_NO,LV @ NO,NO,LV,Tyler Shough,QB,QB1,QB_PASS_YARDS,leo-nflprop-v2,268,253.5,over,255,W,13,1.5,N,,good_pick_won,,,7.3,38.8,0.9670000000000001,2,6.071,42,-51.6,23.36,498
2026-09-27,2026-09-28T10:39:59.032Z,3,2026_03_LV_NO,LV @ NO,NO,LV,Kendre Miller,RB,RB1,RB_RUSH_YARDS,leo-nflprop-v1,32,,,14,,18,,,,,,,3.8,7.9,0.961,1,3.5,4,-1.2,-14.82,498
2026-09-27,2026-09-28T10:39:59.032Z,3,2026_03_LV_NO,LV @ NO,NO,LV,Kendre Miller,RB,RB1,ANYTIME_TD,leo-nflprop-v1,0.32,,,0,,0.32,,,0.102,,,,,,0.961,1,,,,,498
2026-09-27,2026-09-28T10:39:59.032Z,3,2026_03_LV_NO,LV @ NO,NO,LV,Alvin Kamara,RB,RB2,RB_RUSH_YARDS,leo-nflprop-v1,29,24.5,over,36,W,7,11.5,Y,,lucky_win,,,2.6,10.5,0.961,1,4,9,12.6,-3.9,498
2026-09-27,2026-09-28T10:39:59.032Z,3,2026_03_LV_NO,LV @ NO,NO,LV,Alvin Kamara,RB,RB2,ANYTIME_TD,leo-nflprop-v1,0.138,,,0,,0.138,,,0.019,,,,,,0.961,1,,,,,498
2026-09-27,2026-09-28T10:39:59.032Z,3,2026_03_LV_NO,LV @ NO,NO,LV,Chris Olave,WR,WR1,WR_REC_YARDS,leo-nflprop-v2,96,76.5,over,107,W,11,30.5,Y,,good_pick_won,,,9.6,10.5,0.9670000000000001,2,8.231,13,-17.8,24,498
2026-09-27,2026-09-28T10:39:59.032Z,3,2026_03_LV_NO,LV @ NO,NO,LV,Chris Olave,WR,WR1,ANYTIME_TD,leo-nflprop-v1,0.38,,,0,,0.38,,,0.144,,,,,,0.9670000000000001,2,,,,,498
2026-09-27,2026-09-28T10:39:59.032Z,3,2026_03_LV_NO,LV @ NO,NO,LV,Devaughn Vele,WR,WR2,WR_REC_YARDS,leo-nflprop-v2,39,50.5,under,39,W,0,11.5,Y,,good_pick_won,,,7.5,5.6,0.9670000000000001,2,6.5,6,-6,3,498
2026-09-27,2026-09-28T10:39:59.032Z,3,2026_03_LV_NO,LV @ NO,NO,LV,Devaughn Vele,WR,WR2,ANYTIME_TD,leo-nflprop-v1,0.277,,,0,,0.277,,,0.077,,,,,,0.9670000000000001,2,,,,,498
2026-09-27,2026-09-28T10:39:59.032Z,3,2026_03_LV_NO,LV @ NO,NO,LV,Bryce Lance,WR,WR3,WR_REC_YARDS,leo-nflprop-v2,18,15.5,over,0,L,18,15.5,N,,good_pick_lost,,,9.3,2.2,0.9670000000000001,2,0,3,-27.9,7.44,498
2026-09-27,2026-09-28T10:39:59.032Z,3,2026_03_LV_NO,LV @ NO,NO,LV,Bryce Lance,WR,WR3,ANYTIME_TD,leo-nflprop-v1,0.176,,,0,,0.176,,,0.031,,,,,,0.9670000000000001,2,,,,,498
2026-09-27,2026-09-28T10:39:59.032Z,3,2026_03_LA_DEN,LA @ DEN,LA,DEN,Matthew Stafford,QB,QB1,QB_PASS_YARDS,leo-nflprop-v2,236,236.5,,390,,154,153.5,N,,,,,8.2,31.6,0.94,2,7.091,55,-61,191.88,189
2026-09-27,2026-09-28T10:39:59.032Z,3,2026_03_LA_DEN,LA @ DEN,LA,DEN,Kyren Williams,RB,RB1,RB_RUSH_YARDS,leo-nflprop-v1,82,52.5,over,88,W,6,35.5,Y,,good_pick_won,,,5.2,13.4,1.135,2,5.867,15,10,8.32,189
2026-09-27,2026-09-28T10:39:59.032Z,3,2026_03_LA_DEN,LA @ DEN,LA,DEN,Kyren Williams,RB,RB1,ANYTIME_TD,leo-nflprop-v1,0.447,,,0,,0.447,,,0.2,,,,,,1.135,2,,,,,189
2026-09-27,2026-09-28T10:39:59.032Z,3,2026_03_LA_DEN,LA @ DEN,LA,DEN,Blake Corum,RB,RB2,RB_RUSH_YARDS,leo-nflprop-v1,67,48.5,over,15,L,52,33.5,N,,good_pick_lost,,,5.7,9.8,1.135,2,2.5,6,-19.2,-21.66,189
2026-09-27,2026-09-28T10:39:59.032Z,3,2026_03_LA_DEN,LA @ DEN,LA,DEN,Blake Corum,RB,RB2,ANYTIME_TD,leo-nflprop-v1,0.238,,,0,,0.238,,,0.057,,,,,,1.135,2,,,,,189
2026-09-27,2026-09-28T10:39:59.032Z,3,2026_03_LA_DEN,LA @ DEN,LA,DEN,Davante Adams,WR,WR1,WR_REC_YARDS,leo-nflprop-v2,73,71.5,,137,,64,65.5,Y,,,,,9.5,8.3,0.94,2,10.538,13,13.5,44.65,189
2026-09-27,2026-09-28T10:39:59.032Z,3,2026_03_LA_DEN,LA @ DEN,LA,DEN,Davante Adams,WR,WR1,ANYTIME_TD,leo-nflprop-v1,0.554,,,0,,0.554,,,0.307,,,,,,0.94,2,,,,,189
2026-09-27,2026-09-28T10:39:59.032Z,3,2026_03_LA_DEN,LA @ DEN,LA,DEN,Tutu Atwell,WR,WR2,WR_REC_YARDS,leo-nflprop-v2,15,,,,,,,,,,Y,no stat line (did not play),9.6,1.8,0.94,1,,,,,189
2026-09-27,2026-09-28T10:39:59.032Z,3,2026_03_LA_DEN,LA @ DEN,LA,DEN,Tutu Atwell,WR,WR2,ANYTIME_TD,leo-nflprop-v1,0.14,,,,,,,,,,Y,no stat line (did not play),,,0.94,1,,,,,189
2026-09-27,2026-09-28T10:39:59.032Z,3,2026_03_LA_DEN,LA @ DEN,LA,DEN,Konata Mumpfield,WR,WR3,WR_REC_YARDS,leo-nflprop-v2,5,10.5,under,93,L,88,82.5,N,,good_pick_lost,,,3.2,2,0.94,2,11.625,8,67.4,19.2,189
2026-09-27,2026-09-28T10:39:59.032Z,3,2026_03_LA_DEN,LA @ DEN,LA,DEN,Konata Mumpfield,WR,WR3,ANYTIME_TD,leo-nflprop-v1,0.104,,,1,,0.896,,,0.803,,,,,,0.94,2,,,,,189
2026-09-27,2026-09-28T10:39:59.032Z,3,2026_03_LA_DEN,LA @ DEN,DEN,LA,Bo Nix,QB,QB1,QB_PASS_YARDS,leo-nflprop-v2,194,211.5,under,186,W,8,25.5,Y,,good_pick_won,,,6.7,32.8,0.912,2,5.471,34,-41.8,8.04,733
2026-09-27,2026-09-28T10:39:59.032Z,3,2026_03_LA_DEN,LA @ DEN,DEN,LA,J.K. Dobbins,RB,RB1,RB_RUSH_YARDS,leo-nflprop-v1,59,50.5,over,49,L,10,1.5,N,,bad_pick_lost,,,4.6,12.2,1.002,2,2.882,17,-29.2,22.08,189
2026-09-27,2026-09-28T10:39:59.032Z,3,2026_03_LA_DEN,LA @ DEN,DEN,LA,J.K. Dobbins,RB,RB1,ANYTIME_TD,leo-nflprop-v1,0.231,,,0,,0.231,,,0.053,,,,,,1.002,2,,,,,189
2026-09-27,2026-09-28T10:39:59.032Z,3,2026_03_LA_DEN,LA @ DEN,DEN,LA,RJ Harvey,RB,RB2,RB_RUSH_YARDS,leo-nflprop-v1,31,20.5,over,6,L,25,14.5,N,,good_pick_lost,,,4.8,5.8,1.002,1,3,2,-3.6,-18.24,189
2026-09-27,2026-09-28T10:39:59.032Z,3,2026_03_LA_DEN,LA @ DEN,DEN,LA,RJ Harvey,RB,RB2,ANYTIME_TD,leo-nflprop-v1,0.276,,,0,,0.276,,,0.076,,,,,,1.002,1,,,,,189
2026-09-27,2026-09-28T10:39:59.032Z,3,2026_03_LA_DEN,LA @ DEN,DEN,LA,Jaylen Waddle,WR,WR1,WR_REC_YARDS,leo-nflprop-v2,51,59.5,under,10,W,41,49.5,Y,,lucky_win,,,7.8,7.3,0.912,2,1.429,7,-44.6,-2.34,733
2026-09-27,2026-09-28T10:39:59.032Z,3,2026_03_LA_DEN,LA @ DEN,DEN,LA,Jaylen Waddle,WR,WR1,ANYTIME_TD,leo-nflprop-v1,0.194,,,0,,0.194,,,0.038,,,,,,0.912,2,,,,,733
2026-09-27,2026-09-28T10:39:59.032Z,3,2026_03_LA_DEN,LA @ DEN,DEN,LA,Courtland Sutton,WR,WR2,WR_REC_YARDS,leo-nflprop-v2,32,36.5,under,46,L,14,9.5,N,,bad_pick_lost,,,6,6.1,0.912,2,6.571,7,4,5.4,733
2026-09-27,2026-09-28T10:39:59.032Z,3,2026_03_LA_DEN,LA @ DEN,DEN,LA,Courtland Sutton,WR,WR2,ANYTIME_TD,leo-nflprop-v1,0.208,,,0,,0.208,,,0.043,,,,,,0.912,2,,,,,733
2026-09-27,2026-09-28T10:39:59.032Z,3,2026_03_LA_DEN,LA @ DEN,DEN,LA,Pat Bryant,WR,WR3,WR_REC_YARDS,leo-nflprop-v2,17,26.5,under,44,L,27,17.5,N,,good_pick_lost,,,5.4,3.6,0.912,2,22,2,33.2,-8.64,733
2026-09-27,2026-09-28T10:39:59.032Z,3,2026_03_LA_DEN,LA @ DEN,DEN,LA,Pat Bryant,WR,WR3,ANYTIME_TD,leo-nflprop-v1,0.086,,,1,,0.914,,,0.835,,,,,,0.912,2,,,,,733
2026-09-28,2026-09-29T16:23:15.000Z,3,2026_03_PHI_CHI,PHI @ CHI,PHI,CHI,Jalen Hurts,QB,QB1,QB_PASS_YARDS,leo-nflprop-v2,217,216.5,,153,,64,63.5,N,,,,,7.3,29.7,1.0290000000000001,2,6.12,25,-29.5,-34.31,262
2026-09-28,2026-09-29T16:23:15.000Z,3,2026_03_PHI_CHI,PHI @ CHI,PHI,CHI,Saquon Barkley,RB,RB1,RB_RUSH_YARDS,leo-nflprop-v1,60,72.5,under,82,L,22,9.5,N,,bad_pick_lost,,,4,13.5,1.0290000000000001,2,5.467,15,22,6,262
2026-09-28,2026-09-29T16:23:15.000Z,3,2026_03_PHI_CHI,PHI @ CHI,PHI,CHI,Saquon Barkley,RB,RB1,ANYTIME_TD,leo-nflprop-v1,0.251,,,0,,0.251,,,0.063,,,,,,1.0290000000000001,2,,,,,262
2026-09-28,2026-09-29T16:23:15.000Z,3,2026_03_PHI_CHI,PHI @ CHI,PHI,CHI,Tank Bigsby,RB,RB2,RB_RUSH_YARDS,leo-nflprop-v1,25,12.5,over,0,L,25,12.5,N,,good_pick_lost,,,3.7,5.6,1.0290000000000001,2,,0,,,262
2026-09-28,2026-09-29T16:23:15.000Z,3,2026_03_PHI_CHI,PHI @ CHI,PHI,CHI,Tank Bigsby,RB,RB2,ANYTIME_TD,leo-nflprop-v1,0.268,,,0,,0.268,,,0.072,,,,,,1.0290000000000001,2,,,,,262
2026-09-28,2026-09-29T16:23:15.000Z,3,2026_03_PHI_CHI,PHI @ CHI,PHI,CHI,DeVonta Smith,WR,WR1,WR_REC_YARDS,leo-nflprop-v2,72,72.5,,65,,7,7.5,Y,,,,,9.2,7.8,1.0290000000000001,2,8.125,8,-8.6,1.84,262
2026-09-28,2026-09-29T16:23:15.000Z,3,2026_03_PHI_CHI,PHI @ CHI,PHI,CHI,DeVonta Smith,WR,WR1,ANYTIME_TD,leo-nflprop-v1,0.292,,,0,,0.292,,,0.085,,,,,,1.0290000000000001,2,,,,,262
2026-09-28,2026-09-29T16:23:15.000Z,3,2026_03_PHI_CHI,PHI @ CHI,PHI,CHI,Dontayvion Wicks,WR,WR2,WR_REC_YARDS,leo-nflprop-v2,46,42.5,over,32,L,14,10.5,N,,bad_pick_lost,,,11.1,4.1,1.0290000000000001,2,6.4,5,-23.5,9.99,262
2026-09-28,2026-09-29T16:23:15.000Z,3,2026_03_PHI_CHI,PHI @ CHI,PHI,CHI,Dontayvion Wicks,WR,WR2,ANYTIME_TD,leo-nflprop-v1,0.266,,,0,,0.266,,,0.071,,,,,,1.0290000000000001,2,,,,,262
2026-09-28,2026-09-29T16:23:15.000Z,3,2026_03_PHI_CHI,PHI @ CHI,PHI,CHI,Makai Lemon,WR,WR3,WR_REC_YARDS,leo-nflprop-v2,15,27.5,under,29,L,14,1.5,N,,good_pick_lost,,,6.4,2.5,1.0290000000000001,2,7.25,4,3.4,9.6,262
2026-09-28,2026-09-29T16:23:15.000Z,3,2026_03_PHI_CHI,PHI @ CHI,PHI,CHI,Makai Lemon,WR,WR3,ANYTIME_TD,leo-nflprop-v1,0.186,,,0,,0.186,,,0.035,,,,,,1.0290000000000001,2,,,,,262
2026-09-28,2026-09-29T16:23:15.000Z,3,2026_03_PHI_CHI,PHI @ CHI,CHI,PHI,Tyson Bagent,QB,QB1,QB_PASS_YARDS,leo-nflprop-v2,145,,,,,,,,,,Y,no stat line (did not play),6.9,24,0.9159999999999999,1,,,,,262
2026-09-28,2026-09-29T16:23:15.000Z,3,2026_03_PHI_CHI,PHI @ CHI,CHI,PHI,D'Andre Swift,RB,RB1,RB_RUSH_YARDS,leo-nflprop-v1,81,62.5,over,84,W,3,21.5,Y,,good_pick_won,,,4.8,15.5,1.044,2,4.2,20,-12,21.6,262
2026-09-28,2026-09-29T16:23:15.000Z,3,2026_03_PHI_CHI,PHI @ CHI,CHI,PHI,D'Andre Swift,RB,RB1,ANYTIME_TD,leo-nflprop-v1,0.585,,,0,,0.585,,,0.342,,,,,,1.044,2,,,,,262
2026-09-28,2026-09-29T16:23:15.000Z,3,2026_03_PHI_CHI,PHI @ CHI,CHI,PHI,Kyle Monangai,RB,RB2,RB_RUSH_YARDS,leo-nflprop-v1,62,39.5,over,31,L,31,8.5,N,,good_pick_lost,,,5.6,10,1.044,2,3.1,10,-25,0,262
2026-09-28,2026-09-29T16:23:15.000Z,3,2026_03_PHI_CHI,PHI @ CHI,CHI,PHI,Kyle Monangai,RB,RB2,ANYTIME_TD,leo-nflprop-v1,0.326,,,0,,0.326,,,0.106,,,,,,1.044,2,,,,,262
2026-09-28,2026-09-29T16:23:15.000Z,3,2026_03_PHI_CHI,PHI @ CHI,CHI,PHI,Kalif Raymond,WR,WR1,WR_REC_YARDS,leo-nflprop-v2,29,23.5,over,90,W,61,66.5,Y,,lucky_win,,,8.1,4.1,0.9159999999999999,2,12.857,7,33.3,23.49,262
2026-09-28,2026-09-29T16:23:15.000Z,3,2026_03_PHI_CHI,PHI @ CHI,CHI,PHI,Kalif Raymond,WR,WR1,ANYTIME_TD,leo-nflprop-v1,0.078,,,1,,0.922,,,0.85,,,,,,0.9159999999999999,2,,,,,262
2026-09-28,2026-09-29T16:23:15.000Z,3,2026_03_PHI_CHI,PHI @ CHI,CHI,PHI,Luther Burden III,WR,WR2,WR_REC_YARDS,leo-nflprop-v2,39,36.5,over,61,W,22,24.5,Y,,lucky_win,,,8.9,4.9,0.9159999999999999,2,5.545,11,-36.9,54.29,262
2026-09-28,2026-09-29T16:23:15.000Z,3,2026_03_PHI_CHI,PHI @ CHI,CHI,PHI,Luther Burden III,WR,WR2,ANYTIME_TD,leo-nflprop-v1,0.105,,,1,,0.895,,,0.801,,,,,,0.9159999999999999,2,,,,,262
2026-09-28,2026-09-29T16:23:15.000Z,3,2026_03_PHI_CHI,PHI @ CHI,CHI,PHI,Rome Odunze,WR,WR3,WR_REC_YARDS,leo-nflprop-v2,53,26.5,over,44,W,9,17.5,Y,,lucky_win,,,10.3,5.8,0.9159999999999999,2,7.333,6,-17.8,2.06,262
2026-09-28,2026-09-29T16:23:15.000Z,3,2026_03_PHI_CHI,PHI @ CHI,CHI,PHI,Rome Odunze,WR,WR3,ANYTIME_TD,leo-nflprop-v1,0.233,,,0,,0.233,,,0.054,,,,,,0.9159999999999999,2,,,,,262
