captured_at,date,kickoff,game,market,player,line,over_price,under_price,implied_prob,implied_prob_raw,vig_removed,books
2026-09-20T16:36:06.362Z,2026-09-20,2026-09-20T17:00:00Z,Carolina Panthers @ Atlanta Falcons,QB_PASS_YARDS,Bryce Young,221.5,-113,-111,,,,6
2026-09-20T16:36:06.362Z,2026-09-20,2026-09-20T17:00:00Z,Carolina Panthers @ Atlanta Falcons,QB_PASS_YARDS,Cooper Rush,182.5,-112,-112,,,,6
2026-09-20T16:36:06.362Z,2026-09-20,2026-09-20T17:00:00Z,Carolina Panthers @ Atlanta Falcons,RB_RUSH_YARDS,Bijan Robinson,83.5,-113,-111,,,,6
2026-09-20T16:36:06.362Z,2026-09-20,2026-09-20T17:00:00Z,Carolina Panthers @ Atlanta Falcons,RB_RUSH_YARDS,Chuba Hubbard,56.5,-113,-110,,,,6
2026-09-20T16:36:06.362Z,2026-09-20,2026-09-20T17:00:00Z,Carolina Panthers @ Atlanta Falcons,RB_RUSH_YARDS,Brian Robinson Jr.,25.5,-113,-108,,,,5
2026-09-20T16:36:06.362Z,2026-09-20,2026-09-20T17:00:00Z,Carolina Panthers @ Atlanta Falcons,RB_RUSH_YARDS,Jonathon Brooks,21.5,-113,-108,,,,6
2026-09-20T16:36:06.362Z,2026-09-20,2026-09-20T17:00:00Z,Carolina Panthers @ Atlanta Falcons,RB_RUSH_YARDS,Bryce Young,14.5,-107,-115,,,,6
2026-09-20T16:36:06.362Z,2026-09-20,2026-09-20T17:00:00Z,Carolina Panthers @ Atlanta Falcons,RB_RUSH_YARDS,Cooper Rush,0.5,131,-162,,,,3
2026-09-20T16:36:06.362Z,2026-09-20,2026-09-20T17:00:00Z,Carolina Panthers @ Atlanta Falcons,WR_REC_YARDS,Tetairoa McMillan,58.5,-112,-113,,,,6
2026-09-20T16:36:06.362Z,2026-09-20,2026-09-20T17:00:00Z,Carolina Panthers @ Atlanta Falcons,WR_REC_YARDS,Drake London,57.5,-111,-113,,,,6
2026-09-20T16:36:06.362Z,2026-09-20,2026-09-20T17:00:00Z,Carolina Panthers @ Atlanta Falcons,WR_REC_YARDS,Jalen Coker,50.5,-113,-111,,,,6
2026-09-20T16:36:06.362Z,2026-09-20,2026-09-20T17:00:00Z,Carolina Panthers @ Atlanta Falcons,WR_REC_YARDS,Bijan Robinson,43.5,-113,-111,,,,6
2026-09-20T16:36:06.362Z,2026-09-20,2026-09-20T17:00:00Z,Carolina Panthers @ Atlanta Falcons,WR_REC_YARDS,Kyle Pitts,32.5,-109,-114,,,,6
2026-09-20T16:36:06.362Z,2026-09-20,2026-09-20T17:00:00Z,Carolina Panthers @ Atlanta Falcons,WR_REC_YARDS,Darren Waller,16.5,-113,-108,,,,6
2026-09-20T16:36:06.362Z,2026-09-20,2026-09-20T17:00:00Z,Carolina Panthers @ Atlanta Falcons,WR_REC_YARDS,Jahan Dotson,17.5,-113,-111,,,,6
2026-09-20T16:36:06.362Z,2026-09-20,2026-09-20T17:00:00Z,Carolina Panthers @ Atlanta Falcons,WR_REC_YARDS,Xavier Legette,15.5,-114,-110,,,,5
2026-09-20T16:36:06.362Z,2026-09-20,2026-09-20T17:00:00Z,Carolina Panthers @ Atlanta Falcons,WR_REC_YARDS,Tommy Tremble,13.5,-113,-106,,,,6
2026-09-20T16:36:06.362Z,2026-09-20,2026-09-20T17:00:00Z,Carolina Panthers @ Atlanta Falcons,WR_REC_YARDS,Chuba Hubbard,12.5,-113,-105,,,,6
2026-09-20T16:36:06.362Z,2026-09-20,2026-09-20T17:00:00Z,Carolina Panthers @ Atlanta Falcons,WR_REC_YARDS,Olamide Zaccheaus,8.5,-110,-112,,,,6
2026-09-20T16:36:06.362Z,2026-09-20,2026-09-20T17:00:00Z,Carolina Panthers @ Atlanta Falcons,WR_REC_YARDS,Jonathon Brooks,6.5,-114,-107,,,,6
2026-09-20T16:36:06.362Z,2026-09-20,2026-09-20T17:00:00Z,Carolina Panthers @ Atlanta Falcons,ANYTIME_TD,Bijan Robinson,,,,,0.6364,false,6
2026-09-20T16:36:06.362Z,2026-09-20,2026-09-20T17:00:00Z,Carolina Panthers @ Atlanta Falcons,ANYTIME_TD,Chuba Hubbard,,,,,0.5,false,6
2026-09-20T16:36:06.362Z,2026-09-20,2026-09-20T17:00:00Z,Carolina Panthers @ Atlanta Falcons,ANYTIME_TD,Drake London,,,,,0.3333,false,6
2026-09-20T16:36:06.362Z,2026-09-20,2026-09-20T17:00:00Z,Carolina Panthers @ Atlanta Falcons,ANYTIME_TD,Tetairoa McMillan,,,,,0.3509,false,6
2026-09-20T16:36:06.362Z,2026-09-20,2026-09-20T17:00:00Z,Carolina Panthers @ Atlanta Falcons,ANYTIME_TD,Jalen Coker,,,,,0.2817,false,6
2026-09-20T16:36:06.362Z,2026-09-20,2026-09-20T17:00:00Z,Carolina Panthers @ Atlanta Falcons,ANYTIME_TD,Kyle Pitts,,,,,0.2083,false,6
2026-09-20T16:36:06.362Z,2026-09-20,2026-09-20T17:00:00Z,Carolina Panthers @ Atlanta Falcons,ANYTIME_TD,Bryce Young,,,,,0.1786,false,6
2026-09-20T16:36:06.362Z,2026-09-20,2026-09-20T17:00:00Z,Carolina Panthers @ Atlanta Falcons,ANYTIME_TD,Brian Robinson Jr.,,,,,0.2,false,6
2026-09-20T16:36:06.362Z,2026-09-20,2026-09-20T17:00:00Z,Carolina Panthers @ Atlanta Falcons,ANYTIME_TD,Jonathon Brooks,,,,,0.1961,false,6
2026-09-20T16:36:06.362Z,2026-09-20,2026-09-20T17:00:00Z,Carolina Panthers @ Atlanta Falcons,ANYTIME_TD,Darren Waller,,,,,0.1786,false,6
2026-09-20T16:36:06.362Z,2026-09-20,2026-09-20T17:00:00Z,Carolina Panthers @ Atlanta Falcons,ANYTIME_TD,Xavier Legette,,,,,0.1538,false,6
2026-09-20T16:36:06.362Z,2026-09-20,2026-09-20T17:00:00Z,Carolina Panthers @ Atlanta Falcons,ANYTIME_TD,Jahan Dotson,,,,,0.1333,false,6
2026-09-20T16:36:06.362Z,2026-09-20,2026-09-20T17:00:00Z,Carolina Panthers @ Atlanta Falcons,ANYTIME_TD,Tommy Tremble,,,,,0.1333,false,6
2026-09-20T16:36:06.362Z,2026-09-20,2026-09-20T17:00:00Z,Carolina Panthers @ Atlanta Falcons,ANYTIME_TD,Carolina Panthers D/ST,,,,,0.125,false,3
2026-09-20T16:36:06.362Z,2026-09-20,2026-09-20T17:00:00Z,Carolina Panthers @ Atlanta Falcons,ANYTIME_TD,Atlanta Falcons D/ST,,,,,0.1176,false,3
2026-09-20T16:36:06.362Z,2026-09-20,2026-09-20T17:00:00Z,Carolina Panthers @ Atlanta Falcons,ANYTIME_TD,Olamide Zaccheaus,,,,,0.1053,false,6
2026-09-20T16:36:06.362Z,2026-09-20,2026-09-20T17:00:00Z,Carolina Panthers @ Atlanta Falcons,ANYTIME_TD,Mitchell Evans,,,,,0.1053,false,6
2026-09-20T16:36:06.362Z,2026-09-20,2026-09-20T17:00:00Z,Carolina Panthers @ Atlanta Falcons,ANYTIME_TD,John Metchie III,,,,,0.0769,false,6
2026-09-20T16:36:06.362Z,2026-09-20,2026-09-20T17:00:00Z,Carolina Panthers @ Atlanta Falcons,ANYTIME_TD,AJ Dillon,,,,,0.0833,false,4
2026-09-20T16:36:06.362Z,2026-09-20,2026-09-20T17:00:00Z,Carolina Panthers @ Atlanta Falcons,ANYTIME_TD,Austin Hooper,,,,,0.0625,false,6
2026-09-20T16:36:06.362Z,2026-09-20,2026-09-20T17:00:00Z,Carolina Panthers @ Atlanta Falcons,ANYTIME_TD,Zachariah Branch,,,,,0.0769,false,6
2026-09-20T16:36:06.362Z,2026-09-20,2026-09-20T17:00:00Z,Carolina Panthers @ Atlanta Falcons,ANYTIME_TD,Brycen Tremayne,,,,,0.0526,false,6
2026-09-20T16:36:06.362Z,2026-09-20,2026-09-20T17:00:00Z,Carolina Panthers @ Atlanta Falcons,ANYTIME_TD,Feleipe Franks,,,,,0.0323,false,5
2026-09-20T16:36:06.362Z,2026-09-20,2026-09-20T17:00:00Z,Carolina Panthers @ Atlanta Falcons,ANYTIME_TD,Cooper Rush,,,,,0.0435,false,6
2026-09-20T16:36:06.362Z,2026-09-20,2026-09-20T17:00:00Z,Carolina Panthers @ Atlanta Falcons,ANYTIME_TD,Charlie Woerner,,,,,0.0435,false,6
2026-09-20T16:36:06.362Z,2026-09-20,2026-09-20T17:00:00Z,Carolina Panthers @ Atlanta Falcons,ANYTIME_TD,Chris Blair,,,,,0.0244,false,6
2026-09-20T16:36:06.362Z,2026-09-20,2026-09-20T17:00:00Z,Carolina Panthers @ Atlanta Falcons,ANYTIME_TD,Nick Muse,,,,,0.0141,false,4
2026-09-20T16:36:06.362Z,2026-09-20,2026-09-20T17:00:00Z,Carolina Panthers @ Atlanta Falcons,ANYTIME_TD,Ja'Tavion Sanders,,,,,0.0909,false,1
2026-09-20T16:36:06.362Z,2026-09-20,2026-09-20T17:00:00Z,Carolina Panthers @ Atlanta Falcons,ANYTIME_TD,Atlanta Falcons Defense,,,,,0.1333,false,1
2026-09-20T16:36:06.362Z,2026-09-20,2026-09-20T17:00:00Z,Carolina Panthers @ Atlanta Falcons,ANYTIME_TD,Carolina Panthers Defense,,,,,0.1111,false,1
2026-09-20T16:36:06.362Z,2026-09-20,2026-09-20T17:00:00Z,New Orleans Saints @ Baltimore Ravens,QB_PASS_YARDS,Tyler Shough,231.5,-113,-112,,,,6
2026-09-20T16:36:06.362Z,2026-09-20,2026-09-20T17:00:00Z,New Orleans Saints @ Baltimore Ravens,QB_PASS_YARDS,Lamar Jackson,209.5,-112,-112,,,,6
2026-09-20T16:36:06.362Z,2026-09-20,2026-09-20T17:00:00Z,New Orleans Saints @ Baltimore Ravens,RB_RUSH_YARDS,Derrick Henry,95.5,-111,-113,,,,6
2026-09-20T16:36:06.362Z,2026-09-20,2026-09-20T17:00:00Z,New Orleans Saints @ Baltimore Ravens,RB_RUSH_YARDS,Lamar Jackson,39.5,-114,-109,,,,6
2026-09-20T16:36:06.362Z,2026-09-20,2026-09-20T17:00:00Z,New Orleans Saints @ Baltimore Ravens,RB_RUSH_YARDS,Travis Etienne Jr.,40.5,-108,-113,,,,6
2026-09-20T16:36:06.362Z,2026-09-20,2026-09-20T17:00:00Z,New Orleans Saints @ Baltimore Ravens,RB_RUSH_YARDS,Alvin Kamara,22.5,-109,-115,,,,6
2026-09-20T16:36:06.362Z,2026-09-20,2026-09-20T17:00:00Z,New Orleans Saints @ Baltimore Ravens,RB_RUSH_YARDS,Tyler Shough,15.5,-111,-112,,,,6
2026-09-20T16:36:06.362Z,2026-09-20,2026-09-20T17:00:00Z,New Orleans Saints @ Baltimore Ravens,RB_RUSH_YARDS,Justice Hill,13.5,-113,-110,,,,6
2026-09-20T16:36:06.362Z,2026-09-20,2026-09-20T17:00:00Z,New Orleans Saints @ Baltimore Ravens,WR_REC_YARDS,Chris Olave,68.5,-115,-115,,,,6
2026-09-20T16:36:06.362Z,2026-09-20,2026-09-20T17:00:00Z,New Orleans Saints @ Baltimore Ravens,WR_REC_YARDS,Devaughn Vele,43.5,-113,-111,,,,6
2026-09-20T16:36:06.362Z,2026-09-20,2026-09-20T17:00:00Z,New Orleans Saints @ Baltimore Ravens,WR_REC_YARDS,Mark Andrews,45.5,-113,-113,,,,6
2026-09-20T16:36:06.362Z,2026-09-20,2026-09-20T17:00:00Z,New Orleans Saints @ Baltimore Ravens,WR_REC_YARDS,Rashod Bateman,39.5,-113,-113,,,,6
2026-09-20T16:36:06.362Z,2026-09-20,2026-09-20T17:00:00Z,New Orleans Saints @ Baltimore Ravens,WR_REC_YARDS,Juwan Johnson,38.5,-110,-113,,,,6
2026-09-20T16:36:06.362Z,2026-09-20,2026-09-20T17:00:00Z,New Orleans Saints @ Baltimore Ravens,WR_REC_YARDS,LaJohntay Wester,21.5,-112,-110,,,,6
2026-09-20T16:36:06.362Z,2026-09-20,2026-09-20T17:00:00Z,New Orleans Saints @ Baltimore Ravens,WR_REC_YARDS,Bryce Lance,19.5,-114,-110,,,,6
2026-09-20T16:36:06.362Z,2026-09-20,2026-09-20T17:00:00Z,New Orleans Saints @ Baltimore Ravens,WR_REC_YARDS,Noah Fant,13.5,-117,-107,,,,6
2026-09-20T16:36:06.362Z,2026-09-20,2026-09-20T17:00:00Z,New Orleans Saints @ Baltimore Ravens,WR_REC_YARDS,Justice Hill,13.5,-113,-112,,,,6
2026-09-20T16:36:06.362Z,2026-09-20,2026-09-20T17:00:00Z,New Orleans Saints @ Baltimore Ravens,WR_REC_YARDS,Alvin Kamara,11.5,-112,-106,,,,6
2026-09-20T16:36:06.362Z,2026-09-20,2026-09-20T17:00:00Z,New Orleans Saints @ Baltimore Ravens,WR_REC_YARDS,Travis Etienne Jr.,10.5,-108,-110,,,,6
2026-09-20T16:36:06.362Z,2026-09-20,2026-09-20T17:00:00Z,New Orleans Saints @ Baltimore Ravens,WR_REC_YARDS,Derrick Henry,5.5,-119,-105,,,,6
2026-09-20T16:36:06.362Z,2026-09-20,2026-09-20T17:00:00Z,New Orleans Saints @ Baltimore Ravens,ANYTIME_TD,Derrick Henry,,,,,0.6875,false,6
2026-09-20T16:36:06.362Z,2026-09-20,2026-09-20T17:00:00Z,New Orleans Saints @ Baltimore Ravens,ANYTIME_TD,Mark Andrews,,,,,0.3922,false,6
2026-09-20T16:36:06.362Z,2026-09-20,2026-09-20T17:00:00Z,New Orleans Saints @ Baltimore Ravens,ANYTIME_TD,Travis Etienne Jr.,,,,,0.3509,false,6
2026-09-20T16:36:06.362Z,2026-09-20,2026-09-20T17:00:00Z,New Orleans Saints @ Baltimore Ravens,ANYTIME_TD,Lamar Jackson,,,,,0.3226,false,6
2026-09-20T16:36:06.362Z,2026-09-20,2026-09-20T17:00:00Z,New Orleans Saints @ Baltimore Ravens,ANYTIME_TD,Chris Olave,,,,,0.3226,false,6
2026-09-20T16:36:06.362Z,2026-09-20,2026-09-20T17:00:00Z,New Orleans Saints @ Baltimore Ravens,ANYTIME_TD,Rashod Bateman,,,,,0.303,false,6
2026-09-20T16:36:06.362Z,2026-09-20,2026-09-20T17:00:00Z,New Orleans Saints @ Baltimore Ravens,ANYTIME_TD,Juwan Johnson,,,,,0.1961,false,6
2026-09-20T16:36:06.362Z,2026-09-20,2026-09-20T17:00:00Z,New Orleans Saints @ Baltimore Ravens,ANYTIME_TD,Alvin Kamara,,,,,0.2083,false,6
2026-09-20T16:36:06.362Z,2026-09-20,2026-09-20T17:00:00Z,New Orleans Saints @ Baltimore Ravens,ANYTIME_TD,Devaughn Vele,,,,,0.1961,false,6
2026-09-20T16:36:06.362Z,2026-09-20,2026-09-20T17:00:00Z,New Orleans Saints @ Baltimore Ravens,ANYTIME_TD,Tyler Shough,,,,,0.1818,false,6
2026-09-20T16:36:06.362Z,2026-09-20,2026-09-20T17:00:00Z,New Orleans Saints @ Baltimore Ravens,ANYTIME_TD,Justice Hill,,,,,0.1754,false,6
2026-09-20T16:36:06.362Z,2026-09-20,2026-09-20T17:00:00Z,New Orleans Saints @ Baltimore Ravens,ANYTIME_TD,Devontez Walker,,,,,0.16,false,6
2026-09-20T16:36:06.362Z,2026-09-20,2026-09-20T17:00:00Z,New Orleans Saints @ Baltimore Ravens,ANYTIME_TD,Baltimore Ravens D/ST,,,,,0.1739,false,3
2026-09-20T16:36:06.362Z,2026-09-20,2026-09-20T17:00:00Z,New Orleans Saints @ Baltimore Ravens,ANYTIME_TD,LaJohntay Wester,,,,,0.1724,false,6
2026-09-20T16:36:06.362Z,2026-09-20,2026-09-20T17:00:00Z,New Orleans Saints @ Baltimore Ravens,ANYTIME_TD,Bryce Lance,,,,,0.125,false,6
2026-09-20T16:36:06.362Z,2026-09-20,2026-09-20T17:00:00Z,New Orleans Saints @ Baltimore Ravens,ANYTIME_TD,New Orleans Saints D/ST,,,,,0.1379,false,3
2026-09-20T16:36:06.362Z,2026-09-20,2026-09-20T17:00:00Z,New Orleans Saints @ Baltimore Ravens,ANYTIME_TD,Durham Smythe,,,,,0.1081,false,6
2026-09-20T16:36:06.362Z,2026-09-20,2026-09-20T17:00:00Z,New Orleans Saints @ Baltimore Ravens,ANYTIME_TD,Chris Moore,,,,,0.1111,false,6
2026-09-20T16:36:06.362Z,2026-09-20,2026-09-20T17:00:00Z,New Orleans Saints @ Baltimore Ravens,ANYTIME_TD,Noah Fant,,,,,0.08,false,6
2026-09-20T16:36:06.362Z,2026-09-20,2026-09-20T17:00:00Z,New Orleans Saints @ Baltimore Ravens,ANYTIME_TD,CJ Donaldson,,,,,0.0714,false,4
2026-09-20T16:36:06.362Z,2026-09-20,2026-09-20T17:00:00Z,New Orleans Saints @ Baltimore Ravens,ANYTIME_TD,Matthew Hibner,,,,,0.0714,false,6
2026-09-20T16:36:06.362Z,2026-09-20,2026-09-20T17:00:00Z,New Orleans Saints @ Baltimore Ravens,ANYTIME_TD,Elijah Sarratt,,,,,0.0714,false,4
2026-09-20T16:36:06.362Z,2026-09-20,2026-09-20T17:00:00Z,New Orleans Saints @ Baltimore Ravens,ANYTIME_TD,Josh Cuevas,,,,,0.0435,false,6
2026-09-20T16:36:06.362Z,2026-09-20,2026-09-20T17:00:00Z,New Orleans Saints @ Baltimore Ravens,ANYTIME_TD,Barion Brown,,,,,0.0345,false,6
2026-09-20T16:36:06.362Z,2026-09-20,2026-09-20T17:00:00Z,New Orleans Saints @ Baltimore Ravens,ANYTIME_TD,Treyton Welch,,,,,0.0323,false,4
2026-09-20T16:36:06.362Z,2026-09-20,2026-09-20T17:00:00Z,New Orleans Saints @ Baltimore Ravens,ANYTIME_TD,Oscar Delp,,,,,0.0323,false,6
2026-09-20T16:36:06.362Z,2026-09-20,2026-09-20T17:00:00Z,New Orleans Saints @ Baltimore Ravens,ANYTIME_TD,Rasheen Ali,,,,,0.0357,false,6
2026-09-20T16:36:06.362Z,2026-09-20,2026-09-20T17:00:00Z,New Orleans Saints @ Baltimore Ravens,ANYTIME_TD,Kevin Austin,,,,,0.0323,false,4
2026-09-20T16:36:06.362Z,2026-09-20,2026-09-20T17:00:00Z,New Orleans Saints @ Baltimore Ravens,ANYTIME_TD,Kendre Miller,,,,,0.0909,false,1
2026-09-20T16:36:06.362Z,2026-09-20,2026-09-20T17:00:00Z,New Orleans Saints @ Baltimore Ravens,ANYTIME_TD,New Orleans Saints Defense,,,,,0.1176,false,1
2026-09-20T16:36:06.362Z,2026-09-20,2026-09-20T17:00:00Z,New Orleans Saints @ Baltimore Ravens,ANYTIME_TD,Baltimore Ravens Defense,,,,,0.1053,false,1
2026-09-20T16:36:06.362Z,2026-09-20,2026-09-20T17:00:00Z,Minnesota Vikings @ Chicago Bears,QB_PASS_YARDS,Caleb Williams,225.5,-112,-112,,,,6
2026-09-20T16:36:06.362Z,2026-09-20,2026-09-20T17:00:00Z,Minnesota Vikings @ Chicago Bears,QB_PASS_YARDS,Carson Wentz,212.5,-114,-105,,,,6
2026-09-20T16:36:06.362Z,2026-09-20,2026-09-20T17:00:00Z,Minnesota Vikings @ Chicago Bears,RB_RUSH_YARDS,D'Andre Swift,60.5,-113,-106,,,,6
2026-09-20T16:36:06.362Z,2026-09-20,2026-09-20T17:00:00Z,Minnesota Vikings @ Chicago Bears,RB_RUSH_YARDS,Aaron Jones,54.5,-113,-111,,,,6
2026-09-20T16:36:06.362Z,2026-09-20,2026-09-20T17:00:00Z,Minnesota Vikings @ Chicago Bears,RB_RUSH_YARDS,Kyle Monangai,36.5,-112,-115,,,,6
2026-09-20T16:36:06.362Z,2026-09-20,2026-09-20T17:00:00Z,Minnesota Vikings @ Chicago Bears,RB_RUSH_YARDS,Caleb Williams,24.5,-113,-109,,,,6
2026-09-20T16:36:06.362Z,2026-09-20,2026-09-20T17:00:00Z,Minnesota Vikings @ Chicago Bears,RB_RUSH_YARDS,Carson Wentz,8.5,-113,-110,,,,5
2026-09-20T16:36:06.362Z,2026-09-20,2026-09-20T17:00:00Z,Minnesota Vikings @ Chicago Bears,WR_REC_YARDS,Justin Jefferson,79.5,-113,-113,,,,6
2026-09-20T16:36:06.362Z,2026-09-20,2026-09-20T17:00:00Z,Minnesota Vikings @ Chicago Bears,WR_REC_YARDS,Colston Loveland,50.5,-110,-114,,,,6
2026-09-20T16:36:06.362Z,2026-09-20,2026-09-20T17:00:00Z,Minnesota Vikings @ Chicago Bears,WR_REC_YARDS,Luther Burden III,49.5,-113,-112,,,,6
2026-09-20T16:36:06.362Z,2026-09-20,2026-09-20T17:00:00Z,Minnesota Vikings @ Chicago Bears,WR_REC_YARDS,Jordan Addison,39.5,-114,-114,,,,6
2026-09-20T16:36:06.362Z,2026-09-20,2026-09-20T17:00:00Z,Minnesota Vikings @ Chicago Bears,WR_REC_YARDS,Rome Odunze,39.5,-109,-112,,,,6
2026-09-20T16:36:06.362Z,2026-09-20,2026-09-20T17:00:00Z,Minnesota Vikings @ Chicago Bears,WR_REC_YARDS,T.J. Hockenson,30.5,-113,-113,,,,6
2026-09-20T16:36:06.362Z,2026-09-20,2026-09-20T17:00:00Z,Minnesota Vikings @ Chicago Bears,WR_REC_YARDS,Kalif Raymond,23.5,-109,-113,,,,6
2026-09-20T16:36:06.362Z,2026-09-20,2026-09-20T17:00:00Z,Minnesota Vikings @ Chicago Bears,WR_REC_YARDS,Aaron Jones,15.5,-112,-113,,,,6
2026-09-20T16:36:06.362Z,2026-09-20,2026-09-20T17:00:00Z,Minnesota Vikings @ Chicago Bears,WR_REC_YARDS,Josh Oliver,13.5,-115,-110,,,,6
2026-09-20T16:36:06.362Z,2026-09-20,2026-09-20T17:00:00Z,Minnesota Vikings @ Chicago Bears,WR_REC_YARDS,Cole Kmet,13.5,-108,-109,,,,6
2026-09-20T16:36:06.362Z,2026-09-20,2026-09-20T17:00:00Z,Minnesota Vikings @ Chicago Bears,WR_REC_YARDS,Kyle Monangai,10.5,-111,-113,,,,5
2026-09-20T16:36:06.362Z,2026-09-20,2026-09-20T17:00:00Z,Minnesota Vikings @ Chicago Bears,WR_REC_YARDS,D'Andre Swift,10.5,-111,-110,,,,6
2026-09-20T16:36:06.362Z,2026-09-20,2026-09-20T17:00:00Z,Minnesota Vikings @ Chicago Bears,ANYTIME_TD,Aaron Jones,,,,,0.5349,false,6
2026-09-20T16:36:06.362Z,2026-09-20,2026-09-20T17:00:00Z,Minnesota Vikings @ Chicago Bears,ANYTIME_TD,D'Andre Swift,,,,,0.5652,false,6
2026-09-20T16:36:06.362Z,2026-09-20,2026-09-20T17:00:00Z,Minnesota Vikings @ Chicago Bears,ANYTIME_TD,Justin Jefferson,,,,,0.3636,false,6
2026-09-20T16:36:06.362Z,2026-09-20,2026-09-20T17:00:00Z,Minnesota Vikings @ Chicago Bears,ANYTIME_TD,Luther Burden III,,,,,0.3333,false,6
2026-09-20T16:36:06.362Z,2026-09-20,2026-09-20T17:00:00Z,Minnesota Vikings @ Chicago Bears,ANYTIME_TD,Colston Loveland,,,,,0.3448,false,6
2026-09-20T16:36:06.362Z,2026-09-20,2026-09-20T17:00:00Z,Minnesota Vikings @ Chicago Bears,ANYTIME_TD,Kyle Monangai,,,,,0.3333,false,6
2026-09-20T16:36:06.362Z,2026-09-20,2026-09-20T17:00:00Z,Minnesota Vikings @ Chicago Bears,ANYTIME_TD,Rome Odunze,,,,,0.3125,false,6
2026-09-20T16:36:06.362Z,2026-09-20,2026-09-20T17:00:00Z,Minnesota Vikings @ Chicago Bears,ANYTIME_TD,Jordan Addison,,,,,0.2597,false,6
2026-09-20T16:36:06.362Z,2026-09-20,2026-09-20T17:00:00Z,Minnesota Vikings @ Chicago Bears,ANYTIME_TD,T.J. Hockenson,,,,,0.2222,false,6
2026-09-20T16:36:06.362Z,2026-09-20,2026-09-20T17:00:00Z,Minnesota Vikings @ Chicago Bears,ANYTIME_TD,Caleb Williams,,,,,0.2174,false,6
2026-09-20T16:36:06.362Z,2026-09-20,2026-09-20T17:00:00Z,Minnesota Vikings @ Chicago Bears,ANYTIME_TD,Kalif Raymond,,,,,0.2,false,6
2026-09-20T16:36:06.362Z,2026-09-20,2026-09-20T17:00:00Z,Minnesota Vikings @ Chicago Bears,ANYTIME_TD,Cole Kmet,,,,,0.1667,false,6
2026-09-20T16:36:06.362Z,2026-09-20,2026-09-20T17:00:00Z,Minnesota Vikings @ Chicago Bears,ANYTIME_TD,DeeJay Dallas,,,,,0.1538,false,5
2026-09-20T16:36:06.362Z,2026-09-20,2026-09-20T17:00:00Z,Minnesota Vikings @ Chicago Bears,ANYTIME_TD,Josh Oliver,,,,,0.1333,false,6
2026-09-20T16:36:06.362Z,2026-09-20,2026-09-20T17:00:00Z,Minnesota Vikings @ Chicago Bears,ANYTIME_TD,Chicago Bears D/ST,,,,,0.125,false,3
2026-09-20T16:36:06.362Z,2026-09-20,2026-09-20T17:00:00Z,Minnesota Vikings @ Chicago Bears,ANYTIME_TD,Minnesota Vikings D/ST,,,,,0.1176,false,3
2026-09-20T16:36:06.362Z,2026-09-20,2026-09-20T17:00:00Z,Minnesota Vikings @ Chicago Bears,ANYTIME_TD,Jahdae Walker,,,,,0.0645,false,6
2026-09-20T16:36:06.362Z,2026-09-20,2026-09-20T17:00:00Z,Minnesota Vikings @ Chicago Bears,ANYTIME_TD,Carson Wentz,,,,,0.0952,false,6
2026-09-20T16:36:06.362Z,2026-09-20,2026-09-20T17:00:00Z,Minnesota Vikings @ Chicago Bears,ANYTIME_TD,Demond Claiborne,,,,,0.0833,false,6
2026-09-20T16:36:06.362Z,2026-09-20,2026-09-20T17:00:00Z,Minnesota Vikings @ Chicago Bears,ANYTIME_TD,Tai Felton,,,,,0.0833,false,6
2026-09-20T16:36:06.362Z,2026-09-20,2026-09-20T17:00:00Z,Minnesota Vikings @ Chicago Bears,ANYTIME_TD,Myles Price,,,,,0.0526,false,6
2026-09-20T16:36:06.362Z,2026-09-20,2026-09-20T17:00:00Z,Minnesota Vikings @ Chicago Bears,ANYTIME_TD,Zavion Thomas,,,,,0.0435,false,5
2026-09-20T16:36:06.362Z,2026-09-20,2026-09-20T17:00:00Z,Minnesota Vikings @ Chicago Bears,ANYTIME_TD,Roschon Johnson,,,,,0.0357,false,6
2026-09-20T16:36:06.362Z,2026-09-20,2026-09-20T17:00:00Z,Minnesota Vikings @ Chicago Bears,ANYTIME_TD,Sam Roush,,,,,0.0323,false,6
2026-09-20T16:36:06.362Z,2026-09-20,2026-09-20T17:00:00Z,Minnesota Vikings @ Chicago Bears,ANYTIME_TD,Max Bredeson,,,,,0.0278,false,6
2026-09-20T16:36:06.362Z,2026-09-20,2026-09-20T17:00:00Z,Minnesota Vikings @ Chicago Bears,ANYTIME_TD,Dillon Bell,,,,,0.0244,false,3
2026-09-20T16:36:06.362Z,2026-09-20,2026-09-20T17:00:00Z,Minnesota Vikings @ Chicago Bears,ANYTIME_TD,Gavin Bartholomew,,,,,0.0217,false,5
2026-09-20T16:36:06.362Z,2026-09-20,2026-09-20T17:00:00Z,Minnesota Vikings @ Chicago Bears,ANYTIME_TD,Chicago Bears Defense,,,,,0.1176,false,1
2026-09-20T16:36:06.362Z,2026-09-20,2026-09-20T17:00:00Z,Minnesota Vikings @ Chicago Bears,ANYTIME_TD,Minnesota Vikings Defense,,,,,0.1,false,1
2026-09-20T16:36:06.362Z,2026-09-20,2026-09-20T17:00:00Z,Cincinnati Bengals @ Houston Texans,QB_PASS_YARDS,Joe Burrow,249.5,-113,-113,,,,6
2026-09-20T16:36:06.362Z,2026-09-20,2026-09-20T17:00:00Z,Cincinnati Bengals @ Houston Texans,QB_PASS_YARDS,C.J. Stroud,222.5,-111,-113,,,,6
2026-09-20T16:36:06.362Z,2026-09-20,2026-09-20T17:00:00Z,Cincinnati Bengals @ Houston Texans,RB_RUSH_YARDS,David Montgomery,63.5,-110,-113,,,,6
2026-09-20T16:36:06.362Z,2026-09-20,2026-09-20T17:00:00Z,Cincinnati Bengals @ Houston Texans,RB_RUSH_YARDS,Chase Brown,55.5,-106,-114,,,,6
2026-09-20T16:36:06.362Z,2026-09-20,2026-09-20T17:00:00Z,Cincinnati Bengals @ Houston Texans,RB_RUSH_YARDS,Woody Marks,30.5,-108,-116,,,,6
2026-09-20T16:36:06.362Z,2026-09-20,2026-09-20T17:00:00Z,Cincinnati Bengals @ Houston Texans,RB_RUSH_YARDS,Samaje Perine,16.5,-113,-112,,,,5
2026-09-20T16:36:06.362Z,2026-09-20,2026-09-20T17:00:00Z,Cincinnati Bengals @ Houston Texans,RB_RUSH_YARDS,C.J. Stroud,11.5,-105,-112,,,,6
2026-09-20T16:36:06.362Z,2026-09-20,2026-09-20T17:00:00Z,Cincinnati Bengals @ Houston Texans,RB_RUSH_YARDS,Joe Burrow,8.5,-109,100,,,,6
2026-09-20T16:36:06.362Z,2026-09-20,2026-09-20T17:00:00Z,Cincinnati Bengals @ Houston Texans,WR_REC_YARDS,Ja'Marr Chase,77.5,-115,-111,,,,6
2026-09-20T16:36:06.362Z,2026-09-20,2026-09-20T17:00:00Z,Cincinnati Bengals @ Houston Texans,WR_REC_YARDS,Tee Higgins,55.5,-114,-114,,,,6
2026-09-20T16:36:06.362Z,2026-09-20,2026-09-20T17:00:00Z,Cincinnati Bengals @ Houston Texans,WR_REC_YARDS,Dalton Schultz,44.5,-109,-114,,,,6
2026-09-20T16:36:06.362Z,2026-09-20,2026-09-20T17:00:00Z,Cincinnati Bengals @ Houston Texans,WR_REC_YARDS,Kayshon Boutte,35.5,-113,-109,,,,6
2026-09-20T16:36:06.362Z,2026-09-20,2026-09-20T17:00:00Z,Cincinnati Bengals @ Houston Texans,WR_REC_YARDS,Xavier Hutchinson,33.5,-111,-112,,,,6
2026-09-20T16:36:06.362Z,2026-09-20,2026-09-20T17:00:00Z,Cincinnati Bengals @ Houston Texans,WR_REC_YARDS,Jaylin Noel,25.5,-111,-113,,,,6
2026-09-20T16:36:06.362Z,2026-09-20,2026-09-20T17:00:00Z,Cincinnati Bengals @ Houston Texans,WR_REC_YARDS,Mike Gesicki,22.5,-112,-112,,,,6
2026-09-20T16:36:06.362Z,2026-09-20,2026-09-20T17:00:00Z,Cincinnati Bengals @ Houston Texans,WR_REC_YARDS,Chase Brown,20.5,-107,-114,,,,6
2026-09-20T16:36:06.362Z,2026-09-20,2026-09-20T17:00:00Z,Cincinnati Bengals @ Houston Texans,WR_REC_YARDS,Andrei Iosivas,14.5,-113,-106,,,,6
2026-09-20T16:36:06.362Z,2026-09-20,2026-09-20T17:00:00Z,Cincinnati Bengals @ Houston Texans,WR_REC_YARDS,David Montgomery,11.5,-111,-112,,,,6
2026-09-20T16:36:06.362Z,2026-09-20,2026-09-20T17:00:00Z,Cincinnati Bengals @ Houston Texans,WR_REC_YARDS,Woody Marks,10.5,-112,-109,,,,6
2026-09-20T16:36:06.362Z,2026-09-20,2026-09-20T17:00:00Z,Cincinnati Bengals @ Houston Texans,WR_REC_YARDS,Drew Sample,8.5,-111,-113,,,,4
2026-09-20T16:36:06.362Z,2026-09-20,2026-09-20T17:00:00Z,Cincinnati Bengals @ Houston Texans,WR_REC_YARDS,Samaje Perine,7.5,-110,-107,,,,6
2026-09-20T16:36:06.362Z,2026-09-20,2026-09-20T17:00:00Z,Cincinnati Bengals @ Houston Texans,WR_REC_YARDS,Foster Moreau,7.5,-109,-113,,,,3
2026-09-20T16:36:06.362Z,2026-09-20,2026-09-20T17:00:00Z,Cincinnati Bengals @ Houston Texans,ANYTIME_TD,David Montgomery,,,,,0.5745,false,6
2026-09-20T16:36:06.362Z,2026-09-20,2026-09-20T17:00:00Z,Cincinnati Bengals @ Houston Texans,ANYTIME_TD,Ja'Marr Chase,,,,,0.4444,false,6
2026-09-20T16:36:06.362Z,2026-09-20,2026-09-20T17:00:00Z,Cincinnati Bengals @ Houston Texans,ANYTIME_TD,Chase Brown,,,,,0.4444,false,6
2026-09-20T16:36:06.362Z,2026-09-20,2026-09-20T17:00:00Z,Cincinnati Bengals @ Houston Texans,ANYTIME_TD,Tee Higgins,,,,,0.3571,false,6
2026-09-20T16:36:06.362Z,2026-09-20,2026-09-20T17:00:00Z,Cincinnati Bengals @ Houston Texans,ANYTIME_TD,Woody Marks,,,,,0.2941,false,6
2026-09-20T16:36:06.362Z,2026-09-20,2026-09-20T17:00:00Z,Cincinnati Bengals @ Houston Texans,ANYTIME_TD,Dalton Schultz,,,,,0.2778,false,6
2026-09-20T16:36:06.362Z,2026-09-20,2026-09-20T17:00:00Z,Cincinnati Bengals @ Houston Texans,ANYTIME_TD,Xavier Hutchinson,,,,,0.2439,false,6
2026-09-20T16:36:06.362Z,2026-09-20,2026-09-20T17:00:00Z,Cincinnati Bengals @ Houston Texans,ANYTIME_TD,Kayshon Boutte,,,,,0.2439,false,6
2026-09-20T16:36:06.362Z,2026-09-20,2026-09-20T17:00:00Z,Cincinnati Bengals @ Houston Texans,ANYTIME_TD,Jaylin Noel,,,,,0.2326,false,6
2026-09-20T16:36:06.362Z,2026-09-20,2026-09-20T17:00:00Z,Cincinnati Bengals @ Houston Texans,ANYTIME_TD,Mike Gesicki,,,,,0.2,false,6
2026-09-20T16:36:06.362Z,2026-09-20,2026-09-20T17:00:00Z,Cincinnati Bengals @ Houston Texans,ANYTIME_TD,Houston Texans D/ST,,,,,0.1667,false,3
2026-09-20T16:36:06.362Z,2026-09-20,2026-09-20T17:00:00Z,Cincinnati Bengals @ Houston Texans,ANYTIME_TD,Cincinnati Bengals D/ST,,,,,0.1481,false,3
2026-09-20T16:36:06.362Z,2026-09-20,2026-09-20T17:00:00Z,Cincinnati Bengals @ Houston Texans,ANYTIME_TD,Andrei Iosivas,,,,,0.1333,false,6
2026-09-20T16:36:06.362Z,2026-09-20,2026-09-20T17:00:00Z,Cincinnati Bengals @ Houston Texans,ANYTIME_TD,Samaje Perine,,,,,0.125,false,6
2026-09-20T16:36:06.362Z,2026-09-20,2026-09-20T17:00:00Z,Cincinnati Bengals @ Houston Texans,ANYTIME_TD,Jared Wayne,,,,,0.0909,false,6
2026-09-20T16:36:06.362Z,2026-09-20,2026-09-20T17:00:00Z,Cincinnati Bengals @ Houston Texans,ANYTIME_TD,Joe Burrow,,,,,0.0952,false,6
2026-09-20T16:36:06.362Z,2026-09-20,2026-09-20T17:00:00Z,Cincinnati Bengals @ Houston Texans,ANYTIME_TD,C.J. Stroud,,,,,0.0909,false,6
2026-09-20T16:36:06.362Z,2026-09-20,2026-09-20T17:00:00Z,Cincinnati Bengals @ Houston Texans,ANYTIME_TD,Dohnte Meyers,,,,,0.0714,false,6
2026-09-20T16:36:06.362Z,2026-09-20,2026-09-20T17:00:00Z,Cincinnati Bengals @ Houston Texans,ANYTIME_TD,Foster Moreau,,,,,0.0833,false,6
2026-09-20T16:36:06.362Z,2026-09-20,2026-09-20T17:00:00Z,Cincinnati Bengals @ Houston Texans,ANYTIME_TD,Cade Stover,,,,,0.0833,false,6
2026-09-20T16:36:06.362Z,2026-09-20,2026-09-20T17:00:00Z,Cincinnati Bengals @ Houston Texans,ANYTIME_TD,Erick All,,,,,0.0714,false,6
2026-09-20T16:36:06.362Z,2026-09-20,2026-09-20T17:00:00Z,Cincinnati Bengals @ Houston Texans,ANYTIME_TD,Drew Sample,,,,,0.0667,false,6
2026-09-20T16:36:06.362Z,2026-09-20,2026-09-20T17:00:00Z,Cincinnati Bengals @ Houston Texans,ANYTIME_TD,Tanner Hudson,,,,,0.0625,false,4
2026-09-20T16:36:06.362Z,2026-09-20,2026-09-20T17:00:00Z,Cincinnati Bengals @ Houston Texans,ANYTIME_TD,Marlin Klein,,,,,0.0435,false,6
2026-09-20T16:36:06.362Z,2026-09-20,2026-09-20T17:00:00Z,Cincinnati Bengals @ Houston Texans,ANYTIME_TD,Colbie Young,,,,,0.0385,false,6
2026-09-20T16:36:06.362Z,2026-09-20,2026-09-20T17:00:00Z,Cincinnati Bengals @ Houston Texans,ANYTIME_TD,Lewis Bond,,,,,0.0323,false,3
2026-09-20T16:36:06.362Z,2026-09-20,2026-09-20T17:00:00Z,Cincinnati Bengals @ Houston Texans,ANYTIME_TD,British Brooks,,,,,0.0323,false,6
2026-09-20T16:36:06.362Z,2026-09-20,2026-09-20T17:00:00Z,Cincinnati Bengals @ Houston Texans,ANYTIME_TD,Tahj Brooks,,,,,0.0179,false,6
2026-09-20T16:36:06.362Z,2026-09-20,2026-09-20T17:00:00Z,Cincinnati Bengals @ Houston Texans,ANYTIME_TD,Ke'Shawn Williams,,,,,0.04,false,1
2026-09-20T16:36:06.362Z,2026-09-20,2026-09-20T17:00:00Z,Cincinnati Bengals @ Houston Texans,ANYTIME_TD,Brevin Jordan,,,,,0.0714,false,1
2026-09-20T16:36:06.362Z,2026-09-20,2026-09-20T17:00:00Z,Cincinnati Bengals @ Houston Texans,ANYTIME_TD,Houston Texans Defense,,,,,0.125,false,1
2026-09-20T16:36:06.362Z,2026-09-20,2026-09-20T17:00:00Z,Cincinnati Bengals @ Houston Texans,ANYTIME_TD,Cincinnati Bengals Defense,,,,,0.1176,false,1
2026-09-20T16:36:06.362Z,2026-09-20,2026-09-20T17:00:00Z,Cincinnati Bengals @ Houston Texans,ANYTIME_TD,Jack Endries,,,,,0.0476,false,1
2026-09-20T16:36:06.362Z,2026-09-20,2026-09-20T17:00:00Z,Cleveland Browns @ Tampa Bay Buccaneers,QB_PASS_YARDS,Baker Mayfield,216.5,-112,-110,,,,6
2026-09-20T16:36:06.362Z,2026-09-20,2026-09-20T17:00:00Z,Cleveland Browns @ Tampa Bay Buccaneers,QB_PASS_YARDS,Deshaun Watson,175.5,-113,-113,,,,5
2026-09-20T16:36:06.362Z,2026-09-20,2026-09-20T17:00:00Z,Cleveland Browns @ Tampa Bay Buccaneers,RB_RUSH_YARDS,Bucky Irving,65.5,-112,-108,,,,6
2026-09-20T16:36:06.362Z,2026-09-20,2026-09-20T17:00:00Z,Cleveland Browns @ Tampa Bay Buccaneers,RB_RUSH_YARDS,Quinshon Judkins,49.5,-111,-109,,,,6
2026-09-20T16:36:06.362Z,2026-09-20,2026-09-20T17:00:00Z,Cleveland Browns @ Tampa Bay Buccaneers,RB_RUSH_YARDS,Kenny Gainwell,26.5,-113,-110,,,,5
2026-09-20T16:36:06.362Z,2026-09-20,2026-09-20T17:00:00Z,Cleveland Browns @ Tampa Bay Buccaneers,RB_RUSH_YARDS,Deshaun Watson,22.5,-113,-107,,,,5
2026-09-20T16:36:06.362Z,2026-09-20,2026-09-20T17:00:00Z,Cleveland Browns @ Tampa Bay Buccaneers,RB_RUSH_YARDS,Baker Mayfield,15.5,-113,-101,,,,4
2026-09-20T16:36:06.362Z,2026-09-20,2026-09-20T17:00:00Z,Cleveland Browns @ Tampa Bay Buccaneers,RB_RUSH_YARDS,Raheim Sanders,10.5,-111,-113,,,,4
2026-09-20T16:36:06.362Z,2026-09-20,2026-09-20T17:00:00Z,Cleveland Browns @ Tampa Bay Buccaneers,RB_RUSH_YARDS,KC Concepcion,7.5,-106,-110,,,,4
2026-09-20T16:36:06.362Z,2026-09-20,2026-09-20T17:00:00Z,Cleveland Browns @ Tampa Bay Buccaneers,WR_REC_YARDS,Emeka Egbuka,54.5,-111,-113,,,,6
2026-09-20T16:36:06.362Z,2026-09-20,2026-09-20T17:00:00Z,Cleveland Browns @ Tampa Bay Buccaneers,WR_REC_YARDS,Chris Godwin,38.5,-109,-114,,,,6
2026-09-20T16:36:06.362Z,2026-09-20,2026-09-20T17:00:00Z,Cleveland Browns @ Tampa Bay Buccaneers,WR_REC_YARDS,KC Concepcion,35.5,-111,-113,,,,6
2026-09-20T16:36:06.362Z,2026-09-20,2026-09-20T17:00:00Z,Cleveland Browns @ Tampa Bay Buccaneers,WR_REC_YARDS,Harold Fannin Jr.,33.5,-111,-110,,,,6
2026-09-20T16:36:06.362Z,2026-09-20,2026-09-20T17:00:00Z,Cleveland Browns @ Tampa Bay Buccaneers,WR_REC_YARDS,Denzel Boston,29.5,-113,-111,,,,6
2026-09-20T16:36:06.362Z,2026-09-20,2026-09-20T17:00:00Z,Cleveland Browns @ Tampa Bay Buccaneers,WR_REC_YARDS,Cade Otton,29.5,-110,-114,,,,6
2026-09-20T16:36:06.362Z,2026-09-20,2026-09-20T17:00:00Z,Cleveland Browns @ Tampa Bay Buccaneers,WR_REC_YARDS,Jerry Jeudy,27.5,-115,-110,,,,6
2026-09-20T16:36:06.362Z,2026-09-20,2026-09-20T17:00:00Z,Cleveland Browns @ Tampa Bay Buccaneers,WR_REC_YARDS,Jalen McMillan,20.5,-113,-109,,,,5
2026-09-20T16:36:06.362Z,2026-09-20,2026-09-20T17:00:00Z,Cleveland Browns @ Tampa Bay Buccaneers,WR_REC_YARDS,Bucky Irving,17.5,-113,-107,,,,6
2026-09-20T16:36:06.362Z,2026-09-20,2026-09-20T17:00:00Z,Cleveland Browns @ Tampa Bay Buccaneers,WR_REC_YARDS,Kenny Gainwell,13.5,-114,-110,,,,6
2026-09-20T16:36:06.362Z,2026-09-20,2026-09-20T17:00:00Z,Cleveland Browns @ Tampa Bay Buccaneers,WR_REC_YARDS,Quinshon Judkins,11.5,-114,-110,,,,6
2026-09-20T16:36:06.362Z,2026-09-20,2026-09-20T17:00:00Z,Cleveland Browns @ Tampa Bay Buccaneers,ANYTIME_TD,Bucky Irving,,,,,0.5122,false,6
2026-09-20T16:36:06.362Z,2026-09-20,2026-09-20T17:00:00Z,Cleveland Browns @ Tampa Bay Buccaneers,ANYTIME_TD,Quinshon Judkins,,,,,0.3774,false,6
2026-09-20T16:36:06.362Z,2026-09-20,2026-09-20T17:00:00Z,Cleveland Browns @ Tampa Bay Buccaneers,ANYTIME_TD,Emeka Egbuka,,,,,0.3571,false,6
2026-09-20T16:36:06.362Z,2026-09-20,2026-09-20T17:00:00Z,Cleveland Browns @ Tampa Bay Buccaneers,ANYTIME_TD,Kenny Gainwell,,,,,0.2857,false,6
2026-09-20T16:36:06.362Z,2026-09-20,2026-09-20T17:00:00Z,Cleveland Browns @ Tampa Bay Buccaneers,ANYTIME_TD,Chris Godwin,,,,,0.2817,false,6
2026-09-20T16:36:06.362Z,2026-09-20,2026-09-20T17:00:00Z,Cleveland Browns @ Tampa Bay Buccaneers,ANYTIME_TD,Cade Otton,,,,,0.2381,false,6
2026-09-20T16:36:06.362Z,2026-09-20,2026-09-20T17:00:00Z,Cleveland Browns @ Tampa Bay Buccaneers,ANYTIME_TD,Jalen McMillan,,,,,0.2174,false,6
2026-09-20T16:36:06.362Z,2026-09-20,2026-09-20T17:00:00Z,Cleveland Browns @ Tampa Bay Buccaneers,ANYTIME_TD,Denzel Boston,,,,,0.2128,false,6
2026-09-20T16:36:06.362Z,2026-09-20,2026-09-20T17:00:00Z,Cleveland Browns @ Tampa Bay Buccaneers,ANYTIME_TD,Harold Fannin Jr.,,,,,0.2128,false,6
2026-09-20T16:36:06.362Z,2026-09-20,2026-09-20T17:00:00Z,Cleveland Browns @ Tampa Bay Buccaneers,ANYTIME_TD,KC Concepcion,,,,,0.1887,false,6
2026-09-20T16:36:06.362Z,2026-09-20,2026-09-20T17:00:00Z,Cleveland Browns @ Tampa Bay Buccaneers,ANYTIME_TD,Jerry Jeudy,,,,,0.1724,false,6
2026-09-20T16:36:06.362Z,2026-09-20,2026-09-20T17:00:00Z,Cleveland Browns @ Tampa Bay Buccaneers,ANYTIME_TD,Sean Tucker,,,,,0.1667,false,6
2026-09-20T16:36:06.362Z,2026-09-20,2026-09-20T17:00:00Z,Cleveland Browns @ Tampa Bay Buccaneers,ANYTIME_TD,Tampa Bay Buccaneers D/ST,,,,,0.1667,false,3
2026-09-20T16:36:06.362Z,2026-09-20,2026-09-20T17:00:00Z,Cleveland Browns @ Tampa Bay Buccaneers,ANYTIME_TD,Ted Hurst III,,,,,0.1538,false,6
2026-09-20T16:36:06.362Z,2026-09-20,2026-09-20T17:00:00Z,Cleveland Browns @ Tampa Bay Buccaneers,ANYTIME_TD,Baker Mayfield,,,,,0.1429,false,6
2026-09-20T16:36:06.362Z,2026-09-20,2026-09-20T17:00:00Z,Cleveland Browns @ Tampa Bay Buccaneers,ANYTIME_TD,Deshaun Watson,,,,,0.1429,false,6
2026-09-20T16:36:06.362Z,2026-09-20,2026-09-20T17:00:00Z,Cleveland Browns @ Tampa Bay Buccaneers,ANYTIME_TD,Cleveland Browns D/ST,,,,,0.1333,false,3
2026-09-20T16:36:06.362Z,2026-09-20,2026-09-20T17:00:00Z,Cleveland Browns @ Tampa Bay Buccaneers,ANYTIME_TD,Raheim Sanders,,,,,0.0833,false,6
2026-09-20T16:36:06.362Z,2026-09-20,2026-09-20T17:00:00Z,Cleveland Browns @ Tampa Bay Buccaneers,ANYTIME_TD,Jaleel McLaughlin,,,,,0.0385,false,5
2026-09-20T16:36:06.362Z,2026-09-20,2026-09-20T17:00:00Z,Cleveland Browns @ Tampa Bay Buccaneers,ANYTIME_TD,Tez Johnson,,,,,0.069,false,6
2026-09-20T16:36:06.362Z,2026-09-20,2026-09-20T17:00:00Z,Cleveland Browns @ Tampa Bay Buccaneers,ANYTIME_TD,Payne Durham,,,,,0.0435,false,6
2026-09-20T16:36:06.362Z,2026-09-20,2026-09-20T17:00:00Z,Cleveland Browns @ Tampa Bay Buccaneers,ANYTIME_TD,Isaiah Bond,,,,,0.04,false,6
2026-09-20T16:36:06.362Z,2026-09-20,2026-09-20T17:00:00Z,Cleveland Browns @ Tampa Bay Buccaneers,ANYTIME_TD,Tylan Wallace,,,,,0.0385,false,6
2026-09-20T16:36:06.362Z,2026-09-20,2026-09-20T17:00:00Z,Cleveland Browns @ Tampa Bay Buccaneers,ANYTIME_TD,Kameron Johnson,,,,,0.04,false,5
2026-09-20T16:36:06.362Z,2026-09-20,2026-09-20T17:00:00Z,Cleveland Browns @ Tampa Bay Buccaneers,ANYTIME_TD,Ko Kieft,,,,,0.0278,false,5
2026-09-20T16:36:06.362Z,2026-09-20,2026-09-20T17:00:00Z,Cleveland Browns @ Tampa Bay Buccaneers,ANYTIME_TD,Bauer Sharp,,,,,0.0244,false,6
2026-09-20T16:36:06.362Z,2026-09-20,2026-09-20T17:00:00Z,Cleveland Browns @ Tampa Bay Buccaneers,ANYTIME_TD,Blake Whiteheart,,,,,0.0385,false,6
2026-09-20T16:36:06.362Z,2026-09-20,2026-09-20T17:00:00Z,Cleveland Browns @ Tampa Bay Buccaneers,ANYTIME_TD,Malachi Corley,,,,,0.0294,false,5
2026-09-20T16:36:06.362Z,2026-09-20,2026-09-20T17:00:00Z,Cleveland Browns @ Tampa Bay Buccaneers,ANYTIME_TD,Carsen Ryan,,,,,0.0217,false,5
2026-09-20T16:36:06.362Z,2026-09-20,2026-09-20T17:00:00Z,Cleveland Browns @ Tampa Bay Buccaneers,ANYTIME_TD,Michael Burton,,,,,0.0132,false,6
2026-09-20T16:36:06.362Z,2026-09-20,2026-09-20T17:00:00Z,Cleveland Browns @ Tampa Bay Buccaneers,ANYTIME_TD,Tampa Bay Buccaneers Defense,,,,,0.125,false,1
2026-09-20T16:36:06.362Z,2026-09-20,2026-09-20T17:00:00Z,Cleveland Browns @ Tampa Bay Buccaneers,ANYTIME_TD,Cleveland Browns Defense,,,,,0.125,false,1
2026-09-20T16:36:06.362Z,2026-09-20,2026-09-20T17:00:00Z,Cleveland Browns @ Tampa Bay Buccaneers,ANYTIME_TD,Josh Williams,,,,,0.087,false,1
2026-09-20T16:36:06.362Z,2026-09-20,2026-09-20T17:00:00Z,Green Bay Packers @ New York Jets,QB_PASS_YARDS,Jordan Love,254.5,-113,-113,,,,6
2026-09-20T16:36:06.362Z,2026-09-20,2026-09-20T17:00:00Z,Green Bay Packers @ New York Jets,QB_PASS_YARDS,Geno Smith,207.5,-113,-112,,,,6
2026-09-20T16:36:06.362Z,2026-09-20,2026-09-20T17:00:00Z,Green Bay Packers @ New York Jets,RB_RUSH_YARDS,Breece Hall,63.5,-113,-113,,,,6
2026-09-20T16:36:06.362Z,2026-09-20,2026-09-20T17:00:00Z,Green Bay Packers @ New York Jets,RB_RUSH_YARDS,MarShawn Lloyd,49.5,-111,-113,,,,6
2026-09-20T16:36:06.362Z,2026-09-20,2026-09-20T17:00:00Z,Green Bay Packers @ New York Jets,RB_RUSH_YARDS,Chris Brooks,24.5,-113,-113,,,,6
2026-09-20T16:36:06.362Z,2026-09-20,2026-09-20T17:00:00Z,Green Bay Packers @ New York Jets,RB_RUSH_YARDS,Braelon Allen,24.5,-113,-113,,,,6
2026-09-20T16:36:06.362Z,2026-09-20,2026-09-20T17:00:00Z,Green Bay Packers @ New York Jets,RB_RUSH_YARDS,Geno Smith,7.5,-106,-108,,,,6
2026-09-20T16:36:06.362Z,2026-09-20,2026-09-20T17:00:00Z,Green Bay Packers @ New York Jets,RB_RUSH_YARDS,Jordan Love,7.5,-113,-107,,,,6
2026-09-20T16:36:06.362Z,2026-09-20,2026-09-20T17:00:00Z,Green Bay Packers @ New York Jets,WR_REC_YARDS,Garrett Wilson,68.5,-113,-113,,,,6
2026-09-20T16:36:06.362Z,2026-09-20,2026-09-20T17:00:00Z,Green Bay Packers @ New York Jets,WR_REC_YARDS,Christian Watson,61.5,-111,-113,,,,6
2026-09-20T16:36:06.362Z,2026-09-20,2026-09-20T17:00:00Z,Green Bay Packers @ New York Jets,WR_REC_YARDS,Matthew Golden,49.5,-111,-110,,,,6
2026-09-20T16:36:06.362Z,2026-09-20,2026-09-20T17:00:00Z,Green Bay Packers @ New York Jets,WR_REC_YARDS,Tucker Kraft,43.5,-110,-109,,,,6
2026-09-20T16:36:06.362Z,2026-09-20,2026-09-20T17:00:00Z,Green Bay Packers @ New York Jets,WR_REC_YARDS,Jayden Reed,37.5,-110,-110,,,,6
2026-09-20T16:36:06.362Z,2026-09-20,2026-09-20T17:00:00Z,Green Bay Packers @ New York Jets,WR_REC_YARDS,Adonai Mitchell,33.5,-109,-113,,,,6
2026-09-20T16:36:06.362Z,2026-09-20,2026-09-20T17:00:00Z,Green Bay Packers @ New York Jets,WR_REC_YARDS,Kenyon Sadiq,20.5,-113,-105,,,,6
2026-09-20T16:36:06.362Z,2026-09-20,2026-09-20T17:00:00Z,Green Bay Packers @ New York Jets,WR_REC_YARDS,Breece Hall,18.5,-113,-110,,,,5
2026-09-20T16:36:06.362Z,2026-09-20,2026-09-20T17:00:00Z,Green Bay Packers @ New York Jets,WR_REC_YARDS,Mason Taylor,17.5,-107,-113,,,,6
2026-09-20T16:36:06.362Z,2026-09-20,2026-09-20T17:00:00Z,Green Bay Packers @ New York Jets,WR_REC_YARDS,Jonnu Smith,12.5,-110,-108,,,,6
2026-09-20T16:36:06.362Z,2026-09-20,2026-09-20T17:00:00Z,Green Bay Packers @ New York Jets,WR_REC_YARDS,Isaiah Williams,11.5,-110,-113,,,,5
2026-09-20T16:36:06.362Z,2026-09-20,2026-09-20T17:00:00Z,Green Bay Packers @ New York Jets,WR_REC_YARDS,Chris Brooks,9.5,-109,-110,,,,6
2026-09-20T16:36:06.362Z,2026-09-20,2026-09-20T17:00:00Z,Green Bay Packers @ New York Jets,WR_REC_YARDS,MarShawn Lloyd,6.5,-113,-106,,,,6
2026-09-20T16:36:06.362Z,2026-09-20,2026-09-20T17:00:00Z,Green Bay Packers @ New York Jets,ANYTIME_TD,Breece Hall,,,,,0.4878,false,6
2026-09-20T16:36:06.362Z,2026-09-20,2026-09-20T17:00:00Z,Green Bay Packers @ New York Jets,ANYTIME_TD,MarShawn Lloyd,,,,,0.3846,false,6
2026-09-20T16:36:06.362Z,2026-09-20,2026-09-20T17:00:00Z,Green Bay Packers @ New York Jets,ANYTIME_TD,Christian Watson,,,,,0.339,false,6
2026-09-20T16:36:06.362Z,2026-09-20,2026-09-20T17:00:00Z,Green Bay Packers @ New York Jets,ANYTIME_TD,Tucker Kraft,,,,,0.3333,false,6
2026-09-20T16:36:06.362Z,2026-09-20,2026-09-20T17:00:00Z,Green Bay Packers @ New York Jets,ANYTIME_TD,Chris Brooks,,,,,0.339,false,6
2026-09-20T16:36:06.362Z,2026-09-20,2026-09-20T17:00:00Z,Green Bay Packers @ New York Jets,ANYTIME_TD,Garrett Wilson,,,,,0.3333,false,6
2026-09-20T16:36:06.362Z,2026-09-20,2026-09-20T17:00:00Z,Green Bay Packers @ New York Jets,ANYTIME_TD,Matthew Golden,,,,,0.2941,false,6
2026-09-20T16:36:06.362Z,2026-09-20,2026-09-20T17:00:00Z,Green Bay Packers @ New York Jets,ANYTIME_TD,Jayden Reed,,,,,0.2564,false,6
2026-09-20T16:36:06.362Z,2026-09-20,2026-09-20T17:00:00Z,Green Bay Packers @ New York Jets,ANYTIME_TD,Braelon Allen,,,,,0.2439,false,6
2026-09-20T16:36:06.362Z,2026-09-20,2026-09-20T17:00:00Z,Green Bay Packers @ New York Jets,ANYTIME_TD,Adonai Mitchell,,,,,0.2174,false,6
2026-09-20T16:36:06.362Z,2026-09-20,2026-09-20T17:00:00Z,Green Bay Packers @ New York Jets,ANYTIME_TD,Mason Taylor,,,,,0.1481,false,6
2026-09-20T16:36:06.362Z,2026-09-20,2026-09-20T17:00:00Z,Green Bay Packers @ New York Jets,ANYTIME_TD,Kenyon Sadiq,,,,,0.1667,false,6
2026-09-20T16:36:06.362Z,2026-09-20,2026-09-20T17:00:00Z,Green Bay Packers @ New York Jets,ANYTIME_TD,Isaiah Williams,,,,,0.129,false,6
2026-09-20T16:36:06.362Z,2026-09-20,2026-09-20T17:00:00Z,Green Bay Packers @ New York Jets,ANYTIME_TD,Jonnu Smith,,,,,0.125,false,5
2026-09-20T16:36:06.362Z,2026-09-20,2026-09-20T17:00:00Z,Green Bay Packers @ New York Jets,ANYTIME_TD,New York Jets D/ST,,,,,0.1176,false,3
2026-09-20T16:36:06.362Z,2026-09-20,2026-09-20T17:00:00Z,Green Bay Packers @ New York Jets,ANYTIME_TD,Geno Smith,,,,,0.1,false,6
2026-09-20T16:36:06.362Z,2026-09-20,2026-09-20T17:00:00Z,Green Bay Packers @ New York Jets,ANYTIME_TD,Kaleb Johnson,,,,,0.1081,false,5
2026-09-20T16:36:06.362Z,2026-09-20,2026-09-20T17:00:00Z,Green Bay Packers @ New York Jets,ANYTIME_TD,Green Bay Packers D/ST,,,,,0.1111,false,3
2026-09-20T16:36:06.362Z,2026-09-20,2026-09-20T17:00:00Z,Green Bay Packers @ New York Jets,ANYTIME_TD,Jordan Love,,,,,0.1053,false,6
2026-09-20T16:36:06.362Z,2026-09-20,2026-09-20T17:00:00Z,Green Bay Packers @ New York Jets,ANYTIME_TD,Bo Melton,,,,,0.0714,false,6
2026-09-20T16:36:06.362Z,2026-09-20,2026-09-20T17:00:00Z,Green Bay Packers @ New York Jets,ANYTIME_TD,Isaiah Davis,,,,,0.0556,false,6
2026-09-20T16:36:06.362Z,2026-09-20,2026-09-20T17:00:00Z,Green Bay Packers @ New York Jets,ANYTIME_TD,Jelani Woods,,,,,0.0435,false,6
2026-09-20T16:36:06.362Z,2026-09-20,2026-09-20T17:00:00Z,Green Bay Packers @ New York Jets,ANYTIME_TD,Jeremy Ruckert,,,,,0.0556,false,6
2026-09-20T16:36:06.362Z,2026-09-20,2026-09-20T17:00:00Z,Green Bay Packers @ New York Jets,ANYTIME_TD,Josh Whyle,,,,,0.0556,false,6
2026-09-20T16:36:06.362Z,2026-09-20,2026-09-20T17:00:00Z,Green Bay Packers @ New York Jets,ANYTIME_TD,Mark Redman,,,,,0.0476,false,5
2026-09-20T16:36:06.362Z,2026-09-20,2026-09-20T17:00:00Z,Green Bay Packers @ New York Jets,ANYTIME_TD,Skyy Moore,,,,,0.0385,false,6
2026-09-20T16:36:06.362Z,2026-09-20,2026-09-20T17:00:00Z,Green Bay Packers @ New York Jets,ANYTIME_TD,Arian Smith,,,,,0.0278,false,6
2026-09-20T16:36:06.362Z,2026-09-20,2026-09-20T17:00:00Z,Green Bay Packers @ New York Jets,ANYTIME_TD,Andrew Beck,,,,,0.0294,false,6
2026-09-20T16:36:06.362Z,2026-09-20,2026-09-20T17:00:00Z,Green Bay Packers @ New York Jets,ANYTIME_TD,Green Bay Packers Defense,,,,,0.1176,false,1
2026-09-20T16:36:06.362Z,2026-09-20,2026-09-20T17:00:00Z,Green Bay Packers @ New York Jets,ANYTIME_TD,New York Jets Defense,,,,,0.1111,false,1
2026-09-20T16:36:06.362Z,2026-09-20,2026-09-20T17:00:00Z,Green Bay Packers @ New York Jets,ANYTIME_TD,J. Michael Sturdivant,,,,,0.0435,false,2
2026-09-20T16:36:06.362Z,2026-09-20,2026-09-20T17:00:00Z,Green Bay Packers @ New York Jets,ANYTIME_TD,Sterling Shepard,,,,,0.0556,false,1
2026-09-20T16:36:06.362Z,2026-09-20,2026-09-20T17:00:00Z,Pittsburgh Steelers @ New England Patriots,QB_PASS_YARDS,Drake Maye,224.5,-109,-113,,,,6
2026-09-20T16:36:06.362Z,2026-09-20,2026-09-20T17:00:00Z,Pittsburgh Steelers @ New England Patriots,QB_PASS_YARDS,Aaron Rodgers,208.5,-111,-113,,,,6
2026-09-20T16:36:06.362Z,2026-09-20,2026-09-20T17:00:00Z,Pittsburgh Steelers @ New England Patriots,RB_RUSH_YARDS,Rhamondre Stevenson,48.5,-110,-112,,,,6
2026-09-20T16:36:06.362Z,2026-09-20,2026-09-20T17:00:00Z,Pittsburgh Steelers @ New England Patriots,RB_RUSH_YARDS,Jaylen Warren,41.5,-112,-112,,,,6
2026-09-20T16:36:06.362Z,2026-09-20,2026-09-20T17:00:00Z,Pittsburgh Steelers @ New England Patriots,RB_RUSH_YARDS,Rico Dowdle,33.5,-108,-113,,,,5
2026-09-20T16:36:06.362Z,2026-09-20,2026-09-20T17:00:00Z,Pittsburgh Steelers @ New England Patriots,RB_RUSH_YARDS,TreVeyon Henderson,35.5,-113,-115,,,,5
2026-09-20T16:36:06.362Z,2026-09-20,2026-09-20T17:00:00Z,Pittsburgh Steelers @ New England Patriots,RB_RUSH_YARDS,Drake Maye,28.5,-114,-110,,,,6
2026-09-20T16:36:06.362Z,2026-09-20,2026-09-20T17:00:00Z,Pittsburgh Steelers @ New England Patriots,RB_RUSH_YARDS,Aaron Rodgers,0.5,-108,-111,,,,3
2026-09-20T16:36:06.362Z,2026-09-20,2026-09-20T17:00:00Z,Pittsburgh Steelers @ New England Patriots,WR_REC_YARDS,DK Metcalf,59.5,-111,-113,,,,6
2026-09-20T16:36:06.362Z,2026-09-20,2026-09-20T17:00:00Z,Pittsburgh Steelers @ New England Patriots,WR_REC_YARDS,Romeo Doubs,39.5,-113,-113,,,,6
2026-09-20T16:36:06.362Z,2026-09-20,2026-09-20T17:00:00Z,Pittsburgh Steelers @ New England Patriots,WR_REC_YARDS,Hunter Henry,38.5,-109,-111,,,,6
2026-09-20T16:36:06.362Z,2026-09-20,2026-09-20T17:00:00Z,Pittsburgh Steelers @ New England Patriots,WR_REC_YARDS,Mack Hollins,35.5,-113,-113,,,,6
2026-09-20T16:36:06.362Z,2026-09-20,2026-09-20T17:00:00Z,Pittsburgh Steelers @ New England Patriots,WR_REC_YARDS,DeMario Douglas,34.5,-113,-111,,,,6
2026-09-20T16:36:06.362Z,2026-09-20,2026-09-20T17:00:00Z,Pittsburgh Steelers @ New England Patriots,WR_REC_YARDS,Roman Wilson,33.5,-111,-113,,,,6
2026-09-20T16:36:06.362Z,2026-09-20,2026-09-20T17:00:00Z,Pittsburgh Steelers @ New England Patriots,WR_REC_YARDS,Pat Freiermuth,31.5,-113,-112,,,,6
2026-09-20T16:36:06.362Z,2026-09-20,2026-09-20T17:00:00Z,Pittsburgh Steelers @ New England Patriots,WR_REC_YARDS,Jaylen Warren,18.5,-113,-112,,,,6
2026-09-20T16:36:06.362Z,2026-09-20,2026-09-20T17:00:00Z,Pittsburgh Steelers @ New England Patriots,WR_REC_YARDS,Rhamondre Stevenson,18.5,-110,-110,,,,6
2026-09-20T16:36:06.362Z,2026-09-20,2026-09-20T17:00:00Z,Pittsburgh Steelers @ New England Patriots,WR_REC_YARDS,Germie Bernard,15.5,-108,-110,,,,6
2026-09-20T16:36:06.362Z,2026-09-20,2026-09-20T17:00:00Z,Pittsburgh Steelers @ New England Patriots,WR_REC_YARDS,Rico Dowdle,14.5,-113,-110,,,,6
2026-09-20T16:36:06.362Z,2026-09-20,2026-09-20T17:00:00Z,Pittsburgh Steelers @ New England Patriots,WR_REC_YARDS,Darnell Washington,14.5,-113,-111,,,,6
2026-09-20T16:36:06.362Z,2026-09-20,2026-09-20T17:00:00Z,Pittsburgh Steelers @ New England Patriots,WR_REC_YARDS,TreVeyon Henderson,10.5,-111,-108,,,,6
2026-09-20T16:36:06.362Z,2026-09-20,2026-09-20T17:00:00Z,Pittsburgh Steelers @ New England Patriots,ANYTIME_TD,Rhamondre Stevenson,,,,,0.4651,false,6
2026-09-20T16:36:06.362Z,2026-09-20,2026-09-20T17:00:00Z,Pittsburgh Steelers @ New England Patriots,ANYTIME_TD,DK Metcalf,,,,,0.3077,false,6
2026-09-20T16:36:06.362Z,2026-09-20,2026-09-20T17:00:00Z,Pittsburgh Steelers @ New England Patriots,ANYTIME_TD,Jaylen Warren,,,,,0.3333,false,6
2026-09-20T16:36:06.362Z,2026-09-20,2026-09-20T17:00:00Z,Pittsburgh Steelers @ New England Patriots,ANYTIME_TD,Rico Dowdle,,,,,0.3125,false,6
2026-09-20T16:36:06.362Z,2026-09-20,2026-09-20T17:00:00Z,Pittsburgh Steelers @ New England Patriots,ANYTIME_TD,Hunter Henry,,,,,0.2899,false,6
2026-09-20T16:36:06.362Z,2026-09-20,2026-09-20T17:00:00Z,Pittsburgh Steelers @ New England Patriots,ANYTIME_TD,Drake Maye,,,,,0.2778,false,6
2026-09-20T16:36:06.362Z,2026-09-20,2026-09-20T17:00:00Z,Pittsburgh Steelers @ New England Patriots,ANYTIME_TD,TreVeyon Henderson,,,,,0.2667,false,6
2026-09-20T16:36:06.362Z,2026-09-20,2026-09-20T17:00:00Z,Pittsburgh Steelers @ New England Patriots,ANYTIME_TD,Romeo Doubs,,,,,0.2703,false,6
2026-09-20T16:36:06.362Z,2026-09-20,2026-09-20T17:00:00Z,Pittsburgh Steelers @ New England Patriots,ANYTIME_TD,Mack Hollins,,,,,0.2564,false,6
2026-09-20T16:36:06.362Z,2026-09-20,2026-09-20T17:00:00Z,Pittsburgh Steelers @ New England Patriots,ANYTIME_TD,Pat Freiermuth,,,,,0.2,false,6
2026-09-20T16:36:06.362Z,2026-09-20,2026-09-20T17:00:00Z,Pittsburgh Steelers @ New England Patriots,ANYTIME_TD,DeMario Douglas,,,,,0.2,false,6
2026-09-20T16:36:06.362Z,2026-09-20,2026-09-20T17:00:00Z,Pittsburgh Steelers @ New England Patriots,ANYTIME_TD,Roman Wilson,,,,,0.1852,false,6
2026-09-20T16:36:06.362Z,2026-09-20,2026-09-20T17:00:00Z,Pittsburgh Steelers @ New England Patriots,ANYTIME_TD,New England Patriots D/ST,,,,,0.1667,false,3
2026-09-20T16:36:06.362Z,2026-09-20,2026-09-20T17:00:00Z,Pittsburgh Steelers @ New England Patriots,ANYTIME_TD,Pittsburgh Steelers D/ST,,,,,0.1538,false,3
2026-09-20T16:36:06.362Z,2026-09-20,2026-09-20T17:00:00Z,Pittsburgh Steelers @ New England Patriots,ANYTIME_TD,Darnell Washington,,,,,0.125,false,6
2026-09-20T16:36:06.362Z,2026-09-20,2026-09-20T17:00:00Z,Pittsburgh Steelers @ New England Patriots,ANYTIME_TD,Kyle Williams,,,,,0.0909,false,6
2026-09-20T16:36:06.362Z,2026-09-20,2026-09-20T17:00:00Z,Pittsburgh Steelers @ New England Patriots,ANYTIME_TD,Germie Bernard,,,,,0.1111,false,6
2026-09-20T16:36:06.362Z,2026-09-20,2026-09-20T17:00:00Z,Pittsburgh Steelers @ New England Patriots,ANYTIME_TD,Eli Raridon,,,,,0.1,false,6
2026-09-20T16:36:06.362Z,2026-09-20,2026-09-20T17:00:00Z,Pittsburgh Steelers @ New England Patriots,ANYTIME_TD,Aaron Rodgers,,,,,0.05,false,6
2026-09-20T16:36:06.362Z,2026-09-20,2026-09-20T17:00:00Z,Pittsburgh Steelers @ New England Patriots,ANYTIME_TD,Kaden Wetjen,,,,,0.0345,false,6
2026-09-20T16:36:06.362Z,2026-09-20,2026-09-20T17:00:00Z,Pittsburgh Steelers @ New England Patriots,ANYTIME_TD,Ben Skowronek,,,,,0.0385,false,6
2026-09-20T16:36:06.362Z,2026-09-20,2026-09-20T17:00:00Z,Pittsburgh Steelers @ New England Patriots,ANYTIME_TD,Efton Chism III,,,,,0.0323,false,6
2026-09-20T16:36:06.362Z,2026-09-20,2026-09-20T17:00:00Z,Pittsburgh Steelers @ New England Patriots,ANYTIME_TD,Corey Kiner,,,,,0.0435,false,6
2026-09-20T16:36:06.362Z,2026-09-20,2026-09-20T17:00:00Z,Pittsburgh Steelers @ New England Patriots,ANYTIME_TD,Reggie Gilliam,,,,,0.0244,false,6
2026-09-20T16:36:06.362Z,2026-09-20,2026-09-20T17:00:00Z,Pittsburgh Steelers @ New England Patriots,ANYTIME_TD,Eli Heidenreich,,,,,0.0244,false,6
2026-09-20T16:36:06.362Z,2026-09-20,2026-09-20T17:00:00Z,Pittsburgh Steelers @ New England Patriots,ANYTIME_TD,Riley Nowakowski,,,,,0.0244,false,5
2026-09-20T16:36:06.362Z,2026-09-20,2026-09-20T17:00:00Z,Pittsburgh Steelers @ New England Patriots,ANYTIME_TD,Robert Tonyan,,,,,0.0244,false,6
2026-09-20T16:36:06.362Z,2026-09-20,2026-09-20T17:00:00Z,Pittsburgh Steelers @ New England Patriots,ANYTIME_TD,Travis Homer,,,,,0.0217,false,4
2026-09-20T16:36:06.362Z,2026-09-20,2026-09-20T17:00:00Z,Pittsburgh Steelers @ New England Patriots,ANYTIME_TD,Cameron Latu,,,,,0.0179,false,5
2026-09-20T16:36:06.362Z,2026-09-20,2026-09-20T17:00:00Z,Pittsburgh Steelers @ New England Patriots,ANYTIME_TD,Tanner Arkin,,,,,0.0286,false,1
2026-09-20T16:36:06.362Z,2026-09-20,2026-09-20T17:00:00Z,Pittsburgh Steelers @ New England Patriots,ANYTIME_TD,Pittsburgh Steelers Defense,,,,,0.125,false,1
2026-09-20T16:36:06.362Z,2026-09-20,2026-09-20T17:00:00Z,Pittsburgh Steelers @ New England Patriots,ANYTIME_TD,New England Patriots Defense,,,,,0.1176,false,1
2026-09-20T16:36:06.362Z,2026-09-20,2026-09-20T17:00:00Z,Philadelphia Eagles @ Tennessee Titans,QB_PASS_YARDS,Jalen Hurts,206.5,-113,-105,,,,6
2026-09-20T16:36:06.362Z,2026-09-20,2026-09-20T17:00:00Z,Philadelphia Eagles @ Tennessee Titans,QB_PASS_YARDS,Cam Ward,187.5,-111,-113,,,,6
2026-09-20T16:36:06.362Z,2026-09-20,2026-09-20T17:00:00Z,Philadelphia Eagles @ Tennessee Titans,RB_RUSH_YARDS,Saquon Barkley,79.5,-113,-113,,,,6
2026-09-20T16:36:06.362Z,2026-09-20,2026-09-20T17:00:00Z,Philadelphia Eagles @ Tennessee Titans,RB_RUSH_YARDS,Tony Pollard,40.5,-118,-111,,,,6
2026-09-20T16:36:06.362Z,2026-09-20,2026-09-20T17:00:00Z,Philadelphia Eagles @ Tennessee Titans,RB_RUSH_YARDS,Jalen Hurts,29.5,-113,-110,,,,6
2026-09-20T16:36:06.362Z,2026-09-20,2026-09-20T17:00:00Z,Philadelphia Eagles @ Tennessee Titans,RB_RUSH_YARDS,Tyjae Spears,16.5,-112,-111,,,,6
2026-09-20T16:36:06.362Z,2026-09-20,2026-09-20T17:00:00Z,Philadelphia Eagles @ Tennessee Titans,RB_RUSH_YARDS,Cam Ward,11.5,-113,-108,,,,6
2026-09-20T16:36:06.362Z,2026-09-20,2026-09-20T17:00:00Z,Philadelphia Eagles @ Tennessee Titans,WR_REC_YARDS,DeVonta Smith,60.5,-113,-113,,,,6
2026-09-20T16:36:06.362Z,2026-09-20,2026-09-20T17:00:00Z,Philadelphia Eagles @ Tennessee Titans,WR_REC_YARDS,Carnell Tate,39.5,-115,-113,,,,6
2026-09-20T16:36:06.362Z,2026-09-20,2026-09-20T17:00:00Z,Philadelphia Eagles @ Tennessee Titans,WR_REC_YARDS,Wan'Dale Robinson,37.5,-115,-110,,,,6
2026-09-20T16:36:06.362Z,2026-09-20,2026-09-20T17:00:00Z,Philadelphia Eagles @ Tennessee Titans,WR_REC_YARDS,Dallas Goedert,39.5,-113,-114,,,,6
2026-09-20T16:36:06.362Z,2026-09-20,2026-09-20T17:00:00Z,Philadelphia Eagles @ Tennessee Titans,WR_REC_YARDS,Dontayvion Wicks,31.5,-113,-113,,,,6
2026-09-20T16:36:06.362Z,2026-09-20,2026-09-20T17:00:00Z,Philadelphia Eagles @ Tennessee Titans,WR_REC_YARDS,Makai Lemon,24.5,-109,-115,,,,6
2026-09-20T16:36:06.362Z,2026-09-20,2026-09-20T17:00:00Z,Philadelphia Eagles @ Tennessee Titans,WR_REC_YARDS,Gunnar Helm,23.5,-108,-116,,,,6
2026-09-20T16:36:06.362Z,2026-09-20,2026-09-20T17:00:00Z,Philadelphia Eagles @ Tennessee Titans,WR_REC_YARDS,Calvin Ridley,17.5,-110,-114,,,,6
2026-09-20T16:36:06.362Z,2026-09-20,2026-09-20T17:00:00Z,Philadelphia Eagles @ Tennessee Titans,WR_REC_YARDS,Tyjae Spears,15.5,-113,-109,,,,6
2026-09-20T16:36:06.362Z,2026-09-20,2026-09-20T17:00:00Z,Philadelphia Eagles @ Tennessee Titans,WR_REC_YARDS,Saquon Barkley,11.5,-105,-110,,,,6
2026-09-20T16:36:06.362Z,2026-09-20,2026-09-20T17:00:00Z,Philadelphia Eagles @ Tennessee Titans,WR_REC_YARDS,Tony Pollard,7.5,-113,-105,,,,6
2026-09-20T16:36:06.362Z,2026-09-20,2026-09-20T17:00:00Z,Philadelphia Eagles @ Tennessee Titans,ANYTIME_TD,Saquon Barkley,,,,,0.5238,false,6
2026-09-20T16:36:06.362Z,2026-09-20,2026-09-20T17:00:00Z,Philadelphia Eagles @ Tennessee Titans,ANYTIME_TD,Jalen Hurts,,,,,0.4,false,6
2026-09-20T16:36:06.362Z,2026-09-20,2026-09-20T17:00:00Z,Philadelphia Eagles @ Tennessee Titans,ANYTIME_TD,Dallas Goedert,,,,,0.3175,false,6
2026-09-20T16:36:06.362Z,2026-09-20,2026-09-20T17:00:00Z,Philadelphia Eagles @ Tennessee Titans,ANYTIME_TD,Tony Pollard,,,,,0.3125,false,6
2026-09-20T16:36:06.362Z,2026-09-20,2026-09-20T17:00:00Z,Philadelphia Eagles @ Tennessee Titans,ANYTIME_TD,DeVonta Smith,,,,,0.3175,false,6
2026-09-20T16:36:06.362Z,2026-09-20,2026-09-20T17:00:00Z,Philadelphia Eagles @ Tennessee Titans,ANYTIME_TD,Dontayvion Wicks,,,,,0.2273,false,6
2026-09-20T16:36:06.362Z,2026-09-20,2026-09-20T17:00:00Z,Philadelphia Eagles @ Tennessee Titans,ANYTIME_TD,Carnell Tate,,,,,0.2174,false,6
2026-09-20T16:36:06.362Z,2026-09-20,2026-09-20T17:00:00Z,Philadelphia Eagles @ Tennessee Titans,ANYTIME_TD,Tyjae Spears,,,,,0.2041,false,6
2026-09-20T16:36:06.362Z,2026-09-20,2026-09-20T17:00:00Z,Philadelphia Eagles @ Tennessee Titans,ANYTIME_TD,Wan'Dale Robinson,,,,,0.1852,false,6
2026-09-20T16:36:06.362Z,2026-09-20,2026-09-20T17:00:00Z,Philadelphia Eagles @ Tennessee Titans,ANYTIME_TD,Philadelphia Eagles D/ST,,,,,0.1818,false,3
2026-09-20T16:36:06.362Z,2026-09-20,2026-09-20T17:00:00Z,Philadelphia Eagles @ Tennessee Titans,ANYTIME_TD,Makai Lemon,,,,,0.1667,false,6
2026-09-20T16:36:06.362Z,2026-09-20,2026-09-20T17:00:00Z,Philadelphia Eagles @ Tennessee Titans,ANYTIME_TD,Tank Bigsby,,,,,0.1429,false,6
2026-09-20T16:36:06.362Z,2026-09-20,2026-09-20T17:00:00Z,Philadelphia Eagles @ Tennessee Titans,ANYTIME_TD,Tennessee Titans D/ST,,,,,0.1379,false,3
2026-09-20T16:36:06.362Z,2026-09-20,2026-09-20T17:00:00Z,Philadelphia Eagles @ Tennessee Titans,ANYTIME_TD,Gunnar Helm,,,,,0.1429,false,6
2026-09-20T16:36:06.362Z,2026-09-20,2026-09-20T17:00:00Z,Philadelphia Eagles @ Tennessee Titans,ANYTIME_TD,Cam Ward,,,,,0.0909,false,6
2026-09-20T16:36:06.362Z,2026-09-20,2026-09-20T17:00:00Z,Philadelphia Eagles @ Tennessee Titans,ANYTIME_TD,Elic Ayomanor,,,,,0.0952,false,6
2026-09-20T16:36:06.362Z,2026-09-20,2026-09-20T17:00:00Z,Philadelphia Eagles @ Tennessee Titans,ANYTIME_TD,Calvin Ridley,,,,,0.0952,false,6
2026-09-20T16:36:06.362Z,2026-09-20,2026-09-20T17:00:00Z,Philadelphia Eagles @ Tennessee Titans,ANYTIME_TD,Chimere Dike,,,,,0.0667,false,6
2026-09-20T16:36:06.362Z,2026-09-20,2026-09-20T17:00:00Z,Philadelphia Eagles @ Tennessee Titans,ANYTIME_TD,Daniel Bellinger,,,,,0.0526,false,6
2026-09-20T16:36:06.362Z,2026-09-20,2026-09-20T17:00:00Z,Philadelphia Eagles @ Tennessee Titans,ANYTIME_TD,Johnny Mundt,,,,,0.0625,false,6
2026-09-20T16:36:06.362Z,2026-09-20,2026-09-20T17:00:00Z,Philadelphia Eagles @ Tennessee Titans,ANYTIME_TD,Will Shipley,,,,,0.0588,false,6
2026-09-20T16:36:06.362Z,2026-09-20,2026-09-20T17:00:00Z,Philadelphia Eagles @ Tennessee Titans,ANYTIME_TD,Julius Chestnut,,,,,0.0294,false,5
2026-09-20T16:36:06.362Z,2026-09-20,2026-09-20T17:00:00Z,Philadelphia Eagles @ Tennessee Titans,ANYTIME_TD,Darius Cooper,,,,,0.0476,false,6
2026-09-20T16:36:06.362Z,2026-09-20,2026-09-20T17:00:00Z,Philadelphia Eagles @ Tennessee Titans,ANYTIME_TD,E.J. Jenkins,,,,,0.0357,false,5
2026-09-20T16:36:06.362Z,2026-09-20,2026-09-20T17:00:00Z,Philadelphia Eagles @ Tennessee Titans,ANYTIME_TD,Britain Covey,,,,,0.0385,false,5
2026-09-20T16:36:06.362Z,2026-09-20,2026-09-20T17:00:00Z,Philadelphia Eagles @ Tennessee Titans,ANYTIME_TD,David Martin-Robinson,,,,,0.0278,false,5
2026-09-20T16:36:06.362Z,2026-09-20,2026-09-20T17:00:00Z,Philadelphia Eagles @ Tennessee Titans,ANYTIME_TD,Nicholas Singleton,,,,,0.0244,false,5
2026-09-20T16:36:06.362Z,2026-09-20,2026-09-20T17:00:00Z,Philadelphia Eagles @ Tennessee Titans,ANYTIME_TD,Hollywood Brown,,,,,0.0667,false,1
2026-09-20T16:36:06.362Z,2026-09-20,2026-09-20T17:00:00Z,Philadelphia Eagles @ Tennessee Titans,ANYTIME_TD,Kylen Granson,,,,,0.0333,false,1
2026-09-20T16:36:06.362Z,2026-09-20,2026-09-20T17:00:00Z,Philadelphia Eagles @ Tennessee Titans,ANYTIME_TD,Elijah Moore,,,,,0.05,false,1
2026-09-20T16:36:06.362Z,2026-09-20,2026-09-20T17:00:00Z,Philadelphia Eagles @ Tennessee Titans,ANYTIME_TD,Philadelphia Eagles Defense,,,,,0.1176,false,1
2026-09-20T16:36:06.362Z,2026-09-20,2026-09-20T17:00:00Z,Philadelphia Eagles @ Tennessee Titans,ANYTIME_TD,Tennessee Titans Defense,,,,,0.0909,false,1
2026-09-20T16:36:06.362Z,2026-09-20,2026-09-20T20:05:00Z,Jacksonville Jaguars @ Denver Broncos,QB_PASS_YARDS,Trevor Lawrence,224.5,-114,-114,,,,6
2026-09-20T16:36:06.362Z,2026-09-20,2026-09-20T20:05:00Z,Jacksonville Jaguars @ Denver Broncos,QB_PASS_YARDS,Bo Nix,221.5,-112,-112,,,,6
2026-09-20T16:36:06.362Z,2026-09-20,2026-09-20T20:05:00Z,Jacksonville Jaguars @ Denver Broncos,RB_RUSH_YARDS,J.K. Dobbins,60.5,-113,-113,,,,6
2026-09-20T16:36:06.362Z,2026-09-20,2026-09-20T20:05:00Z,Jacksonville Jaguars @ Denver Broncos,RB_RUSH_YARDS,Bhayshul Tuten,48.5,-111,-113,,,,6
2026-09-20T16:36:06.362Z,2026-09-20,2026-09-20T20:05:00Z,Jacksonville Jaguars @ Denver Broncos,RB_RUSH_YARDS,Chris Rodriguez Jr.,24.5,-111,-113,,,,6
2026-09-20T16:36:06.362Z,2026-09-20,2026-09-20T20:05:00Z,Jacksonville Jaguars @ Denver Broncos,RB_RUSH_YARDS,Bo Nix,18.5,-114,-110,,,,6
2026-09-20T16:36:06.362Z,2026-09-20,2026-09-20T20:05:00Z,Jacksonville Jaguars @ Denver Broncos,RB_RUSH_YARDS,Trevor Lawrence,16.5,-111,-108,,,,6
2026-09-20T16:36:06.362Z,2026-09-20,2026-09-20T20:05:00Z,Jacksonville Jaguars @ Denver Broncos,RB_RUSH_YARDS,Jonah Coleman,18.5,-113,-113,,,,1
2026-09-20T16:36:06.362Z,2026-09-20,2026-09-20T20:05:00Z,Jacksonville Jaguars @ Denver Broncos,WR_REC_YARDS,Parker Washington,59.5,-112,-112,,,,6
2026-09-20T16:36:06.362Z,2026-09-20,2026-09-20T20:05:00Z,Jacksonville Jaguars @ Denver Broncos,WR_REC_YARDS,Jaylen Waddle,54.5,-109,-111,,,,6
2026-09-20T16:36:06.362Z,2026-09-20,2026-09-20T20:05:00Z,Jacksonville Jaguars @ Denver Broncos,WR_REC_YARDS,Courtland Sutton,39.5,-113,-113,,,,6
2026-09-20T16:36:06.362Z,2026-09-20,2026-09-20T20:05:00Z,Jacksonville Jaguars @ Denver Broncos,WR_REC_YARDS,Jakobi Meyers,37.5,-113,-111,,,,6
2026-09-20T16:36:06.362Z,2026-09-20,2026-09-20T20:05:00Z,Jacksonville Jaguars @ Denver Broncos,WR_REC_YARDS,Brian Thomas Jr,34.5,-113,-111,,,,6
2026-09-20T16:36:06.362Z,2026-09-20,2026-09-20T20:05:00Z,Jacksonville Jaguars @ Denver Broncos,WR_REC_YARDS,Brenton Strange,31.5,-113,-111,,,,6
2026-09-20T16:36:06.362Z,2026-09-20,2026-09-20T20:05:00Z,Jacksonville Jaguars @ Denver Broncos,WR_REC_YARDS,Pat Bryant,31.5,-111,-113,,,,5
2026-09-20T16:36:06.362Z,2026-09-20,2026-09-20T20:05:00Z,Jacksonville Jaguars @ Denver Broncos,WR_REC_YARDS,Evan Engram,25.5,-112,-115,,,,6
2026-09-20T16:36:06.362Z,2026-09-20,2026-09-20T20:05:00Z,Jacksonville Jaguars @ Denver Broncos,WR_REC_YARDS,Adam Trautman,8.5,-112,-111,,,,6
2026-09-20T16:36:06.362Z,2026-09-20,2026-09-20T20:05:00Z,Jacksonville Jaguars @ Denver Broncos,WR_REC_YARDS,Bhayshul Tuten,9.5,-110,-111,,,,6
2026-09-20T16:36:06.362Z,2026-09-20,2026-09-20T20:05:00Z,Jacksonville Jaguars @ Denver Broncos,ANYTIME_TD,J.K. Dobbins,,,,,0.4762,false,6
2026-09-20T16:36:06.362Z,2026-09-20,2026-09-20T20:05:00Z,Jacksonville Jaguars @ Denver Broncos,ANYTIME_TD,Jaylen Waddle,,,,,0.3509,false,6
2026-09-20T16:36:06.362Z,2026-09-20,2026-09-20T20:05:00Z,Jacksonville Jaguars @ Denver Broncos,ANYTIME_TD,Bhayshul Tuten,,,,,0.3571,false,6
2026-09-20T16:36:06.362Z,2026-09-20,2026-09-20T20:05:00Z,Jacksonville Jaguars @ Denver Broncos,ANYTIME_TD,Parker Washington,,,,,0.3333,false,6
2026-09-20T16:36:06.362Z,2026-09-20,2026-09-20T20:05:00Z,Jacksonville Jaguars @ Denver Broncos,ANYTIME_TD,Courtland Sutton,,,,,0.2941,false,6
2026-09-20T16:36:06.362Z,2026-09-20,2026-09-20T20:05:00Z,Jacksonville Jaguars @ Denver Broncos,ANYTIME_TD,Jakobi Meyers,,,,,0.25,false,6
2026-09-20T16:36:06.362Z,2026-09-20,2026-09-20T20:05:00Z,Jacksonville Jaguars @ Denver Broncos,ANYTIME_TD,Chris Rodriguez Jr.,,,,,0.25,false,6
2026-09-20T16:36:06.362Z,2026-09-20,2026-09-20T20:05:00Z,Jacksonville Jaguars @ Denver Broncos,ANYTIME_TD,Brenton Strange,,,,,0.2174,false,6
2026-09-20T16:36:06.362Z,2026-09-20,2026-09-20T20:05:00Z,Jacksonville Jaguars @ Denver Broncos,ANYTIME_TD,Brian Thomas Jr,,,,,0.2326,false,6
2026-09-20T16:36:06.362Z,2026-09-20,2026-09-20T20:05:00Z,Jacksonville Jaguars @ Denver Broncos,ANYTIME_TD,Bo Nix,,,,,0.2083,false,6
2026-09-20T16:36:06.362Z,2026-09-20,2026-09-20T20:05:00Z,Jacksonville Jaguars @ Denver Broncos,ANYTIME_TD,Pat Bryant,,,,,0.2174,false,6
2026-09-20T16:36:06.362Z,2026-09-20,2026-09-20T20:05:00Z,Jacksonville Jaguars @ Denver Broncos,ANYTIME_TD,Jonah Coleman,,,,,0.1923,false,6
2026-09-20T16:36:06.362Z,2026-09-20,2026-09-20T20:05:00Z,Jacksonville Jaguars @ Denver Broncos,ANYTIME_TD,Evan Engram,,,,,0.2128,false,6
2026-09-20T16:36:06.362Z,2026-09-20,2026-09-20T20:05:00Z,Jacksonville Jaguars @ Denver Broncos,ANYTIME_TD,Trevor Lawrence,,,,,0.2041,false,6
2026-09-20T16:36:06.362Z,2026-09-20,2026-09-20T20:05:00Z,Jacksonville Jaguars @ Denver Broncos,ANYTIME_TD,Denver Broncos D/ST,,,,,0.1538,false,3
2026-09-20T16:36:06.362Z,2026-09-20,2026-09-20T20:05:00Z,Jacksonville Jaguars @ Denver Broncos,ANYTIME_TD,Jacksonville Jaguars D/ST,,,,,0.1538,false,3
2026-09-20T16:36:06.362Z,2026-09-20,2026-09-20T20:05:00Z,Jacksonville Jaguars @ Denver Broncos,ANYTIME_TD,Troy Franklin,,,,,0.1053,false,6
2026-09-20T16:36:06.362Z,2026-09-20,2026-09-20T20:05:00Z,Jacksonville Jaguars @ Denver Broncos,ANYTIME_TD,Tyler Badie,,,,,0.1176,false,5
2026-09-20T16:36:06.362Z,2026-09-20,2026-09-20T20:05:00Z,Jacksonville Jaguars @ Denver Broncos,ANYTIME_TD,Adam Trautman,,,,,0.1053,false,6
2026-09-20T16:36:06.362Z,2026-09-20,2026-09-20T20:05:00Z,Jacksonville Jaguars @ Denver Broncos,ANYTIME_TD,Nate Boerkircher,,,,,0.087,false,6
2026-09-20T16:36:06.362Z,2026-09-20,2026-09-20T20:05:00Z,Jacksonville Jaguars @ Denver Broncos,ANYTIME_TD,LeQuint Allen Jr.,,,,,0.0833,false,6
2026-09-20T16:36:06.362Z,2026-09-20,2026-09-20T20:05:00Z,Jacksonville Jaguars @ Denver Broncos,ANYTIME_TD,Ameer Abdullah,,,,,0.0769,false,5
2026-09-20T16:36:06.362Z,2026-09-20,2026-09-20T20:05:00Z,Jacksonville Jaguars @ Denver Broncos,ANYTIME_TD,Travis Hunter,,,,,0.0625,false,6
2026-09-20T16:36:06.362Z,2026-09-20,2026-09-20T20:05:00Z,Jacksonville Jaguars @ Denver Broncos,ANYTIME_TD,Josh Cameron,,,,,0.0625,false,6
2026-09-20T16:36:06.362Z,2026-09-20,2026-09-20T20:05:00Z,Jacksonville Jaguars @ Denver Broncos,ANYTIME_TD,CJ Williams,,,,,0.0625,false,5
2026-09-20T16:36:06.362Z,2026-09-20,2026-09-20T20:05:00Z,Jacksonville Jaguars @ Denver Broncos,ANYTIME_TD,Nate Adkins,,,,,0.0476,false,6
2026-09-20T16:36:06.362Z,2026-09-20,2026-09-20T20:05:00Z,Jacksonville Jaguars @ Denver Broncos,ANYTIME_TD,Adam Prentice,,,,,0.04,false,4
2026-09-20T16:36:06.362Z,2026-09-20,2026-09-20T20:05:00Z,Jacksonville Jaguars @ Denver Broncos,ANYTIME_TD,Lil'Jordan Humphrey,,,,,0.0435,false,5
2026-09-20T16:36:06.362Z,2026-09-20,2026-09-20T20:05:00Z,Jacksonville Jaguars @ Denver Broncos,ANYTIME_TD,Quintin Morris,,,,,0.0345,false,6
2026-09-20T16:36:06.362Z,2026-09-20,2026-09-20T20:05:00Z,Jacksonville Jaguars @ Denver Broncos,ANYTIME_TD,Tanner Koziol,,,,,0.0345,false,6
2026-09-20T16:36:06.362Z,2026-09-20,2026-09-20T20:05:00Z,Jacksonville Jaguars @ Denver Broncos,ANYTIME_TD,Dallen Bentley,,,,,0.0323,false,5
2026-09-20T16:36:06.362Z,2026-09-20,2026-09-20T20:05:00Z,Jacksonville Jaguars @ Denver Broncos,ANYTIME_TD,RJ Harvey,,,,,0.2564,false,1
2026-09-20T16:36:06.362Z,2026-09-20,2026-09-20T20:05:00Z,Jacksonville Jaguars @ Denver Broncos,ANYTIME_TD,Jacksonville Jaguars Defense,,,,,0.125,false,1
2026-09-20T16:36:06.362Z,2026-09-20,2026-09-20T20:05:00Z,Jacksonville Jaguars @ Denver Broncos,ANYTIME_TD,Denver Broncos Defense,,,,,0.1176,false,1
2026-09-20T16:36:06.362Z,2026-09-20,2026-09-20T20:05:00Z,Las Vegas Raiders @ Los Angeles Chargers,QB_PASS_YARDS,Justin Herbert,225.5,-111,-113,,,,6
2026-09-20T16:36:06.362Z,2026-09-20,2026-09-20T20:05:00Z,Las Vegas Raiders @ Los Angeles Chargers,QB_PASS_YARDS,Kirk Cousins,192.5,-112,-112,,,,6
2026-09-20T16:36:06.362Z,2026-09-20,2026-09-20T20:05:00Z,Las Vegas Raiders @ Los Angeles Chargers,RB_RUSH_YARDS,Ashton Jeanty,64.5,-111,-113,,,,6
2026-09-20T16:36:06.362Z,2026-09-20,2026-09-20T20:05:00Z,Las Vegas Raiders @ Los Angeles Chargers,RB_RUSH_YARDS,Omarion Hampton,64.5,-114,-114,,,,6
2026-09-20T16:36:06.362Z,2026-09-20,2026-09-20T20:05:00Z,Las Vegas Raiders @ Los Angeles Chargers,RB_RUSH_YARDS,Keaton Mitchell,22.5,-113,-111,,,,5
2026-09-20T16:36:06.362Z,2026-09-20,2026-09-20T20:05:00Z,Las Vegas Raiders @ Los Angeles Chargers,RB_RUSH_YARDS,Justin Herbert,19.5,-108,-111,,,,6
2026-09-20T16:36:06.362Z,2026-09-20,2026-09-20T20:05:00Z,Las Vegas Raiders @ Los Angeles Chargers,RB_RUSH_YARDS,Mike Washington Jr.,18.5,-113,-112,,,,6
2026-09-20T16:36:06.362Z,2026-09-20,2026-09-20T20:05:00Z,Las Vegas Raiders @ Los Angeles Chargers,RB_RUSH_YARDS,Kirk Cousins,0.5,136,-174,,,,1
2026-09-20T16:36:06.362Z,2026-09-20,2026-09-20T20:05:00Z,Las Vegas Raiders @ Los Angeles Chargers,WR_REC_YARDS,Quentin Johnston,51.5,-114,-117,,,,6
2026-09-20T16:36:06.362Z,2026-09-20,2026-09-20T20:05:00Z,Las Vegas Raiders @ Los Angeles Chargers,WR_REC_YARDS,Michael Mayer,44.5,-112,-112,,,,6
2026-09-20T16:36:06.362Z,2026-09-20,2026-09-20T20:05:00Z,Las Vegas Raiders @ Los Angeles Chargers,WR_REC_YARDS,Tre Tucker,36.5,-113,-111,,,,6
2026-09-20T16:36:06.362Z,2026-09-20,2026-09-20T20:05:00Z,Las Vegas Raiders @ Los Angeles Chargers,WR_REC_YARDS,Tre Harris,33.5,-110,-114,,,,6
2026-09-20T16:36:06.362Z,2026-09-20,2026-09-20T20:05:00Z,Las Vegas Raiders @ Los Angeles Chargers,WR_REC_YARDS,Jalen Nailor,32.5,-113,-110,,,,6
2026-09-20T16:36:06.362Z,2026-09-20,2026-09-20T20:05:00Z,Las Vegas Raiders @ Los Angeles Chargers,WR_REC_YARDS,Ashton Jeanty,26.5,-109,-113,,,,6
2026-09-20T16:36:06.362Z,2026-09-20,2026-09-20T20:05:00Z,Las Vegas Raiders @ Los Angeles Chargers,WR_REC_YARDS,David Njoku,24.5,-111,-113,,,,6
2026-09-20T16:36:06.362Z,2026-09-20,2026-09-20T20:05:00Z,Las Vegas Raiders @ Los Angeles Chargers,WR_REC_YARDS,Oronde Gadsden II,13.5,-110,-114,,,,6
2026-09-20T16:36:06.362Z,2026-09-20,2026-09-20T20:05:00Z,Las Vegas Raiders @ Los Angeles Chargers,WR_REC_YARDS,Omarion Hampton,11.5,-114,-110,,,,6
2026-09-20T16:36:06.362Z,2026-09-20,2026-09-20T20:05:00Z,Las Vegas Raiders @ Los Angeles Chargers,ANYTIME_TD,Omarion Hampton,,,,,0.5968,false,6
2026-09-20T16:36:06.362Z,2026-09-20,2026-09-20T20:05:00Z,Las Vegas Raiders @ Los Angeles Chargers,ANYTIME_TD,Ashton Jeanty,,,,,0.5122,false,6
2026-09-20T16:36:06.362Z,2026-09-20,2026-09-20T20:05:00Z,Las Vegas Raiders @ Los Angeles Chargers,ANYTIME_TD,Quentin Johnston,,,,,0.3774,false,6
2026-09-20T16:36:06.362Z,2026-09-20,2026-09-20T20:05:00Z,Las Vegas Raiders @ Los Angeles Chargers,ANYTIME_TD,Tre Harris,,,,,0.25,false,6
2026-09-20T16:36:06.362Z,2026-09-20,2026-09-20T20:05:00Z,Las Vegas Raiders @ Los Angeles Chargers,ANYTIME_TD,Michael Mayer,,,,,0.2941,false,6
2026-09-20T16:36:06.362Z,2026-09-20,2026-09-20T20:05:00Z,Las Vegas Raiders @ Los Angeles Chargers,ANYTIME_TD,David Njoku,,,,,0.2,false,6
2026-09-20T16:36:06.362Z,2026-09-20,2026-09-20T20:05:00Z,Las Vegas Raiders @ Los Angeles Chargers,ANYTIME_TD,Tre Tucker,,,,,0.2,false,6
2026-09-20T16:36:06.362Z,2026-09-20,2026-09-20T20:05:00Z,Las Vegas Raiders @ Los Angeles Chargers,ANYTIME_TD,Keaton Mitchell,,,,,0.1724,false,6
2026-09-20T16:36:06.362Z,2026-09-20,2026-09-20T20:05:00Z,Las Vegas Raiders @ Los Angeles Chargers,ANYTIME_TD,Justin Herbert,,,,,0.1563,false,6
2026-09-20T16:36:06.362Z,2026-09-20,2026-09-20T20:05:00Z,Las Vegas Raiders @ Los Angeles Chargers,ANYTIME_TD,Los Angeles Chargers D/ST,,,,,0.1739,false,2
2026-09-20T16:36:06.362Z,2026-09-20,2026-09-20T20:05:00Z,Las Vegas Raiders @ Los Angeles Chargers,ANYTIME_TD,Jalen Nailor,,,,,0.1739,false,6
2026-09-20T16:36:06.362Z,2026-09-20,2026-09-20T20:05:00Z,Las Vegas Raiders @ Los Angeles Chargers,ANYTIME_TD,Charlie Kolar,,,,,0.1379,false,6
2026-09-20T16:36:06.362Z,2026-09-20,2026-09-20T20:05:00Z,Las Vegas Raiders @ Los Angeles Chargers,ANYTIME_TD,Oronde Gadsden II,,,,,0.125,false,6
2026-09-20T16:36:06.362Z,2026-09-20,2026-09-20T20:05:00Z,Las Vegas Raiders @ Los Angeles Chargers,ANYTIME_TD,Las Vegas Raiders D/ST,,,,,0.1429,false,3
2026-09-20T16:36:06.362Z,2026-09-20,2026-09-20T20:05:00Z,Las Vegas Raiders @ Los Angeles Chargers,ANYTIME_TD,Mike Washington Jr.,,,,,0.1429,false,6
2026-09-20T16:36:06.362Z,2026-09-20,2026-09-20T20:05:00Z,Las Vegas Raiders @ Los Angeles Chargers,ANYTIME_TD,Jack Bech,,,,,0.1176,false,6
2026-09-20T16:36:06.362Z,2026-09-20,2026-09-20T20:05:00Z,Las Vegas Raiders @ Los Angeles Chargers,ANYTIME_TD,Kimani Vidal,,,,,0.1111,false,6
2026-09-20T16:36:06.362Z,2026-09-20,2026-09-20T20:05:00Z,Las Vegas Raiders @ Los Angeles Chargers,ANYTIME_TD,Brenen Thompson,,,,,0.0952,false,6
2026-09-20T16:36:06.362Z,2026-09-20,2026-09-20T20:05:00Z,Las Vegas Raiders @ Los Angeles Chargers,ANYTIME_TD,Derius Davis,,,,,0.0909,false,6
2026-09-20T16:36:06.362Z,2026-09-20,2026-09-20T20:05:00Z,Las Vegas Raiders @ Los Angeles Chargers,ANYTIME_TD,Malik Benson,,,,,0.0741,false,6
2026-09-20T16:36:06.362Z,2026-09-20,2026-09-20T20:05:00Z,Las Vegas Raiders @ Los Angeles Chargers,ANYTIME_TD,Ian Thomas,,,,,0.04,false,6
2026-09-20T16:36:06.362Z,2026-09-20,2026-09-20T20:05:00Z,Las Vegas Raiders @ Los Angeles Chargers,ANYTIME_TD,Chris Myarick,,,,,0.0625,false,3
2026-09-20T16:36:06.362Z,2026-09-20,2026-09-20T20:05:00Z,Las Vegas Raiders @ Los Angeles Chargers,ANYTIME_TD,Connor Heyward,,,,,0.0435,false,6
2026-09-20T16:36:06.362Z,2026-09-20,2026-09-20T20:05:00Z,Las Vegas Raiders @ Los Angeles Chargers,ANYTIME_TD,Kirk Cousins,,,,,0.0435,false,6
2026-09-20T16:36:06.362Z,2026-09-20,2026-09-20T20:05:00Z,Las Vegas Raiders @ Los Angeles Chargers,ANYTIME_TD,Dylan Laube,,,,,0.0435,false,6
2026-09-20T16:36:06.362Z,2026-09-20,2026-09-20T20:05:00Z,Las Vegas Raiders @ Los Angeles Chargers,ANYTIME_TD,Cody White,,,,,0.0385,false,4
2026-09-20T16:36:06.362Z,2026-09-20,2026-09-20T20:05:00Z,Las Vegas Raiders @ Los Angeles Chargers,ANYTIME_TD,Dareke Young,,,,,0.0179,false,4
2026-09-20T16:36:06.362Z,2026-09-20,2026-09-20T20:05:00Z,Las Vegas Raiders @ Los Angeles Chargers,ANYTIME_TD,Alec Ingold,,,,,0.0323,false,5
2026-09-20T16:36:06.362Z,2026-09-20,2026-09-20T20:05:00Z,Las Vegas Raiders @ Los Angeles Chargers,ANYTIME_TD,Ladd McConkey,,,,,0.3333,false,3
2026-09-20T16:36:06.362Z,2026-09-20,2026-09-20T20:05:00Z,Las Vegas Raiders @ Los Angeles Chargers,ANYTIME_TD,Gary Jennings,,,,,0.0909,false,2
2026-09-20T16:36:06.362Z,2026-09-20,2026-09-20T20:05:00Z,Las Vegas Raiders @ Los Angeles Chargers,ANYTIME_TD,Las Vegas Raiders Defense,,,,,0.125,false,1
2026-09-20T16:36:06.362Z,2026-09-20,2026-09-20T20:05:00Z,Las Vegas Raiders @ Los Angeles Chargers,ANYTIME_TD,Los Angeles Chargers Defense,,,,,0.1,false,1
2026-09-20T16:36:06.362Z,2026-09-20,2026-09-20T20:25:00Z,Seattle Seahawks @ Arizona Cardinals,QB_PASS_YARDS,Jacoby Brissett,216.5,-113,-111,,,,6
2026-09-20T16:36:06.362Z,2026-09-20,2026-09-20T20:25:00Z,Seattle Seahawks @ Arizona Cardinals,QB_PASS_YARDS,Drew Lock,207.5,-113,-113,,,,6
2026-09-20T16:36:06.362Z,2026-09-20,2026-09-20T20:25:00Z,Seattle Seahawks @ Arizona Cardinals,RB_RUSH_YARDS,Jadarian Price,60.5,-113,-113,,,,6
2026-09-20T16:36:06.362Z,2026-09-20,2026-09-20T20:25:00Z,Seattle Seahawks @ Arizona Cardinals,RB_RUSH_YARDS,Jeremiyah Love,37.5,-113,-109,,,,6
2026-09-20T16:36:06.362Z,2026-09-20,2026-09-20T20:25:00Z,Seattle Seahawks @ Arizona Cardinals,RB_RUSH_YARDS,Tyler Allgeier,34.5,-111,-113,,,,6
2026-09-20T16:36:06.362Z,2026-09-20,2026-09-20T20:25:00Z,Seattle Seahawks @ Arizona Cardinals,RB_RUSH_YARDS,George Holani,29.5,-110,-113,,,,6
2026-09-20T16:36:06.362Z,2026-09-20,2026-09-20T20:25:00Z,Seattle Seahawks @ Arizona Cardinals,RB_RUSH_YARDS,Jacoby Brissett,9.5,-113,-111,,,,5
2026-09-20T16:36:06.362Z,2026-09-20,2026-09-20T20:25:00Z,Seattle Seahawks @ Arizona Cardinals,RB_RUSH_YARDS,Drew Lock,7.5,-111,-110,,,,6
2026-09-20T16:36:06.362Z,2026-09-20,2026-09-20T20:25:00Z,Seattle Seahawks @ Arizona Cardinals,WR_REC_YARDS,Jaxon Smith-Njigba,81.5,-111,-112,,,,6
2026-09-20T16:36:06.362Z,2026-09-20,2026-09-20T20:25:00Z,Seattle Seahawks @ Arizona Cardinals,WR_REC_YARDS,Trey McBride,61.5,-114,-111,,,,6
2026-09-20T16:36:06.362Z,2026-09-20,2026-09-20T20:25:00Z,Seattle Seahawks @ Arizona Cardinals,WR_REC_YARDS,Michael Wilson,37.5,-113,-113,,,,6
2026-09-20T16:36:06.362Z,2026-09-20,2026-09-20T20:25:00Z,Seattle Seahawks @ Arizona Cardinals,WR_REC_YARDS,Marvin Harrison Jr.,36.5,-114,-114,,,,6
2026-09-20T16:36:06.362Z,2026-09-20,2026-09-20T20:25:00Z,Seattle Seahawks @ Arizona Cardinals,WR_REC_YARDS,Kendrick Bourne,24.5,-112,-112,,,,6
2026-09-20T16:36:06.362Z,2026-09-20,2026-09-20T20:25:00Z,Seattle Seahawks @ Arizona Cardinals,WR_REC_YARDS,Rashid Shaheed,24.5,-109,-113,,,,6
2026-09-20T16:36:06.362Z,2026-09-20,2026-09-20T20:25:00Z,Seattle Seahawks @ Arizona Cardinals,WR_REC_YARDS,AJ Barner,23.5,-111,-113,,,,6
2026-09-20T16:36:06.362Z,2026-09-20,2026-09-20T20:25:00Z,Seattle Seahawks @ Arizona Cardinals,WR_REC_YARDS,Cooper Kupp,22.5,-111,-112,,,,6
2026-09-20T16:36:06.362Z,2026-09-20,2026-09-20T20:25:00Z,Seattle Seahawks @ Arizona Cardinals,WR_REC_YARDS,Jeremiyah Love,17.5,-107,-113,,,,6
2026-09-20T16:36:06.362Z,2026-09-20,2026-09-20T20:25:00Z,Seattle Seahawks @ Arizona Cardinals,WR_REC_YARDS,Jadarian Price,7.5,-109,-108,,,,6
2026-09-20T16:36:06.362Z,2026-09-20,2026-09-20T20:25:00Z,Seattle Seahawks @ Arizona Cardinals,ANYTIME_TD,Jaxon Smith-Njigba,,,,,0.4167,false,6
2026-09-20T16:36:06.362Z,2026-09-20,2026-09-20T20:25:00Z,Seattle Seahawks @ Arizona Cardinals,ANYTIME_TD,Jadarian Price,,,,,0.3922,false,6
2026-09-20T16:36:06.362Z,2026-09-20,2026-09-20T20:25:00Z,Seattle Seahawks @ Arizona Cardinals,ANYTIME_TD,Jeremiyah Love,,,,,0.339,false,6
2026-09-20T16:36:06.362Z,2026-09-20,2026-09-20T20:25:00Z,Seattle Seahawks @ Arizona Cardinals,ANYTIME_TD,Trey McBride,,,,,0.3333,false,6
2026-09-20T16:36:06.362Z,2026-09-20,2026-09-20T20:25:00Z,Seattle Seahawks @ Arizona Cardinals,ANYTIME_TD,Tyler Allgeier,,,,,0.3125,false,6
2026-09-20T16:36:06.362Z,2026-09-20,2026-09-20T20:25:00Z,Seattle Seahawks @ Arizona Cardinals,ANYTIME_TD,George Holani,,,,,0.303,false,6
2026-09-20T16:36:06.362Z,2026-09-20,2026-09-20T20:25:00Z,Seattle Seahawks @ Arizona Cardinals,ANYTIME_TD,AJ Barner,,,,,0.2381,false,6
2026-09-20T16:36:06.362Z,2026-09-20,2026-09-20T20:25:00Z,Seattle Seahawks @ Arizona Cardinals,ANYTIME_TD,Rashid Shaheed,,,,,0.2222,false,6
2026-09-20T16:36:06.362Z,2026-09-20,2026-09-20T20:25:00Z,Seattle Seahawks @ Arizona Cardinals,ANYTIME_TD,Marvin Harrison Jr.,,,,,0.2083,false,6
2026-09-20T16:36:06.362Z,2026-09-20,2026-09-20T20:25:00Z,Seattle Seahawks @ Arizona Cardinals,ANYTIME_TD,Michael Wilson,,,,,0.2041,false,6
2026-09-20T16:36:06.362Z,2026-09-20,2026-09-20T20:25:00Z,Seattle Seahawks @ Arizona Cardinals,ANYTIME_TD,Cooper Kupp,,,,,0.1818,false,6
2026-09-20T16:36:06.362Z,2026-09-20,2026-09-20T20:25:00Z,Seattle Seahawks @ Arizona Cardinals,ANYTIME_TD,Drew Lock,,,,,0.125,false,6
2026-09-20T16:36:06.362Z,2026-09-20,2026-09-20T20:25:00Z,Seattle Seahawks @ Arizona Cardinals,ANYTIME_TD,Seattle Seahawks D/ST,,,,,0.1667,false,3
2026-09-20T16:36:06.362Z,2026-09-20,2026-09-20T20:25:00Z,Seattle Seahawks @ Arizona Cardinals,ANYTIME_TD,Arizona Cardinals D/ST,,,,,0.1379,false,3
2026-09-20T16:36:06.362Z,2026-09-20,2026-09-20T20:25:00Z,Seattle Seahawks @ Arizona Cardinals,ANYTIME_TD,Kendrick Bourne,,,,,0.125,false,6
2026-09-20T16:36:06.362Z,2026-09-20,2026-09-20T20:25:00Z,Seattle Seahawks @ Arizona Cardinals,ANYTIME_TD,Emanuel Wilson,,,,,0.125,false,6
2026-09-20T16:36:06.362Z,2026-09-20,2026-09-20T20:25:00Z,Seattle Seahawks @ Arizona Cardinals,ANYTIME_TD,Jacoby Brissett,,,,,0.1,false,6
2026-09-20T16:36:06.362Z,2026-09-20,2026-09-20T20:25:00Z,Seattle Seahawks @ Arizona Cardinals,ANYTIME_TD,Elijah Arroyo,,,,,0.1,false,6
2026-09-20T16:36:06.362Z,2026-09-20,2026-09-20T20:25:00Z,Seattle Seahawks @ Arizona Cardinals,ANYTIME_TD,Tory Horton,,,,,0.087,false,6
2026-09-20T16:36:06.362Z,2026-09-20,2026-09-20T20:25:00Z,Seattle Seahawks @ Arizona Cardinals,ANYTIME_TD,Elijah Higgins,,,,,0.0556,false,6
2026-09-20T16:36:06.362Z,2026-09-20,2026-09-20T20:25:00Z,Seattle Seahawks @ Arizona Cardinals,ANYTIME_TD,Hunter Long,,,,,0.04,false,5
2026-09-20T16:36:06.362Z,2026-09-20,2026-09-20T20:25:00Z,Seattle Seahawks @ Arizona Cardinals,ANYTIME_TD,Devin Duvernay,,,,,0.0294,false,6
2026-09-20T16:36:06.362Z,2026-09-20,2026-09-20T20:25:00Z,Seattle Seahawks @ Arizona Cardinals,ANYTIME_TD,Eric Saubert,,,,,0.0323,false,6
2026-09-20T16:36:06.362Z,2026-09-20,2026-09-20T20:25:00Z,Seattle Seahawks @ Arizona Cardinals,ANYTIME_TD,Nick Kallerup,,,,,0.0345,false,5
2026-09-20T16:36:06.362Z,2026-09-20,2026-09-20T20:25:00Z,Seattle Seahawks @ Arizona Cardinals,ANYTIME_TD,Zonovan Knight,,,,,0.0323,false,4
2026-09-20T16:36:06.362Z,2026-09-20,2026-09-20T20:25:00Z,Seattle Seahawks @ Arizona Cardinals,ANYTIME_TD,Simi Fehoko,,,,,0.0217,false,6
2026-09-20T16:36:06.362Z,2026-09-20,2026-09-20T20:25:00Z,Seattle Seahawks @ Arizona Cardinals,ANYTIME_TD,Reggie Virgil,,,,,0.0217,false,5
2026-09-20T16:36:06.362Z,2026-09-20,2026-09-20T20:25:00Z,Seattle Seahawks @ Arizona Cardinals,ANYTIME_TD,Brady Russell,,,,,0.0244,false,6
2026-09-20T16:36:06.362Z,2026-09-20,2026-09-20T20:25:00Z,Seattle Seahawks @ Arizona Cardinals,ANYTIME_TD,Jalen Brooks,,,,,0.0179,false,6
2026-09-20T16:36:06.362Z,2026-09-20,2026-09-20T20:25:00Z,Seattle Seahawks @ Arizona Cardinals,ANYTIME_TD,Montorie Foster Jr.,,,,,0.0149,false,6
2026-09-20T16:36:06.362Z,2026-09-20,2026-09-20T20:25:00Z,Seattle Seahawks @ Arizona Cardinals,ANYTIME_TD,Arizona Cardinals Defense,,,,,0.125,false,1
2026-09-20T16:36:06.362Z,2026-09-20,2026-09-20T20:25:00Z,Seattle Seahawks @ Arizona Cardinals,ANYTIME_TD,Seattle Seahawks Defense,,,,,0.1111,false,1
2026-09-20T16:36:06.362Z,2026-09-20,2026-09-20T20:25:00Z,Seattle Seahawks @ Arizona Cardinals,ANYTIME_TD,Bam Knight,,,,,0.0278,false,2
2026-09-20T16:36:06.362Z,2026-09-20,2026-09-20T20:25:00Z,Washington Commanders @ Dallas Cowboys,QB_PASS_YARDS,Dak Prescott,266.5,-112,-112,,,,6
2026-09-20T16:36:06.362Z,2026-09-20,2026-09-20T20:25:00Z,Washington Commanders @ Dallas Cowboys,QB_PASS_YARDS,Jayden Daniels,221.5,-113,-113,,,,6
2026-09-20T16:36:06.362Z,2026-09-20,2026-09-20T20:25:00Z,Washington Commanders @ Dallas Cowboys,RB_RUSH_YARDS,Javonte Williams,77.5,-112,-112,,,,6
2026-09-20T16:36:06.362Z,2026-09-20,2026-09-20T20:25:00Z,Washington Commanders @ Dallas Cowboys,RB_RUSH_YARDS,Jacory Croskey-Merritt,50.5,-113,-112,,,,6
2026-09-20T16:36:06.362Z,2026-09-20,2026-09-20T20:25:00Z,Washington Commanders @ Dallas Cowboys,RB_RUSH_YARDS,Jayden Daniels,36.5,-113,-111,,,,6
2026-09-20T16:36:06.362Z,2026-09-20,2026-09-20T20:25:00Z,Washington Commanders @ Dallas Cowboys,RB_RUSH_YARDS,Rachaad White,22.5,-107,-113,,,,6
2026-09-20T16:36:06.362Z,2026-09-20,2026-09-20T20:25:00Z,Washington Commanders @ Dallas Cowboys,RB_RUSH_YARDS,Emari Demercado,11.5,-110,-114,,,,5
2026-09-20T16:36:06.362Z,2026-09-20,2026-09-20T20:25:00Z,Washington Commanders @ Dallas Cowboys,RB_RUSH_YARDS,Dak Prescott,8.5,-110,-109,,,,6
2026-09-20T16:36:06.362Z,2026-09-20,2026-09-20T20:25:00Z,Washington Commanders @ Dallas Cowboys,WR_REC_YARDS,CeeDee Lamb,75.5,-113,-111,,,,6
2026-09-20T16:36:06.362Z,2026-09-20,2026-09-20T20:25:00Z,Washington Commanders @ Dallas Cowboys,WR_REC_YARDS,George Pickens,65.5,-113,-113,,,,6
2026-09-20T16:36:06.362Z,2026-09-20,2026-09-20T20:25:00Z,Washington Commanders @ Dallas Cowboys,WR_REC_YARDS,Terry McLaurin,53.5,-113,-111,,,,6
2026-09-20T16:36:06.362Z,2026-09-20,2026-09-20T20:25:00Z,Washington Commanders @ Dallas Cowboys,WR_REC_YARDS,Stefon Diggs,49.5,-110,-108,,,,6
2026-09-20T16:36:06.362Z,2026-09-20,2026-09-20T20:25:00Z,Washington Commanders @ Dallas Cowboys,WR_REC_YARDS,Ryan Flournoy,28.5,-111,-111,,,,6
2026-09-20T16:36:06.362Z,2026-09-20,2026-09-20T20:25:00Z,Washington Commanders @ Dallas Cowboys,WR_REC_YARDS,Antonio Williams,26.5,-110,-114,,,,6
2026-09-20T16:36:06.362Z,2026-09-20,2026-09-20T20:25:00Z,Washington Commanders @ Dallas Cowboys,WR_REC_YARDS,Jake Ferguson,26.5,-110,-110,,,,6
2026-09-20T16:36:06.362Z,2026-09-20,2026-09-20T20:25:00Z,Washington Commanders @ Dallas Cowboys,WR_REC_YARDS,John Bates,13.5,-111,-112,,,,4
2026-09-20T16:36:06.362Z,2026-09-20,2026-09-20T20:25:00Z,Washington Commanders @ Dallas Cowboys,WR_REC_YARDS,Javonte Williams,13.5,-110,-110,,,,6
2026-09-20T16:36:06.362Z,2026-09-20,2026-09-20T20:25:00Z,Washington Commanders @ Dallas Cowboys,WR_REC_YARDS,Rachaad White,12.5,-109,-109,,,,6
2026-09-20T16:36:06.362Z,2026-09-20,2026-09-20T20:25:00Z,Washington Commanders @ Dallas Cowboys,ANYTIME_TD,Javonte Williams,,,,,0.6364,false,6
2026-09-20T16:36:06.362Z,2026-09-20,2026-09-20T20:25:00Z,Washington Commanders @ Dallas Cowboys,ANYTIME_TD,Jacory Croskey-Merritt,,,,,0.4545,false,6
2026-09-20T16:36:06.362Z,2026-09-20,2026-09-20T20:25:00Z,Washington Commanders @ Dallas Cowboys,ANYTIME_TD,CeeDee Lamb,,,,,0.4762,false,6
2026-09-20T16:36:06.362Z,2026-09-20,2026-09-20T20:25:00Z,Washington Commanders @ Dallas Cowboys,ANYTIME_TD,George Pickens,,,,,0.4167,false,6
2026-09-20T16:36:06.362Z,2026-09-20,2026-09-20T20:25:00Z,Washington Commanders @ Dallas Cowboys,ANYTIME_TD,Terry McLaurin,,,,,0.3333,false,6
2026-09-20T16:36:06.362Z,2026-09-20,2026-09-20T20:25:00Z,Washington Commanders @ Dallas Cowboys,ANYTIME_TD,Jayden Daniels,,,,,0.3226,false,6
2026-09-20T16:36:06.362Z,2026-09-20,2026-09-20T20:25:00Z,Washington Commanders @ Dallas Cowboys,ANYTIME_TD,Rachaad White,,,,,0.3226,false,6
2026-09-20T16:36:06.362Z,2026-09-20,2026-09-20T20:25:00Z,Washington Commanders @ Dallas Cowboys,ANYTIME_TD,Stefon Diggs,,,,,0.303,false,6
2026-09-20T16:36:06.362Z,2026-09-20,2026-09-20T20:25:00Z,Washington Commanders @ Dallas Cowboys,ANYTIME_TD,Jake Ferguson,,,,,0.2778,false,6
2026-09-20T16:36:06.362Z,2026-09-20,2026-09-20T20:25:00Z,Washington Commanders @ Dallas Cowboys,ANYTIME_TD,Ryan Flournoy,,,,,0.2222,false,6
2026-09-20T16:36:06.362Z,2026-09-20,2026-09-20T20:25:00Z,Washington Commanders @ Dallas Cowboys,ANYTIME_TD,Antonio Williams,,,,,0.1786,false,6
2026-09-20T16:36:06.362Z,2026-09-20,2026-09-20T20:25:00Z,Washington Commanders @ Dallas Cowboys,ANYTIME_TD,Emari Demercado,,,,,0.1739,false,5
2026-09-20T16:36:06.362Z,2026-09-20,2026-09-20T20:25:00Z,Washington Commanders @ Dallas Cowboys,ANYTIME_TD,Dak Prescott,,,,,0.1538,false,6
2026-09-20T16:36:06.362Z,2026-09-20,2026-09-20T20:25:00Z,Washington Commanders @ Dallas Cowboys,ANYTIME_TD,Dallas Cowboys D/ST,,,,,0.1538,false,3
2026-09-20T16:36:06.362Z,2026-09-20,2026-09-20T20:25:00Z,Washington Commanders @ Dallas Cowboys,ANYTIME_TD,Washington Commanders D/ST,,,,,0.1538,false,3
2026-09-20T16:36:06.362Z,2026-09-20,2026-09-20T20:25:00Z,Washington Commanders @ Dallas Cowboys,ANYTIME_TD,John Bates,,,,,0.1429,false,6
2026-09-20T16:36:06.362Z,2026-09-20,2026-09-20T20:25:00Z,Washington Commanders @ Dallas Cowboys,ANYTIME_TD,Kaytron Allen,,,,,0.1081,false,6
2026-09-20T16:36:06.362Z,2026-09-20,2026-09-20T20:25:00Z,Washington Commanders @ Dallas Cowboys,ANYTIME_TD,Brevyn Spann-Ford,,,,,0.1111,false,6
2026-09-20T16:36:06.362Z,2026-09-20,2026-09-20T20:25:00Z,Washington Commanders @ Dallas Cowboys,ANYTIME_TD,KaVontae Turpin,,,,,0.1,false,6
2026-09-20T16:36:06.362Z,2026-09-20,2026-09-20T20:25:00Z,Washington Commanders @ Dallas Cowboys,ANYTIME_TD,Hunter Luepke,,,,,0.0909,false,6
2026-09-20T16:36:06.362Z,2026-09-20,2026-09-20T20:25:00Z,Washington Commanders @ Dallas Cowboys,ANYTIME_TD,Dyami Brown,,,,,0.0909,false,6
2026-09-20T16:36:06.362Z,2026-09-20,2026-09-20T20:25:00Z,Washington Commanders @ Dallas Cowboys,ANYTIME_TD,Ben Sinnott,,,,,0.0909,false,6
2026-09-20T16:36:06.362Z,2026-09-20,2026-09-20T20:25:00Z,Washington Commanders @ Dallas Cowboys,ANYTIME_TD,Jonathan Mingo,,,,,0.0476,false,6
2026-09-20T16:36:06.362Z,2026-09-20,2026-09-20T20:25:00Z,Washington Commanders @ Dallas Cowboys,ANYTIME_TD,Luke Schoonmaker,,,,,0.0833,false,6
2026-09-20T16:36:06.362Z,2026-09-20,2026-09-20T20:25:00Z,Washington Commanders @ Dallas Cowboys,ANYTIME_TD,Luke McCaffrey,,,,,0.0588,false,6
2026-09-20T16:36:06.362Z,2026-09-20,2026-09-20T20:25:00Z,Washington Commanders @ Dallas Cowboys,ANYTIME_TD,Jaylin Lane,,,,,0.0667,false,6
2026-09-20T16:36:06.362Z,2026-09-20,2026-09-20T20:25:00Z,Washington Commanders @ Dallas Cowboys,ANYTIME_TD,Camden Brown,,,,,0.0588,false,5
2026-09-20T16:36:06.362Z,2026-09-20,2026-09-20T20:25:00Z,Washington Commanders @ Dallas Cowboys,ANYTIME_TD,Treylon Burks,,,,,0.0556,false,5
2026-09-20T16:36:06.362Z,2026-09-20,2026-09-20T20:25:00Z,Washington Commanders @ Dallas Cowboys,ANYTIME_TD,Colson Yankoff,,,,,0.0357,false,6
2026-09-20T16:36:06.362Z,2026-09-20,2026-09-20T20:25:00Z,Washington Commanders @ Dallas Cowboys,ANYTIME_TD,Tyler Goodson,,,,,0.0435,false,4
2026-09-20T16:36:06.362Z,2026-09-20,2026-09-20T20:25:00Z,Washington Commanders @ Dallas Cowboys,ANYTIME_TD,Washington Commanders Defense,,,,,0.1176,false,1
2026-09-20T16:36:06.362Z,2026-09-20,2026-09-20T20:25:00Z,Washington Commanders @ Dallas Cowboys,ANYTIME_TD,Dallas Cowboys Defense,,,,,0.1111,false,1
2026-09-20T16:36:06.362Z,2026-09-20,2026-09-20T20:25:00Z,Miami Dolphins @ San Francisco 49ers,QB_PASS_YARDS,Brock Purdy,239.5,-111,-112,,,,6
2026-09-20T16:36:06.362Z,2026-09-20,2026-09-20T20:25:00Z,Miami Dolphins @ San Francisco 49ers,QB_PASS_YARDS,Malik Willis,185.5,-113,-113,,,,6
2026-09-20T16:36:06.362Z,2026-09-20,2026-09-20T20:25:00Z,Miami Dolphins @ San Francisco 49ers,RB_RUSH_YARDS,Christian McCaffrey,60.5,-113,-113,,,,6
2026-09-20T16:36:06.362Z,2026-09-20,2026-09-20T20:25:00Z,Miami Dolphins @ San Francisco 49ers,RB_RUSH_YARDS,De'Von Achane,58.5,-113,-111,,,,6
2026-09-20T16:36:06.362Z,2026-09-20,2026-09-20T20:25:00Z,Miami Dolphins @ San Francisco 49ers,RB_RUSH_YARDS,Kaelon Black,37.5,-113,-110,,,,5
2026-09-20T16:36:06.362Z,2026-09-20,2026-09-20T20:25:00Z,Miami Dolphins @ San Francisco 49ers,RB_RUSH_YARDS,Malik Willis,37.5,-111,-113,,,,6
2026-09-20T16:36:06.362Z,2026-09-20,2026-09-20T20:25:00Z,Miami Dolphins @ San Francisco 49ers,RB_RUSH_YARDS,Brock Purdy,13.5,-113,-107,,,,6
2026-09-20T16:36:06.362Z,2026-09-20,2026-09-20T20:25:00Z,Miami Dolphins @ San Francisco 49ers,RB_RUSH_YARDS,Deebo Samuel,6.5,-109,-115,,,,4
2026-09-20T16:36:06.362Z,2026-09-20,2026-09-20T20:25:00Z,Miami Dolphins @ San Francisco 49ers,WR_REC_YARDS,Mike Evans,48.5,-113,-108,,,,6
2026-09-20T16:36:06.362Z,2026-09-20,2026-09-20T20:25:00Z,Miami Dolphins @ San Francisco 49ers,WR_REC_YARDS,George Kittle,40.5,-110,-111,,,,6
2026-09-20T16:36:06.362Z,2026-09-20,2026-09-20T20:25:00Z,Miami Dolphins @ San Francisco 49ers,WR_REC_YARDS,Christian McCaffrey,39.5,-108,-113,,,,6
2026-09-20T16:36:06.362Z,2026-09-20,2026-09-20T20:25:00Z,Miami Dolphins @ San Francisco 49ers,WR_REC_YARDS,Caleb Douglas,38.5,-110,-113,,,,6
2026-09-20T16:36:06.362Z,2026-09-20,2026-09-20T20:25:00Z,Miami Dolphins @ San Francisco 49ers,WR_REC_YARDS,Malik Washington,34.5,-113,-113,,,,6
2026-09-20T16:36:06.362Z,2026-09-20,2026-09-20T20:25:00Z,Miami Dolphins @ San Francisco 49ers,WR_REC_YARDS,Deebo Samuel,36.5,-114,-112,,,,6
2026-09-20T16:36:06.362Z,2026-09-20,2026-09-20T20:25:00Z,Miami Dolphins @ San Francisco 49ers,WR_REC_YARDS,De'Von Achane,27.5,-111,-110,,,,6
2026-09-20T16:36:06.362Z,2026-09-20,2026-09-20T20:25:00Z,Miami Dolphins @ San Francisco 49ers,WR_REC_YARDS,Demarcus Robinson,26.5,-110,-112,,,,6
2026-09-20T16:36:06.362Z,2026-09-20,2026-09-20T20:25:00Z,Miami Dolphins @ San Francisco 49ers,WR_REC_YARDS,Greg Dulcich,22.5,-111,-111,,,,6
2026-09-20T16:36:06.362Z,2026-09-20,2026-09-20T20:25:00Z,Miami Dolphins @ San Francisco 49ers,WR_REC_YARDS,Chris Bell,19.5,-109,-113,,,,6
2026-09-20T16:36:06.362Z,2026-09-20,2026-09-20T20:25:00Z,Miami Dolphins @ San Francisco 49ers,ANYTIME_TD,Christian McCaffrey,,,,,0.6875,false,6
2026-09-20T16:36:06.362Z,2026-09-20,2026-09-20T20:25:00Z,Miami Dolphins @ San Francisco 49ers,ANYTIME_TD,De'Von Achane,,,,,0.4167,false,6
2026-09-20T16:36:06.362Z,2026-09-20,2026-09-20T20:25:00Z,Miami Dolphins @ San Francisco 49ers,ANYTIME_TD,Mike Evans,,,,,0.3922,false,6
2026-09-20T16:36:06.362Z,2026-09-20,2026-09-20T20:25:00Z,Miami Dolphins @ San Francisco 49ers,ANYTIME_TD,George Kittle,,,,,0.3509,false,6
2026-09-20T16:36:06.362Z,2026-09-20,2026-09-20T20:25:00Z,Miami Dolphins @ San Francisco 49ers,ANYTIME_TD,Deebo Samuel,,,,,0.303,false,6
2026-09-20T16:36:06.362Z,2026-09-20,2026-09-20T20:25:00Z,Miami Dolphins @ San Francisco 49ers,ANYTIME_TD,Kaelon Black,,,,,0.2703,false,6
2026-09-20T16:36:06.362Z,2026-09-20,2026-09-20T20:25:00Z,Miami Dolphins @ San Francisco 49ers,ANYTIME_TD,Brock Purdy,,,,,0.2222,false,6
2026-09-20T16:36:06.362Z,2026-09-20,2026-09-20T20:25:00Z,Miami Dolphins @ San Francisco 49ers,ANYTIME_TD,Demarcus Robinson,,,,,0.2273,false,6
2026-09-20T16:36:06.362Z,2026-09-20,2026-09-20T20:25:00Z,Miami Dolphins @ San Francisco 49ers,ANYTIME_TD,Malik Willis,,,,,0.2273,false,6
2026-09-20T16:36:06.362Z,2026-09-20,2026-09-20T20:25:00Z,Miami Dolphins @ San Francisco 49ers,ANYTIME_TD,Malik Washington,,,,,0.1818,false,6
2026-09-20T16:36:06.362Z,2026-09-20,2026-09-20T20:25:00Z,Miami Dolphins @ San Francisco 49ers,ANYTIME_TD,Caleb Douglas,,,,,0.1754,false,6
2026-09-20T16:36:06.362Z,2026-09-20,2026-09-20T20:25:00Z,Miami Dolphins @ San Francisco 49ers,ANYTIME_TD,San Francisco 49ers D/ST,,,,,0.1538,false,3
2026-09-20T16:36:06.362Z,2026-09-20,2026-09-20T20:25:00Z,Miami Dolphins @ San Francisco 49ers,ANYTIME_TD,Greg Dulcich,,,,,0.1429,false,6
2026-09-20T16:36:06.362Z,2026-09-20,2026-09-20T20:25:00Z,Miami Dolphins @ San Francisco 49ers,ANYTIME_TD,Miami Dolphins D/ST,,,,,0.125,false,3
2026-09-20T16:36:06.362Z,2026-09-20,2026-09-20T20:25:00Z,Miami Dolphins @ San Francisco 49ers,ANYTIME_TD,Chris Bell,,,,,0.125,false,6
2026-09-20T16:36:06.362Z,2026-09-20,2026-09-20T20:25:00Z,Miami Dolphins @ San Francisco 49ers,ANYTIME_TD,Kyle Juszczyk,,,,,0.1053,false,6
2026-09-20T16:36:06.362Z,2026-09-20,2026-09-20T20:25:00Z,Miami Dolphins @ San Francisco 49ers,ANYTIME_TD,Luke Farrell,,,,,0.1,false,6
2026-09-20T16:36:06.362Z,2026-09-20,2026-09-20T20:25:00Z,Miami Dolphins @ San Francisco 49ers,ANYTIME_TD,James Jordan,,,,,0.0952,false,5
2026-09-20T16:36:06.362Z,2026-09-20,2026-09-20T20:25:00Z,Miami Dolphins @ San Francisco 49ers,ANYTIME_TD,Jacob Cowing,,,,,0.0714,false,6
2026-09-20T16:36:06.362Z,2026-09-20,2026-09-20T20:25:00Z,Miami Dolphins @ San Francisco 49ers,ANYTIME_TD,Ollie Gordon II,,,,,0.0833,false,6
2026-09-20T16:36:06.362Z,2026-09-20,2026-09-20T20:25:00Z,Miami Dolphins @ San Francisco 49ers,ANYTIME_TD,Jaylen Wright,,,,,0.0667,false,6
2026-09-20T16:36:06.362Z,2026-09-20,2026-09-20T20:25:00Z,Miami Dolphins @ San Francisco 49ers,ANYTIME_TD,Kevin Coleman Jr.,,,,,0.0588,false,6
2026-09-20T16:36:06.362Z,2026-09-20,2026-09-20T20:25:00Z,Miami Dolphins @ San Francisco 49ers,ANYTIME_TD,Will Kacmarek,,,,,0.0435,false,6
2026-09-20T16:36:06.362Z,2026-09-20,2026-09-20T20:25:00Z,Miami Dolphins @ San Francisco 49ers,ANYTIME_TD,Jordan Watkins,,,,,0.0435,false,4
2026-09-20T16:36:06.362Z,2026-09-20,2026-09-20T20:25:00Z,Miami Dolphins @ San Francisco 49ers,ANYTIME_TD,Jalen Tolbert,,,,,0.05,false,5
2026-09-20T16:36:06.362Z,2026-09-20,2026-09-20T20:25:00Z,Miami Dolphins @ San Francisco 49ers,ANYTIME_TD,Brayden Willis,,,,,0.0323,false,5
2026-09-20T16:36:06.362Z,2026-09-20,2026-09-20T20:25:00Z,Miami Dolphins @ San Francisco 49ers,ANYTIME_TD,DJ Herman,,,,,0.0278,false,4
2026-09-20T16:36:06.362Z,2026-09-20,2026-09-20T20:25:00Z,Miami Dolphins @ San Francisco 49ers,ANYTIME_TD,KhaDarel Hodge,,,,,0.0196,false,5
2026-09-20T16:36:06.362Z,2026-09-20,2026-09-20T20:25:00Z,Miami Dolphins @ San Francisco 49ers,ANYTIME_TD,Justin Joly,,,,,0.0244,false,4
2026-09-20T16:36:06.362Z,2026-09-20,2026-09-20T20:25:00Z,Miami Dolphins @ San Francisco 49ers,ANYTIME_TD,Ryan Miller,,,,,0.0196,false,6
2026-09-20T16:36:06.362Z,2026-09-20,2026-09-20T20:25:00Z,Miami Dolphins @ San Francisco 49ers,ANYTIME_TD,Seydou Traore,,,,,0.0196,false,6
2026-09-20T16:36:06.362Z,2026-09-20,2026-09-20T20:25:00Z,Miami Dolphins @ San Francisco 49ers,ANYTIME_TD,Miami Dolphins Defense,,,,,0.1538,false,1
2026-09-20T16:36:06.362Z,2026-09-20,2026-09-20T20:25:00Z,Miami Dolphins @ San Francisco 49ers,ANYTIME_TD,San Francisco 49ers Defense,,,,,0.1111,false,1
2026-09-20T16:36:06.362Z,2026-09-20,2026-09-21T00:20:00Z,Indianapolis Colts @ Kansas City Chiefs,QB_PASS_YARDS,Patrick Mahomes,221.5,-113,-113,,,,6
2026-09-20T16:36:06.362Z,2026-09-20,2026-09-21T00:20:00Z,Indianapolis Colts @ Kansas City Chiefs,QB_PASS_YARDS,Daniel Jones,217.5,-113,-111,,,,6
2026-09-20T16:36:06.362Z,2026-09-20,2026-09-21T00:20:00Z,Indianapolis Colts @ Kansas City Chiefs,RB_RUSH_YARDS,Jonathan Taylor,81.5,-114,-114,,,,6
2026-09-20T16:36:06.362Z,2026-09-20,2026-09-21T00:20:00Z,Indianapolis Colts @ Kansas City Chiefs,RB_RUSH_YARDS,Kenneth Walker III,82.5,-111,-113,,,,6
2026-09-20T16:36:06.362Z,2026-09-20,2026-09-21T00:20:00Z,Indianapolis Colts @ Kansas City Chiefs,RB_RUSH_YARDS,Patrick Mahomes,17.5,-111,-108,,,,6
2026-09-20T16:36:06.362Z,2026-09-20,2026-09-21T00:20:00Z,Indianapolis Colts @ Kansas City Chiefs,RB_RUSH_YARDS,Emmett Johnson,17.5,-109,-113,,,,5
2026-09-20T16:36:06.362Z,2026-09-20,2026-09-21T00:20:00Z,Indianapolis Colts @ Kansas City Chiefs,RB_RUSH_YARDS,Daniel Jones,8.5,-113,-111,,,,5
2026-09-20T16:36:06.362Z,2026-09-20,2026-09-21T00:20:00Z,Indianapolis Colts @ Kansas City Chiefs,WR_REC_YARDS,Rashee Rice,50.5,-114,-110,,,,6
2026-09-20T16:36:06.362Z,2026-09-20,2026-09-21T00:20:00Z,Indianapolis Colts @ Kansas City Chiefs,WR_REC_YARDS,Tyler Warren,43.5,-109,-114,,,,6
2026-09-20T16:36:06.362Z,2026-09-20,2026-09-21T00:20:00Z,Indianapolis Colts @ Kansas City Chiefs,WR_REC_YARDS,Josh Downs,42.5,-111,-113,,,,6
2026-09-20T16:36:06.362Z,2026-09-20,2026-09-21T00:20:00Z,Indianapolis Colts @ Kansas City Chiefs,WR_REC_YARDS,Travis Kelce,41.5,-113,-110,,,,6
2026-09-20T16:36:06.362Z,2026-09-20,2026-09-21T00:20:00Z,Indianapolis Colts @ Kansas City Chiefs,WR_REC_YARDS,Alec Pierce,45.5,-115,-115,,,,6
2026-09-20T16:36:06.362Z,2026-09-20,2026-09-21T00:20:00Z,Indianapolis Colts @ Kansas City Chiefs,WR_REC_YARDS,Xavier Worthy,40.5,-114,-110,,,,6
2026-09-20T16:36:06.362Z,2026-09-20,2026-09-21T00:20:00Z,Indianapolis Colts @ Kansas City Chiefs,WR_REC_YARDS,Keenan Allen,31.5,-114,-110,,,,6
2026-09-20T16:36:06.362Z,2026-09-20,2026-09-21T00:20:00Z,Indianapolis Colts @ Kansas City Chiefs,WR_REC_YARDS,Kenneth Walker III,21.5,-112,-110,,,,6
2026-09-20T16:36:06.362Z,2026-09-20,2026-09-21T00:20:00Z,Indianapolis Colts @ Kansas City Chiefs,WR_REC_YARDS,Tyquan Thornton,16.5,-115,-109,,,,6
2026-09-20T16:36:06.362Z,2026-09-20,2026-09-21T00:20:00Z,Indianapolis Colts @ Kansas City Chiefs,WR_REC_YARDS,Jonathan Taylor,16.5,-112,-112,,,,6
2026-09-20T16:36:06.362Z,2026-09-20,2026-09-21T00:20:00Z,Indianapolis Colts @ Kansas City Chiefs,WR_REC_YARDS,Noah Gray,11.5,-112,-112,,,,6
2026-09-20T16:36:06.362Z,2026-09-20,2026-09-21T00:20:00Z,Indianapolis Colts @ Kansas City Chiefs,WR_REC_YARDS,Emmett Johnson,7.5,-113,-111,,,,5
2026-09-20T16:36:06.362Z,2026-09-20,2026-09-21T00:20:00Z,Indianapolis Colts @ Kansas City Chiefs,ANYTIME_TD,Kenneth Walker III,,,,,0.6774,false,6
2026-09-20T16:36:06.362Z,2026-09-20,2026-09-21T00:20:00Z,Indianapolis Colts @ Kansas City Chiefs,ANYTIME_TD,Jonathan Taylor,,,,,0.5918,false,6
2026-09-20T16:36:06.362Z,2026-09-20,2026-09-21T00:20:00Z,Indianapolis Colts @ Kansas City Chiefs,ANYTIME_TD,Rashee Rice,,,,,0.4,false,6
2026-09-20T16:36:06.362Z,2026-09-20,2026-09-21T00:20:00Z,Indianapolis Colts @ Kansas City Chiefs,ANYTIME_TD,Travis Kelce,,,,,0.3509,false,6
2026-09-20T16:36:06.362Z,2026-09-20,2026-09-21T00:20:00Z,Indianapolis Colts @ Kansas City Chiefs,ANYTIME_TD,Xavier Worthy,,,,,0.2857,false,6
2026-09-20T16:36:06.362Z,2026-09-20,2026-09-21T00:20:00Z,Indianapolis Colts @ Kansas City Chiefs,ANYTIME_TD,Tyler Warren,,,,,0.274,false,6
2026-09-20T16:36:06.362Z,2026-09-20,2026-09-21T00:20:00Z,Indianapolis Colts @ Kansas City Chiefs,ANYTIME_TD,Josh Downs,,,,,0.2273,false,6
2026-09-20T16:36:06.362Z,2026-09-20,2026-09-21T00:20:00Z,Indianapolis Colts @ Kansas City Chiefs,ANYTIME_TD,Patrick Mahomes,,,,,0.2174,false,6
2026-09-20T16:36:06.362Z,2026-09-20,2026-09-21T00:20:00Z,Indianapolis Colts @ Kansas City Chiefs,ANYTIME_TD,Alec Pierce,,,,,0.2222,false,6
2026-09-20T16:36:06.362Z,2026-09-20,2026-09-21T00:20:00Z,Indianapolis Colts @ Kansas City Chiefs,ANYTIME_TD,Keenan Allen,,,,,0.2083,false,6
2026-09-20T16:36:06.362Z,2026-09-20,2026-09-21T00:20:00Z,Indianapolis Colts @ Kansas City Chiefs,ANYTIME_TD,Emmett Johnson,,,,,0.1667,false,6
2026-09-20T16:36:06.362Z,2026-09-20,2026-09-21T00:20:00Z,Indianapolis Colts @ Kansas City Chiefs,ANYTIME_TD,Kansas City Chiefs D/ST,,,,,0.1538,false,2
2026-09-20T16:36:06.362Z,2026-09-20,2026-09-21T00:20:00Z,Indianapolis Colts @ Kansas City Chiefs,ANYTIME_TD,Tyquan Thornton,,,,,0.1538,false,6
2026-09-20T16:36:06.362Z,2026-09-20,2026-09-21T00:20:00Z,Indianapolis Colts @ Kansas City Chiefs,ANYTIME_TD,Daniel Jones,,,,,0.1429,false,6
2026-09-20T16:36:06.362Z,2026-09-20,2026-09-21T00:20:00Z,Indianapolis Colts @ Kansas City Chiefs,ANYTIME_TD,Indianapolis Colts D/ST,,,,,0.1429,false,3
2026-09-20T16:36:06.362Z,2026-09-20,2026-09-21T00:20:00Z,Indianapolis Colts @ Kansas City Chiefs,ANYTIME_TD,Noah Gray,,,,,0.125,false,6
2026-09-20T16:36:06.362Z,2026-09-20,2026-09-21T00:20:00Z,Indianapolis Colts @ Kansas City Chiefs,ANYTIME_TD,Seth McGowan,,,,,0.0833,false,6
2026-09-20T16:36:06.362Z,2026-09-20,2026-09-21T00:20:00Z,Indianapolis Colts @ Kansas City Chiefs,ANYTIME_TD,Mo Alie-Cox,,,,,0.0645,false,6
2026-09-20T16:36:06.362Z,2026-09-20,2026-09-21T00:20:00Z,Indianapolis Colts @ Kansas City Chiefs,ANYTIME_TD,Jake Briningstool,,,,,0.0667,false,6
2026-09-20T16:36:06.362Z,2026-09-20,2026-09-21T00:20:00Z,Indianapolis Colts @ Kansas City Chiefs,ANYTIME_TD,Jared Wiley,,,,,0.0625,false,5
2026-09-20T16:36:06.362Z,2026-09-20,2026-09-21T00:20:00Z,Indianapolis Colts @ Kansas City Chiefs,ANYTIME_TD,Laquon Treadwell,,,,,0.05,false,6
2026-09-20T16:36:06.362Z,2026-09-20,2026-09-21T00:20:00Z,Indianapolis Colts @ Kansas City Chiefs,ANYTIME_TD,DJ Giddens,,,,,0.0769,false,5
2026-09-20T16:36:06.362Z,2026-09-20,2026-09-21T00:20:00Z,Indianapolis Colts @ Kansas City Chiefs,ANYTIME_TD,Anthony Gould,,,,,0.0714,false,3
2026-09-20T16:36:06.362Z,2026-09-20,2026-09-21T00:20:00Z,Indianapolis Colts @ Kansas City Chiefs,ANYTIME_TD,Brashard Smith,,,,,0.0513,false,6
2026-09-20T16:36:06.362Z,2026-09-20,2026-09-21T00:20:00Z,Indianapolis Colts @ Kansas City Chiefs,ANYTIME_TD,Cyrus Allen,,,,,0.0476,false,6
2026-09-20T16:36:06.362Z,2026-09-20,2026-09-21T00:20:00Z,Indianapolis Colts @ Kansas City Chiefs,ANYTIME_TD,Deion Burks,,,,,0.0244,false,6
2026-09-20T16:36:06.362Z,2026-09-20,2026-09-21T00:20:00Z,Indianapolis Colts @ Kansas City Chiefs,ANYTIME_TD,Jalen Royals,,,,,0.0345,false,6
2026-09-20T16:36:06.362Z,2026-09-20,2026-09-21T00:20:00Z,Indianapolis Colts @ Kansas City Chiefs,ANYTIME_TD,Nikko Remigio,,,,,0.0323,false,6
2026-09-20T16:36:06.362Z,2026-09-20,2026-09-21T00:20:00Z,Indianapolis Colts @ Kansas City Chiefs,ANYTIME_TD,Drew Ogletree,,,,,0.0294,false,6
2026-09-20T16:36:06.362Z,2026-09-20,2026-09-21T00:20:00Z,Indianapolis Colts @ Kansas City Chiefs,ANYTIME_TD,Ben VanSumeren,,,,,0.0217,false,4
2026-09-20T16:36:06.362Z,2026-09-20,2026-09-21T00:20:00Z,Indianapolis Colts @ Kansas City Chiefs,ANYTIME_TD,Indianapolis Colts Defense,,,,,0.125,false,1
2026-09-20T16:36:06.362Z,2026-09-20,2026-09-21T00:20:00Z,Indianapolis Colts @ Kansas City Chiefs,ANYTIME_TD,Kansas City Chiefs Defense,,,,,0.1,false,1
2026-09-20T16:36:06.362Z,2026-09-20,2026-09-21T00:20:00Z,Indianapolis Colts @ Kansas City Chiefs,ANYTIME_TD,Ashton Dulin,,,,,0.0714,false,1
2026-09-20T17:14:37.214Z,2026-09-20,2026-09-20T17:02:22Z,Pittsburgh Steelers @ New England Patriots,QB_PASS_YARDS,Drake Maye,251.5,-114,-114,,,,6
2026-09-20T17:14:37.214Z,2026-09-20,2026-09-20T17:02:22Z,Pittsburgh Steelers @ New England Patriots,QB_PASS_YARDS,Aaron Rodgers,197.5,-114,-114,,,,5
2026-09-20T17:14:37.214Z,2026-09-20,2026-09-20T17:02:22Z,Pittsburgh Steelers @ New England Patriots,RB_RUSH_YARDS,Rhamondre Stevenson,46.5,-115,-110,,,,5
2026-09-20T17:14:37.214Z,2026-09-20,2026-09-20T17:02:22Z,Pittsburgh Steelers @ New England Patriots,RB_RUSH_YARDS,TreVeyon Henderson,33.5,-114,-111,,,,5
2026-09-20T17:14:37.214Z,2026-09-20,2026-09-20T17:02:22Z,Pittsburgh Steelers @ New England Patriots,RB_RUSH_YARDS,Jaylen Warren,38.5,-115,-120,,,,5
2026-09-20T17:14:37.214Z,2026-09-20,2026-09-20T17:02:22Z,Pittsburgh Steelers @ New England Patriots,RB_RUSH_YARDS,Rico Dowdle,32.5,-114,-114,,,,5
2026-09-20T17:14:37.214Z,2026-09-20,2026-09-20T17:02:22Z,Pittsburgh Steelers @ New England Patriots,RB_RUSH_YARDS,Drake Maye,26.5,-115,-112,,,,6
2026-09-20T17:14:37.214Z,2026-09-20,2026-09-20T17:02:22Z,Pittsburgh Steelers @ New England Patriots,RB_RUSH_YARDS,Aaron Rodgers,0.5,102,-125,,,,3
2026-09-20T17:14:37.214Z,2026-09-20,2026-09-20T17:02:22Z,Pittsburgh Steelers @ New England Patriots,WR_REC_YARDS,Hunter Henry,61.5,-115,-115,,,,5
2026-09-20T17:14:37.214Z,2026-09-20,2026-09-20T17:02:22Z,Pittsburgh Steelers @ New England Patriots,WR_REC_YARDS,DK Metcalf,51.5,-120,-110,,,,6
2026-09-20T17:14:37.214Z,2026-09-20,2026-09-20T17:02:22Z,Pittsburgh Steelers @ New England Patriots,WR_REC_YARDS,DeMario Douglas,40.5,-115,-112,,,,6
2026-09-20T17:14:37.214Z,2026-09-20,2026-09-20T17:02:22Z,Pittsburgh Steelers @ New England Patriots,WR_REC_YARDS,Romeo Doubs,36.5,-114,-114,,,,6
2026-09-20T17:14:37.214Z,2026-09-20,2026-09-20T17:02:22Z,Pittsburgh Steelers @ New England Patriots,WR_REC_YARDS,Mack Hollins,33.5,-112,-115,,,,6
2026-09-20T17:14:37.214Z,2026-09-20,2026-09-20T17:02:22Z,Pittsburgh Steelers @ New England Patriots,WR_REC_YARDS,Roman Wilson,30.5,-115,-120,,,,4
2026-09-20T17:14:37.214Z,2026-09-20,2026-09-20T17:02:22Z,Pittsburgh Steelers @ New England Patriots,WR_REC_YARDS,Pat Freiermuth,29.5,-112,-118,,,,5
2026-09-20T17:14:37.214Z,2026-09-20,2026-09-20T17:02:22Z,Pittsburgh Steelers @ New England Patriots,WR_REC_YARDS,Rhamondre Stevenson,19.5,-110,-110,,,,5
2026-09-20T17:14:37.214Z,2026-09-20,2026-09-20T17:02:22Z,Pittsburgh Steelers @ New England Patriots,WR_REC_YARDS,Jaylen Warren,16.5,-112,-115,,,,6
2026-09-20T17:14:37.214Z,2026-09-20,2026-09-20T17:02:22Z,Pittsburgh Steelers @ New England Patriots,WR_REC_YARDS,Rico Dowdle,13.5,-115,-115,,,,4
2026-09-20T17:14:37.214Z,2026-09-20,2026-09-20T17:02:22Z,Pittsburgh Steelers @ New England Patriots,WR_REC_YARDS,Darnell Washington,12.5,-110,-112,,,,6
2026-09-20T17:14:37.214Z,2026-09-20,2026-09-20T17:02:22Z,Pittsburgh Steelers @ New England Patriots,WR_REC_YARDS,Germie Bernard,12.5,-110,-115,,,,5
2026-09-20T17:14:37.214Z,2026-09-20,2026-09-20T17:02:22Z,Pittsburgh Steelers @ New England Patriots,WR_REC_YARDS,TreVeyon Henderson,10.5,-120,-108,,,,4
2026-09-20T17:14:37.214Z,2026-09-20,2026-09-20T17:02:22Z,Pittsburgh Steelers @ New England Patriots,ANYTIME_TD,Rhamondre Stevenson,,,,,0.4444,false,6
2026-09-20T17:14:37.214Z,2026-09-20,2026-09-20T17:02:22Z,Pittsburgh Steelers @ New England Patriots,ANYTIME_TD,TreVeyon Henderson,,,,,0.2778,false,6
2026-09-20T17:14:37.214Z,2026-09-20,2026-09-20T17:02:22Z,Pittsburgh Steelers @ New England Patriots,ANYTIME_TD,DK Metcalf,,,,,0.2941,false,6
2026-09-20T17:14:37.214Z,2026-09-20,2026-09-20T17:02:22Z,Pittsburgh Steelers @ New England Patriots,ANYTIME_TD,Jaylen Warren,,,,,0.2941,false,6
2026-09-20T17:14:37.214Z,2026-09-20,2026-09-20T17:02:22Z,Pittsburgh Steelers @ New England Patriots,ANYTIME_TD,Hunter Henry,,,,,0.2817,false,6
2026-09-20T17:14:37.214Z,2026-09-20,2026-09-20T17:02:22Z,Pittsburgh Steelers @ New England Patriots,ANYTIME_TD,Rico Dowdle,,,,,0.2817,false,6
2026-09-20T17:14:37.214Z,2026-09-20,2026-09-20T17:02:22Z,Pittsburgh Steelers @ New England Patriots,ANYTIME_TD,Mack Hollins,,,,,0.2439,false,6
2026-09-20T17:14:37.214Z,2026-09-20,2026-09-20T17:02:22Z,Pittsburgh Steelers @ New England Patriots,ANYTIME_TD,Romeo Doubs,,,,,0.2564,false,6
2026-09-20T17:14:37.214Z,2026-09-20,2026-09-20T17:02:22Z,Pittsburgh Steelers @ New England Patriots,ANYTIME_TD,Pat Freiermuth,,,,,0.1905,false,6
2026-09-20T17:14:37.214Z,2026-09-20,2026-09-20T17:02:22Z,Pittsburgh Steelers @ New England Patriots,ANYTIME_TD,Roman Wilson,,,,,0.1724,false,5
2026-09-20T17:14:37.214Z,2026-09-20,2026-09-20T17:02:22Z,Pittsburgh Steelers @ New England Patriots,ANYTIME_TD,New England Patriots D/ST,,,,,0.1111,false,3
2026-09-20T17:14:37.214Z,2026-09-20,2026-09-20T17:02:22Z,Pittsburgh Steelers @ New England Patriots,ANYTIME_TD,Darnell Washington,,,,,0.1176,false,6
2026-09-20T17:14:37.214Z,2026-09-20,2026-09-20T17:02:22Z,Pittsburgh Steelers @ New England Patriots,ANYTIME_TD,Pittsburgh Steelers D/ST,,,,,0.1176,false,3
2026-09-20T17:14:37.214Z,2026-09-20,2026-09-20T17:02:22Z,Pittsburgh Steelers @ New England Patriots,ANYTIME_TD,Eli Raridon,,,,,0.1053,false,6
2026-09-20T17:14:37.214Z,2026-09-20,2026-09-20T17:02:22Z,Pittsburgh Steelers @ New England Patriots,ANYTIME_TD,Germie Bernard,,,,,0.1053,false,6
2026-09-20T17:14:37.214Z,2026-09-20,2026-09-20T17:02:22Z,Pittsburgh Steelers @ New England Patriots,ANYTIME_TD,Efton Chism III,,,,,0.0294,false,6
2026-09-20T17:14:37.214Z,2026-09-20,2026-09-20T17:02:22Z,Pittsburgh Steelers @ New England Patriots,ANYTIME_TD,Corey Kiner,,,,,0.0476,false,6
2026-09-20T17:14:37.214Z,2026-09-20,2026-09-20T17:02:22Z,Pittsburgh Steelers @ New England Patriots,ANYTIME_TD,Aaron Rodgers,,,,,0.0476,false,6
2026-09-20T17:14:37.214Z,2026-09-20,2026-09-20T17:02:22Z,Pittsburgh Steelers @ New England Patriots,ANYTIME_TD,Kaden Wetjen,,,,,0.0278,false,6
2026-09-20T17:14:37.214Z,2026-09-20,2026-09-20T17:02:22Z,Pittsburgh Steelers @ New England Patriots,ANYTIME_TD,Reggie Gilliam,,,,,0.0217,false,6
2026-09-20T17:14:37.214Z,2026-09-20,2026-09-20T17:02:22Z,Pittsburgh Steelers @ New England Patriots,ANYTIME_TD,Travis Homer,,,,,0.0149,false,4
2026-09-20T17:14:37.214Z,2026-09-20,2026-09-20T17:02:22Z,Pittsburgh Steelers @ New England Patriots,ANYTIME_TD,Cameron Latu,,,,,0.0152,false,4
2026-09-20T17:14:37.214Z,2026-09-20,2026-09-20T17:02:22Z,Pittsburgh Steelers @ New England Patriots,ANYTIME_TD,Pittsburgh Steelers Defense,,,,,0.1176,false,1
2026-09-20T17:14:37.214Z,2026-09-20,2026-09-20T17:02:22Z,Pittsburgh Steelers @ New England Patriots,ANYTIME_TD,New England Patriots Defense,,,,,0.1053,false,1
2026-09-20T17:14:37.214Z,2026-09-20,2026-09-20T17:02:22Z,Pittsburgh Steelers @ New England Patriots,ANYTIME_TD,Lan Larison,,,,,0.0164,false,1
2026-09-20T17:14:37.214Z,2026-09-20,2026-09-20T17:02:38Z,New Orleans Saints @ Baltimore Ravens,QB_PASS_YARDS,Tyler Shough,223.5,-114,-114,,,,6
2026-09-20T17:14:37.214Z,2026-09-20,2026-09-20T17:02:38Z,New Orleans Saints @ Baltimore Ravens,QB_PASS_YARDS,Lamar Jackson,202.5,-115,-115,,,,6
2026-09-20T17:14:37.214Z,2026-09-20,2026-09-20T17:02:38Z,New Orleans Saints @ Baltimore Ravens,RB_RUSH_YARDS,Derrick Henry,92.5,-120,-115,,,,5
2026-09-20T17:14:37.214Z,2026-09-20,2026-09-20T17:02:38Z,New Orleans Saints @ Baltimore Ravens,RB_RUSH_YARDS,Travis Etienne Jr.,43.5,-114,-110,,,,6
2026-09-20T17:14:37.214Z,2026-09-20,2026-09-20T17:02:38Z,New Orleans Saints @ Baltimore Ravens,RB_RUSH_YARDS,Lamar Jackson,34.5,-114,-114,,,,6
2026-09-20T17:14:37.214Z,2026-09-20,2026-09-20T17:02:38Z,New Orleans Saints @ Baltimore Ravens,RB_RUSH_YARDS,Alvin Kamara,20.5,-120,-110,,,,5
2026-09-20T17:14:37.214Z,2026-09-20,2026-09-20T17:02:38Z,New Orleans Saints @ Baltimore Ravens,RB_RUSH_YARDS,Tyler Shough,13.5,-110,-110,,,,6
2026-09-20T17:14:37.214Z,2026-09-20,2026-09-20T17:02:38Z,New Orleans Saints @ Baltimore Ravens,RB_RUSH_YARDS,Justice Hill,11.5,-120,-108,,,,5
2026-09-20T17:14:37.214Z,2026-09-20,2026-09-20T17:02:38Z,New Orleans Saints @ Baltimore Ravens,WR_REC_YARDS,Chris Olave,60.5,-115,-115,,,,6
2026-09-20T17:14:37.214Z,2026-09-20,2026-09-20T17:02:38Z,New Orleans Saints @ Baltimore Ravens,WR_REC_YARDS,Mark Andrews,51.5,-115,-120,,,,6
2026-09-20T17:14:37.214Z,2026-09-20,2026-09-20T17:02:38Z,New Orleans Saints @ Baltimore Ravens,WR_REC_YARDS,Devaughn Vele,36.5,-115,-110,,,,6
2026-09-20T17:14:37.214Z,2026-09-20,2026-09-20T17:02:38Z,New Orleans Saints @ Baltimore Ravens,WR_REC_YARDS,Juwan Johnson,34.5,-115,-115,,,,6
2026-09-20T17:14:37.214Z,2026-09-20,2026-09-20T17:02:38Z,New Orleans Saints @ Baltimore Ravens,WR_REC_YARDS,Rashod Bateman,34.5,-115,-110,,,,6
2026-09-20T17:14:37.214Z,2026-09-20,2026-09-20T17:02:38Z,New Orleans Saints @ Baltimore Ravens,WR_REC_YARDS,LaJohntay Wester,19.5,-115,-115,,,,6
2026-09-20T17:14:37.214Z,2026-09-20,2026-09-20T17:02:38Z,New Orleans Saints @ Baltimore Ravens,WR_REC_YARDS,Bryce Lance,17.5,-110,-115,,,,5
2026-09-20T17:14:37.214Z,2026-09-20,2026-09-20T17:02:38Z,New Orleans Saints @ Baltimore Ravens,WR_REC_YARDS,Alvin Kamara,17.5,-110,-118,,,,5
2026-09-20T17:14:37.214Z,2026-09-20,2026-09-20T17:02:38Z,New Orleans Saints @ Baltimore Ravens,WR_REC_YARDS,Noah Fant,12.5,-115,-115,,,,5
2026-09-20T17:14:37.214Z,2026-09-20,2026-09-20T17:02:38Z,New Orleans Saints @ Baltimore Ravens,WR_REC_YARDS,Justice Hill,13.5,-115,-112,,,,5
2026-09-20T17:14:37.214Z,2026-09-20,2026-09-20T17:02:38Z,New Orleans Saints @ Baltimore Ravens,WR_REC_YARDS,Travis Etienne Jr.,10.5,-110,-110,,,,6
2026-09-20T17:14:37.214Z,2026-09-20,2026-09-20T17:02:38Z,New Orleans Saints @ Baltimore Ravens,WR_REC_YARDS,Derrick Henry,5.5,-108,-108,,,,5
2026-09-20T17:14:37.214Z,2026-09-20,2026-09-20T17:02:38Z,New Orleans Saints @ Baltimore Ravens,WR_REC_YARDS,Durham Smythe,7.5,-110,-120,,,,1
2026-09-20T17:14:37.214Z,2026-09-20,2026-09-20T17:02:38Z,New Orleans Saints @ Baltimore Ravens,ANYTIME_TD,Derrick Henry,,,,,0.6552,false,6
2026-09-20T17:14:37.214Z,2026-09-20,2026-09-20T17:02:38Z,New Orleans Saints @ Baltimore Ravens,ANYTIME_TD,Mark Andrews,,,,,0.3704,false,6
2026-09-20T17:14:37.214Z,2026-09-20,2026-09-20T17:02:38Z,New Orleans Saints @ Baltimore Ravens,ANYTIME_TD,Travis Etienne Jr.,,,,,0.3226,false,6
2026-09-20T17:14:37.214Z,2026-09-20,2026-09-20T17:02:38Z,New Orleans Saints @ Baltimore Ravens,ANYTIME_TD,Chris Olave,,,,,0.303,false,6
2026-09-20T17:14:37.214Z,2026-09-20,2026-09-20T17:02:38Z,New Orleans Saints @ Baltimore Ravens,ANYTIME_TD,Lamar Jackson,,,,,0.2941,false,6
2026-09-20T17:14:37.214Z,2026-09-20,2026-09-20T17:02:38Z,New Orleans Saints @ Baltimore Ravens,ANYTIME_TD,Rashod Bateman,,,,,0.2778,false,6
2026-09-20T17:14:37.214Z,2026-09-20,2026-09-20T17:02:38Z,New Orleans Saints @ Baltimore Ravens,ANYTIME_TD,Juwan Johnson,,,,,0.1852,false,6
2026-09-20T17:14:37.214Z,2026-09-20,2026-09-20T17:02:38Z,New Orleans Saints @ Baltimore Ravens,ANYTIME_TD,Alvin Kamara,,,,,0.2,false,6
2026-09-20T17:14:37.214Z,2026-09-20,2026-09-20T17:02:38Z,New Orleans Saints @ Baltimore Ravens,ANYTIME_TD,Devaughn Vele,,,,,0.1754,false,6
2026-09-20T17:14:37.214Z,2026-09-20,2026-09-20T17:02:38Z,New Orleans Saints @ Baltimore Ravens,ANYTIME_TD,Tyler Shough,,,,,0.1739,false,6
2026-09-20T17:14:37.214Z,2026-09-20,2026-09-20T17:02:38Z,New Orleans Saints @ Baltimore Ravens,ANYTIME_TD,Justice Hill,,,,,0.1538,false,6
2026-09-20T17:14:37.214Z,2026-09-20,2026-09-20T17:02:38Z,New Orleans Saints @ Baltimore Ravens,ANYTIME_TD,Devontez Walker,,,,,0.1667,false,6
2026-09-20T17:14:37.214Z,2026-09-20,2026-09-20T17:02:38Z,New Orleans Saints @ Baltimore Ravens,ANYTIME_TD,LaJohntay Wester,,,,,0.1538,false,6
2026-09-20T17:14:37.214Z,2026-09-20,2026-09-20T17:02:38Z,New Orleans Saints @ Baltimore Ravens,ANYTIME_TD,Baltimore Ravens D/ST,,,,,0.1053,false,3
2026-09-20T17:14:37.214Z,2026-09-20,2026-09-20T17:02:38Z,New Orleans Saints @ Baltimore Ravens,ANYTIME_TD,Bryce Lance,,,,,0.1111,false,6
2026-09-20T17:14:37.214Z,2026-09-20,2026-09-20T17:02:38Z,New Orleans Saints @ Baltimore Ravens,ANYTIME_TD,New Orleans Saints D/ST,,,,,0.1111,false,3
2026-09-20T17:14:37.214Z,2026-09-20,2026-09-20T17:02:38Z,New Orleans Saints @ Baltimore Ravens,ANYTIME_TD,Durham Smythe,,,,,0.1053,false,6
2026-09-20T17:14:37.214Z,2026-09-20,2026-09-20T17:02:38Z,New Orleans Saints @ Baltimore Ravens,ANYTIME_TD,Chris Moore,,,,,0.1081,false,6
2026-09-20T17:14:37.214Z,2026-09-20,2026-09-20T17:02:38Z,New Orleans Saints @ Baltimore Ravens,ANYTIME_TD,Noah Fant,,,,,0.0833,false,6
2026-09-20T17:14:37.214Z,2026-09-20,2026-09-20T17:02:38Z,New Orleans Saints @ Baltimore Ravens,ANYTIME_TD,CJ Donaldson,,,,,0.0769,false,4
2026-09-20T17:14:37.214Z,2026-09-20,2026-09-20T17:02:38Z,New Orleans Saints @ Baltimore Ravens,ANYTIME_TD,Josh Cuevas,,,,,0.0385,false,6
2026-09-20T17:14:37.214Z,2026-09-20,2026-09-20T17:02:38Z,New Orleans Saints @ Baltimore Ravens,ANYTIME_TD,Treyton Welch,,,,,0.0385,false,4
2026-09-20T17:14:37.214Z,2026-09-20,2026-09-20T17:02:38Z,New Orleans Saints @ Baltimore Ravens,ANYTIME_TD,Barion Brown,,,,,0.0435,false,6
2026-09-20T17:14:37.214Z,2026-09-20,2026-09-20T17:02:38Z,New Orleans Saints @ Baltimore Ravens,ANYTIME_TD,Rasheen Ali,,,,,0.0345,false,6
2026-09-20T17:14:37.214Z,2026-09-20,2026-09-20T17:02:38Z,New Orleans Saints @ Baltimore Ravens,ANYTIME_TD,New Orleans Saints Defense,,,,,0.1,false,1
2026-09-20T17:14:37.214Z,2026-09-20,2026-09-20T17:02:38Z,Minnesota Vikings @ Chicago Bears,QB_PASS_YARDS,Carson Wentz,231.5,-120,-115,,,,6
2026-09-20T17:14:37.214Z,2026-09-20,2026-09-20T17:02:38Z,Minnesota Vikings @ Chicago Bears,QB_PASS_YARDS,Caleb Williams,224.5,-115,-115,,,,3
2026-09-20T17:14:37.214Z,2026-09-20,2026-09-20T17:02:38Z,Minnesota Vikings @ Chicago Bears,RB_RUSH_YARDS,D'Andre Swift,60.5,-122,-106,,,,4
2026-09-20T17:14:37.214Z,2026-09-20,2026-09-20T17:02:38Z,Minnesota Vikings @ Chicago Bears,RB_RUSH_YARDS,Aaron Jones,54.5,-114,-114,,,,6
2026-09-20T17:14:37.214Z,2026-09-20,2026-09-20T17:02:38Z,Minnesota Vikings @ Chicago Bears,RB_RUSH_YARDS,Kyle Monangai,35.5,-115,-115,,,,3
2026-09-20T17:14:37.214Z,2026-09-20,2026-09-20T17:02:38Z,Minnesota Vikings @ Chicago Bears,RB_RUSH_YARDS,Caleb Williams,23.5,-120,-110,,,,4
2026-09-20T17:14:37.214Z,2026-09-20,2026-09-20T17:02:38Z,Minnesota Vikings @ Chicago Bears,RB_RUSH_YARDS,Carson Wentz,11.5,-110,-112,,,,5
2026-09-20T17:14:37.214Z,2026-09-20,2026-09-20T17:02:38Z,Minnesota Vikings @ Chicago Bears,RB_RUSH_YARDS,DeeJay Dallas,17.5,-120,-110,,,,1
2026-09-20T17:14:37.214Z,2026-09-20,2026-09-20T17:02:38Z,Minnesota Vikings @ Chicago Bears,WR_REC_YARDS,Justin Jefferson,98.5,-120,-115,,,,6
2026-09-20T17:14:37.214Z,2026-09-20,2026-09-20T17:02:38Z,Minnesota Vikings @ Chicago Bears,WR_REC_YARDS,Colston Loveland,49.5,-115,-115,,,,4
2026-09-20T17:14:37.214Z,2026-09-20,2026-09-20T17:02:38Z,Minnesota Vikings @ Chicago Bears,WR_REC_YARDS,Luther Burden III,49.5,-115,-110,,,,4
2026-09-20T17:14:37.214Z,2026-09-20,2026-09-20T17:02:38Z,Minnesota Vikings @ Chicago Bears,WR_REC_YARDS,Jordan Addison,40.5,-115,-115,,,,6
2026-09-20T17:14:37.214Z,2026-09-20,2026-09-20T17:02:38Z,Minnesota Vikings @ Chicago Bears,WR_REC_YARDS,Rome Odunze,38.5,-115,-115,,,,3
2026-09-20T17:14:37.214Z,2026-09-20,2026-09-20T17:02:38Z,Minnesota Vikings @ Chicago Bears,WR_REC_YARDS,T.J. Hockenson,32.5,-115,-120,,,,5
2026-09-20T17:14:37.214Z,2026-09-20,2026-09-20T17:02:38Z,Minnesota Vikings @ Chicago Bears,WR_REC_YARDS,Kalif Raymond,22.5,-114,-114,,,,3
2026-09-20T17:14:37.214Z,2026-09-20,2026-09-20T17:02:38Z,Minnesota Vikings @ Chicago Bears,WR_REC_YARDS,Aaron Jones,13.5,-114,-114,,,,5
2026-09-20T17:14:37.214Z,2026-09-20,2026-09-20T17:02:38Z,Minnesota Vikings @ Chicago Bears,WR_REC_YARDS,Cole Kmet,12.5,-120,-115,,,,3
2026-09-20T17:14:37.214Z,2026-09-20,2026-09-20T17:02:38Z,Minnesota Vikings @ Chicago Bears,WR_REC_YARDS,Josh Oliver,12.5,-114,-114,,,,5
2026-09-20T17:14:37.214Z,2026-09-20,2026-09-20T17:02:38Z,Minnesota Vikings @ Chicago Bears,WR_REC_YARDS,Kyle Monangai,9.5,-114,-110,,,,3
2026-09-20T17:14:37.214Z,2026-09-20,2026-09-20T17:02:38Z,Minnesota Vikings @ Chicago Bears,WR_REC_YARDS,D'Andre Swift,10.5,-111,-116,,,,3
2026-09-20T17:14:37.214Z,2026-09-20,2026-09-20T17:02:38Z,Minnesota Vikings @ Chicago Bears,WR_REC_YARDS,Tai Felton,5.5,-120,-110,,,,1
2026-09-20T17:14:37.214Z,2026-09-20,2026-09-20T17:02:38Z,Minnesota Vikings @ Chicago Bears,ANYTIME_TD,D'Andre Swift,,,,,0.5745,false,6
2026-09-20T17:14:37.214Z,2026-09-20,2026-09-20T17:02:38Z,Minnesota Vikings @ Chicago Bears,ANYTIME_TD,Aaron Jones,,,,,0.5,false,6
2026-09-20T17:14:37.214Z,2026-09-20,2026-09-20T17:02:38Z,Minnesota Vikings @ Chicago Bears,ANYTIME_TD,Justin Jefferson,,,,,0.3333,false,6
2026-09-20T17:14:37.214Z,2026-09-20,2026-09-20T17:02:38Z,Minnesota Vikings @ Chicago Bears,ANYTIME_TD,Rome Odunze,,,,,0.3077,false,6
2026-09-20T17:14:37.214Z,2026-09-20,2026-09-20T17:02:38Z,Minnesota Vikings @ Chicago Bears,ANYTIME_TD,Jordan Addison,,,,,0.2273,false,6
2026-09-20T17:14:37.214Z,2026-09-20,2026-09-20T17:02:38Z,Minnesota Vikings @ Chicago Bears,ANYTIME_TD,T.J. Hockenson,,,,,0.2083,false,6
2026-09-20T17:14:37.214Z,2026-09-20,2026-09-20T17:02:38Z,Minnesota Vikings @ Chicago Bears,ANYTIME_TD,Cole Kmet,,,,,0.16,false,6
2026-09-20T17:14:37.214Z,2026-09-20,2026-09-20T17:02:38Z,Minnesota Vikings @ Chicago Bears,ANYTIME_TD,DeeJay Dallas,,,,,0.1429,false,5
2026-09-20T17:14:37.214Z,2026-09-20,2026-09-20T17:02:38Z,Minnesota Vikings @ Chicago Bears,ANYTIME_TD,Josh Oliver,,,,,0.125,false,6
2026-09-20T17:14:37.214Z,2026-09-20,2026-09-20T17:02:38Z,Minnesota Vikings @ Chicago Bears,ANYTIME_TD,Chicago Bears D/ST,,,,,0.1,false,3
2026-09-20T17:14:37.214Z,2026-09-20,2026-09-20T17:02:38Z,Minnesota Vikings @ Chicago Bears,ANYTIME_TD,Minnesota Vikings D/ST,,,,,0.1053,false,3
2026-09-20T17:14:37.214Z,2026-09-20,2026-09-20T17:02:38Z,Minnesota Vikings @ Chicago Bears,ANYTIME_TD,Carson Wentz,,,,,0.0909,false,6
2026-09-20T17:14:37.214Z,2026-09-20,2026-09-20T17:02:38Z,Minnesota Vikings @ Chicago Bears,ANYTIME_TD,Demond Claiborne,,,,,0.0769,false,6
2026-09-20T17:14:37.214Z,2026-09-20,2026-09-20T17:02:38Z,Minnesota Vikings @ Chicago Bears,ANYTIME_TD,Tai Felton,,,,,0.0769,false,6
2026-09-20T17:14:37.214Z,2026-09-20,2026-09-20T17:02:38Z,Minnesota Vikings @ Chicago Bears,ANYTIME_TD,Zavion Thomas,,,,,0.0476,false,5
2026-09-20T17:14:37.214Z,2026-09-20,2026-09-20T17:02:38Z,Minnesota Vikings @ Chicago Bears,ANYTIME_TD,Myles Price,,,,,0.0476,false,6
2026-09-20T17:14:37.214Z,2026-09-20,2026-09-20T17:02:38Z,Minnesota Vikings @ Chicago Bears,ANYTIME_TD,Roschon Johnson,,,,,0.0345,false,6
2026-09-20T17:14:37.214Z,2026-09-20,2026-09-20T17:02:38Z,Minnesota Vikings @ Chicago Bears,ANYTIME_TD,Dillon Bell,,,,,0.0278,false,3
2026-09-20T17:14:37.214Z,2026-09-20,2026-09-20T17:02:38Z,Minnesota Vikings @ Chicago Bears,ANYTIME_TD,Gavin Bartholomew,,,,,0.0244,false,5
2026-09-20T17:14:37.214Z,2026-09-20,2026-09-20T17:02:38Z,Minnesota Vikings @ Chicago Bears,ANYTIME_TD,Chicago Bears Defense,,,,,0.1,false,1
2026-09-20T17:14:37.214Z,2026-09-20,2026-09-20T17:02:38Z,Minnesota Vikings @ Chicago Bears,ANYTIME_TD,Minnesota Vikings Defense,,,,,0.0909,false,1
2026-09-20T17:14:37.214Z,2026-09-20,2026-09-20T17:02:38Z,Cincinnati Bengals @ Houston Texans,QB_PASS_YARDS,Joe Burrow,245.5,-121,-124,,,,6
2026-09-20T17:14:37.214Z,2026-09-20,2026-09-20T17:02:38Z,Cincinnati Bengals @ Houston Texans,QB_PASS_YARDS,C.J. Stroud,217.5,-115,-115,,,,6
2026-09-20T17:14:37.214Z,2026-09-20,2026-09-20T17:02:38Z,Cincinnati Bengals @ Houston Texans,RB_RUSH_YARDS,David Montgomery,62.5,-115,-115,,,,6
2026-09-20T17:14:37.214Z,2026-09-20,2026-09-20T17:02:38Z,Cincinnati Bengals @ Houston Texans,RB_RUSH_YARDS,Chase Brown,52.5,-115,-115,,,,6
2026-09-20T17:14:37.214Z,2026-09-20,2026-09-20T17:02:38Z,Cincinnati Bengals @ Houston Texans,RB_RUSH_YARDS,Woody Marks,28.5,-114,-114,,,,5
2026-09-20T17:14:37.214Z,2026-09-20,2026-09-20T17:02:38Z,Cincinnati Bengals @ Houston Texans,RB_RUSH_YARDS,Samaje Perine,15.5,-110,-108,,,,4
2026-09-20T17:14:37.214Z,2026-09-20,2026-09-20T17:02:38Z,Cincinnati Bengals @ Houston Texans,RB_RUSH_YARDS,C.J. Stroud,11.5,-112,-115,,,,6
2026-09-20T17:14:37.214Z,2026-09-20,2026-09-20T17:02:38Z,Cincinnati Bengals @ Houston Texans,RB_RUSH_YARDS,Joe Burrow,8.5,-110,100,,,,6
2026-09-20T17:14:37.214Z,2026-09-20,2026-09-20T17:02:38Z,Cincinnati Bengals @ Houston Texans,WR_REC_YARDS,Ja'Marr Chase,78.5,-114,-114,,,,6
2026-09-20T17:14:37.214Z,2026-09-20,2026-09-20T17:02:38Z,Cincinnati Bengals @ Houston Texans,WR_REC_YARDS,Tee Higgins,51.5,-114,-114,,,,6
2026-09-20T17:14:37.214Z,2026-09-20,2026-09-20T17:02:38Z,Cincinnati Bengals @ Houston Texans,WR_REC_YARDS,Dalton Schultz,44.5,-114,-110,,,,6
2026-09-20T17:14:37.214Z,2026-09-20,2026-09-20T17:02:38Z,Cincinnati Bengals @ Houston Texans,WR_REC_YARDS,Kayshon Boutte,35.5,-115,-109,,,,6
2026-09-20T17:14:37.214Z,2026-09-20,2026-09-20T17:02:38Z,Cincinnati Bengals @ Houston Texans,WR_REC_YARDS,Xavier Hutchinson,32.5,-114,-114,,,,6
2026-09-20T17:14:37.214Z,2026-09-20,2026-09-20T17:02:38Z,Cincinnati Bengals @ Houston Texans,WR_REC_YARDS,Jaylin Noel,26.5,-110,-114,,,,6
2026-09-20T17:14:37.214Z,2026-09-20,2026-09-20T17:02:38Z,Cincinnati Bengals @ Houston Texans,WR_REC_YARDS,Mike Gesicki,21.5,-115,-111,,,,6
2026-09-20T17:14:37.214Z,2026-09-20,2026-09-20T17:02:38Z,Cincinnati Bengals @ Houston Texans,WR_REC_YARDS,Chase Brown,18.5,-112,-115,,,,6
2026-09-20T17:14:37.214Z,2026-09-20,2026-09-20T17:02:38Z,Cincinnati Bengals @ Houston Texans,WR_REC_YARDS,Andrei Iosivas,14.5,-115,-105,,,,5
2026-09-20T17:14:37.214Z,2026-09-20,2026-09-20T17:02:38Z,Cincinnati Bengals @ Houston Texans,WR_REC_YARDS,David Montgomery,11.5,-112,-111,,,,6
2026-09-20T17:14:37.214Z,2026-09-20,2026-09-20T17:02:38Z,Cincinnati Bengals @ Houston Texans,WR_REC_YARDS,Woody Marks,9.5,-108,-115,,,,5
2026-09-20T17:14:37.214Z,2026-09-20,2026-09-20T17:02:38Z,Cincinnati Bengals @ Houston Texans,WR_REC_YARDS,Drew Sample,7.5,-110,-120,,,,3
2026-09-20T17:14:37.214Z,2026-09-20,2026-09-20T17:02:38Z,Cincinnati Bengals @ Houston Texans,WR_REC_YARDS,Foster Moreau,7.5,-115,-112,,,,3
2026-09-20T17:14:37.214Z,2026-09-20,2026-09-20T17:02:38Z,Cincinnati Bengals @ Houston Texans,WR_REC_YARDS,Samaje Perine,7.5,-114,-114,,,,4
2026-09-20T17:14:37.214Z,2026-09-20,2026-09-20T17:02:38Z,Cincinnati Bengals @ Houston Texans,WR_REC_YARDS,Jared Wayne,12.5,-110,-120,,,,1
2026-09-20T17:14:37.214Z,2026-09-20,2026-09-20T17:02:38Z,Cincinnati Bengals @ Houston Texans,ANYTIME_TD,Chase Brown,,,,,0.4219,false,6
2026-09-20T17:14:37.214Z,2026-09-20,2026-09-20T17:02:38Z,Cincinnati Bengals @ Houston Texans,ANYTIME_TD,Tee Higgins,,,,,0.3509,false,6
2026-09-20T17:14:37.214Z,2026-09-20,2026-09-20T17:02:38Z,Cincinnati Bengals @ Houston Texans,ANYTIME_TD,Dalton Schultz,,,,,0.2857,false,6
2026-09-20T17:14:37.214Z,2026-09-20,2026-09-20T17:02:38Z,Cincinnati Bengals @ Houston Texans,ANYTIME_TD,Woody Marks,,,,,0.2857,false,6
2026-09-20T17:14:37.214Z,2026-09-20,2026-09-20T17:02:38Z,Cincinnati Bengals @ Houston Texans,ANYTIME_TD,Kayshon Boutte,,,,,0.2381,false,6
2026-09-20T17:14:37.214Z,2026-09-20,2026-09-20T17:02:38Z,Cincinnati Bengals @ Houston Texans,ANYTIME_TD,Mike Gesicki,,,,,0.2041,false,6
2026-09-20T17:14:37.214Z,2026-09-20,2026-09-20T17:02:38Z,Cincinnati Bengals @ Houston Texans,ANYTIME_TD,Cincinnati Bengals D/ST,,,,,0.1379,false,2
2026-09-20T17:14:37.214Z,2026-09-20,2026-09-20T17:02:38Z,Cincinnati Bengals @ Houston Texans,ANYTIME_TD,Samaje Perine,,,,,0.1538,false,6
2026-09-20T17:14:37.214Z,2026-09-20,2026-09-20T17:02:38Z,Cincinnati Bengals @ Houston Texans,ANYTIME_TD,Houston Texans D/ST,,,,,0.1333,false,3
2026-09-20T17:14:37.214Z,2026-09-20,2026-09-20T17:02:38Z,Cincinnati Bengals @ Houston Texans,ANYTIME_TD,Andrei Iosivas,,,,,0.1429,false,6
2026-09-20T17:14:37.214Z,2026-09-20,2026-09-20T17:02:38Z,Cincinnati Bengals @ Houston Texans,ANYTIME_TD,Joe Burrow,,,,,0.0909,false,6
2026-09-20T17:14:37.214Z,2026-09-20,2026-09-20T17:02:38Z,Cincinnati Bengals @ Houston Texans,ANYTIME_TD,Foster Moreau,,,,,0.0909,false,6
2026-09-20T17:14:37.214Z,2026-09-20,2026-09-20T17:02:38Z,Cincinnati Bengals @ Houston Texans,ANYTIME_TD,Dohnte Meyers,,,,,0.069,false,6
2026-09-20T17:14:37.214Z,2026-09-20,2026-09-20T17:02:38Z,Cincinnati Bengals @ Houston Texans,ANYTIME_TD,Erick All,,,,,0.0769,false,6
2026-09-20T17:14:37.214Z,2026-09-20,2026-09-20T17:02:38Z,Cincinnati Bengals @ Houston Texans,ANYTIME_TD,British Brooks,,,,,0.0278,false,6
2026-09-20T17:14:37.214Z,2026-09-20,2026-09-20T17:02:38Z,Cincinnati Bengals @ Houston Texans,ANYTIME_TD,Tahj Brooks,,,,,0.0278,false,6
2026-09-20T17:14:37.214Z,2026-09-20,2026-09-20T17:02:38Z,Cincinnati Bengals @ Houston Texans,ANYTIME_TD,Houston Texans Defense,,,,,0.1333,false,1
2026-09-20T17:14:37.214Z,2026-09-20,2026-09-20T17:02:38Z,Cincinnati Bengals @ Houston Texans,ANYTIME_TD,Cincinnati Bengals Defense,,,,,0.125,false,1
2026-09-20T17:14:37.214Z,2026-09-20,2026-09-20T17:02:38Z,Cincinnati Bengals @ Houston Texans,ANYTIME_TD,Jack Endries,,,,,0.0435,false,1
2026-09-20T17:14:37.214Z,2026-09-20,2026-09-20T17:02:40Z,Cleveland Browns @ Tampa Bay Buccaneers,QB_PASS_YARDS,Baker Mayfield,204.5,-115,-115,,,,6
2026-09-20T17:14:37.214Z,2026-09-20,2026-09-20T17:02:40Z,Cleveland Browns @ Tampa Bay Buccaneers,QB_PASS_YARDS,Deshaun Watson,173.5,-114,-114,,,,4
2026-09-20T17:14:37.214Z,2026-09-20,2026-09-20T17:02:40Z,Cleveland Browns @ Tampa Bay Buccaneers,RB_RUSH_YARDS,Bucky Irving,60.5,-115,-115,,,,6
2026-09-20T17:14:37.214Z,2026-09-20,2026-09-20T17:02:40Z,Cleveland Browns @ Tampa Bay Buccaneers,RB_RUSH_YARDS,Quinshon Judkins,48.5,-114,-114,,,,3
2026-09-20T17:14:37.214Z,2026-09-20,2026-09-20T17:02:40Z,Cleveland Browns @ Tampa Bay Buccaneers,RB_RUSH_YARDS,Kenny Gainwell,26.5,-115,-110,,,,5
2026-09-20T17:14:37.214Z,2026-09-20,2026-09-20T17:02:40Z,Cleveland Browns @ Tampa Bay Buccaneers,RB_RUSH_YARDS,Deshaun Watson,21.5,-114,-114,,,,4
2026-09-20T17:14:37.214Z,2026-09-20,2026-09-20T17:02:40Z,Cleveland Browns @ Tampa Bay Buccaneers,RB_RUSH_YARDS,Baker Mayfield,13.5,-114,-110,,,,5
2026-09-20T17:14:37.214Z,2026-09-20,2026-09-20T17:02:40Z,Cleveland Browns @ Tampa Bay Buccaneers,RB_RUSH_YARDS,Raheim Sanders,9.5,-120,-110,,,,3
2026-09-20T17:14:37.214Z,2026-09-20,2026-09-20T17:02:40Z,Cleveland Browns @ Tampa Bay Buccaneers,RB_RUSH_YARDS,KC Concepcion,0.5,-125,-110,,,,2
2026-09-20T17:14:37.214Z,2026-09-20,2026-09-20T17:02:40Z,Cleveland Browns @ Tampa Bay Buccaneers,WR_REC_YARDS,Emeka Egbuka,48.5,-115,-115,,,,6
2026-09-20T17:14:37.214Z,2026-09-20,2026-09-20T17:02:40Z,Cleveland Browns @ Tampa Bay Buccaneers,WR_REC_YARDS,KC Concepcion,40.5,-115,-115,,,,4
2026-09-20T17:14:37.214Z,2026-09-20,2026-09-20T17:02:40Z,Cleveland Browns @ Tampa Bay Buccaneers,WR_REC_YARDS,Cade Otton,33.5,-115,-115,,,,6
2026-09-20T17:14:37.214Z,2026-09-20,2026-09-20T17:02:40Z,Cleveland Browns @ Tampa Bay Buccaneers,WR_REC_YARDS,Chris Godwin,33.5,-115,-111,,,,6
2026-09-20T17:14:37.214Z,2026-09-20,2026-09-20T17:02:40Z,Cleveland Browns @ Tampa Bay Buccaneers,WR_REC_YARDS,Harold Fannin Jr.,31.5,-112,-118,,,,5
2026-09-20T17:14:37.214Z,2026-09-20,2026-09-20T17:02:40Z,Cleveland Browns @ Tampa Bay Buccaneers,WR_REC_YARDS,Denzel Boston,29.5,-112,-112,,,,4
2026-09-20T17:14:37.214Z,2026-09-20,2026-09-20T17:02:40Z,Cleveland Browns @ Tampa Bay Buccaneers,WR_REC_YARDS,Jerry Jeudy,25.5,-119,-109,,,,5
2026-09-20T17:14:37.214Z,2026-09-20,2026-09-20T17:02:40Z,Cleveland Browns @ Tampa Bay Buccaneers,WR_REC_YARDS,Jalen McMillan,18.5,-115,-115,,,,4
2026-09-20T17:14:37.214Z,2026-09-20,2026-09-20T17:02:40Z,Cleveland Browns @ Tampa Bay Buccaneers,WR_REC_YARDS,Bucky Irving,14.5,-110,-110,,,,6
2026-09-20T17:14:37.214Z,2026-09-20,2026-09-20T17:02:40Z,Cleveland Browns @ Tampa Bay Buccaneers,WR_REC_YARDS,Kenny Gainwell,10.5,-114,-110,,,,5
2026-09-20T17:14:37.214Z,2026-09-20,2026-09-20T17:02:40Z,Cleveland Browns @ Tampa Bay Buccaneers,WR_REC_YARDS,Quinshon Judkins,11.5,-115,-112,,,,4
2026-09-20T17:14:37.214Z,2026-09-20,2026-09-20T17:02:40Z,Cleveland Browns @ Tampa Bay Buccaneers,WR_REC_YARDS,Raheim Sanders,5.5,-120,-110,,,,1
2026-09-20T17:14:37.214Z,2026-09-20,2026-09-20T17:02:40Z,Cleveland Browns @ Tampa Bay Buccaneers,ANYTIME_TD,Bucky Irving,,,,,0.4762,false,6
2026-09-20T17:14:37.214Z,2026-09-20,2026-09-20T17:02:40Z,Cleveland Browns @ Tampa Bay Buccaneers,ANYTIME_TD,Emeka Egbuka,,,,,0.339,false,6
2026-09-20T17:14:37.214Z,2026-09-20,2026-09-20T17:02:40Z,Cleveland Browns @ Tampa Bay Buccaneers,ANYTIME_TD,Quinshon Judkins,,,,,0.3509,false,6
2026-09-20T17:14:37.214Z,2026-09-20,2026-09-20T17:02:40Z,Cleveland Browns @ Tampa Bay Buccaneers,ANYTIME_TD,Kenny Gainwell,,,,,0.2817,false,6
2026-09-20T17:14:37.214Z,2026-09-20,2026-09-20T17:02:40Z,Cleveland Browns @ Tampa Bay Buccaneers,ANYTIME_TD,Chris Godwin,,,,,0.25,false,6
2026-09-20T17:14:37.214Z,2026-09-20,2026-09-20T17:02:40Z,Cleveland Browns @ Tampa Bay Buccaneers,ANYTIME_TD,Cade Otton,,,,,0.2128,false,6
2026-09-20T17:14:37.214Z,2026-09-20,2026-09-20T17:02:40Z,Cleveland Browns @ Tampa Bay Buccaneers,ANYTIME_TD,Jalen McMillan,,,,,0.2083,false,6
2026-09-20T17:14:37.214Z,2026-09-20,2026-09-20T17:02:40Z,Cleveland Browns @ Tampa Bay Buccaneers,ANYTIME_TD,Harold Fannin Jr.,,,,,0.1961,false,6
2026-09-20T17:14:37.214Z,2026-09-20,2026-09-20T17:02:40Z,Cleveland Browns @ Tampa Bay Buccaneers,ANYTIME_TD,Denzel Boston,,,,,0.1923,false,6
2026-09-20T17:14:37.214Z,2026-09-20,2026-09-20T17:02:40Z,Cleveland Browns @ Tampa Bay Buccaneers,ANYTIME_TD,KC Concepcion,,,,,0.1852,false,6
2026-09-20T17:14:37.214Z,2026-09-20,2026-09-20T17:02:40Z,Cleveland Browns @ Tampa Bay Buccaneers,ANYTIME_TD,Jerry Jeudy,,,,,0.1739,false,6
2026-09-20T17:14:37.214Z,2026-09-20,2026-09-20T17:02:40Z,Cleveland Browns @ Tampa Bay Buccaneers,ANYTIME_TD,Ted Hurst III,,,,,0.1429,false,6
2026-09-20T17:14:37.214Z,2026-09-20,2026-09-20T17:02:40Z,Cleveland Browns @ Tampa Bay Buccaneers,ANYTIME_TD,Baker Mayfield,,,,,0.1333,false,6
2026-09-20T17:14:37.214Z,2026-09-20,2026-09-20T17:02:40Z,Cleveland Browns @ Tampa Bay Buccaneers,ANYTIME_TD,Deshaun Watson,,,,,0.1333,false,6
2026-09-20T17:14:37.214Z,2026-09-20,2026-09-20T17:02:40Z,Cleveland Browns @ Tampa Bay Buccaneers,ANYTIME_TD,Cleveland Browns D/ST,,,,,0.1111,false,3
2026-09-20T17:14:37.214Z,2026-09-20,2026-09-20T17:02:40Z,Cleveland Browns @ Tampa Bay Buccaneers,ANYTIME_TD,Raheim Sanders,,,,,0.1176,false,6
2026-09-20T17:14:37.214Z,2026-09-20,2026-09-20T17:02:40Z,Cleveland Browns @ Tampa Bay Buccaneers,ANYTIME_TD,Jaleel McLaughlin,,,,,0.0435,false,4
2026-09-20T17:14:37.214Z,2026-09-20,2026-09-20T17:02:40Z,Cleveland Browns @ Tampa Bay Buccaneers,ANYTIME_TD,Tez Johnson,,,,,0.0625,false,6
2026-09-20T17:14:37.214Z,2026-09-20,2026-09-20T17:02:40Z,Cleveland Browns @ Tampa Bay Buccaneers,ANYTIME_TD,Isaiah Bond,,,,,0.05,false,6
2026-09-20T17:14:37.214Z,2026-09-20,2026-09-20T17:02:40Z,Cleveland Browns @ Tampa Bay Buccaneers,ANYTIME_TD,Kameron Johnson,,,,,0.0476,false,5
2026-09-20T17:14:37.214Z,2026-09-20,2026-09-20T17:02:40Z,Cleveland Browns @ Tampa Bay Buccaneers,ANYTIME_TD,Ko Kieft,,,,,0.0323,false,5
2026-09-20T17:14:37.214Z,2026-09-20,2026-09-20T17:02:40Z,Cleveland Browns @ Tampa Bay Buccaneers,ANYTIME_TD,Tylan Wallace,,,,,0.0345,false,6
2026-09-20T17:14:37.214Z,2026-09-20,2026-09-20T17:02:40Z,Cleveland Browns @ Tampa Bay Buccaneers,ANYTIME_TD,Blake Whiteheart,,,,,0.0345,false,6
2026-09-20T17:14:37.214Z,2026-09-20,2026-09-20T17:02:40Z,Cleveland Browns @ Tampa Bay Buccaneers,ANYTIME_TD,Malachi Corley,,,,,0.0278,false,5
2026-09-20T17:14:37.214Z,2026-09-20,2026-09-20T17:02:40Z,Cleveland Browns @ Tampa Bay Buccaneers,ANYTIME_TD,Michael Burton,,,,,0.0123,false,6
2026-09-20T17:14:37.214Z,2026-09-20,2026-09-20T17:02:40Z,Cleveland Browns @ Tampa Bay Buccaneers,ANYTIME_TD,Cleveland Browns Defense,,,,,0.1111,false,1
2026-09-20T17:14:37.214Z,2026-09-20,2026-09-20T17:02:40Z,Cleveland Browns @ Tampa Bay Buccaneers,ANYTIME_TD,Josh Williams,,,,,0.0833,false,1
2026-09-20T17:14:37.214Z,2026-09-20,2026-09-20T17:02:50Z,Philadelphia Eagles @ Tennessee Titans,QB_PASS_YARDS,Jalen Hurts,211.5,-114,-114,,,,4
2026-09-20T17:14:37.214Z,2026-09-20,2026-09-20T17:02:50Z,Philadelphia Eagles @ Tennessee Titans,QB_PASS_YARDS,Cam Ward,166.5,-114,-114,,,,6
2026-09-20T17:14:37.214Z,2026-09-20,2026-09-20T17:02:50Z,Philadelphia Eagles @ Tennessee Titans,RB_RUSH_YARDS,Tony Pollard,31.5,-110,-118,,,,6
2026-09-20T17:14:37.214Z,2026-09-20,2026-09-20T17:02:50Z,Philadelphia Eagles @ Tennessee Titans,RB_RUSH_YARDS,Jalen Hurts,27.5,-115,-115,,,,5
2026-09-20T17:14:37.214Z,2026-09-20,2026-09-20T17:02:50Z,Philadelphia Eagles @ Tennessee Titans,RB_RUSH_YARDS,Tyjae Spears,13.5,-115,-110,,,,5
2026-09-20T17:14:37.214Z,2026-09-20,2026-09-20T17:02:50Z,Philadelphia Eagles @ Tennessee Titans,RB_RUSH_YARDS,Cam Ward,9.5,-115,-110,,,,6
2026-09-20T17:14:37.214Z,2026-09-20,2026-09-20T17:02:50Z,Philadelphia Eagles @ Tennessee Titans,RB_RUSH_YARDS,Saquon Barkley,79.5,-114,-114,,,,2
2026-09-20T17:14:37.214Z,2026-09-20,2026-09-20T17:02:50Z,Philadelphia Eagles @ Tennessee Titans,WR_REC_YARDS,DeVonta Smith,58.5,-118,-112,,,,5
2026-09-20T17:14:37.214Z,2026-09-20,2026-09-20T17:02:50Z,Philadelphia Eagles @ Tennessee Titans,WR_REC_YARDS,Dontayvion Wicks,54.5,-111,-110,,,,5
2026-09-20T17:14:37.214Z,2026-09-20,2026-09-20T17:02:50Z,Philadelphia Eagles @ Tennessee Titans,WR_REC_YARDS,Carnell Tate,38.5,-120,-110,,,,6
2026-09-20T17:14:37.214Z,2026-09-20,2026-09-20T17:02:50Z,Philadelphia Eagles @ Tennessee Titans,WR_REC_YARDS,Dallas Goedert,37.5,-115,-115,,,,6
2026-09-20T17:14:37.214Z,2026-09-20,2026-09-20T17:02:50Z,Philadelphia Eagles @ Tennessee Titans,WR_REC_YARDS,Wan'Dale Robinson,32.5,-112,-115,,,,6
2026-09-20T17:14:37.214Z,2026-09-20,2026-09-20T17:02:50Z,Philadelphia Eagles @ Tennessee Titans,WR_REC_YARDS,Gunnar Helm,20.5,-115,-115,,,,5
2026-09-20T17:14:37.214Z,2026-09-20,2026-09-20T17:02:50Z,Philadelphia Eagles @ Tennessee Titans,WR_REC_YARDS,Makai Lemon,22.5,-115,-111,,,,6
2026-09-20T17:14:37.214Z,2026-09-20,2026-09-20T17:02:50Z,Philadelphia Eagles @ Tennessee Titans,WR_REC_YARDS,Calvin Ridley,16.5,-114,-114,,,,5
2026-09-20T17:14:37.214Z,2026-09-20,2026-09-20T17:02:50Z,Philadelphia Eagles @ Tennessee Titans,WR_REC_YARDS,Tyjae Spears,14.5,-115,-115,,,,5
2026-09-20T17:14:37.214Z,2026-09-20,2026-09-20T17:02:50Z,Philadelphia Eagles @ Tennessee Titans,WR_REC_YARDS,Tony Pollard,7.5,-110,-112,,,,6
2026-09-20T17:14:37.214Z,2026-09-20,2026-09-20T17:02:50Z,Philadelphia Eagles @ Tennessee Titans,WR_REC_YARDS,Saquon Barkley,10.5,-108,-111,,,,2
2026-09-20T17:14:37.214Z,2026-09-20,2026-09-20T17:02:50Z,Philadelphia Eagles @ Tennessee Titans,WR_REC_YARDS,Elic Ayomanor,9.5,-110,-120,,,,1
2026-09-20T17:14:37.214Z,2026-09-20,2026-09-20T17:02:50Z,Philadelphia Eagles @ Tennessee Titans,ANYTIME_TD,Jalen Hurts,,,,,0.3846,false,6
2026-09-20T17:14:37.214Z,2026-09-20,2026-09-20T17:02:50Z,Philadelphia Eagles @ Tennessee Titans,ANYTIME_TD,Tank Bigsby,,,,,0.1667,false,5
2026-09-20T17:14:37.214Z,2026-09-20,2026-09-20T17:02:50Z,Philadelphia Eagles @ Tennessee Titans,ANYTIME_TD,Dallas Goedert,,,,,0.3226,false,6
2026-09-20T17:14:37.214Z,2026-09-20,2026-09-20T17:02:50Z,Philadelphia Eagles @ Tennessee Titans,ANYTIME_TD,DeVonta Smith,,,,,0.3125,false,6
2026-09-20T17:14:37.214Z,2026-09-20,2026-09-20T17:02:50Z,Philadelphia Eagles @ Tennessee Titans,ANYTIME_TD,Tony Pollard,,,,,0.2667,false,6
2026-09-20T17:14:37.214Z,2026-09-20,2026-09-20T17:02:50Z,Philadelphia Eagles @ Tennessee Titans,ANYTIME_TD,Dontayvion Wicks,,,,,0.2222,false,6
2026-09-20T17:14:37.214Z,2026-09-20,2026-09-20T17:02:50Z,Philadelphia Eagles @ Tennessee Titans,ANYTIME_TD,Tyjae Spears,,,,,0.1818,false,6
2026-09-20T17:14:37.214Z,2026-09-20,2026-09-20T17:02:50Z,Philadelphia Eagles @ Tennessee Titans,ANYTIME_TD,Wan'Dale Robinson,,,,,0.1754,false,6
2026-09-20T17:14:37.214Z,2026-09-20,2026-09-20T17:02:50Z,Philadelphia Eagles @ Tennessee Titans,ANYTIME_TD,Will Shipley,,,,,0.0714,false,5
2026-09-20T17:14:37.214Z,2026-09-20,2026-09-20T17:02:50Z,Philadelphia Eagles @ Tennessee Titans,ANYTIME_TD,Philadelphia Eagles D/ST,,,,,0.1176,false,3
2026-09-20T17:14:37.214Z,2026-09-20,2026-09-20T17:02:50Z,Philadelphia Eagles @ Tennessee Titans,ANYTIME_TD,Tennessee Titans D/ST,,,,,0.0909,false,3
2026-09-20T17:14:37.214Z,2026-09-20,2026-09-20T17:02:50Z,Philadelphia Eagles @ Tennessee Titans,ANYTIME_TD,Gunnar Helm,,,,,0.125,false,6
2026-09-20T17:14:37.214Z,2026-09-20,2026-09-20T17:02:50Z,Philadelphia Eagles @ Tennessee Titans,ANYTIME_TD,Elic Ayomanor,,,,,0.1,false,6
2026-09-20T17:14:37.214Z,2026-09-20,2026-09-20T17:02:50Z,Philadelphia Eagles @ Tennessee Titans,ANYTIME_TD,Cam Ward,,,,,0.0833,false,6
2026-09-20T17:14:37.214Z,2026-09-20,2026-09-20T17:02:50Z,Philadelphia Eagles @ Tennessee Titans,ANYTIME_TD,Calvin Ridley,,,,,0.0909,false,6
2026-09-20T17:14:37.214Z,2026-09-20,2026-09-20T17:02:50Z,Philadelphia Eagles @ Tennessee Titans,ANYTIME_TD,Johnny Mundt,,,,,0.0667,false,6
2026-09-20T17:14:37.214Z,2026-09-20,2026-09-20T17:02:50Z,Philadelphia Eagles @ Tennessee Titans,ANYTIME_TD,Daniel Bellinger,,,,,0.0476,false,6
2026-09-20T17:14:37.214Z,2026-09-20,2026-09-20T17:02:50Z,Philadelphia Eagles @ Tennessee Titans,ANYTIME_TD,Chimere Dike,,,,,0.0588,false,6
2026-09-20T17:14:37.214Z,2026-09-20,2026-09-20T17:02:50Z,Philadelphia Eagles @ Tennessee Titans,ANYTIME_TD,Julius Chestnut,,,,,0.0323,false,5
2026-09-20T17:14:37.214Z,2026-09-20,2026-09-20T17:02:50Z,Philadelphia Eagles @ Tennessee Titans,ANYTIME_TD,E.J. Jenkins,,,,,0.0323,false,5
2026-09-20T17:14:37.214Z,2026-09-20,2026-09-20T17:02:50Z,Philadelphia Eagles @ Tennessee Titans,ANYTIME_TD,Britain Covey,,,,,0.0323,false,5
2026-09-20T17:14:37.214Z,2026-09-20,2026-09-20T17:02:50Z,Philadelphia Eagles @ Tennessee Titans,ANYTIME_TD,Nicholas Singleton,,,,,0.0278,false,5
2026-09-20T17:14:37.214Z,2026-09-20,2026-09-20T17:02:50Z,Philadelphia Eagles @ Tennessee Titans,ANYTIME_TD,Saquon Barkley,,,,,0.5885,false,2
2026-09-20T17:14:37.214Z,2026-09-20,2026-09-20T17:02:50Z,Philadelphia Eagles @ Tennessee Titans,ANYTIME_TD,Philadelphia Eagles Defense,,,,,0.1111,false,1
2026-09-20T17:14:37.214Z,2026-09-20,2026-09-20T17:02:58Z,Carolina Panthers @ Atlanta Falcons,QB_PASS_YARDS,Bryce Young,238.5,-114,-114,,,,6
2026-09-20T17:14:37.214Z,2026-09-20,2026-09-20T17:02:58Z,Carolina Panthers @ Atlanta Falcons,QB_PASS_YARDS,Cooper Rush,182.5,-114,-114,,,,6
2026-09-20T17:14:37.214Z,2026-09-20,2026-09-20T17:02:58Z,Carolina Panthers @ Atlanta Falcons,RB_RUSH_YARDS,Bijan Robinson,75.5,-114,-114,,,,6
2026-09-20T17:14:37.214Z,2026-09-20,2026-09-20T17:02:58Z,Carolina Panthers @ Atlanta Falcons,RB_RUSH_YARDS,Chuba Hubbard,57.5,-115,-110,,,,6
2026-09-20T17:14:37.214Z,2026-09-20,2026-09-20T17:02:58Z,Carolina Panthers @ Atlanta Falcons,RB_RUSH_YARDS,Brian Robinson Jr.,22.5,-120,-110,,,,4
2026-09-20T17:14:37.214Z,2026-09-20,2026-09-20T17:02:58Z,Carolina Panthers @ Atlanta Falcons,RB_RUSH_YARDS,Jonathon Brooks,22.5,-112,-110,,,,5
2026-09-20T17:14:37.214Z,2026-09-20,2026-09-20T17:02:58Z,Carolina Panthers @ Atlanta Falcons,RB_RUSH_YARDS,Bryce Young,12.5,-110,-115,,,,6
2026-09-20T17:14:37.214Z,2026-09-20,2026-09-20T17:02:58Z,Carolina Panthers @ Atlanta Falcons,RB_RUSH_YARDS,Cooper Rush,9.5,130,-110,,,,3
2026-09-20T17:14:37.214Z,2026-09-20,2026-09-20T17:02:58Z,Carolina Panthers @ Atlanta Falcons,WR_REC_YARDS,Tetairoa McMillan,75.5,-115,-115,,,,6
2026-09-20T17:14:37.214Z,2026-09-20,2026-09-20T17:02:58Z,Carolina Panthers @ Atlanta Falcons,WR_REC_YARDS,Drake London,58.5,-115,-115,,,,6
2026-09-20T17:14:37.214Z,2026-09-20,2026-09-20T17:02:58Z,Carolina Panthers @ Atlanta Falcons,WR_REC_YARDS,Jalen Coker,50.5,-115,-111,,,,6
2026-09-20T17:14:37.214Z,2026-09-20,2026-09-20T17:02:58Z,Carolina Panthers @ Atlanta Falcons,WR_REC_YARDS,Bijan Robinson,41.5,-114,-110,,,,6
2026-09-20T17:14:37.214Z,2026-09-20,2026-09-20T17:02:58Z,Carolina Panthers @ Atlanta Falcons,WR_REC_YARDS,Kyle Pitts,34.5,-114,-112,,,,6
2026-09-20T17:14:37.214Z,2026-09-20,2026-09-20T17:02:58Z,Carolina Panthers @ Atlanta Falcons,WR_REC_YARDS,Chuba Hubbard,18.5,-110,-115,,,,6
2026-09-20T17:14:37.214Z,2026-09-20,2026-09-20T17:02:58Z,Carolina Panthers @ Atlanta Falcons,WR_REC_YARDS,Jahan Dotson,17.5,-114,-114,,,,5
2026-09-20T17:14:37.214Z,2026-09-20,2026-09-20T17:02:58Z,Carolina Panthers @ Atlanta Falcons,WR_REC_YARDS,Darren Waller,15.5,-115,-110,,,,5
2026-09-20T17:14:37.214Z,2026-09-20,2026-09-20T17:02:58Z,Carolina Panthers @ Atlanta Falcons,WR_REC_YARDS,Xavier Legette,13.5,-114,-114,,,,4
2026-09-20T17:14:37.214Z,2026-09-20,2026-09-20T17:02:58Z,Carolina Panthers @ Atlanta Falcons,WR_REC_YARDS,Tommy Tremble,10.5,-120,-110,,,,5
2026-09-20T17:14:37.214Z,2026-09-20,2026-09-20T17:02:58Z,Carolina Panthers @ Atlanta Falcons,WR_REC_YARDS,Olamide Zaccheaus,8.5,-115,-110,,,,4
2026-09-20T17:14:37.214Z,2026-09-20,2026-09-20T17:02:58Z,Carolina Panthers @ Atlanta Falcons,WR_REC_YARDS,Jonathon Brooks,6.5,-110,-114,,,,5
2026-09-20T17:14:37.214Z,2026-09-20,2026-09-20T17:02:58Z,Carolina Panthers @ Atlanta Falcons,ANYTIME_TD,Bijan Robinson,,,,,0.6154,false,6
2026-09-20T17:14:37.214Z,2026-09-20,2026-09-20T17:02:58Z,Carolina Panthers @ Atlanta Falcons,ANYTIME_TD,Chuba Hubbard,,,,,0.5349,false,4
2026-09-20T17:14:37.214Z,2026-09-20,2026-09-20T17:02:58Z,Carolina Panthers @ Atlanta Falcons,ANYTIME_TD,Tetairoa McMillan,,,,,0.3636,false,4
2026-09-20T17:14:37.214Z,2026-09-20,2026-09-20T17:02:58Z,Carolina Panthers @ Atlanta Falcons,ANYTIME_TD,Jalen Coker,,,,,0.2778,false,4
2026-09-20T17:14:37.214Z,2026-09-20,2026-09-20T17:02:58Z,Carolina Panthers @ Atlanta Falcons,ANYTIME_TD,Bryce Young,,,,,0.2083,false,4
2026-09-20T17:14:37.214Z,2026-09-20,2026-09-20T17:02:58Z,Carolina Panthers @ Atlanta Falcons,ANYTIME_TD,Kyle Pitts,,,,,0.2041,false,6
2026-09-20T17:14:37.214Z,2026-09-20,2026-09-20T17:02:58Z,Carolina Panthers @ Atlanta Falcons,ANYTIME_TD,Jonathon Brooks,,,,,0.2,false,4
2026-09-20T17:14:37.214Z,2026-09-20,2026-09-20T17:02:58Z,Carolina Panthers @ Atlanta Falcons,ANYTIME_TD,Brian Robinson Jr.,,,,,0.1887,false,6
2026-09-20T17:14:37.214Z,2026-09-20,2026-09-20T17:02:58Z,Carolina Panthers @ Atlanta Falcons,ANYTIME_TD,Darren Waller,,,,,0.1905,false,4
2026-09-20T17:14:37.214Z,2026-09-20,2026-09-20T17:02:58Z,Carolina Panthers @ Atlanta Falcons,ANYTIME_TD,Mitchell Evans,,,,,0.1176,false,4
2026-09-20T17:14:37.214Z,2026-09-20,2026-09-20T17:02:58Z,Carolina Panthers @ Atlanta Falcons,ANYTIME_TD,Carolina Panthers D/ST,,,,,0.1053,false,2
2026-09-20T17:14:37.214Z,2026-09-20,2026-09-20T17:02:58Z,Carolina Panthers @ Atlanta Falcons,ANYTIME_TD,Atlanta Falcons D/ST,,,,,0.1111,false,2
2026-09-20T17:14:37.214Z,2026-09-20,2026-09-20T17:02:58Z,Carolina Panthers @ Atlanta Falcons,ANYTIME_TD,John Metchie III,,,,,0.1,false,4
2026-09-20T17:14:37.214Z,2026-09-20,2026-09-20T17:02:58Z,Carolina Panthers @ Atlanta Falcons,ANYTIME_TD,Austin Hooper,,,,,0.0645,false,6
2026-09-20T17:14:37.214Z,2026-09-20,2026-09-20T17:02:58Z,Carolina Panthers @ Atlanta Falcons,ANYTIME_TD,Brycen Tremayne,,,,,0.0625,false,4
2026-09-20T17:14:37.214Z,2026-09-20,2026-09-20T17:02:58Z,Carolina Panthers @ Atlanta Falcons,ANYTIME_TD,Feleipe Franks,,,,,0.0385,false,4
2026-09-20T17:14:37.214Z,2026-09-20,2026-09-20T17:02:58Z,Carolina Panthers @ Atlanta Falcons,ANYTIME_TD,Charlie Woerner,,,,,0.0476,false,6
2026-09-20T17:14:37.214Z,2026-09-20,2026-09-20T17:02:58Z,Carolina Panthers @ Atlanta Falcons,ANYTIME_TD,Atlanta Falcons Defense,,,,,0.125,false,1
2026-09-20T17:14:37.214Z,2026-09-20,2026-09-20T17:03:51Z,Green Bay Packers @ New York Jets,QB_PASS_YARDS,Jordan Love,242.5,-115,-115,,,,5
2026-09-20T17:14:37.214Z,2026-09-20,2026-09-20T17:03:51Z,Green Bay Packers @ New York Jets,QB_PASS_YARDS,Geno Smith,207.5,-114,-114,,,,6
2026-09-20T17:14:37.214Z,2026-09-20,2026-09-20T17:03:51Z,Green Bay Packers @ New York Jets,RB_RUSH_YARDS,Breece Hall,66.5,-114,-114,,,,6
2026-09-20T17:14:37.214Z,2026-09-20,2026-09-20T17:03:51Z,Green Bay Packers @ New York Jets,RB_RUSH_YARDS,MarShawn Lloyd,45.5,-115,-115,,,,5
2026-09-20T17:14:37.214Z,2026-09-20,2026-09-20T17:03:51Z,Green Bay Packers @ New York Jets,RB_RUSH_YARDS,Braelon Allen,24.5,-111,-110,,,,6
2026-09-20T17:14:37.214Z,2026-09-20,2026-09-20T17:03:51Z,Green Bay Packers @ New York Jets,RB_RUSH_YARDS,Chris Brooks,21.5,-114,-114,,,,5
2026-09-20T17:14:37.214Z,2026-09-20,2026-09-20T17:03:51Z,Green Bay Packers @ New York Jets,RB_RUSH_YARDS,Geno Smith,7.5,-112,-112,,,,5
2026-09-20T17:14:37.214Z,2026-09-20,2026-09-20T17:03:51Z,Green Bay Packers @ New York Jets,RB_RUSH_YARDS,Jordan Love,7.5,-110,-110,,,,3
2026-09-20T17:14:37.214Z,2026-09-20,2026-09-20T17:03:51Z,Green Bay Packers @ New York Jets,WR_REC_YARDS,Christian Watson,61.5,-110,-115,,,,5
2026-09-20T17:14:37.214Z,2026-09-20,2026-09-20T17:03:51Z,Green Bay Packers @ New York Jets,WR_REC_YARDS,Garrett Wilson,67.5,-115,-115,,,,6
2026-09-20T17:14:37.214Z,2026-09-20,2026-09-20T17:03:51Z,Green Bay Packers @ New York Jets,WR_REC_YARDS,Matthew Golden,51.5,-115,-115,,,,5
2026-09-20T17:14:37.214Z,2026-09-20,2026-09-20T17:03:51Z,Green Bay Packers @ New York Jets,WR_REC_YARDS,Tucker Kraft,43.5,-111,-109,,,,5
2026-09-20T17:14:37.214Z,2026-09-20,2026-09-20T17:03:51Z,Green Bay Packers @ New York Jets,WR_REC_YARDS,Adonai Mitchell,34.5,-115,-108,,,,6
2026-09-20T17:14:37.214Z,2026-09-20,2026-09-20T17:03:51Z,Green Bay Packers @ New York Jets,WR_REC_YARDS,Kenyon Sadiq,20.5,-115,-110,,,,6
2026-09-20T17:14:37.214Z,2026-09-20,2026-09-20T17:03:51Z,Green Bay Packers @ New York Jets,WR_REC_YARDS,Breece Hall,19.5,-110,-114,,,,6
2026-09-20T17:14:37.214Z,2026-09-20,2026-09-20T17:03:51Z,Green Bay Packers @ New York Jets,WR_REC_YARDS,Mason Taylor,17.5,-112,-115,,,,6
2026-09-20T17:14:37.214Z,2026-09-20,2026-09-20T17:03:51Z,Green Bay Packers @ New York Jets,WR_REC_YARDS,Jonnu Smith,12.5,-115,-115,,,,5
2026-09-20T17:14:37.214Z,2026-09-20,2026-09-20T17:03:51Z,Green Bay Packers @ New York Jets,WR_REC_YARDS,Isaiah Williams,11.5,-112,-115,,,,5
2026-09-20T17:14:37.214Z,2026-09-20,2026-09-20T17:03:51Z,Green Bay Packers @ New York Jets,WR_REC_YARDS,Chris Brooks,9.5,-115,-110,,,,5
2026-09-20T17:14:37.214Z,2026-09-20,2026-09-20T17:03:51Z,Green Bay Packers @ New York Jets,WR_REC_YARDS,MarShawn Lloyd,6.5,-115,-110,,,,4
2026-09-20T17:14:37.214Z,2026-09-20,2026-09-20T17:03:51Z,Green Bay Packers @ New York Jets,WR_REC_YARDS,Jayden Reed,37.5,-114,-114,,,,1
2026-09-20T17:14:37.214Z,2026-09-20,2026-09-20T17:03:51Z,Green Bay Packers @ New York Jets,ANYTIME_TD,Breece Hall,,,,,0.4762,false,6
2026-09-20T17:14:37.214Z,2026-09-20,2026-09-20T17:03:51Z,Green Bay Packers @ New York Jets,ANYTIME_TD,MarShawn Lloyd,,,,,0.339,false,6
2026-09-20T17:14:37.214Z,2026-09-20,2026-09-20T17:03:51Z,Green Bay Packers @ New York Jets,ANYTIME_TD,Christian Watson,,,,,0.3509,false,6
2026-09-20T17:14:37.214Z,2026-09-20,2026-09-20T17:03:51Z,Green Bay Packers @ New York Jets,ANYTIME_TD,Garrett Wilson,,,,,0.339,false,6
2026-09-20T17:14:37.214Z,2026-09-20,2026-09-20T17:03:51Z,Green Bay Packers @ New York Jets,ANYTIME_TD,Chris Brooks,,,,,0.303,false,6
2026-09-20T17:14:37.214Z,2026-09-20,2026-09-20T17:03:51Z,Green Bay Packers @ New York Jets,ANYTIME_TD,Braelon Allen,,,,,0.25,false,5
2026-09-20T17:14:37.214Z,2026-09-20,2026-09-20T17:03:51Z,Green Bay Packers @ New York Jets,ANYTIME_TD,Isaiah Williams,,,,,0.1212,false,6
2026-09-20T17:14:37.214Z,2026-09-20,2026-09-20T17:03:51Z,Green Bay Packers @ New York Jets,ANYTIME_TD,Mason Taylor,,,,,0.1667,false,6
2026-09-20T17:14:37.214Z,2026-09-20,2026-09-20T17:03:51Z,Green Bay Packers @ New York Jets,ANYTIME_TD,Geno Smith,,,,,0.0952,false,6
2026-09-20T17:14:37.214Z,2026-09-20,2026-09-20T17:03:51Z,Green Bay Packers @ New York Jets,ANYTIME_TD,Green Bay Packers D/ST,,,,,0.1176,false,3
2026-09-20T17:14:37.214Z,2026-09-20,2026-09-20T17:03:51Z,Green Bay Packers @ New York Jets,ANYTIME_TD,New York Jets D/ST,,,,,0.1111,false,3
2026-09-20T17:14:37.214Z,2026-09-20,2026-09-20T17:03:51Z,Green Bay Packers @ New York Jets,ANYTIME_TD,Kaleb Johnson,,,,,0.1,false,5
2026-09-20T17:14:37.214Z,2026-09-20,2026-09-20T17:03:51Z,Green Bay Packers @ New York Jets,ANYTIME_TD,Bo Melton,,,,,0.0909,false,6
2026-09-20T17:14:37.214Z,2026-09-20,2026-09-20T17:03:51Z,Green Bay Packers @ New York Jets,ANYTIME_TD,Isaiah Davis,,,,,0.05,false,5
2026-09-20T17:14:37.214Z,2026-09-20,2026-09-20T17:03:51Z,Green Bay Packers @ New York Jets,ANYTIME_TD,Jeremy Ruckert,,,,,0.0625,false,5
2026-09-20T17:14:37.214Z,2026-09-20,2026-09-20T17:03:51Z,Green Bay Packers @ New York Jets,ANYTIME_TD,Josh Whyle,,,,,0.0435,false,6
2026-09-20T17:14:37.214Z,2026-09-20,2026-09-20T17:03:51Z,Green Bay Packers @ New York Jets,ANYTIME_TD,Mark Redman,,,,,0.0435,false,5
2026-09-20T17:14:37.214Z,2026-09-20,2026-09-20T17:03:51Z,Green Bay Packers @ New York Jets,ANYTIME_TD,Skyy Moore,,,,,0.0625,false,6
2026-09-20T17:14:37.214Z,2026-09-20,2026-09-20T17:03:51Z,Green Bay Packers @ New York Jets,ANYTIME_TD,J. Michael Sturdivant,,,,,0.0476,false,4
2026-09-20T17:14:37.214Z,2026-09-20,2026-09-20T17:03:51Z,Green Bay Packers @ New York Jets,ANYTIME_TD,Jayden Reed,,,,,0.2632,false,1
2026-09-20T17:14:37.214Z,2026-09-20,2026-09-20T17:03:51Z,Green Bay Packers @ New York Jets,ANYTIME_TD,Green Bay Packers Defense,,,,,0.1333,false,1
2026-09-20T17:14:37.214Z,2026-09-20,2026-09-20T17:03:51Z,Green Bay Packers @ New York Jets,ANYTIME_TD,New York Jets Defense,,,,,0.1176,false,1
2026-09-20T17:14:37.214Z,2026-09-20,2026-09-20T17:03:51Z,Green Bay Packers @ New York Jets,ANYTIME_TD,Sterling Shepard,,,,,0.0714,false,1
2026-09-20T17:14:37.214Z,2026-09-20,2026-09-20T20:05:00Z,Las Vegas Raiders @ Los Angeles Chargers,QB_PASS_YARDS,Kirk Cousins,192.5,-113,-111,,,,6
2026-09-20T17:14:37.214Z,2026-09-20,2026-09-20T20:05:00Z,Las Vegas Raiders @ Los Angeles Chargers,RB_RUSH_YARDS,Ashton Jeanty,63.5,-112,-109,,,,6
2026-09-20T17:14:37.214Z,2026-09-20,2026-09-20T20:05:00Z,Las Vegas Raiders @ Los Angeles Chargers,RB_RUSH_YARDS,Omarion Hampton,62.5,-110,-113,,,,6
2026-09-20T17:14:37.214Z,2026-09-20,2026-09-20T20:05:00Z,Las Vegas Raiders @ Los Angeles Chargers,RB_RUSH_YARDS,Keaton Mitchell,23.5,-108,-113,,,,5
2026-09-20T17:14:37.214Z,2026-09-20,2026-09-20T20:05:00Z,Las Vegas Raiders @ Los Angeles Chargers,RB_RUSH_YARDS,Justin Herbert,19.5,-112,-109,,,,6
2026-09-20T17:14:37.214Z,2026-09-20,2026-09-20T20:05:00Z,Las Vegas Raiders @ Los Angeles Chargers,WR_REC_YARDS,Quentin Johnston,47.5,-110,-113,,,,6
2026-09-20T17:14:37.214Z,2026-09-20,2026-09-20T20:05:00Z,Las Vegas Raiders @ Los Angeles Chargers,WR_REC_YARDS,Michael Mayer,43.5,-113,-109,,,,6
2026-09-20T17:14:37.214Z,2026-09-20,2026-09-20T20:05:00Z,Las Vegas Raiders @ Los Angeles Chargers,WR_REC_YARDS,Tre Harris,34.5,-114,-110,,,,5
2026-09-20T17:14:37.214Z,2026-09-20,2026-09-20T20:05:00Z,Las Vegas Raiders @ Los Angeles Chargers,WR_REC_YARDS,Jalen Nailor,32.5,-113,-111,,,,6
2026-09-20T17:14:37.214Z,2026-09-20,2026-09-20T20:05:00Z,Las Vegas Raiders @ Los Angeles Chargers,WR_REC_YARDS,David Njoku,23.5,-111,-113,,,,6
2026-09-20T17:14:37.214Z,2026-09-20,2026-09-20T20:05:00Z,Las Vegas Raiders @ Los Angeles Chargers,WR_REC_YARDS,Oronde Gadsden II,15.5,-110,-115,,,,5
2026-09-20T17:14:37.214Z,2026-09-20,2026-09-20T20:05:00Z,Las Vegas Raiders @ Los Angeles Chargers,WR_REC_YARDS,Omarion Hampton,12.5,-116,-109,,,,6
2026-09-20T17:14:37.214Z,2026-09-20,2026-09-20T20:05:00Z,Las Vegas Raiders @ Los Angeles Chargers,WR_REC_YARDS,Ladd McConkey,40.5,-113,-113,,,,1
2026-09-20T17:14:37.214Z,2026-09-20,2026-09-20T20:05:00Z,Las Vegas Raiders @ Los Angeles Chargers,ANYTIME_TD,Quentin Johnston,,,,,0.3509,false,6
2026-09-20T17:14:37.214Z,2026-09-20,2026-09-20T20:05:00Z,Las Vegas Raiders @ Los Angeles Chargers,ANYTIME_TD,Ladd McConkey,,,,,0.303,false,6
2026-09-20T17:14:37.214Z,2026-09-20,2026-09-20T20:05:00Z,Las Vegas Raiders @ Los Angeles Chargers,ANYTIME_TD,Tre Harris,,,,,0.2439,false,6
2026-09-20T17:14:37.214Z,2026-09-20,2026-09-20T20:05:00Z,Las Vegas Raiders @ Los Angeles Chargers,ANYTIME_TD,David Njoku,,,,,0.1923,false,6
2026-09-20T17:14:37.214Z,2026-09-20,2026-09-20T20:05:00Z,Las Vegas Raiders @ Los Angeles Chargers,ANYTIME_TD,Keaton Mitchell,,,,,0.1754,false,6
2026-09-20T17:14:37.214Z,2026-09-20,2026-09-20T20:05:00Z,Las Vegas Raiders @ Los Angeles Chargers,ANYTIME_TD,Charlie Kolar,,,,,0.125,false,6
2026-09-20T17:14:37.214Z,2026-09-20,2026-09-20T20:05:00Z,Las Vegas Raiders @ Los Angeles Chargers,ANYTIME_TD,Derius Davis,,,,,0.0833,false,6
2026-09-20T17:14:37.214Z,2026-09-20,2026-09-20T20:05:00Z,Las Vegas Raiders @ Los Angeles Chargers,ANYTIME_TD,Brenen Thompson,,,,,0.0667,false,6
2026-09-20T17:14:37.214Z,2026-09-20,2026-09-20T20:05:00Z,Las Vegas Raiders @ Los Angeles Chargers,ANYTIME_TD,Alec Ingold,,,,,0.0294,false,5
2026-09-20T17:14:37.214Z,2026-09-20,2026-09-20T20:05:00Z,Las Vegas Raiders @ Los Angeles Chargers,ANYTIME_TD,Gary Jennings,,,,,0.0833,false,2
2026-09-20T17:14:37.214Z,2026-09-20,2026-09-20T20:25:00Z,Seattle Seahawks @ Arizona Cardinals,RB_RUSH_YARDS,Jeremiyah Love,36.5,-113,-110,,,,6
2026-09-20T17:14:37.214Z,2026-09-20,2026-09-20T20:25:00Z,Seattle Seahawks @ Arizona Cardinals,WR_REC_YARDS,Trey McBride,61.5,-113,-111,,,,6
2026-09-20T17:14:37.214Z,2026-09-20,2026-09-20T20:25:00Z,Seattle Seahawks @ Arizona Cardinals,WR_REC_YARDS,Michael Wilson,37.5,-113,-109,,,,6
2026-09-20T17:14:37.214Z,2026-09-20,2026-09-20T20:25:00Z,Seattle Seahawks @ Arizona Cardinals,WR_REC_YARDS,Jadarian Price,7.5,-110,-108,,,,6
2026-09-20T17:14:37.214Z,2026-09-20,2026-09-20T20:25:00Z,Seattle Seahawks @ Arizona Cardinals,ANYTIME_TD,Drew Lock,,,,,0.129,false,6
2026-09-20T17:14:37.214Z,2026-09-20,2026-09-20T20:25:00Z,Seattle Seahawks @ Arizona Cardinals,ANYTIME_TD,Reggie Virgil,,,,,0.0244,false,5
2026-09-20T17:14:37.214Z,2026-09-20,2026-09-20T20:25:00Z,Washington Commanders @ Dallas Cowboys,ANYTIME_TD,CeeDee Lamb,,,,,0.4651,false,6
2026-09-20T17:14:37.214Z,2026-09-20,2026-09-20T20:25:00Z,Washington Commanders @ Dallas Cowboys,ANYTIME_TD,Jake Ferguson,,,,,0.274,false,6
2026-09-20T17:14:37.214Z,2026-09-20,2026-09-20T20:25:00Z,Washington Commanders @ Dallas Cowboys,ANYTIME_TD,KaVontae Turpin,,,,,0.1176,false,6
2026-09-20T17:14:37.214Z,2026-09-20,2026-09-20T20:25:00Z,Washington Commanders @ Dallas Cowboys,ANYTIME_TD,Brevyn Spann-Ford,,,,,0.1053,false,6
2026-09-20T17:14:37.214Z,2026-09-20,2026-09-20T20:25:00Z,Miami Dolphins @ San Francisco 49ers,WR_REC_YARDS,Deebo Samuel,36.5,-114,-114,,,,6
2026-09-20T17:14:37.214Z,2026-09-20,2026-09-20T20:25:00Z,Miami Dolphins @ San Francisco 49ers,WR_REC_YARDS,De'Von Achane,27.5,-111,-109,,,,6
2026-09-20T17:14:37.214Z,2026-09-20,2026-09-20T20:25:00Z,Miami Dolphins @ San Francisco 49ers,ANYTIME_TD,Kevin Coleman Jr.,,,,,0.0625,false,6
2026-09-20T17:14:37.214Z,2026-09-20,2026-09-21T00:20:00Z,Indianapolis Colts @ Kansas City Chiefs,ANYTIME_TD,Rashee Rice,,,,,0.3846,false,6
2026-09-20T17:14:37.214Z,2026-09-20,2026-09-21T00:20:00Z,Indianapolis Colts @ Kansas City Chiefs,ANYTIME_TD,Cyrus Allen,,,,,0.0323,false,6
2026-09-20T18:58:09.738Z,2026-09-20,2026-09-20T17:02:22Z,Pittsburgh Steelers @ New England Patriots,QB_PASS_YARDS,Aaron Rodgers,186.5,-115,-115,,,,5
2026-09-20T18:58:09.738Z,2026-09-20,2026-09-20T17:02:22Z,Pittsburgh Steelers @ New England Patriots,QB_PASS_YARDS,Drake Maye,208.5,-112,-118,,,,2
2026-09-20T18:58:09.738Z,2026-09-20,2026-09-20T17:02:22Z,Pittsburgh Steelers @ New England Patriots,RB_RUSH_YARDS,TreVeyon Henderson,87.5,-112,-118,,,,3
2026-09-20T18:58:09.738Z,2026-09-20,2026-09-20T17:02:22Z,Pittsburgh Steelers @ New England Patriots,RB_RUSH_YARDS,Jaylen Warren,31.5,-110,-110,,,,5
2026-09-20T18:58:09.738Z,2026-09-20,2026-09-20T17:02:22Z,Pittsburgh Steelers @ New England Patriots,RB_RUSH_YARDS,Rico Dowdle,30.5,-110,-111,,,,4
2026-09-20T18:58:09.738Z,2026-09-20,2026-09-20T17:02:22Z,Pittsburgh Steelers @ New England Patriots,RB_RUSH_YARDS,Rhamondre Stevenson,21.5,-118,-134,,,,3
2026-09-20T18:58:09.738Z,2026-09-20,2026-09-20T17:02:22Z,Pittsburgh Steelers @ New England Patriots,RB_RUSH_YARDS,Drake Maye,16.5,-110,-114,,,,3
2026-09-20T18:58:09.738Z,2026-09-20,2026-09-20T17:02:22Z,Pittsburgh Steelers @ New England Patriots,RB_RUSH_YARDS,Aaron Rodgers,5.5,180,-245,,,,1
2026-09-20T18:58:09.738Z,2026-09-20,2026-09-20T17:02:22Z,Pittsburgh Steelers @ New England Patriots,WR_REC_YARDS,Hunter Henry,49.5,-125,-120,,,,3
2026-09-20T18:58:09.738Z,2026-09-20,2026-09-20T17:02:22Z,Pittsburgh Steelers @ New England Patriots,WR_REC_YARDS,Germie Bernard,42.5,-112,105,,,,4
2026-09-20T18:58:09.738Z,2026-09-20,2026-09-20T17:02:22Z,Pittsburgh Steelers @ New England Patriots,WR_REC_YARDS,Romeo Doubs,43.5,-110,-120,,,,3
2026-09-20T18:58:09.738Z,2026-09-20,2026-09-20T17:02:22Z,Pittsburgh Steelers @ New England Patriots,WR_REC_YARDS,Pat Freiermuth,37.5,-114,-114,,,,4
2026-09-20T18:58:09.738Z,2026-09-20,2026-09-20T17:02:22Z,Pittsburgh Steelers @ New England Patriots,WR_REC_YARDS,Mack Hollins,21.5,-120,-110,,,,3
2026-09-20T18:58:09.738Z,2026-09-20,2026-09-20T17:02:22Z,Pittsburgh Steelers @ New England Patriots,WR_REC_YARDS,DK Metcalf,25.5,-114,-111,,,,5
2026-09-20T18:58:09.738Z,2026-09-20,2026-09-20T17:02:22Z,Pittsburgh Steelers @ New England Patriots,WR_REC_YARDS,Roman Wilson,18.5,-115,-110,,,,4
2026-09-20T18:58:09.738Z,2026-09-20,2026-09-20T17:02:22Z,Pittsburgh Steelers @ New England Patriots,WR_REC_YARDS,DeMario Douglas,17.5,-120,-110,,,,3
2026-09-20T18:58:09.738Z,2026-09-20,2026-09-20T17:02:22Z,Pittsburgh Steelers @ New England Patriots,WR_REC_YARDS,Rico Dowdle,14.5,-110,-118,,,,3
2026-09-20T18:58:09.738Z,2026-09-20,2026-09-20T17:02:22Z,Pittsburgh Steelers @ New England Patriots,WR_REC_YARDS,Darnell Washington,10.5,-118,-112,,,,4
2026-09-20T18:58:09.738Z,2026-09-20,2026-09-20T17:02:22Z,Pittsburgh Steelers @ New England Patriots,WR_REC_YARDS,Jaylen Warren,5.5,-120,-111,,,,3
2026-09-20T18:58:09.738Z,2026-09-20,2026-09-20T17:02:22Z,Pittsburgh Steelers @ New England Patriots,WR_REC_YARDS,Rhamondre Stevenson,3.5,115,-125,,,,2
2026-09-20T18:58:09.738Z,2026-09-20,2026-09-20T17:02:22Z,Pittsburgh Steelers @ New England Patriots,WR_REC_YARDS,TreVeyon Henderson,1.5,-120,-115,,,,1
2026-09-20T18:58:09.738Z,2026-09-20,2026-09-20T17:02:22Z,Pittsburgh Steelers @ New England Patriots,ANYTIME_TD,DK Metcalf,,,,,0.1695,false,5
2026-09-20T18:58:09.738Z,2026-09-20,2026-09-20T17:02:22Z,Pittsburgh Steelers @ New England Patriots,ANYTIME_TD,Rhamondre Stevenson,,,,,0.1538,false,5
2026-09-20T18:58:09.738Z,2026-09-20,2026-09-20T17:02:22Z,Pittsburgh Steelers @ New England Patriots,ANYTIME_TD,Drake Maye,,,,,0.125,false,5
2026-09-20T18:58:09.738Z,2026-09-20,2026-09-20T17:02:22Z,Pittsburgh Steelers @ New England Patriots,ANYTIME_TD,Jaylen Warren,,,,,0.1176,false,5
2026-09-20T18:58:09.738Z,2026-09-20,2026-09-20T17:02:22Z,Pittsburgh Steelers @ New England Patriots,ANYTIME_TD,Pat Freiermuth,,,,,0.1053,false,5
2026-09-20T18:58:09.738Z,2026-09-20,2026-09-20T17:02:22Z,Pittsburgh Steelers @ New England Patriots,ANYTIME_TD,Hunter Henry,,,,,0.1,false,5
2026-09-20T18:58:09.738Z,2026-09-20,2026-09-20T17:02:22Z,Pittsburgh Steelers @ New England Patriots,ANYTIME_TD,Mack Hollins,,,,,0.1,false,5
2026-09-20T18:58:09.738Z,2026-09-20,2026-09-20T17:02:22Z,Pittsburgh Steelers @ New England Patriots,ANYTIME_TD,Romeo Doubs,,,,,0.0909,false,5
2026-09-20T18:58:09.738Z,2026-09-20,2026-09-20T17:02:22Z,Pittsburgh Steelers @ New England Patriots,ANYTIME_TD,Roman Wilson,,,,,0.0909,false,5
2026-09-20T18:58:09.738Z,2026-09-20,2026-09-20T17:02:22Z,Pittsburgh Steelers @ New England Patriots,ANYTIME_TD,Germie Bernard,,,,,0.0769,false,5
2026-09-20T18:58:09.738Z,2026-09-20,2026-09-20T17:02:22Z,Pittsburgh Steelers @ New England Patriots,ANYTIME_TD,New England Patriots D/ST,,,,,0.0909,false,3
2026-09-20T18:58:09.738Z,2026-09-20,2026-09-20T17:02:22Z,Pittsburgh Steelers @ New England Patriots,ANYTIME_TD,DeMario Douglas,,,,,0.0769,false,5
2026-09-20T18:58:09.738Z,2026-09-20,2026-09-20T17:02:22Z,Pittsburgh Steelers @ New England Patriots,ANYTIME_TD,Darnell Washington,,,,,0.0667,false,5
2026-09-20T18:58:09.738Z,2026-09-20,2026-09-20T17:02:22Z,Pittsburgh Steelers @ New England Patriots,ANYTIME_TD,Pittsburgh Steelers D/ST,,,,,0.0625,false,3
2026-09-20T18:58:09.738Z,2026-09-20,2026-09-20T17:02:22Z,Pittsburgh Steelers @ New England Patriots,ANYTIME_TD,Eli Raridon,,,,,0.0435,false,4
2026-09-20T18:58:09.738Z,2026-09-20,2026-09-20T17:02:22Z,Pittsburgh Steelers @ New England Patriots,ANYTIME_TD,Kyle Williams,,,,,0.0357,false,5
2026-09-20T18:58:09.738Z,2026-09-20,2026-09-20T17:02:22Z,Pittsburgh Steelers @ New England Patriots,ANYTIME_TD,Ben Skowronek,,,,,0.0179,false,5
2026-09-20T18:58:09.738Z,2026-09-20,2026-09-20T17:02:22Z,Pittsburgh Steelers @ New England Patriots,ANYTIME_TD,Aaron Rodgers,,,,,0.0278,false,5
2026-09-20T18:58:09.738Z,2026-09-20,2026-09-20T17:02:22Z,Pittsburgh Steelers @ New England Patriots,ANYTIME_TD,Efton Chism III,,,,,0.0196,false,5
2026-09-20T18:58:09.738Z,2026-09-20,2026-09-20T17:02:22Z,Pittsburgh Steelers @ New England Patriots,ANYTIME_TD,Corey Kiner,,,,,0.0196,false,5
2026-09-20T18:58:09.738Z,2026-09-20,2026-09-20T17:02:22Z,Pittsburgh Steelers @ New England Patriots,ANYTIME_TD,Kaden Wetjen,,,,,0.0196,false,5
2026-09-20T18:58:09.738Z,2026-09-20,2026-09-20T17:02:22Z,Pittsburgh Steelers @ New England Patriots,ANYTIME_TD,Robert Tonyan,,,,,0.0141,false,5
2026-09-20T18:58:09.738Z,2026-09-20,2026-09-20T17:02:22Z,Pittsburgh Steelers @ New England Patriots,ANYTIME_TD,Travis Homer,,,,,0.0164,false,3
2026-09-20T18:58:09.738Z,2026-09-20,2026-09-20T17:02:22Z,Pittsburgh Steelers @ New England Patriots,ANYTIME_TD,Reggie Gilliam,,,,,0.0141,false,4
2026-09-20T18:58:09.738Z,2026-09-20,2026-09-20T17:02:22Z,Pittsburgh Steelers @ New England Patriots,ANYTIME_TD,Eli Heidenreich,,,,,0.0152,false,5
2026-09-20T18:58:09.738Z,2026-09-20,2026-09-20T17:02:22Z,Pittsburgh Steelers @ New England Patriots,ANYTIME_TD,Riley Nowakowski,,,,,0.0132,false,3
2026-09-20T18:58:09.738Z,2026-09-20,2026-09-20T17:02:22Z,Pittsburgh Steelers @ New England Patriots,ANYTIME_TD,Cameron Latu,,,,,0.0066,false,3
2026-09-20T18:58:09.738Z,2026-09-20,2026-09-20T17:02:22Z,Pittsburgh Steelers @ New England Patriots,ANYTIME_TD,Rico Dowdle,,,,,0.1111,false,3
2026-09-20T18:58:09.738Z,2026-09-20,2026-09-20T17:02:22Z,Pittsburgh Steelers @ New England Patriots,ANYTIME_TD,New England Patriots Defense,,,,,0.0588,false,1
2026-09-20T18:58:09.738Z,2026-09-20,2026-09-20T17:02:22Z,Pittsburgh Steelers @ New England Patriots,ANYTIME_TD,Pittsburgh Steelers Defense,,,,,0.0476,false,1
2026-09-20T18:58:09.738Z,2026-09-20,2026-09-20T17:02:38Z,New Orleans Saints @ Baltimore Ravens,QB_PASS_YARDS,Lamar Jackson,249.5,-115,-115,,,,5
2026-09-20T18:58:09.738Z,2026-09-20,2026-09-20T17:02:38Z,New Orleans Saints @ Baltimore Ravens,QB_PASS_YARDS,Tyler Shough,226.5,-120,-115,,,,3
2026-09-20T18:58:09.738Z,2026-09-20,2026-09-20T17:02:38Z,New Orleans Saints @ Baltimore Ravens,RB_RUSH_YARDS,Derrick Henry,95.5,-114,-114,,,,5
2026-09-20T18:58:09.738Z,2026-09-20,2026-09-20T17:02:38Z,New Orleans Saints @ Baltimore Ravens,RB_RUSH_YARDS,Lamar Jackson,29.5,-110,-120,,,,5
2026-09-20T18:58:09.738Z,2026-09-20,2026-09-20T17:02:38Z,New Orleans Saints @ Baltimore Ravens,RB_RUSH_YARDS,Tyler Shough,27.5,-120,-115,,,,2
2026-09-20T18:58:09.738Z,2026-09-20,2026-09-20T17:02:38Z,New Orleans Saints @ Baltimore Ravens,RB_RUSH_YARDS,Travis Etienne Jr.,16.5,-125,-105,,,,3
2026-09-20T18:58:09.738Z,2026-09-20,2026-09-20T17:02:38Z,New Orleans Saints @ Baltimore Ravens,RB_RUSH_YARDS,Alvin Kamara,13.5,-130,-105,,,,2
2026-09-20T18:58:09.738Z,2026-09-20,2026-09-20T17:02:38Z,New Orleans Saints @ Baltimore Ravens,RB_RUSH_YARDS,Justice Hill,8.5,-118,-110,,,,3
2026-09-20T18:58:09.738Z,2026-09-20,2026-09-20T17:02:38Z,New Orleans Saints @ Baltimore Ravens,WR_REC_YARDS,Rashod Bateman,74.5,105,-125,,,,5
2026-09-20T18:58:09.738Z,2026-09-20,2026-09-20T17:02:38Z,New Orleans Saints @ Baltimore Ravens,WR_REC_YARDS,Devaughn Vele,66.5,-110,-120,,,,3
2026-09-20T18:58:09.738Z,2026-09-20,2026-09-20T17:02:38Z,New Orleans Saints @ Baltimore Ravens,WR_REC_YARDS,Chris Olave,53.5,-110,-120,,,,3
2026-09-20T18:58:09.738Z,2026-09-20,2026-09-20T17:02:38Z,New Orleans Saints @ Baltimore Ravens,WR_REC_YARDS,Juwan Johnson,46.5,-120,-110,,,,3
2026-09-20T18:58:09.738Z,2026-09-20,2026-09-20T17:02:38Z,New Orleans Saints @ Baltimore Ravens,WR_REC_YARDS,Mark Andrews,42.5,-110,-118,,,,5
2026-09-20T18:58:09.738Z,2026-09-20,2026-09-20T17:02:38Z,New Orleans Saints @ Baltimore Ravens,WR_REC_YARDS,Derrick Henry,22.5,310,-435,,,,2
2026-09-20T18:58:09.738Z,2026-09-20,2026-09-20T17:02:38Z,New Orleans Saints @ Baltimore Ravens,WR_REC_YARDS,Alvin Kamara,15.5,-110,-125,,,,2
2026-09-20T18:58:09.738Z,2026-09-20,2026-09-20T17:02:38Z,New Orleans Saints @ Baltimore Ravens,WR_REC_YARDS,LaJohntay Wester,14.5,170,-185,,,,4
2026-09-20T18:58:09.738Z,2026-09-20,2026-09-20T17:02:38Z,New Orleans Saints @ Baltimore Ravens,WR_REC_YARDS,Justice Hill,12.5,195,-270,,,,2
2026-09-20T18:58:09.738Z,2026-09-20,2026-09-20T17:02:38Z,New Orleans Saints @ Baltimore Ravens,WR_REC_YARDS,Travis Etienne Jr.,6.5,-105,-120,,,,2
2026-09-20T18:58:09.738Z,2026-09-20,2026-09-20T17:02:38Z,New Orleans Saints @ Baltimore Ravens,WR_REC_YARDS,Noah Fant,0.5,115,-130,,,,2
2026-09-20T18:58:09.738Z,2026-09-20,2026-09-20T17:02:38Z,New Orleans Saints @ Baltimore Ravens,WR_REC_YARDS,Bryce Lance,5.5,-125,-105,,,,1
2026-09-20T18:58:09.738Z,2026-09-20,2026-09-20T17:02:38Z,New Orleans Saints @ Baltimore Ravens,WR_REC_YARDS,Durham Smythe,0.5,250,-350,,,,1
2026-09-20T18:58:09.738Z,2026-09-20,2026-09-20T17:02:38Z,New Orleans Saints @ Baltimore Ravens,ANYTIME_TD,Chris Olave,,,,,0.1538,false,4
2026-09-20T18:58:09.738Z,2026-09-20,2026-09-20T17:02:38Z,New Orleans Saints @ Baltimore Ravens,ANYTIME_TD,Lamar Jackson,,,,,0.1176,false,5
2026-09-20T18:58:09.738Z,2026-09-20,2026-09-20T17:02:38Z,New Orleans Saints @ Baltimore Ravens,ANYTIME_TD,Alvin Kamara,,,,,0.1111,false,4
2026-09-20T18:58:09.738Z,2026-09-20,2026-09-20T17:02:38Z,New Orleans Saints @ Baltimore Ravens,ANYTIME_TD,Mark Andrews,,,,,0.1053,false,5
2026-09-20T18:58:09.738Z,2026-09-20,2026-09-20T17:02:38Z,New Orleans Saints @ Baltimore Ravens,ANYTIME_TD,Travis Etienne Jr.,,,,,0.0909,false,4
2026-09-20T18:58:09.738Z,2026-09-20,2026-09-20T17:02:38Z,New Orleans Saints @ Baltimore Ravens,ANYTIME_TD,Juwan Johnson,,,,,0.0909,false,4
2026-09-20T18:58:09.738Z,2026-09-20,2026-09-20T17:02:38Z,New Orleans Saints @ Baltimore Ravens,ANYTIME_TD,Devaughn Vele,,,,,0.0909,false,4
2026-09-20T18:58:09.738Z,2026-09-20,2026-09-20T17:02:38Z,New Orleans Saints @ Baltimore Ravens,ANYTIME_TD,Baltimore Ravens D/ST,,,,,0.0909,false,2
2026-09-20T18:58:09.738Z,2026-09-20,2026-09-20T17:02:38Z,New Orleans Saints @ Baltimore Ravens,ANYTIME_TD,Tyler Shough,,,,,0.08,false,4
2026-09-20T18:58:09.738Z,2026-09-20,2026-09-20T17:02:38Z,New Orleans Saints @ Baltimore Ravens,ANYTIME_TD,Justice Hill,,,,,0.0476,false,5
2026-09-20T18:58:09.738Z,2026-09-20,2026-09-20T17:02:38Z,New Orleans Saints @ Baltimore Ravens,ANYTIME_TD,LaJohntay Wester,,,,,0.05,false,5
2026-09-20T18:58:09.738Z,2026-09-20,2026-09-20T17:02:38Z,New Orleans Saints @ Baltimore Ravens,ANYTIME_TD,Bryce Lance,,,,,0.0526,false,4
2026-09-20T18:58:09.738Z,2026-09-20,2026-09-20T17:02:38Z,New Orleans Saints @ Baltimore Ravens,ANYTIME_TD,Devontez Walker,,,,,0.05,false,5
2026-09-20T18:58:09.738Z,2026-09-20,2026-09-20T17:02:38Z,New Orleans Saints @ Baltimore Ravens,ANYTIME_TD,New Orleans Saints D/ST,,,,,0.0476,false,2
2026-09-20T18:58:09.738Z,2026-09-20,2026-09-20T17:02:38Z,New Orleans Saints @ Baltimore Ravens,ANYTIME_TD,Noah Fant,,,,,0.0385,false,4
2026-09-20T18:58:09.738Z,2026-09-20,2026-09-20T17:02:38Z,New Orleans Saints @ Baltimore Ravens,ANYTIME_TD,CJ Donaldson,,,,,0.0385,false,4
2026-09-20T18:58:09.738Z,2026-09-20,2026-09-20T17:02:38Z,New Orleans Saints @ Baltimore Ravens,ANYTIME_TD,Durham Smythe,,,,,0.0345,false,5
2026-09-20T18:58:09.738Z,2026-09-20,2026-09-20T17:02:38Z,New Orleans Saints @ Baltimore Ravens,ANYTIME_TD,Chris Moore,,,,,0.0323,false,5
2026-09-20T18:58:09.738Z,2026-09-20,2026-09-20T17:02:38Z,New Orleans Saints @ Baltimore Ravens,ANYTIME_TD,Matthew Hibner,,,,,0.0244,false,5
2026-09-20T18:58:09.738Z,2026-09-20,2026-09-20T17:02:38Z,New Orleans Saints @ Baltimore Ravens,ANYTIME_TD,Treyton Welch,,,,,0.0179,false,4
2026-09-20T18:58:09.738Z,2026-09-20,2026-09-20T17:02:38Z,New Orleans Saints @ Baltimore Ravens,ANYTIME_TD,Oscar Delp,,,,,0.0179,false,4
2026-09-20T18:58:09.738Z,2026-09-20,2026-09-20T17:02:38Z,New Orleans Saints @ Baltimore Ravens,ANYTIME_TD,Barion Brown,,,,,0.0164,false,4
2026-09-20T18:58:09.738Z,2026-09-20,2026-09-20T17:02:38Z,New Orleans Saints @ Baltimore Ravens,ANYTIME_TD,Rasheen Ali,,,,,0.0132,false,5
2026-09-20T18:58:09.738Z,2026-09-20,2026-09-20T17:02:38Z,New Orleans Saints @ Baltimore Ravens,ANYTIME_TD,Kevin Austin,,,,,0.0132,false,4
2026-09-20T18:58:09.738Z,2026-09-20,2026-09-20T17:02:38Z,New Orleans Saints @ Baltimore Ravens,ANYTIME_TD,Elijah Sarratt,,,,,0.011,false,3
2026-09-20T18:58:09.738Z,2026-09-20,2026-09-20T17:02:38Z,New Orleans Saints @ Baltimore Ravens,ANYTIME_TD,Josh Cuevas,,,,,0.0099,false,4
2026-09-20T18:58:09.738Z,2026-09-20,2026-09-20T17:02:38Z,New Orleans Saints @ Baltimore Ravens,ANYTIME_TD,Baltimore Ravens Defense,,,,,0.0526,false,1
2026-09-20T18:58:09.738Z,2026-09-20,2026-09-20T17:02:38Z,New Orleans Saints @ Baltimore Ravens,ANYTIME_TD,New Orleans Saints Defense,,,,,0.0357,false,1
2026-09-20T18:58:09.738Z,2026-09-20,2026-09-20T17:02:38Z,Minnesota Vikings @ Chicago Bears,QB_PASS_YARDS,Caleb Williams,167.5,-115,-115,,,,5
2026-09-20T18:58:09.738Z,2026-09-20,2026-09-20T17:02:38Z,Minnesota Vikings @ Chicago Bears,QB_PASS_YARDS,Carson Wentz,132.5,-114,-114,,,,4
2026-09-20T18:58:09.738Z,2026-09-20,2026-09-20T17:02:38Z,Minnesota Vikings @ Chicago Bears,RB_RUSH_YARDS,Aaron Jones,98.5,-122,-129,,,,4
2026-09-20T18:58:09.738Z,2026-09-20,2026-09-20T17:02:38Z,Minnesota Vikings @ Chicago Bears,RB_RUSH_YARDS,D'Andre Swift,57.5,-115,-112,,,,5
2026-09-20T18:58:09.738Z,2026-09-20,2026-09-20T17:02:38Z,Minnesota Vikings @ Chicago Bears,RB_RUSH_YARDS,Kyle Monangai,52.5,-114,-114,,,,4
2026-09-20T18:58:09.738Z,2026-09-20,2026-09-20T17:02:38Z,Minnesota Vikings @ Chicago Bears,RB_RUSH_YARDS,Caleb Williams,41.5,-110,-118,,,,5
2026-09-20T18:58:09.738Z,2026-09-20,2026-09-20T17:02:38Z,Minnesota Vikings @ Chicago Bears,RB_RUSH_YARDS,Carson Wentz,6.5,154,-160,,,,2
2026-09-20T18:58:09.738Z,2026-09-20,2026-09-20T17:02:38Z,Minnesota Vikings @ Chicago Bears,RB_RUSH_YARDS,DeeJay Dallas,14.5,-105,-125,,,,1
2026-09-20T18:58:09.738Z,2026-09-20,2026-09-20T17:02:38Z,Minnesota Vikings @ Chicago Bears,WR_REC_YARDS,Justin Jefferson,76.5,-114,-114,,,,4
2026-09-20T18:58:09.738Z,2026-09-20,2026-09-20T17:02:38Z,Minnesota Vikings @ Chicago Bears,WR_REC_YARDS,Kalif Raymond,43.5,-114,-114,,,,4
2026-09-20T18:58:09.738Z,2026-09-20,2026-09-20T17:02:38Z,Minnesota Vikings @ Chicago Bears,WR_REC_YARDS,D'Andre Swift,23.5,-125,-105,,,,4
2026-09-20T18:58:09.738Z,2026-09-20,2026-09-20T17:02:38Z,Minnesota Vikings @ Chicago Bears,WR_REC_YARDS,Colston Loveland,22.5,-111,-118,,,,5
2026-09-20T18:58:09.738Z,2026-09-20,2026-09-20T17:02:38Z,Minnesota Vikings @ Chicago Bears,WR_REC_YARDS,Rome Odunze,18.5,-110,-112,,,,4
2026-09-20T18:58:09.738Z,2026-09-20,2026-09-20T17:02:38Z,Minnesota Vikings @ Chicago Bears,WR_REC_YARDS,Luther Burden III,16.5,-110,-111,,,,5
2026-09-20T18:58:09.738Z,2026-09-20,2026-09-20T17:02:38Z,Minnesota Vikings @ Chicago Bears,WR_REC_YARDS,Jordan Addison,13.5,-120,-115,,,,4
2026-09-20T18:58:09.738Z,2026-09-20,2026-09-20T17:02:38Z,Minnesota Vikings @ Chicago Bears,WR_REC_YARDS,T.J. Hockenson,12.5,-120,-110,,,,3
2026-09-20T18:58:09.738Z,2026-09-20,2026-09-20T17:02:38Z,Minnesota Vikings @ Chicago Bears,WR_REC_YARDS,Kyle Monangai,4.5,-110,-118,,,,2
2026-09-20T18:58:09.738Z,2026-09-20,2026-09-20T17:02:38Z,Minnesota Vikings @ Chicago Bears,WR_REC_YARDS,Aaron Jones,1.5,-115,-115,,,,3
2026-09-20T18:58:09.738Z,2026-09-20,2026-09-20T17:02:38Z,Minnesota Vikings @ Chicago Bears,WR_REC_YARDS,Josh Oliver,0.5,162,-220,,,,2
2026-09-20T18:58:09.738Z,2026-09-20,2026-09-20T17:02:38Z,Minnesota Vikings @ Chicago Bears,WR_REC_YARDS,Cole Kmet,0.5,124,-166,,,,2
2026-09-20T18:58:09.738Z,2026-09-20,2026-09-20T17:02:38Z,Minnesota Vikings @ Chicago Bears,ANYTIME_TD,D'Andre Swift,,,,,0.2632,false,5
2026-09-20T18:58:09.738Z,2026-09-20,2026-09-20T17:02:38Z,Minnesota Vikings @ Chicago Bears,ANYTIME_TD,Aaron Jones,,,,,0.2381,false,5
2026-09-20T18:58:09.738Z,2026-09-20,2026-09-20T17:02:38Z,Minnesota Vikings @ Chicago Bears,ANYTIME_TD,Colston Loveland,,,,,0.1667,false,5
2026-09-20T18:58:09.738Z,2026-09-20,2026-09-20T17:02:38Z,Minnesota Vikings @ Chicago Bears,ANYTIME_TD,Luther Burden III,,,,,0.1538,false,5
2026-09-20T18:58:09.738Z,2026-09-20,2026-09-20T17:02:38Z,Minnesota Vikings @ Chicago Bears,ANYTIME_TD,Kyle Monangai,,,,,0.1429,false,5
2026-09-20T18:58:09.738Z,2026-09-20,2026-09-20T17:02:38Z,Minnesota Vikings @ Chicago Bears,ANYTIME_TD,Rome Odunze,,,,,0.1333,false,5
2026-09-20T18:58:09.738Z,2026-09-20,2026-09-20T17:02:38Z,Minnesota Vikings @ Chicago Bears,ANYTIME_TD,Justin Jefferson,,,,,0.1333,false,5
2026-09-20T18:58:09.738Z,2026-09-20,2026-09-20T17:02:38Z,Minnesota Vikings @ Chicago Bears,ANYTIME_TD,Kalif Raymond,,,,,0.1,false,5
2026-09-20T18:58:09.738Z,2026-09-20,2026-09-20T17:02:38Z,Minnesota Vikings @ Chicago Bears,ANYTIME_TD,Caleb Williams,,,,,0.0952,false,5
2026-09-20T18:58:09.738Z,2026-09-20,2026-09-20T17:02:38Z,Minnesota Vikings @ Chicago Bears,ANYTIME_TD,Jordan Addison,,,,,0.0909,false,5
2026-09-20T18:58:09.738Z,2026-09-20,2026-09-20T17:02:38Z,Minnesota Vikings @ Chicago Bears,ANYTIME_TD,T.J. Hockenson,,,,,0.0833,false,5
2026-09-20T18:58:09.738Z,2026-09-20,2026-09-20T17:02:38Z,Minnesota Vikings @ Chicago Bears,ANYTIME_TD,Minnesota Vikings D/ST,,,,,0.0588,false,3
2026-09-20T18:58:09.738Z,2026-09-20,2026-09-20T17:02:38Z,Minnesota Vikings @ Chicago Bears,ANYTIME_TD,Chicago Bears D/ST,,,,,0.0556,false,3
2026-09-20T18:58:09.738Z,2026-09-20,2026-09-20T17:02:38Z,Minnesota Vikings @ Chicago Bears,ANYTIME_TD,Sam Roush,,,,,0.0294,false,4
2026-09-20T18:58:09.738Z,2026-09-20,2026-09-20T17:02:38Z,Minnesota Vikings @ Chicago Bears,ANYTIME_TD,Josh Oliver,,,,,0.0385,false,5
2026-09-20T18:58:09.738Z,2026-09-20,2026-09-20T17:02:38Z,Minnesota Vikings @ Chicago Bears,ANYTIME_TD,Demond Claiborne,,,,,0.0476,false,5
2026-09-20T18:58:09.738Z,2026-09-20,2026-09-20T17:02:38Z,Minnesota Vikings @ Chicago Bears,ANYTIME_TD,DeeJay Dallas,,,,,0.0435,false,5
2026-09-20T18:58:09.738Z,2026-09-20,2026-09-20T17:02:38Z,Minnesota Vikings @ Chicago Bears,ANYTIME_TD,Jahdae Walker,,,,,0.0278,false,5
2026-09-20T18:58:09.738Z,2026-09-20,2026-09-20T17:02:38Z,Minnesota Vikings @ Chicago Bears,ANYTIME_TD,Carson Wentz,,,,,0.0278,false,5
2026-09-20T18:58:09.738Z,2026-09-20,2026-09-20T17:02:38Z,Minnesota Vikings @ Chicago Bears,ANYTIME_TD,Myles Price,,,,,0.0278,false,5
2026-09-20T18:58:09.738Z,2026-09-20,2026-09-20T17:02:38Z,Minnesota Vikings @ Chicago Bears,ANYTIME_TD,Zavion Thomas,,,,,0.0152,false,4
2026-09-20T18:58:09.738Z,2026-09-20,2026-09-20T17:02:38Z,Minnesota Vikings @ Chicago Bears,ANYTIME_TD,Tai Felton,,,,,0.0149,false,5
2026-09-20T18:58:09.738Z,2026-09-20,2026-09-20T17:02:38Z,Minnesota Vikings @ Chicago Bears,ANYTIME_TD,Roschon Johnson,,,,,0.0132,false,5
2026-09-20T18:58:09.738Z,2026-09-20,2026-09-20T17:02:38Z,Minnesota Vikings @ Chicago Bears,ANYTIME_TD,Dillon Bell,,,,,0.011,false,2
2026-09-20T18:58:09.738Z,2026-09-20,2026-09-20T17:02:38Z,Minnesota Vikings @ Chicago Bears,ANYTIME_TD,Max Bredeson,,,,,0.0099,false,5
2026-09-20T18:58:09.738Z,2026-09-20,2026-09-20T17:02:38Z,Minnesota Vikings @ Chicago Bears,ANYTIME_TD,Gavin Bartholomew,,,,,0.0099,false,3
2026-09-20T18:58:09.738Z,2026-09-20,2026-09-20T17:02:38Z,Minnesota Vikings @ Chicago Bears,ANYTIME_TD,Cole Kmet,,,,,0.0714,false,3
2026-09-20T18:58:09.738Z,2026-09-20,2026-09-20T17:02:38Z,Minnesota Vikings @ Chicago Bears,ANYTIME_TD,Minnesota Vikings Defense,,,,,0.0526,false,1
2026-09-20T18:58:09.738Z,2026-09-20,2026-09-20T17:02:38Z,Minnesota Vikings @ Chicago Bears,ANYTIME_TD,Chicago Bears Defense,,,,,0.0476,false,1
2026-09-20T18:58:09.738Z,2026-09-20,2026-09-20T17:02:38Z,Cincinnati Bengals @ Houston Texans,QB_PASS_YARDS,C.J. Stroud,308.5,-120,-115,,,,5
2026-09-20T18:58:09.738Z,2026-09-20,2026-09-20T17:02:38Z,Cincinnati Bengals @ Houston Texans,QB_PASS_YARDS,Joe Burrow,236.5,-114,-114,,,,4
2026-09-20T18:58:09.738Z,2026-09-20,2026-09-20T17:02:38Z,Cincinnati Bengals @ Houston Texans,RB_RUSH_YARDS,Chase Brown,62.5,-114,-114,,,,4
2026-09-20T18:58:09.738Z,2026-09-20,2026-09-20T17:02:38Z,Cincinnati Bengals @ Houston Texans,RB_RUSH_YARDS,David Montgomery,33.5,-120,-110,,,,5
2026-09-20T18:58:09.738Z,2026-09-20,2026-09-20T17:02:38Z,Cincinnati Bengals @ Houston Texans,RB_RUSH_YARDS,Woody Marks,13.5,-110,-111,,,,4
2026-09-20T18:58:09.738Z,2026-09-20,2026-09-20T17:02:38Z,Cincinnati Bengals @ Houston Texans,RB_RUSH_YARDS,Samaje Perine,9.5,-106,-120,,,,3
2026-09-20T18:58:09.738Z,2026-09-20,2026-09-20T17:02:38Z,Cincinnati Bengals @ Houston Texans,RB_RUSH_YARDS,C.J. Stroud,4.5,-110,-115,,,,4
2026-09-20T18:58:09.738Z,2026-09-20,2026-09-20T17:02:38Z,Cincinnati Bengals @ Houston Texans,RB_RUSH_YARDS,Joe Burrow,0.5,-105,-112,,,,3
2026-09-20T18:58:09.738Z,2026-09-20,2026-09-20T17:02:38Z,Cincinnati Bengals @ Houston Texans,WR_REC_YARDS,Dalton Schultz,90.5,-114,-114,,,,5
2026-09-20T18:58:09.738Z,2026-09-20,2026-09-20T17:02:38Z,Cincinnati Bengals @ Houston Texans,WR_REC_YARDS,Tee Higgins,88.5,-110,-110,,,,4
2026-09-20T18:58:09.738Z,2026-09-20,2026-09-20T17:02:38Z,Cincinnati Bengals @ Houston Texans,WR_REC_YARDS,Ja'Marr Chase,75.5,-115,-115,,,,4
2026-09-20T18:58:09.738Z,2026-09-20,2026-09-20T17:02:38Z,Cincinnati Bengals @ Houston Texans,WR_REC_YARDS,Xavier Hutchinson,56.5,-115,-120,,,,5
2026-09-20T18:58:09.738Z,2026-09-20,2026-09-20T17:02:38Z,Cincinnati Bengals @ Houston Texans,WR_REC_YARDS,Kayshon Boutte,33.5,-120,-110,,,,5
2026-09-20T18:58:09.738Z,2026-09-20,2026-09-20T17:02:38Z,Cincinnati Bengals @ Houston Texans,WR_REC_YARDS,Foster Moreau,25.5,115,-136,,,,2
2026-09-20T18:58:09.738Z,2026-09-20,2026-09-20T17:02:38Z,Cincinnati Bengals @ Houston Texans,WR_REC_YARDS,David Montgomery,12.5,-110,-112,,,,4
2026-09-20T18:58:09.738Z,2026-09-20,2026-09-20T17:02:38Z,Cincinnati Bengals @ Houston Texans,WR_REC_YARDS,Woody Marks,12.5,-115,-115,,,,4
2026-09-20T18:58:09.738Z,2026-09-20,2026-09-20T17:02:38Z,Cincinnati Bengals @ Houston Texans,WR_REC_YARDS,Jaylin Noel,11.5,-112,-115,,,,4
2026-09-20T18:58:09.738Z,2026-09-20,2026-09-20T17:02:38Z,Cincinnati Bengals @ Houston Texans,WR_REC_YARDS,Chase Brown,7.5,-125,-105,,,,3
2026-09-20T18:58:09.738Z,2026-09-20,2026-09-20T17:02:38Z,Cincinnati Bengals @ Houston Texans,WR_REC_YARDS,Andrei Iosivas,7.5,120,-140,,,,2
2026-09-20T18:58:09.738Z,2026-09-20,2026-09-20T17:02:38Z,Cincinnati Bengals @ Houston Texans,WR_REC_YARDS,Mike Gesicki,4.5,-114,-110,,,,3
2026-09-20T18:58:09.738Z,2026-09-20,2026-09-20T17:02:38Z,Cincinnati Bengals @ Houston Texans,WR_REC_YARDS,Drew Sample,0.5,152,-150,,,,3
2026-09-20T18:58:09.738Z,2026-09-20,2026-09-20T17:02:38Z,Cincinnati Bengals @ Houston Texans,WR_REC_YARDS,Samaje Perine,0.5,152,-190,,,,2
2026-09-20T18:58:09.738Z,2026-09-20,2026-09-20T17:02:38Z,Cincinnati Bengals @ Houston Texans,ANYTIME_TD,David Montgomery,,,,,0.3175,false,5
2026-09-20T18:58:09.738Z,2026-09-20,2026-09-20T17:02:38Z,Cincinnati Bengals @ Houston Texans,ANYTIME_TD,Chase Brown,,,,,0.2174,false,4
2026-09-20T18:58:09.738Z,2026-09-20,2026-09-20T17:02:38Z,Cincinnati Bengals @ Houston Texans,ANYTIME_TD,Dalton Schultz,,,,,0.1852,false,5
2026-09-20T18:58:09.738Z,2026-09-20,2026-09-20T17:02:38Z,Cincinnati Bengals @ Houston Texans,ANYTIME_TD,Xavier Hutchinson,,,,,0.1667,false,5
2026-09-20T18:58:09.738Z,2026-09-20,2026-09-20T17:02:38Z,Cincinnati Bengals @ Houston Texans,ANYTIME_TD,Woody Marks,,,,,0.1667,false,5
2026-09-20T18:58:09.738Z,2026-09-20,2026-09-20T17:02:38Z,Cincinnati Bengals @ Houston Texans,ANYTIME_TD,Kayshon Boutte,,,,,0.1667,false,5
2026-09-20T18:58:09.738Z,2026-09-20,2026-09-20T17:02:38Z,Cincinnati Bengals @ Houston Texans,ANYTIME_TD,Tee Higgins,,,,,0.1667,false,4
2026-09-20T18:58:09.738Z,2026-09-20,2026-09-20T17:02:38Z,Cincinnati Bengals @ Houston Texans,ANYTIME_TD,Jaylin Noel,,,,,0.1429,false,5
2026-09-20T18:58:09.738Z,2026-09-20,2026-09-20T17:02:38Z,Cincinnati Bengals @ Houston Texans,ANYTIME_TD,Mike Gesicki,,,,,0.0909,false,4
2026-09-20T18:58:09.738Z,2026-09-20,2026-09-20T17:02:38Z,Cincinnati Bengals @ Houston Texans,ANYTIME_TD,Cincinnati Bengals D/ST,,,,,0.0909,false,2
2026-09-20T18:58:09.738Z,2026-09-20,2026-09-20T17:02:38Z,Cincinnati Bengals @ Houston Texans,ANYTIME_TD,Samaje Perine,,,,,0.0769,false,4
2026-09-20T18:58:09.738Z,2026-09-20,2026-09-20T17:02:38Z,Cincinnati Bengals @ Houston Texans,ANYTIME_TD,Houston Texans D/ST,,,,,0.0769,false,2
2026-09-20T18:58:09.738Z,2026-09-20,2026-09-20T17:02:38Z,Cincinnati Bengals @ Houston Texans,ANYTIME_TD,Jared Wayne,,,,,0.0588,false,5
2026-09-20T18:58:09.738Z,2026-09-20,2026-09-20T17:02:38Z,Cincinnati Bengals @ Houston Texans,ANYTIME_TD,Foster Moreau,,,,,0.0588,false,5
2026-09-20T18:58:09.738Z,2026-09-20,2026-09-20T17:02:38Z,Cincinnati Bengals @ Houston Texans,ANYTIME_TD,C.J. Stroud,,,,,0.0588,false,5
2026-09-20T18:58:09.738Z,2026-09-20,2026-09-20T17:02:38Z,Cincinnati Bengals @ Houston Texans,ANYTIME_TD,Andrei Iosivas,,,,,0.0588,false,4
2026-09-20T18:58:09.738Z,2026-09-20,2026-09-20T17:02:38Z,Cincinnati Bengals @ Houston Texans,ANYTIME_TD,Cade Stover,,,,,0.0435,false,5
2026-09-20T18:58:09.738Z,2026-09-20,2026-09-20T17:02:38Z,Cincinnati Bengals @ Houston Texans,ANYTIME_TD,Joe Burrow,,,,,0.0435,false,4
2026-09-20T18:58:09.738Z,2026-09-20,2026-09-20T17:02:38Z,Cincinnati Bengals @ Houston Texans,ANYTIME_TD,Dohnte Meyers,,,,,0.0435,false,4
2026-09-20T18:58:09.738Z,2026-09-20,2026-09-20T17:02:38Z,Cincinnati Bengals @ Houston Texans,ANYTIME_TD,Erick All,,,,,0.0323,false,4
2026-09-20T18:58:09.738Z,2026-09-20,2026-09-20T17:02:38Z,Cincinnati Bengals @ Houston Texans,ANYTIME_TD,Tanner Hudson,,,,,0.0217,false,4
2026-09-20T18:58:09.738Z,2026-09-20,2026-09-20T17:02:38Z,Cincinnati Bengals @ Houston Texans,ANYTIME_TD,Drew Sample,,,,,0.0278,false,4
2026-09-20T18:58:09.738Z,2026-09-20,2026-09-20T17:02:38Z,Cincinnati Bengals @ Houston Texans,ANYTIME_TD,Lewis Bond,,,,,0.0244,false,4
2026-09-20T18:58:09.738Z,2026-09-20,2026-09-20T17:02:38Z,Cincinnati Bengals @ Houston Texans,ANYTIME_TD,Colbie Young,,,,,0.0179,false,4
2026-09-20T18:58:09.738Z,2026-09-20,2026-09-20T17:02:38Z,Cincinnati Bengals @ Houston Texans,ANYTIME_TD,Marlin Klein,,,,,0.0217,false,5
2026-09-20T18:58:09.738Z,2026-09-20,2026-09-20T17:02:38Z,Cincinnati Bengals @ Houston Texans,ANYTIME_TD,British Brooks,,,,,0.0164,false,5
2026-09-20T18:58:09.738Z,2026-09-20,2026-09-20T17:02:38Z,Cincinnati Bengals @ Houston Texans,ANYTIME_TD,Tahj Brooks,,,,,0.0164,false,4
2026-09-20T18:58:09.738Z,2026-09-20,2026-09-20T17:02:38Z,Cincinnati Bengals @ Houston Texans,ANYTIME_TD,Cincinnati Bengals Defense,,,,,0.0769,false,1
2026-09-20T18:58:09.738Z,2026-09-20,2026-09-20T17:02:38Z,Cincinnati Bengals @ Houston Texans,ANYTIME_TD,Houston Texans Defense,,,,,0.0588,false,1
2026-09-20T18:58:09.738Z,2026-09-20,2026-09-20T17:02:40Z,Cleveland Browns @ Tampa Bay Buccaneers,QB_PASS_YARDS,Deshaun Watson,147.5,-114,-114,,,,4
2026-09-20T18:58:09.738Z,2026-09-20,2026-09-20T17:02:40Z,Cleveland Browns @ Tampa Bay Buccaneers,QB_PASS_YARDS,Baker Mayfield,141.5,-120,-115,,,,5
2026-09-20T18:58:09.738Z,2026-09-20,2026-09-20T17:02:40Z,Cleveland Browns @ Tampa Bay Buccaneers,RB_RUSH_YARDS,Bucky Irving,95.5,-114,-110,,,,5
2026-09-20T18:58:09.738Z,2026-09-20,2026-09-20T17:02:40Z,Cleveland Browns @ Tampa Bay Buccaneers,RB_RUSH_YARDS,Quinshon Judkins,32.5,-115,-115,,,,4
2026-09-20T18:58:09.738Z,2026-09-20,2026-09-20T17:02:40Z,Cleveland Browns @ Tampa Bay Buccaneers,RB_RUSH_YARDS,Baker Mayfield,27.5,-118,-105,,,,4
2026-09-20T18:58:09.738Z,2026-09-20,2026-09-20T17:02:40Z,Cleveland Browns @ Tampa Bay Buccaneers,RB_RUSH_YARDS,Kenny Gainwell,19.5,-112,-118,,,,4
2026-09-20T18:58:09.738Z,2026-09-20,2026-09-20T17:02:40Z,Cleveland Browns @ Tampa Bay Buccaneers,RB_RUSH_YARDS,Raheim Sanders,5.5,-115,-120,,,,1
2026-09-20T18:58:09.738Z,2026-09-20,2026-09-20T17:02:40Z,Cleveland Browns @ Tampa Bay Buccaneers,RB_RUSH_YARDS,Deshaun Watson,20.5,-112,-118,,,,3
2026-09-20T18:58:09.738Z,2026-09-20,2026-09-20T17:02:40Z,Cleveland Browns @ Tampa Bay Buccaneers,WR_REC_YARDS,Harold Fannin Jr.,41.5,-110,-114,,,,5
2026-09-20T18:58:09.738Z,2026-09-20,2026-09-20T17:02:40Z,Cleveland Browns @ Tampa Bay Buccaneers,WR_REC_YARDS,Chris Godwin,30.5,-112,-115,,,,5
2026-09-20T18:58:09.738Z,2026-09-20,2026-09-20T17:02:40Z,Cleveland Browns @ Tampa Bay Buccaneers,WR_REC_YARDS,KC Concepcion,29.5,-120,-110,,,,4
2026-09-20T18:58:09.738Z,2026-09-20,2026-09-20T17:02:40Z,Cleveland Browns @ Tampa Bay Buccaneers,WR_REC_YARDS,Cade Otton,25.5,-115,-115,,,,5
2026-09-20T18:58:09.738Z,2026-09-20,2026-09-20T17:02:40Z,Cleveland Browns @ Tampa Bay Buccaneers,WR_REC_YARDS,Emeka Egbuka,23.5,-120,-110,,,,5
2026-09-20T18:58:09.738Z,2026-09-20,2026-09-20T17:02:40Z,Cleveland Browns @ Tampa Bay Buccaneers,WR_REC_YARDS,Denzel Boston,20.5,-110,-115,,,,4
2026-09-20T18:58:09.738Z,2026-09-20,2026-09-20T17:02:40Z,Cleveland Browns @ Tampa Bay Buccaneers,WR_REC_YARDS,Jerry Jeudy,11.5,-112,-115,,,,5
2026-09-20T18:58:09.738Z,2026-09-20,2026-09-20T17:02:40Z,Cleveland Browns @ Tampa Bay Buccaneers,WR_REC_YARDS,Quinshon Judkins,8.5,-115,-108,,,,4
2026-09-20T18:58:09.738Z,2026-09-20,2026-09-20T17:02:40Z,Cleveland Browns @ Tampa Bay Buccaneers,WR_REC_YARDS,Kenny Gainwell,5.5,152,-160,,,,3
2026-09-20T18:58:09.738Z,2026-09-20,2026-09-20T17:02:40Z,Cleveland Browns @ Tampa Bay Buccaneers,WR_REC_YARDS,Bucky Irving,-2.5,114,-130,,,,3
2026-09-20T18:58:09.738Z,2026-09-20,2026-09-20T17:02:40Z,Cleveland Browns @ Tampa Bay Buccaneers,WR_REC_YARDS,Jalen McMillan,0.5,265,-385,,,,1
2026-09-20T18:58:09.738Z,2026-09-20,2026-09-20T17:02:40Z,Cleveland Browns @ Tampa Bay Buccaneers,ANYTIME_TD,Bucky Irving,,,,,0.2128,false,5
2026-09-20T18:58:09.738Z,2026-09-20,2026-09-20T17:02:40Z,Cleveland Browns @ Tampa Bay Buccaneers,ANYTIME_TD,Quinshon Judkins,,,,,0.1818,false,5
2026-09-20T18:58:09.738Z,2026-09-20,2026-09-20T17:02:40Z,Cleveland Browns @ Tampa Bay Buccaneers,ANYTIME_TD,Harold Fannin Jr.,,,,,0.1333,false,5
2026-09-20T18:58:09.738Z,2026-09-20,2026-09-20T17:02:40Z,Cleveland Browns @ Tampa Bay Buccaneers,ANYTIME_TD,Kenny Gainwell,,,,,0.125,false,5
2026-09-20T18:58:09.738Z,2026-09-20,2026-09-20T17:02:40Z,Cleveland Browns @ Tampa Bay Buccaneers,ANYTIME_TD,Denzel Boston,,,,,0.1176,false,5
2026-09-20T18:58:09.738Z,2026-09-20,2026-09-20T17:02:40Z,Cleveland Browns @ Tampa Bay Buccaneers,ANYTIME_TD,Jerry Jeudy,,,,,0.1053,false,5
2026-09-20T18:58:09.738Z,2026-09-20,2026-09-20T17:02:40Z,Cleveland Browns @ Tampa Bay Buccaneers,ANYTIME_TD,KC Concepcion,,,,,0.1,false,5
2026-09-20T18:58:09.738Z,2026-09-20,2026-09-20T17:02:40Z,Cleveland Browns @ Tampa Bay Buccaneers,ANYTIME_TD,Deshaun Watson,,,,,0.0833,false,5
2026-09-20T18:58:09.738Z,2026-09-20,2026-09-20T17:02:40Z,Cleveland Browns @ Tampa Bay Buccaneers,ANYTIME_TD,Chris Godwin,,,,,0.0909,false,5
2026-09-20T18:58:09.738Z,2026-09-20,2026-09-20T17:02:40Z,Cleveland Browns @ Tampa Bay Buccaneers,ANYTIME_TD,Cade Otton,,,,,0.0714,false,5
2026-09-20T18:58:09.738Z,2026-09-20,2026-09-20T17:02:40Z,Cleveland Browns @ Tampa Bay Buccaneers,ANYTIME_TD,Tampa Bay Buccaneers D/ST,,,,,0.0833,false,3
2026-09-20T18:58:09.738Z,2026-09-20,2026-09-20T17:02:40Z,Cleveland Browns @ Tampa Bay Buccaneers,ANYTIME_TD,Sean Tucker,,,,,0.0769,false,5
2026-09-20T18:58:09.738Z,2026-09-20,2026-09-20T17:02:40Z,Cleveland Browns @ Tampa Bay Buccaneers,ANYTIME_TD,Jalen McMillan,,,,,0.0645,false,5
2026-09-20T18:58:09.738Z,2026-09-20,2026-09-20T17:02:40Z,Cleveland Browns @ Tampa Bay Buccaneers,ANYTIME_TD,Raheim Sanders,,,,,0.0588,false,5
2026-09-20T18:58:09.738Z,2026-09-20,2026-09-20T17:02:40Z,Cleveland Browns @ Tampa Bay Buccaneers,ANYTIME_TD,Ted Hurst III,,,,,0.0526,false,5
2026-09-20T18:58:09.738Z,2026-09-20,2026-09-20T17:02:40Z,Cleveland Browns @ Tampa Bay Buccaneers,ANYTIME_TD,Baker Mayfield,,,,,0.0526,false,5
2026-09-20T18:58:09.738Z,2026-09-20,2026-09-20T17:02:40Z,Cleveland Browns @ Tampa Bay Buccaneers,ANYTIME_TD,Jaleel McLaughlin,,,,,0.0278,false,5
2026-09-20T18:58:09.738Z,2026-09-20,2026-09-20T17:02:40Z,Cleveland Browns @ Tampa Bay Buccaneers,ANYTIME_TD,Cleveland Browns D/ST,,,,,0.0476,false,3
2026-09-20T18:58:09.738Z,2026-09-20,2026-09-20T17:02:40Z,Cleveland Browns @ Tampa Bay Buccaneers,ANYTIME_TD,Tez Johnson,,,,,0.0323,false,5
2026-09-20T18:58:09.738Z,2026-09-20,2026-09-20T17:02:40Z,Cleveland Browns @ Tampa Bay Buccaneers,ANYTIME_TD,Isaiah Bond,,,,,0.0323,false,5
2026-09-20T18:58:09.738Z,2026-09-20,2026-09-20T17:02:40Z,Cleveland Browns @ Tampa Bay Buccaneers,ANYTIME_TD,Tylan Wallace,,,,,0.0196,false,5
2026-09-20T18:58:09.738Z,2026-09-20,2026-09-20T17:02:40Z,Cleveland Browns @ Tampa Bay Buccaneers,ANYTIME_TD,Payne Durham,,,,,0.0196,false,5
2026-09-20T18:58:09.738Z,2026-09-20,2026-09-20T17:02:40Z,Cleveland Browns @ Tampa Bay Buccaneers,ANYTIME_TD,Blake Whiteheart,,,,,0.0217,false,5
2026-09-20T18:58:09.738Z,2026-09-20,2026-09-20T17:02:40Z,Cleveland Browns @ Tampa Bay Buccaneers,ANYTIME_TD,Kameron Johnson,,,,,0.0217,false,4
2026-09-20T18:58:09.738Z,2026-09-20,2026-09-20T17:02:40Z,Cleveland Browns @ Tampa Bay Buccaneers,ANYTIME_TD,Ko Kieft,,,,,0.0196,false,3
2026-09-20T18:58:09.738Z,2026-09-20,2026-09-20T17:02:40Z,Cleveland Browns @ Tampa Bay Buccaneers,ANYTIME_TD,Carsen Ryan,,,,,0.0196,false,4
2026-09-20T18:58:09.738Z,2026-09-20,2026-09-20T17:02:40Z,Cleveland Browns @ Tampa Bay Buccaneers,ANYTIME_TD,Bauer Sharp,,,,,0.0149,false,4
2026-09-20T18:58:09.738Z,2026-09-20,2026-09-20T17:02:40Z,Cleveland Browns @ Tampa Bay Buccaneers,ANYTIME_TD,Malachi Corley,,,,,0.0141,false,4
2026-09-20T18:58:09.738Z,2026-09-20,2026-09-20T17:02:40Z,Cleveland Browns @ Tampa Bay Buccaneers,ANYTIME_TD,Michael Burton,,,,,0.0066,false,4
2026-09-20T18:58:09.738Z,2026-09-20,2026-09-20T17:02:40Z,Cleveland Browns @ Tampa Bay Buccaneers,ANYTIME_TD,Tampa Bay Buccaneers Defense,,,,,0.0714,false,1
2026-09-20T18:58:09.738Z,2026-09-20,2026-09-20T17:02:40Z,Cleveland Browns @ Tampa Bay Buccaneers,ANYTIME_TD,Cleveland Browns Defense,,,,,0.0435,false,1
2026-09-20T18:58:09.738Z,2026-09-20,2026-09-20T17:02:40Z,Cleveland Browns @ Tampa Bay Buccaneers,ANYTIME_TD,Josh Williams,,,,,0.0435,false,1
2026-09-20T18:58:09.738Z,2026-09-20,2026-09-20T17:02:50Z,Philadelphia Eagles @ Tennessee Titans,QB_PASS_YARDS,Jalen Hurts,226.5,-115,-115,,,,5
2026-09-20T18:58:09.738Z,2026-09-20,2026-09-20T17:02:50Z,Philadelphia Eagles @ Tennessee Titans,QB_PASS_YARDS,Cam Ward,162.5,-122,-122,,,,2
2026-09-20T18:58:09.738Z,2026-09-20,2026-09-20T17:02:50Z,Philadelphia Eagles @ Tennessee Titans,RB_RUSH_YARDS,Tony Pollard,29.5,-108,-122,,,,4
2026-09-20T18:58:09.738Z,2026-09-20,2026-09-20T17:02:50Z,Philadelphia Eagles @ Tennessee Titans,RB_RUSH_YARDS,Saquon Barkley,29.5,-115,-115,,,,5
2026-09-20T18:58:09.738Z,2026-09-20,2026-09-20T17:02:50Z,Philadelphia Eagles @ Tennessee Titans,RB_RUSH_YARDS,Jalen Hurts,17.5,-115,-110,,,,5
2026-09-20T18:58:09.738Z,2026-09-20,2026-09-20T17:02:50Z,Philadelphia Eagles @ Tennessee Titans,RB_RUSH_YARDS,Cam Ward,7.5,-120,-115,,,,3
2026-09-20T18:58:09.738Z,2026-09-20,2026-09-20T17:02:50Z,Philadelphia Eagles @ Tennessee Titans,RB_RUSH_YARDS,Tyjae Spears,15.5,-110,-120,,,,1
2026-09-20T18:58:09.738Z,2026-09-20,2026-09-20T17:02:50Z,Philadelphia Eagles @ Tennessee Titans,WR_REC_YARDS,DeVonta Smith,83.5,-120,-125,,,,5
2026-09-20T18:58:09.738Z,2026-09-20,2026-09-20T17:02:50Z,Philadelphia Eagles @ Tennessee Titans,WR_REC_YARDS,Dontayvion Wicks,60.5,-115,-110,,,,4
2026-09-20T18:58:09.738Z,2026-09-20,2026-09-20T17:02:50Z,Philadelphia Eagles @ Tennessee Titans,WR_REC_YARDS,Wan'Dale Robinson,20.5,-120,-110,,,,3
2026-09-20T18:58:09.738Z,2026-09-20,2026-09-20T17:02:50Z,Philadelphia Eagles @ Tennessee Titans,WR_REC_YARDS,Carnell Tate,21.5,-115,-120,,,,4
2026-09-20T18:58:09.738Z,2026-09-20,2026-09-20T17:02:50Z,Philadelphia Eagles @ Tennessee Titans,WR_REC_YARDS,Makai Lemon,18.5,-115,-110,,,,5
2026-09-20T18:58:09.738Z,2026-09-20,2026-09-20T17:02:50Z,Philadelphia Eagles @ Tennessee Titans,WR_REC_YARDS,Gunnar Helm,13.5,-114,-110,,,,3
2026-09-20T18:58:09.738Z,2026-09-20,2026-09-20T17:02:50Z,Philadelphia Eagles @ Tennessee Titans,WR_REC_YARDS,Saquon Barkley,11.5,115,-120,,,,3
2026-09-20T18:58:09.738Z,2026-09-20,2026-09-20T17:02:50Z,Philadelphia Eagles @ Tennessee Titans,WR_REC_YARDS,Calvin Ridley,27.5,-112,-118,,,,2
2026-09-20T18:58:09.738Z,2026-09-20,2026-09-20T17:02:50Z,Philadelphia Eagles @ Tennessee Titans,WR_REC_YARDS,Tony Pollard,1.5,125,-120,,,,2
2026-09-20T18:58:09.738Z,2026-09-20,2026-09-20T17:02:50Z,Philadelphia Eagles @ Tennessee Titans,WR_REC_YARDS,Elic Ayomanor,33.5,-115,-115,,,,1
2026-09-20T18:58:09.738Z,2026-09-20,2026-09-20T17:02:50Z,Philadelphia Eagles @ Tennessee Titans,WR_REC_YARDS,Tyjae Spears,33.5,-125,-105,,,,1
2026-09-20T18:58:09.738Z,2026-09-20,2026-09-20T17:02:50Z,Philadelphia Eagles @ Tennessee Titans,ANYTIME_TD,Saquon Barkley,,,,,0.2273,false,5
2026-09-20T18:58:09.738Z,2026-09-20,2026-09-20T17:02:50Z,Philadelphia Eagles @ Tennessee Titans,ANYTIME_TD,Tony Pollard,,,,,0.1739,false,5
2026-09-20T18:58:09.738Z,2026-09-20,2026-09-20T17:02:50Z,Philadelphia Eagles @ Tennessee Titans,ANYTIME_TD,Jalen Hurts,,,,,0.1739,false,5
2026-09-20T18:58:09.738Z,2026-09-20,2026-09-20T17:02:50Z,Philadelphia Eagles @ Tennessee Titans,ANYTIME_TD,Carnell Tate,,,,,0.1333,false,5
2026-09-20T18:58:09.738Z,2026-09-20,2026-09-20T17:02:50Z,Philadelphia Eagles @ Tennessee Titans,ANYTIME_TD,Tyjae Spears,,,,,0.1053,false,4
2026-09-20T18:58:09.738Z,2026-09-20,2026-09-20T17:02:50Z,Philadelphia Eagles @ Tennessee Titans,ANYTIME_TD,Dontayvion Wicks,,,,,0.0952,false,5
2026-09-20T18:58:09.738Z,2026-09-20,2026-09-20T17:02:50Z,Philadelphia Eagles @ Tennessee Titans,ANYTIME_TD,Wan'Dale Robinson,,,,,0.1,false,4
2026-09-20T18:58:09.738Z,2026-09-20,2026-09-20T17:02:50Z,Philadelphia Eagles @ Tennessee Titans,ANYTIME_TD,Philadelphia Eagles D/ST,,,,,0.0909,false,3
2026-09-20T18:58:09.738Z,2026-09-20,2026-09-20T17:02:50Z,Philadelphia Eagles @ Tennessee Titans,ANYTIME_TD,Gunnar Helm,,,,,0.0769,false,5
2026-09-20T18:58:09.738Z,2026-09-20,2026-09-20T17:02:50Z,Philadelphia Eagles @ Tennessee Titans,ANYTIME_TD,Elic Ayomanor,,,,,0.0556,false,5
2026-09-20T18:58:09.738Z,2026-09-20,2026-09-20T17:02:50Z,Philadelphia Eagles @ Tennessee Titans,ANYTIME_TD,Tennessee Titans D/ST,,,,,0.0571,false,3
2026-09-20T18:58:09.738Z,2026-09-20,2026-09-20T17:02:50Z,Philadelphia Eagles @ Tennessee Titans,ANYTIME_TD,Calvin Ridley,,,,,0.0476,false,5
2026-09-20T18:58:09.738Z,2026-09-20,2026-09-20T17:02:50Z,Philadelphia Eagles @ Tennessee Titans,ANYTIME_TD,Will Shipley,,,,,0.0357,false,5
2026-09-20T18:58:09.738Z,2026-09-20,2026-09-20T17:02:50Z,Philadelphia Eagles @ Tennessee Titans,ANYTIME_TD,Makai Lemon,,,,,0.0526,false,5
2026-09-20T18:58:09.738Z,2026-09-20,2026-09-20T17:02:50Z,Philadelphia Eagles @ Tennessee Titans,ANYTIME_TD,Johnny Mundt,,,,,0.0345,false,4
2026-09-20T18:58:09.738Z,2026-09-20,2026-09-20T17:02:50Z,Philadelphia Eagles @ Tennessee Titans,ANYTIME_TD,Daniel Bellinger,,,,,0.0294,false,5
2026-09-20T18:58:09.738Z,2026-09-20,2026-09-20T17:02:50Z,Philadelphia Eagles @ Tennessee Titans,ANYTIME_TD,Chimere Dike,,,,,0.0278,false,5
2026-09-20T18:58:09.738Z,2026-09-20,2026-09-20T17:02:50Z,Philadelphia Eagles @ Tennessee Titans,ANYTIME_TD,Nicholas Singleton,,,,,0.0244,false,4
2026-09-20T18:58:09.738Z,2026-09-20,2026-09-20T17:02:50Z,Philadelphia Eagles @ Tennessee Titans,ANYTIME_TD,E.J. Jenkins,,,,,0.0164,false,4
2026-09-20T18:58:09.738Z,2026-09-20,2026-09-20T17:02:50Z,Philadelphia Eagles @ Tennessee Titans,ANYTIME_TD,Julius Chestnut,,,,,0.0179,false,4
2026-09-20T18:58:09.738Z,2026-09-20,2026-09-20T17:02:50Z,Philadelphia Eagles @ Tennessee Titans,ANYTIME_TD,David Martin-Robinson,,,,,0.0164,false,4
2026-09-20T18:58:09.738Z,2026-09-20,2026-09-20T17:02:50Z,Philadelphia Eagles @ Tennessee Titans,ANYTIME_TD,Darius Cooper,,,,,0.0179,false,4
2026-09-20T18:58:09.738Z,2026-09-20,2026-09-20T17:02:50Z,Philadelphia Eagles @ Tennessee Titans,ANYTIME_TD,Britain Covey,,,,,0.0141,false,4
2026-09-20T18:58:09.738Z,2026-09-20,2026-09-20T17:02:50Z,Philadelphia Eagles @ Tennessee Titans,ANYTIME_TD,Philadelphia Eagles Defense,,,,,0.0556,false,1
2026-09-20T18:58:09.738Z,2026-09-20,2026-09-20T17:02:50Z,Philadelphia Eagles @ Tennessee Titans,ANYTIME_TD,Tennessee Titans Defense,,,,,0.0357,false,1
2026-09-20T18:58:09.738Z,2026-09-20,2026-09-20T17:02:50Z,Philadelphia Eagles @ Tennessee Titans,ANYTIME_TD,Dallas Goedert,,,,,0.1333,false,1
2026-09-20T18:58:09.738Z,2026-09-20,2026-09-20T17:02:58Z,Carolina Panthers @ Atlanta Falcons,QB_PASS_YARDS,Bryce Young,279.5,-115,-110,,,,5
2026-09-20T18:58:09.738Z,2026-09-20,2026-09-20T17:02:58Z,Carolina Panthers @ Atlanta Falcons,QB_PASS_YARDS,Cooper Rush,180.5,-125,-121,,,,2
2026-09-20T18:58:09.738Z,2026-09-20,2026-09-20T17:02:58Z,Carolina Panthers @ Atlanta Falcons,RB_RUSH_YARDS,Bijan Robinson,72.5,-115,-112,,,,5
2026-09-20T18:58:09.738Z,2026-09-20,2026-09-20T17:02:58Z,Carolina Panthers @ Atlanta Falcons,RB_RUSH_YARDS,Brian Robinson Jr.,25.5,-120,-108,,,,3
2026-09-20T18:58:09.738Z,2026-09-20,2026-09-20T17:02:58Z,Carolina Panthers @ Atlanta Falcons,RB_RUSH_YARDS,Jonathon Brooks,15.5,-120,-110,,,,3
2026-09-20T18:58:09.738Z,2026-09-20,2026-09-20T17:02:58Z,Carolina Panthers @ Atlanta Falcons,RB_RUSH_YARDS,Bryce Young,2.5,-120,-115,,,,2
2026-09-20T18:58:09.738Z,2026-09-20,2026-09-20T17:02:58Z,Carolina Panthers @ Atlanta Falcons,RB_RUSH_YARDS,Chuba Hubbard,54.5,-121,-130,,,,2
2026-09-20T18:58:09.738Z,2026-09-20,2026-09-20T17:02:58Z,Carolina Panthers @ Atlanta Falcons,WR_REC_YARDS,Tetairoa McMillan,90.5,-120,-125,,,,4
2026-09-20T18:58:09.738Z,2026-09-20,2026-09-20T17:02:58Z,Carolina Panthers @ Atlanta Falcons,WR_REC_YARDS,Drake London,77.5,-114,-114,,,,5
2026-09-20T18:58:09.738Z,2026-09-20,2026-09-20T17:02:58Z,Carolina Panthers @ Atlanta Falcons,WR_REC_YARDS,Xavier Legette,64.5,150,-175,,,,2
2026-09-20T18:58:09.738Z,2026-09-20,2026-09-20T17:02:58Z,Carolina Panthers @ Atlanta Falcons,WR_REC_YARDS,Jalen Coker,49.5,-111,-110,,,,4
2026-09-20T18:58:09.738Z,2026-09-20,2026-09-20T17:02:58Z,Carolina Panthers @ Atlanta Falcons,WR_REC_YARDS,Kyle Pitts,32.5,-114,-114,,,,5
2026-09-20T18:58:09.738Z,2026-09-20,2026-09-20T17:02:58Z,Carolina Panthers @ Atlanta Falcons,WR_REC_YARDS,Bijan Robinson,35.5,-114,-114,,,,4
2026-09-20T18:58:09.738Z,2026-09-20,2026-09-20T17:02:58Z,Carolina Panthers @ Atlanta Falcons,WR_REC_YARDS,Darren Waller,21.5,100,-120,,,,3
2026-09-20T18:58:09.738Z,2026-09-20,2026-09-20T17:02:58Z,Carolina Panthers @ Atlanta Falcons,WR_REC_YARDS,Jahan Dotson,16.5,-114,-110,,,,4
2026-09-20T18:58:09.738Z,2026-09-20,2026-09-20T17:02:58Z,Carolina Panthers @ Atlanta Falcons,WR_REC_YARDS,Chuba Hubbard,12.5,-115,-110,,,,4
2026-09-20T18:58:09.738Z,2026-09-20,2026-09-20T17:02:58Z,Carolina Panthers @ Atlanta Falcons,WR_REC_YARDS,Olamide Zaccheaus,4.5,-110,-110,,,,3
2026-09-20T18:58:09.738Z,2026-09-20,2026-09-20T17:02:58Z,Carolina Panthers @ Atlanta Falcons,WR_REC_YARDS,Tommy Tremble,4.5,140,-115,,,,3
2026-09-20T18:58:09.738Z,2026-09-20,2026-09-20T17:02:58Z,Carolina Panthers @ Atlanta Falcons,ANYTIME_TD,Bijan Robinson,,,,,0.3571,false,5
2026-09-20T18:58:09.738Z,2026-09-20,2026-09-20T17:02:58Z,Carolina Panthers @ Atlanta Falcons,ANYTIME_TD,Drake London,,,,,0.25,false,5
2026-09-20T18:58:09.738Z,2026-09-20,2026-09-20T17:02:58Z,Carolina Panthers @ Atlanta Falcons,ANYTIME_TD,Kyle Pitts,,,,,0.1667,false,5
2026-09-20T18:58:09.738Z,2026-09-20,2026-09-20T17:02:58Z,Carolina Panthers @ Atlanta Falcons,ANYTIME_TD,Tetairoa McMillan,,,,,0.1538,false,5
2026-09-20T18:58:09.738Z,2026-09-20,2026-09-20T17:02:58Z,Carolina Panthers @ Atlanta Falcons,ANYTIME_TD,Jalen Coker,,,,,0.125,false,5
2026-09-20T18:58:09.738Z,2026-09-20,2026-09-20T17:02:58Z,Carolina Panthers @ Atlanta Falcons,ANYTIME_TD,Olamide Zaccheaus,,,,,0.087,false,5
2026-09-20T18:58:09.738Z,2026-09-20,2026-09-20T17:02:58Z,Carolina Panthers @ Atlanta Falcons,ANYTIME_TD,Brian Robinson Jr.,,,,,0.0909,false,5
2026-09-20T18:58:09.738Z,2026-09-20,2026-09-20T17:02:58Z,Carolina Panthers @ Atlanta Falcons,ANYTIME_TD,Jonathon Brooks,,,,,0.1053,false,5
2026-09-20T18:58:09.738Z,2026-09-20,2026-09-20T17:02:58Z,Carolina Panthers @ Atlanta Falcons,ANYTIME_TD,Bryce Young,,,,,0.0833,false,5
2026-09-20T18:58:09.738Z,2026-09-20,2026-09-20T17:02:58Z,Carolina Panthers @ Atlanta Falcons,ANYTIME_TD,Austin Hooper,,,,,0.0556,false,5
2026-09-20T18:58:09.738Z,2026-09-20,2026-09-20T17:02:58Z,Carolina Panthers @ Atlanta Falcons,ANYTIME_TD,Carolina Panthers D/ST,,,,,0.0833,false,3
2026-09-20T18:58:09.738Z,2026-09-20,2026-09-20T17:02:58Z,Carolina Panthers @ Atlanta Falcons,ANYTIME_TD,Jahan Dotson,,,,,0.0769,false,5
2026-09-20T18:58:09.738Z,2026-09-20,2026-09-20T17:02:58Z,Carolina Panthers @ Atlanta Falcons,ANYTIME_TD,Zachariah Branch,,,,,0.0556,false,5
2026-09-20T18:58:09.738Z,2026-09-20,2026-09-20T17:02:58Z,Carolina Panthers @ Atlanta Falcons,ANYTIME_TD,Xavier Legette,,,,,0.0588,false,5
2026-09-20T18:58:09.738Z,2026-09-20,2026-09-20T17:02:58Z,Carolina Panthers @ Atlanta Falcons,ANYTIME_TD,AJ Dillon,,,,,0.0625,false,4
2026-09-20T18:58:09.738Z,2026-09-20,2026-09-20T17:02:58Z,Carolina Panthers @ Atlanta Falcons,ANYTIME_TD,Atlanta Falcons D/ST,,,,,0.0625,false,3
2026-09-20T18:58:09.738Z,2026-09-20,2026-09-20T17:02:58Z,Carolina Panthers @ Atlanta Falcons,ANYTIME_TD,Tommy Tremble,,,,,0.0526,false,5
2026-09-20T18:58:09.738Z,2026-09-20,2026-09-20T17:02:58Z,Carolina Panthers @ Atlanta Falcons,ANYTIME_TD,Mitchell Evans,,,,,0.0435,false,5
2026-09-20T18:58:09.738Z,2026-09-20,2026-09-20T17:02:58Z,Carolina Panthers @ Atlanta Falcons,ANYTIME_TD,Charlie Woerner,,,,,0.0435,false,5
2026-09-20T18:58:09.738Z,2026-09-20,2026-09-20T17:02:58Z,Carolina Panthers @ Atlanta Falcons,ANYTIME_TD,John Metchie III,,,,,0.0435,false,5
2026-09-20T18:58:09.738Z,2026-09-20,2026-09-20T17:02:58Z,Carolina Panthers @ Atlanta Falcons,ANYTIME_TD,Cooper Rush,,,,,0.0385,false,5
2026-09-20T18:58:09.738Z,2026-09-20,2026-09-20T17:02:58Z,Carolina Panthers @ Atlanta Falcons,ANYTIME_TD,Brycen Tremayne,,,,,0.0196,false,5
2026-09-20T18:58:09.738Z,2026-09-20,2026-09-20T17:02:58Z,Carolina Panthers @ Atlanta Falcons,ANYTIME_TD,Nick Muse,,,,,0.0164,false,3
2026-09-20T18:58:09.738Z,2026-09-20,2026-09-20T17:02:58Z,Carolina Panthers @ Atlanta Falcons,ANYTIME_TD,Feleipe Franks,,,,,0.004,false,3
2026-09-20T18:58:09.738Z,2026-09-20,2026-09-20T17:02:58Z,Carolina Panthers @ Atlanta Falcons,ANYTIME_TD,Carolina Panthers Defense,,,,,0.0769,false,1
2026-09-20T18:58:09.738Z,2026-09-20,2026-09-20T17:02:58Z,Carolina Panthers @ Atlanta Falcons,ANYTIME_TD,Atlanta Falcons Defense,,,,,0.0588,false,1
2026-09-20T18:58:09.738Z,2026-09-20,2026-09-20T17:03:51Z,Green Bay Packers @ New York Jets,QB_PASS_YARDS,Geno Smith,207.5,-115,-110,,,,5
2026-09-20T18:58:09.738Z,2026-09-20,2026-09-20T17:03:51Z,Green Bay Packers @ New York Jets,QB_PASS_YARDS,Jordan Love,159.5,-115,-115,,,,3
2026-09-20T18:58:09.738Z,2026-09-20,2026-09-20T17:03:51Z,Green Bay Packers @ New York Jets,RB_RUSH_YARDS,Breece Hall,27.5,-118,-114,,,,5
2026-09-20T18:58:09.738Z,2026-09-20,2026-09-20T17:03:51Z,Green Bay Packers @ New York Jets,RB_RUSH_YARDS,Braelon Allen,13.5,-106,-110,,,,4
2026-09-20T18:58:09.738Z,2026-09-20,2026-09-20T17:03:51Z,Green Bay Packers @ New York Jets,RB_RUSH_YARDS,Geno Smith,4.5,102,-110,,,,3
2026-09-20T18:58:09.738Z,2026-09-20,2026-09-20T17:03:51Z,Green Bay Packers @ New York Jets,RB_RUSH_YARDS,Jordan Love,0.5,-110,-104,,,,2
2026-09-20T18:58:09.738Z,2026-09-20,2026-09-20T17:03:51Z,Green Bay Packers @ New York Jets,RB_RUSH_YARDS,MarShawn Lloyd,37.5,-112,-118,,,,3
2026-09-20T18:58:09.738Z,2026-09-20,2026-09-20T17:03:51Z,Green Bay Packers @ New York Jets,RB_RUSH_YARDS,Chris Brooks,5.5,-115,-115,,,,1
2026-09-20T18:58:09.738Z,2026-09-20,2026-09-20T17:03:51Z,Green Bay Packers @ New York Jets,WR_REC_YARDS,Adonai Mitchell,65.5,-122,-122,,,,5
2026-09-20T18:58:09.738Z,2026-09-20,2026-09-20T17:03:51Z,Green Bay Packers @ New York Jets,WR_REC_YARDS,Christian Watson,60.5,-120,-115,,,,3
2026-09-20T18:58:09.738Z,2026-09-20,2026-09-20T17:03:51Z,Green Bay Packers @ New York Jets,WR_REC_YARDS,Garrett Wilson,53.5,-115,-115,,,,5
2026-09-20T18:58:09.738Z,2026-09-20,2026-09-20T17:03:51Z,Green Bay Packers @ New York Jets,WR_REC_YARDS,Matthew Golden,28.5,-120,-115,,,,3
2026-09-20T18:58:09.738Z,2026-09-20,2026-09-20T17:03:51Z,Green Bay Packers @ New York Jets,WR_REC_YARDS,Tucker Kraft,23.5,-115,-115,,,,3
2026-09-20T18:58:09.738Z,2026-09-20,2026-09-20T17:03:51Z,Green Bay Packers @ New York Jets,WR_REC_YARDS,Breece Hall,22.5,-110,-120,,,,5
2026-09-20T18:58:09.738Z,2026-09-20,2026-09-20T17:03:51Z,Green Bay Packers @ New York Jets,WR_REC_YARDS,Isaiah Williams,13.5,106,-120,,,,4
2026-09-20T18:58:09.738Z,2026-09-20,2026-09-20T17:03:51Z,Green Bay Packers @ New York Jets,WR_REC_YARDS,Kenyon Sadiq,11.5,-120,-111,,,,4
2026-09-20T18:58:09.738Z,2026-09-20,2026-09-20T17:03:51Z,Green Bay Packers @ New York Jets,WR_REC_YARDS,MarShawn Lloyd,6.5,140,-165,,,,2
2026-09-20T18:58:09.738Z,2026-09-20,2026-09-20T17:03:51Z,Green Bay Packers @ New York Jets,WR_REC_YARDS,Mason Taylor,6.5,-110,-120,,,,4
2026-09-20T18:58:09.738Z,2026-09-20,2026-09-20T17:03:51Z,Green Bay Packers @ New York Jets,WR_REC_YARDS,Jonnu Smith,0.5,-115,-120,,,,2
2026-09-20T18:58:09.738Z,2026-09-20,2026-09-20T17:03:51Z,Green Bay Packers @ New York Jets,WR_REC_YARDS,Chris Brooks,0.5,105,-135,,,,1
2026-09-20T18:58:09.738Z,2026-09-20,2026-09-20T17:03:51Z,Green Bay Packers @ New York Jets,ANYTIME_TD,Breece Hall,,,,,0.2381,false,5
2026-09-20T18:58:09.738Z,2026-09-20,2026-09-20T17:03:51Z,Green Bay Packers @ New York Jets,ANYTIME_TD,Kaleb Johnson,,,,,0.1667,false,4
2026-09-20T18:58:09.738Z,2026-09-20,2026-09-20T17:03:51Z,Green Bay Packers @ New York Jets,ANYTIME_TD,Tucker Kraft,,,,,0.1818,false,5
2026-09-20T18:58:09.738Z,2026-09-20,2026-09-20T17:03:51Z,Green Bay Packers @ New York Jets,ANYTIME_TD,Christian Watson,,,,,0.2,false,5
2026-09-20T18:58:09.738Z,2026-09-20,2026-09-20T17:03:51Z,Green Bay Packers @ New York Jets,ANYTIME_TD,Matthew Golden,,,,,0.1667,false,5
2026-09-20T18:58:09.738Z,2026-09-20,2026-09-20T17:03:51Z,Green Bay Packers @ New York Jets,ANYTIME_TD,Garrett Wilson,,,,,0.1538,false,5
2026-09-20T18:58:09.738Z,2026-09-20,2026-09-20T17:03:51Z,Green Bay Packers @ New York Jets,ANYTIME_TD,Adonai Mitchell,,,,,0.1176,false,5
2026-09-20T18:58:09.738Z,2026-09-20,2026-09-20T17:03:51Z,Green Bay Packers @ New York Jets,ANYTIME_TD,Chris Brooks,,,,,0.0909,false,4
2026-09-20T18:58:09.738Z,2026-09-20,2026-09-20T17:03:51Z,Green Bay Packers @ New York Jets,ANYTIME_TD,Kenyon Sadiq,,,,,0.0769,false,4
2026-09-20T18:58:09.738Z,2026-09-20,2026-09-20T17:03:51Z,Green Bay Packers @ New York Jets,ANYTIME_TD,Mason Taylor,,,,,0.0769,false,5
2026-09-20T18:58:09.738Z,2026-09-20,2026-09-20T17:03:51Z,Green Bay Packers @ New York Jets,ANYTIME_TD,Isaiah Williams,,,,,0.0588,false,4
2026-09-20T18:58:09.738Z,2026-09-20,2026-09-20T17:03:51Z,Green Bay Packers @ New York Jets,ANYTIME_TD,Jonnu Smith,,,,,0.0625,false,4
2026-09-20T18:58:09.738Z,2026-09-20,2026-09-20T17:03:51Z,Green Bay Packers @ New York Jets,ANYTIME_TD,New York Jets D/ST,,,,,0.0625,false,3
2026-09-20T18:58:09.738Z,2026-09-20,2026-09-20T17:03:51Z,Green Bay Packers @ New York Jets,ANYTIME_TD,Bo Melton,,,,,0.0526,false,4
2026-09-20T18:58:09.738Z,2026-09-20,2026-09-20T17:03:51Z,Green Bay Packers @ New York Jets,ANYTIME_TD,Green Bay Packers D/ST,,,,,0.0588,false,3
2026-09-20T18:58:09.738Z,2026-09-20,2026-09-20T17:03:51Z,Green Bay Packers @ New York Jets,ANYTIME_TD,Geno Smith,,,,,0.0435,false,5
2026-09-20T18:58:09.738Z,2026-09-20,2026-09-20T17:03:51Z,Green Bay Packers @ New York Jets,ANYTIME_TD,Jordan Love,,,,,0.05,false,5
2026-09-20T18:58:09.738Z,2026-09-20,2026-09-20T17:03:51Z,Green Bay Packers @ New York Jets,ANYTIME_TD,Josh Whyle,,,,,0.0217,false,4
2026-09-20T18:58:09.738Z,2026-09-20,2026-09-20T17:03:51Z,Green Bay Packers @ New York Jets,ANYTIME_TD,Isaiah Davis,,,,,0.0323,false,4
2026-09-20T18:58:09.738Z,2026-09-20,2026-09-20T17:03:51Z,Green Bay Packers @ New York Jets,ANYTIME_TD,Mark Redman,,,,,0.0196,false,4
2026-09-20T18:58:09.738Z,2026-09-20,2026-09-20T17:03:51Z,Green Bay Packers @ New York Jets,ANYTIME_TD,Skyy Moore,,,,,0.0345,false,4
2026-09-20T18:58:09.738Z,2026-09-20,2026-09-20T17:03:51Z,Green Bay Packers @ New York Jets,ANYTIME_TD,Andrew Beck,,,,,0.0179,false,4
2026-09-20T18:58:09.738Z,2026-09-20,2026-09-20T17:03:51Z,Green Bay Packers @ New York Jets,ANYTIME_TD,J. Michael Sturdivant,,,,,0.0278,false,3
2026-09-20T18:58:09.738Z,2026-09-20,2026-09-20T17:03:51Z,Green Bay Packers @ New York Jets,ANYTIME_TD,Jeremy Ruckert,,,,,0.0217,false,4
2026-09-20T18:58:09.738Z,2026-09-20,2026-09-20T17:03:51Z,Green Bay Packers @ New York Jets,ANYTIME_TD,Jelani Woods,,,,,0.0179,false,4
2026-09-20T18:58:09.738Z,2026-09-20,2026-09-20T17:03:51Z,Green Bay Packers @ New York Jets,ANYTIME_TD,Arian Smith,,,,,0.0164,false,4
2026-09-20T18:58:09.738Z,2026-09-20,2026-09-20T17:03:51Z,Green Bay Packers @ New York Jets,ANYTIME_TD,Green Bay Packers Defense,,,,,0.0625,false,1
2026-09-20T18:58:09.738Z,2026-09-20,2026-09-20T17:03:51Z,Green Bay Packers @ New York Jets,ANYTIME_TD,New York Jets Defense,,,,,0.0588,false,1
2026-09-20T18:58:09.738Z,2026-09-20,2026-09-20T20:05:00Z,Jacksonville Jaguars @ Denver Broncos,RB_RUSH_YARDS,J.K. Dobbins,58.5,-113,-111,,,,5
2026-09-20T18:58:09.738Z,2026-09-20,2026-09-20T20:05:00Z,Jacksonville Jaguars @ Denver Broncos,RB_RUSH_YARDS,Bhayshul Tuten,48.5,-111,-110,,,,5
2026-09-20T18:58:09.738Z,2026-09-20,2026-09-20T20:05:00Z,Jacksonville Jaguars @ Denver Broncos,RB_RUSH_YARDS,Chris Rodriguez Jr.,24.5,-111,-112,,,,5
2026-09-20T18:58:09.738Z,2026-09-20,2026-09-20T20:05:00Z,Jacksonville Jaguars @ Denver Broncos,RB_RUSH_YARDS,Bo Nix,17.5,-113,-111,,,,5
2026-09-20T18:58:09.738Z,2026-09-20,2026-09-20T20:05:00Z,Jacksonville Jaguars @ Denver Broncos,RB_RUSH_YARDS,Trevor Lawrence,16.5,-112,-112,,,,5
2026-09-20T18:58:09.738Z,2026-09-20,2026-09-20T20:05:00Z,Jacksonville Jaguars @ Denver Broncos,WR_REC_YARDS,Parker Washington,60.5,-114,-110,,,,5
2026-09-20T18:58:09.738Z,2026-09-20,2026-09-20T20:05:00Z,Jacksonville Jaguars @ Denver Broncos,WR_REC_YARDS,Jaylen Waddle,54.5,-110,-111,,,,5
2026-09-20T18:58:09.738Z,2026-09-20,2026-09-20T20:05:00Z,Jacksonville Jaguars @ Denver Broncos,WR_REC_YARDS,Jakobi Meyers,37.5,-111,-112,,,,5
2026-09-20T18:58:09.738Z,2026-09-20,2026-09-20T20:05:00Z,Jacksonville Jaguars @ Denver Broncos,WR_REC_YARDS,Pat Bryant,32.5,-109,-110,,,,4
2026-09-20T18:58:09.738Z,2026-09-20,2026-09-20T20:05:00Z,Jacksonville Jaguars @ Denver Broncos,WR_REC_YARDS,Evan Engram,26.5,-114,-110,,,,5
2026-09-20T18:58:09.738Z,2026-09-20,2026-09-20T20:05:00Z,Jacksonville Jaguars @ Denver Broncos,WR_REC_YARDS,Adam Trautman,8.5,-113,-111,,,,5
2026-09-20T18:58:09.738Z,2026-09-20,2026-09-20T20:05:00Z,Jacksonville Jaguars @ Denver Broncos,WR_REC_YARDS,Bhayshul Tuten,8.5,-113,-110,,,,5
2026-09-20T18:58:09.738Z,2026-09-20,2026-09-20T20:05:00Z,Jacksonville Jaguars @ Denver Broncos,ANYTIME_TD,Jaylen Waddle,,,,,0.3571,false,5
2026-09-20T18:58:09.738Z,2026-09-20,2026-09-20T20:05:00Z,Jacksonville Jaguars @ Denver Broncos,ANYTIME_TD,Bhayshul Tuten,,,,,0.3509,false,5
2026-09-20T18:58:09.738Z,2026-09-20,2026-09-20T20:05:00Z,Jacksonville Jaguars @ Denver Broncos,ANYTIME_TD,Parker Washington,,,,,0.3226,false,5
2026-09-20T18:58:09.738Z,2026-09-20,2026-09-20T20:05:00Z,Jacksonville Jaguars @ Denver Broncos,ANYTIME_TD,Courtland Sutton,,,,,0.2857,false,5
2026-09-20T18:58:09.738Z,2026-09-20,2026-09-20T20:05:00Z,Jacksonville Jaguars @ Denver Broncos,ANYTIME_TD,Chris Rodriguez Jr.,,,,,0.2381,false,5
2026-09-20T18:58:09.738Z,2026-09-20,2026-09-20T20:05:00Z,Jacksonville Jaguars @ Denver Broncos,ANYTIME_TD,Brenton Strange,,,,,0.2439,false,5
2026-09-20T18:58:09.738Z,2026-09-20,2026-09-20T20:05:00Z,Jacksonville Jaguars @ Denver Broncos,ANYTIME_TD,Brian Thomas Jr,,,,,0.2273,false,5
2026-09-20T18:58:09.738Z,2026-09-20,2026-09-20T20:05:00Z,Jacksonville Jaguars @ Denver Broncos,ANYTIME_TD,Bo Nix,,,,,0.2041,false,5
2026-09-20T18:58:09.738Z,2026-09-20,2026-09-20T20:05:00Z,Jacksonville Jaguars @ Denver Broncos,ANYTIME_TD,Evan Engram,,,,,0.2174,false,5
2026-09-20T18:58:09.738Z,2026-09-20,2026-09-20T20:05:00Z,Jacksonville Jaguars @ Denver Broncos,ANYTIME_TD,Trevor Lawrence,,,,,0.2083,false,5
2026-09-20T18:58:09.738Z,2026-09-20,2026-09-20T20:05:00Z,Jacksonville Jaguars @ Denver Broncos,ANYTIME_TD,Denver Broncos D/ST,,,,,0.1667,false,3
2026-09-20T18:58:09.738Z,2026-09-20,2026-09-20T20:05:00Z,Jacksonville Jaguars @ Denver Broncos,ANYTIME_TD,Troy Franklin,,,,,0.1111,false,5
2026-09-20T18:58:09.738Z,2026-09-20,2026-09-20T20:05:00Z,Jacksonville Jaguars @ Denver Broncos,ANYTIME_TD,Tyler Badie,,,,,0.1,false,5
2026-09-20T18:58:09.738Z,2026-09-20,2026-09-20T20:05:00Z,Jacksonville Jaguars @ Denver Broncos,ANYTIME_TD,Nate Boerkircher,,,,,0.0952,false,5
2026-09-20T18:58:09.738Z,2026-09-20,2026-09-20T20:05:00Z,Jacksonville Jaguars @ Denver Broncos,ANYTIME_TD,Ameer Abdullah,,,,,0.0588,false,4
2026-09-20T18:58:09.738Z,2026-09-20,2026-09-20T20:05:00Z,Jacksonville Jaguars @ Denver Broncos,ANYTIME_TD,LeQuint Allen Jr.,,,,,0.0625,false,5
2026-09-20T18:58:09.738Z,2026-09-20,2026-09-20T20:05:00Z,Jacksonville Jaguars @ Denver Broncos,ANYTIME_TD,Quintin Morris,,,,,0.0385,false,5
2026-09-20T18:58:09.738Z,2026-09-20,2026-09-20T20:05:00Z,Jacksonville Jaguars @ Denver Broncos,ANYTIME_TD,Adam Prentice,,,,,0.0435,false,4
2026-09-20T18:58:09.738Z,2026-09-20,2026-09-20T20:05:00Z,Jacksonville Jaguars @ Denver Broncos,ANYTIME_TD,CJ Williams,,,,,0.0667,false,1
2026-09-20T18:58:09.738Z,2026-09-20,2026-09-20T20:05:00Z,Jacksonville Jaguars @ Denver Broncos,ANYTIME_TD,Tanner Koziol,,,,,0.04,false,1
2026-09-20T18:58:09.738Z,2026-09-20,2026-09-20T20:05:00Z,Jacksonville Jaguars @ Denver Broncos,ANYTIME_TD,Dallen Bentley,,,,,0.04,false,1
2026-09-20T18:58:09.738Z,2026-09-20,2026-09-20T20:05:00Z,Las Vegas Raiders @ Los Angeles Chargers,QB_PASS_YARDS,Justin Herbert,223.5,-113,-111,,,,6
2026-09-20T18:58:09.738Z,2026-09-20,2026-09-20T20:05:00Z,Las Vegas Raiders @ Los Angeles Chargers,QB_PASS_YARDS,Kirk Cousins,194.5,-112,-112,,,,6
2026-09-20T18:58:09.738Z,2026-09-20,2026-09-20T20:05:00Z,Las Vegas Raiders @ Los Angeles Chargers,RB_RUSH_YARDS,Omarion Hampton,64.5,-114,-114,,,,6
2026-09-20T18:58:09.738Z,2026-09-20,2026-09-20T20:05:00Z,Las Vegas Raiders @ Los Angeles Chargers,RB_RUSH_YARDS,Ashton Jeanty,62.5,-113,-112,,,,6
2026-09-20T18:58:09.738Z,2026-09-20,2026-09-20T20:05:00Z,Las Vegas Raiders @ Los Angeles Chargers,RB_RUSH_YARDS,Keaton Mitchell,23.5,-111,-113,,,,5
2026-09-20T18:58:09.738Z,2026-09-20,2026-09-20T20:05:00Z,Las Vegas Raiders @ Los Angeles Chargers,WR_REC_YARDS,Quentin Johnston,46.5,-113,-111,,,,6
2026-09-20T18:58:09.738Z,2026-09-20,2026-09-20T20:05:00Z,Las Vegas Raiders @ Los Angeles Chargers,WR_REC_YARDS,Michael Mayer,44.5,-114,-110,,,,6
2026-09-20T18:58:09.738Z,2026-09-20,2026-09-20T20:05:00Z,Las Vegas Raiders @ Los Angeles Chargers,WR_REC_YARDS,Ladd McConkey,41.5,-112,-112,,,,2
2026-09-20T18:58:09.738Z,2026-09-20,2026-09-20T20:05:00Z,Las Vegas Raiders @ Los Angeles Chargers,WR_REC_YARDS,Jalen Nailor,32.5,-113,-110,,,,6
2026-09-20T18:58:09.738Z,2026-09-20,2026-09-20T20:05:00Z,Las Vegas Raiders @ Los Angeles Chargers,WR_REC_YARDS,Tre Harris,30.5,-110,-113,,,,6
2026-09-20T18:58:09.738Z,2026-09-20,2026-09-20T20:05:00Z,Las Vegas Raiders @ Los Angeles Chargers,WR_REC_YARDS,Ashton Jeanty,26.5,-113,-113,,,,6
2026-09-20T18:58:09.738Z,2026-09-20,2026-09-20T20:05:00Z,Las Vegas Raiders @ Los Angeles Chargers,WR_REC_YARDS,David Njoku,23.5,-112,-112,,,,6
2026-09-20T18:58:09.738Z,2026-09-20,2026-09-20T20:05:00Z,Las Vegas Raiders @ Los Angeles Chargers,WR_REC_YARDS,Oronde Gadsden II,13.5,-108,-114,,,,6
2026-09-20T18:58:09.738Z,2026-09-20,2026-09-20T20:05:00Z,Las Vegas Raiders @ Los Angeles Chargers,WR_REC_YARDS,Omarion Hampton,11.5,-118,-108,,,,6
2026-09-20T18:58:09.738Z,2026-09-20,2026-09-20T20:05:00Z,Las Vegas Raiders @ Los Angeles Chargers,ANYTIME_TD,Ashton Jeanty,,,,,0.5,false,6
2026-09-20T18:58:09.738Z,2026-09-20,2026-09-20T20:05:00Z,Las Vegas Raiders @ Los Angeles Chargers,ANYTIME_TD,Quentin Johnston,,,,,0.339,false,6
2026-09-20T18:58:09.738Z,2026-09-20,2026-09-20T20:05:00Z,Las Vegas Raiders @ Los Angeles Chargers,ANYTIME_TD,Michael Mayer,,,,,0.2857,false,6
2026-09-20T18:58:09.738Z,2026-09-20,2026-09-20T20:05:00Z,Las Vegas Raiders @ Los Angeles Chargers,ANYTIME_TD,Jalen Nailor,,,,,0.1923,false,6
2026-09-20T18:58:09.738Z,2026-09-20,2026-09-20T20:05:00Z,Las Vegas Raiders @ Los Angeles Chargers,ANYTIME_TD,Malik Benson,,,,,0.0714,false,6
2026-09-20T18:58:09.738Z,2026-09-20,2026-09-20T20:05:00Z,Las Vegas Raiders @ Los Angeles Chargers,ANYTIME_TD,Brenen Thompson,,,,,0.0588,false,6
2026-09-20T18:58:09.738Z,2026-09-20,2026-09-20T20:05:00Z,Las Vegas Raiders @ Los Angeles Chargers,ANYTIME_TD,Chris Myarick,,,,,0.0435,false,3
2026-09-20T18:58:09.738Z,2026-09-20,2026-09-20T20:05:00Z,Las Vegas Raiders @ Los Angeles Chargers,ANYTIME_TD,Connor Heyward,,,,,0.0526,false,6
2026-09-20T18:58:09.738Z,2026-09-20,2026-09-20T20:05:00Z,Las Vegas Raiders @ Los Angeles Chargers,ANYTIME_TD,Derius Davis,,,,,0.0526,false,6
2026-09-20T18:58:09.738Z,2026-09-20,2026-09-20T20:05:00Z,Las Vegas Raiders @ Los Angeles Chargers,ANYTIME_TD,Dylan Laube,,,,,0.0385,false,6
2026-09-20T18:58:09.738Z,2026-09-20,2026-09-20T20:05:00Z,Las Vegas Raiders @ Los Angeles Chargers,ANYTIME_TD,Alec Ingold,,,,,0.0385,false,5
2026-09-20T18:58:09.738Z,2026-09-20,2026-09-20T20:05:00Z,Las Vegas Raiders @ Los Angeles Chargers,ANYTIME_TD,Gary Jennings,,,,,0.0435,false,2
2026-09-20T18:58:09.738Z,2026-09-20,2026-09-20T20:25:00Z,Seattle Seahawks @ Arizona Cardinals,WR_REC_YARDS,Michael Wilson,37.5,-113,-111,,,,6
2026-09-20T18:58:09.738Z,2026-09-20,2026-09-20T20:25:00Z,Seattle Seahawks @ Arizona Cardinals,WR_REC_YARDS,Rashid Shaheed,23.5,-114,-110,,,,6
2026-09-20T18:58:09.738Z,2026-09-20,2026-09-20T20:25:00Z,Seattle Seahawks @ Arizona Cardinals,WR_REC_YARDS,Cooper Kupp,23.5,-110,-112,,,,6
2026-09-20T18:58:09.738Z,2026-09-20,2026-09-20T20:25:00Z,Seattle Seahawks @ Arizona Cardinals,ANYTIME_TD,Tyler Allgeier,,,,,0.3226,false,6
2026-09-20T18:58:09.738Z,2026-09-20,2026-09-20T20:25:00Z,Seattle Seahawks @ Arizona Cardinals,ANYTIME_TD,Rashid Shaheed,,,,,0.2174,false,6
2026-09-20T18:58:09.738Z,2026-09-20,2026-09-20T20:25:00Z,Seattle Seahawks @ Arizona Cardinals,ANYTIME_TD,Tory Horton,,,,,0.08,false,6
2026-09-20T18:58:09.738Z,2026-09-20,2026-09-20T20:25:00Z,Washington Commanders @ Dallas Cowboys,RB_RUSH_YARDS,Jacory Croskey-Merritt,50.5,-113,-110,,,,6
2026-09-20T18:58:09.738Z,2026-09-20,2026-09-20T20:25:00Z,Washington Commanders @ Dallas Cowboys,WR_REC_YARDS,George Pickens,66.5,-114,-114,,,,6
2026-09-20T18:58:09.738Z,2026-09-20,2026-09-20T20:25:00Z,Washington Commanders @ Dallas Cowboys,ANYTIME_TD,Terry McLaurin,,,,,0.3279,false,6
2026-09-20T18:58:09.738Z,2026-09-20,2026-09-20T20:25:00Z,Washington Commanders @ Dallas Cowboys,ANYTIME_TD,Rachaad White,,,,,0.3125,false,6
2026-09-20T18:58:09.738Z,2026-09-20,2026-09-20T20:25:00Z,Washington Commanders @ Dallas Cowboys,ANYTIME_TD,Dyami Brown,,,,,0.0952,false,6
2026-09-20T18:58:09.738Z,2026-09-20,2026-09-20T20:25:00Z,Washington Commanders @ Dallas Cowboys,ANYTIME_TD,Treylon Burks,,,,,0.0526,false,5
2026-09-20T18:58:09.738Z,2026-09-20,2026-09-20T20:25:00Z,Miami Dolphins @ San Francisco 49ers,WR_REC_YARDS,Mike Evans,48.5,-113,-109,,,,6
2026-09-20T18:58:09.738Z,2026-09-20,2026-09-20T20:25:00Z,Miami Dolphins @ San Francisco 49ers,WR_REC_YARDS,Christian McCaffrey,39.5,-113,-113,,,,6
2026-09-20T18:58:09.738Z,2026-09-20,2026-09-20T20:25:00Z,Miami Dolphins @ San Francisco 49ers,WR_REC_YARDS,Deebo Samuel,36.5,-114,-112,,,,6
2026-09-20T18:58:09.738Z,2026-09-20,2026-09-20T20:25:00Z,Miami Dolphins @ San Francisco 49ers,WR_REC_YARDS,De'Von Achane,27.5,-111,-108,,,,6
2026-09-20T18:58:09.738Z,2026-09-20,2026-09-20T20:25:00Z,Miami Dolphins @ San Francisco 49ers,WR_REC_YARDS,Greg Dulcich,20.5,-112,-112,,,,6
2026-09-20T18:58:09.738Z,2026-09-20,2026-09-20T20:25:00Z,Miami Dolphins @ San Francisco 49ers,ANYTIME_TD,Deebo Samuel,,,,,0.3077,false,6
2026-09-20T18:58:09.738Z,2026-09-20,2026-09-20T20:25:00Z,Miami Dolphins @ San Francisco 49ers,ANYTIME_TD,Malik Willis,,,,,0.2326,false,6
2026-09-20T18:58:09.738Z,2026-09-20,2026-09-20T20:25:00Z,Miami Dolphins @ San Francisco 49ers,ANYTIME_TD,Greg Dulcich,,,,,0.1333,false,6
2026-09-20T18:58:09.738Z,2026-09-20,2026-09-20T20:25:00Z,Miami Dolphins @ San Francisco 49ers,ANYTIME_TD,Jalen Tolbert,,,,,0.0667,false,2
2026-09-20T18:58:09.738Z,2026-09-20,2026-09-20T20:25:00Z,Miami Dolphins @ San Francisco 49ers,ANYTIME_TD,Justin Joly,,,,,0.0278,false,2
2026-09-20T18:58:09.738Z,2026-09-20,2026-09-21T00:20:00Z,Indianapolis Colts @ Kansas City Chiefs,WR_REC_YARDS,Tyler Warren,43.5,-109,-115,,,,6
2026-09-20T18:58:09.738Z,2026-09-20,2026-09-21T00:20:00Z,Indianapolis Colts @ Kansas City Chiefs,WR_REC_YARDS,Alec Pierce,45.5,-114,-115,,,,6
2026-09-20T18:58:09.738Z,2026-09-20,2026-09-21T00:20:00Z,Indianapolis Colts @ Kansas City Chiefs,ANYTIME_TD,Kenneth Walker III,,,,,0.6721,false,6
2026-09-20T18:58:09.738Z,2026-09-20,2026-09-21T00:20:00Z,Indianapolis Colts @ Kansas City Chiefs,ANYTIME_TD,Patrick Mahomes,,,,,0.2128,false,6
2026-09-20T20:36:15.471Z,2026-09-20,2026-09-20T20:05:18Z,Las Vegas Raiders @ Los Angeles Chargers,QB_PASS_YARDS,Justin Herbert,225.5,-114,-114,,,,5
2026-09-20T20:36:15.471Z,2026-09-20,2026-09-20T20:05:18Z,Las Vegas Raiders @ Los Angeles Chargers,QB_PASS_YARDS,Kirk Cousins,186.5,-115,-115,,,,3
2026-09-20T20:36:15.471Z,2026-09-20,2026-09-20T20:05:18Z,Las Vegas Raiders @ Los Angeles Chargers,RB_RUSH_YARDS,Ashton Jeanty,64.5,-115,-115,,,,4
2026-09-20T20:36:15.471Z,2026-09-20,2026-09-20T20:05:18Z,Las Vegas Raiders @ Los Angeles Chargers,RB_RUSH_YARDS,Omarion Hampton,55.5,-110,-114,,,,5
2026-09-20T20:36:15.471Z,2026-09-20,2026-09-20T20:05:18Z,Las Vegas Raiders @ Los Angeles Chargers,RB_RUSH_YARDS,Keaton Mitchell,24.5,-114,-114,,,,3
2026-09-20T20:36:15.471Z,2026-09-20,2026-09-20T20:05:18Z,Las Vegas Raiders @ Los Angeles Chargers,RB_RUSH_YARDS,Justin Herbert,17.5,-110,-112,,,,5
2026-09-20T20:36:15.471Z,2026-09-20,2026-09-20T20:05:18Z,Las Vegas Raiders @ Los Angeles Chargers,RB_RUSH_YARDS,Mike Washington Jr.,14.5,-110,-110,,,,2
2026-09-20T20:36:15.471Z,2026-09-20,2026-09-20T20:05:18Z,Las Vegas Raiders @ Los Angeles Chargers,WR_REC_YARDS,Quentin Johnston,45.5,-115,-115,,,,5
2026-09-20T20:36:15.471Z,2026-09-20,2026-09-20T20:05:18Z,Las Vegas Raiders @ Los Angeles Chargers,WR_REC_YARDS,Michael Mayer,40.5,-114,-114,,,,5
2026-09-20T20:36:15.471Z,2026-09-20,2026-09-20T20:05:18Z,Las Vegas Raiders @ Los Angeles Chargers,WR_REC_YARDS,Tre Tucker,41.5,-114,-114,,,,4
2026-09-20T20:36:15.471Z,2026-09-20,2026-09-20T20:05:18Z,Las Vegas Raiders @ Los Angeles Chargers,WR_REC_YARDS,Ladd McConkey,36.5,-120,-115,,,,4
2026-09-20T20:36:15.471Z,2026-09-20,2026-09-20T20:05:18Z,Las Vegas Raiders @ Los Angeles Chargers,WR_REC_YARDS,David Njoku,29.5,-115,-112,,,,4
2026-09-20T20:36:15.471Z,2026-09-20,2026-09-20T20:05:18Z,Las Vegas Raiders @ Los Angeles Chargers,WR_REC_YARDS,Tre Harris,26.5,-112,-115,,,,4
2026-09-20T20:36:15.471Z,2026-09-20,2026-09-20T20:05:18Z,Las Vegas Raiders @ Los Angeles Chargers,WR_REC_YARDS,Ashton Jeanty,24.5,-115,-110,,,,4
2026-09-20T20:36:15.471Z,2026-09-20,2026-09-20T20:05:18Z,Las Vegas Raiders @ Los Angeles Chargers,WR_REC_YARDS,Jalen Nailor,21.5,-115,-115,,,,4
2026-09-20T20:36:15.471Z,2026-09-20,2026-09-20T20:05:18Z,Las Vegas Raiders @ Los Angeles Chargers,WR_REC_YARDS,Oronde Gadsden II,9.5,-115,-110,,,,3
2026-09-20T20:36:15.471Z,2026-09-20,2026-09-20T20:05:18Z,Las Vegas Raiders @ Los Angeles Chargers,WR_REC_YARDS,Omarion Hampton,10.5,-110,-110,,,,5
2026-09-20T20:36:15.471Z,2026-09-20,2026-09-20T20:05:18Z,Las Vegas Raiders @ Los Angeles Chargers,WR_REC_YARDS,Charlie Kolar,4.5,-110,-120,,,,1
2026-09-20T20:36:15.471Z,2026-09-20,2026-09-20T20:05:18Z,Las Vegas Raiders @ Los Angeles Chargers,WR_REC_YARDS,Jack Bech,18.5,-120,-110,,,,1
2026-09-20T20:36:15.471Z,2026-09-20,2026-09-20T20:05:18Z,Las Vegas Raiders @ Los Angeles Chargers,ANYTIME_TD,Omarion Hampton,,,,,0.5122,false,5
2026-09-20T20:36:15.471Z,2026-09-20,2026-09-20T20:05:18Z,Las Vegas Raiders @ Los Angeles Chargers,ANYTIME_TD,Ashton Jeanty,,,,,0.5122,false,3
2026-09-20T20:36:15.471Z,2026-09-20,2026-09-20T20:05:18Z,Las Vegas Raiders @ Los Angeles Chargers,ANYTIME_TD,Quentin Johnston,,,,,0.2899,false,5
2026-09-20T20:36:15.471Z,2026-09-20,2026-09-20T20:05:18Z,Las Vegas Raiders @ Los Angeles Chargers,ANYTIME_TD,Ladd McConkey,,,,,0.2273,false,5
2026-09-20T20:36:15.471Z,2026-09-20,2026-09-20T20:05:18Z,Las Vegas Raiders @ Los Angeles Chargers,ANYTIME_TD,Michael Mayer,,,,,0.2632,false,3
2026-09-20T20:36:15.471Z,2026-09-20,2026-09-20T20:05:18Z,Las Vegas Raiders @ Los Angeles Chargers,ANYTIME_TD,Tre Harris,,,,,0.2083,false,5
2026-09-20T20:36:15.471Z,2026-09-20,2026-09-20T20:05:18Z,Las Vegas Raiders @ Los Angeles Chargers,ANYTIME_TD,David Njoku,,,,,0.1739,false,5
2026-09-20T20:36:15.471Z,2026-09-20,2026-09-20T20:05:18Z,Las Vegas Raiders @ Los Angeles Chargers,ANYTIME_TD,Jalen Nailor,,,,,0.1739,false,3
2026-09-20T20:36:15.471Z,2026-09-20,2026-09-20T20:05:18Z,Las Vegas Raiders @ Los Angeles Chargers,ANYTIME_TD,Keaton Mitchell,,,,,0.1429,false,5
2026-09-20T20:36:15.471Z,2026-09-20,2026-09-20T20:05:18Z,Las Vegas Raiders @ Los Angeles Chargers,ANYTIME_TD,Justin Herbert,,,,,0.1429,false,5
2026-09-20T20:36:15.471Z,2026-09-20,2026-09-20T20:05:18Z,Las Vegas Raiders @ Los Angeles Chargers,ANYTIME_TD,Oronde Gadsden II,,,,,0.1333,false,5
2026-09-20T20:36:15.471Z,2026-09-20,2026-09-20T20:05:18Z,Las Vegas Raiders @ Los Angeles Chargers,ANYTIME_TD,Los Angeles Chargers D/ST,,,,,0.1429,false,2
2026-09-20T20:36:15.471Z,2026-09-20,2026-09-20T20:05:18Z,Las Vegas Raiders @ Los Angeles Chargers,ANYTIME_TD,Las Vegas Raiders D/ST,,,,,0.125,false,2
2026-09-20T20:36:15.471Z,2026-09-20,2026-09-20T20:05:18Z,Las Vegas Raiders @ Los Angeles Chargers,ANYTIME_TD,Charlie Kolar,,,,,0.1111,false,5
2026-09-20T20:36:15.471Z,2026-09-20,2026-09-20T20:05:18Z,Las Vegas Raiders @ Los Angeles Chargers,ANYTIME_TD,Kimani Vidal,,,,,0.0952,false,5
2026-09-20T20:36:15.471Z,2026-09-20,2026-09-20T20:05:18Z,Las Vegas Raiders @ Los Angeles Chargers,ANYTIME_TD,Mike Washington Jr.,,,,,0.1,false,3
2026-09-20T20:36:15.471Z,2026-09-20,2026-09-20T20:05:18Z,Las Vegas Raiders @ Los Angeles Chargers,ANYTIME_TD,Jack Bech,,,,,0.0909,false,3
2026-09-20T20:36:15.471Z,2026-09-20,2026-09-20T20:05:18Z,Las Vegas Raiders @ Los Angeles Chargers,ANYTIME_TD,Brenen Thompson,,,,,0.0571,false,5
2026-09-20T20:36:15.471Z,2026-09-20,2026-09-20T20:05:18Z,Las Vegas Raiders @ Los Angeles Chargers,ANYTIME_TD,Malik Benson,,,,,0.0625,false,3
2026-09-20T20:36:15.471Z,2026-09-20,2026-09-20T20:05:18Z,Las Vegas Raiders @ Los Angeles Chargers,ANYTIME_TD,Derius Davis,,,,,0.0435,false,5
2026-09-20T20:36:15.471Z,2026-09-20,2026-09-20T20:05:18Z,Las Vegas Raiders @ Los Angeles Chargers,ANYTIME_TD,Ian Thomas,,,,,0.0476,false,3
2026-09-20T20:36:15.471Z,2026-09-20,2026-09-20T20:05:18Z,Las Vegas Raiders @ Los Angeles Chargers,ANYTIME_TD,Alec Ingold,,,,,0.0357,false,4
2026-09-20T20:36:15.471Z,2026-09-20,2026-09-20T20:05:18Z,Las Vegas Raiders @ Los Angeles Chargers,ANYTIME_TD,Kirk Cousins,,,,,0.0385,false,3
2026-09-20T20:36:15.471Z,2026-09-20,2026-09-20T20:05:18Z,Las Vegas Raiders @ Los Angeles Chargers,ANYTIME_TD,Dareke Young,,,,,0.0278,false,3
2026-09-20T20:36:15.471Z,2026-09-20,2026-09-20T20:05:18Z,Las Vegas Raiders @ Los Angeles Chargers,ANYTIME_TD,Cody White,,,,,0.0323,false,3
2026-09-20T20:36:15.471Z,2026-09-20,2026-09-20T20:05:18Z,Las Vegas Raiders @ Los Angeles Chargers,ANYTIME_TD,Los Angeles Chargers Defense,,,,,0.0833,false,1
2026-09-20T20:36:15.471Z,2026-09-20,2026-09-20T20:05:18Z,Las Vegas Raiders @ Los Angeles Chargers,ANYTIME_TD,Gary Jennings,,,,,0.0357,false,1
2026-09-20T20:36:15.471Z,2026-09-20,2026-09-20T20:05:33Z,Jacksonville Jaguars @ Denver Broncos,QB_PASS_YARDS,Bo Nix,203.5,-114,-114,,,,4
2026-09-20T20:36:15.471Z,2026-09-20,2026-09-20T20:05:33Z,Jacksonville Jaguars @ Denver Broncos,QB_PASS_YARDS,Trevor Lawrence,199.5,-114,-114,,,,5
2026-09-20T20:36:15.471Z,2026-09-20,2026-09-20T20:05:33Z,Jacksonville Jaguars @ Denver Broncos,RB_RUSH_YARDS,J.K. Dobbins,75.5,-115,-115,,,,3
2026-09-20T20:36:15.471Z,2026-09-20,2026-09-20T20:05:33Z,Jacksonville Jaguars @ Denver Broncos,RB_RUSH_YARDS,Bhayshul Tuten,43.5,-120,-110,,,,5
2026-09-20T20:36:15.471Z,2026-09-20,2026-09-20T20:05:33Z,Jacksonville Jaguars @ Denver Broncos,RB_RUSH_YARDS,Chris Rodriguez Jr.,28.5,-115,-111,,,,4
2026-09-20T20:36:15.471Z,2026-09-20,2026-09-20T20:05:33Z,Jacksonville Jaguars @ Denver Broncos,RB_RUSH_YARDS,Trevor Lawrence,16.5,-110,-108,,,,5
2026-09-20T20:36:15.471Z,2026-09-20,2026-09-20T20:05:33Z,Jacksonville Jaguars @ Denver Broncos,RB_RUSH_YARDS,Bo Nix,12.5,-127,-124,,,,3
2026-09-20T20:36:15.471Z,2026-09-20,2026-09-20T20:05:33Z,Jacksonville Jaguars @ Denver Broncos,WR_REC_YARDS,Parker Washington,62.5,-115,-115,,,,5
2026-09-20T20:36:15.471Z,2026-09-20,2026-09-20T20:05:33Z,Jacksonville Jaguars @ Denver Broncos,WR_REC_YARDS,Jaylen Waddle,43.5,-120,-110,,,,3
2026-09-20T20:36:15.471Z,2026-09-20,2026-09-20T20:05:33Z,Jacksonville Jaguars @ Denver Broncos,WR_REC_YARDS,Courtland Sutton,32.5,-115,-120,,,,3
2026-09-20T20:36:15.471Z,2026-09-20,2026-09-20T20:05:33Z,Jacksonville Jaguars @ Denver Broncos,WR_REC_YARDS,Jakobi Meyers,30.5,-111,-115,,,,5
2026-09-20T20:36:15.471Z,2026-09-20,2026-09-20T20:05:33Z,Jacksonville Jaguars @ Denver Broncos,WR_REC_YARDS,Brian Thomas Jr,26.5,-115,-115,,,,4
2026-09-20T20:36:15.471Z,2026-09-20,2026-09-20T20:05:33Z,Jacksonville Jaguars @ Denver Broncos,WR_REC_YARDS,Brenton Strange,25.5,-115,-115,,,,5
2026-09-20T20:36:15.471Z,2026-09-20,2026-09-20T20:05:33Z,Jacksonville Jaguars @ Denver Broncos,WR_REC_YARDS,Pat Bryant,25.5,-115,-110,,,,2
2026-09-20T20:36:15.471Z,2026-09-20,2026-09-20T20:05:33Z,Jacksonville Jaguars @ Denver Broncos,WR_REC_YARDS,Evan Engram,20.5,-110,-115,,,,3
2026-09-20T20:36:15.471Z,2026-09-20,2026-09-20T20:05:33Z,Jacksonville Jaguars @ Denver Broncos,WR_REC_YARDS,Adam Trautman,7.5,-120,-110,,,,2
2026-09-20T20:36:15.471Z,2026-09-20,2026-09-20T20:05:33Z,Jacksonville Jaguars @ Denver Broncos,WR_REC_YARDS,Bhayshul Tuten,6.5,-110,-118,,,,4
2026-09-20T20:36:15.471Z,2026-09-20,2026-09-20T20:05:33Z,Jacksonville Jaguars @ Denver Broncos,WR_REC_YARDS,J.K. Dobbins,5.5,-110,-120,,,,1
2026-09-20T20:36:15.471Z,2026-09-20,2026-09-20T20:05:33Z,Jacksonville Jaguars @ Denver Broncos,ANYTIME_TD,J.K. Dobbins,,,,,0.4082,false,5
2026-09-20T20:36:15.471Z,2026-09-20,2026-09-20T20:05:33Z,Jacksonville Jaguars @ Denver Broncos,ANYTIME_TD,Jaylen Waddle,,,,,0.2941,false,5
2026-09-20T20:36:15.471Z,2026-09-20,2026-09-20T20:05:33Z,Jacksonville Jaguars @ Denver Broncos,ANYTIME_TD,Bhayshul Tuten,,,,,0.2703,false,5
2026-09-20T20:36:15.471Z,2026-09-20,2026-09-20T20:05:33Z,Jacksonville Jaguars @ Denver Broncos,ANYTIME_TD,Courtland Sutton,,,,,0.2439,false,5
2026-09-20T20:36:15.471Z,2026-09-20,2026-09-20T20:05:33Z,Jacksonville Jaguars @ Denver Broncos,ANYTIME_TD,Parker Washington,,,,,0.274,false,5
2026-09-20T20:36:15.471Z,2026-09-20,2026-09-20T20:05:33Z,Jacksonville Jaguars @ Denver Broncos,ANYTIME_TD,Jakobi Meyers,,,,,0.2105,false,5
2026-09-20T20:36:15.471Z,2026-09-20,2026-09-20T20:05:33Z,Jacksonville Jaguars @ Denver Broncos,ANYTIME_TD,Chris Rodriguez Jr.,,,,,0.2128,false,5
2026-09-20T20:36:15.471Z,2026-09-20,2026-09-20T20:05:33Z,Jacksonville Jaguars @ Denver Broncos,ANYTIME_TD,Brenton Strange,,,,,0.2041,false,5
2026-09-20T20:36:15.471Z,2026-09-20,2026-09-20T20:05:33Z,Jacksonville Jaguars @ Denver Broncos,ANYTIME_TD,Trevor Lawrence,,,,,0.1739,false,5
2026-09-20T20:36:15.471Z,2026-09-20,2026-09-20T20:05:33Z,Jacksonville Jaguars @ Denver Broncos,ANYTIME_TD,Brian Thomas Jr,,,,,0.1905,false,5
2026-09-20T20:36:15.471Z,2026-09-20,2026-09-20T20:05:33Z,Jacksonville Jaguars @ Denver Broncos,ANYTIME_TD,Evan Engram,,,,,0.1905,false,5
2026-09-20T20:36:15.471Z,2026-09-20,2026-09-20T20:05:33Z,Jacksonville Jaguars @ Denver Broncos,ANYTIME_TD,Pat Bryant,,,,,0.1786,false,5
2026-09-20T20:36:15.471Z,2026-09-20,2026-09-20T20:05:33Z,Jacksonville Jaguars @ Denver Broncos,ANYTIME_TD,Bo Nix,,,,,0.1739,false,5
2026-09-20T20:36:15.471Z,2026-09-20,2026-09-20T20:05:33Z,Jacksonville Jaguars @ Denver Broncos,ANYTIME_TD,Jonah Coleman,,,,,0.1538,false,3
2026-09-20T20:36:15.471Z,2026-09-20,2026-09-20T20:05:33Z,Jacksonville Jaguars @ Denver Broncos,ANYTIME_TD,Denver Broncos D/ST,,,,,0.1429,false,3
2026-09-20T20:36:15.471Z,2026-09-20,2026-09-20T20:05:33Z,Jacksonville Jaguars @ Denver Broncos,ANYTIME_TD,Jacksonville Jaguars D/ST,,,,,0.129,false,3
2026-09-20T20:36:15.471Z,2026-09-20,2026-09-20T20:05:33Z,Jacksonville Jaguars @ Denver Broncos,ANYTIME_TD,Adam Trautman,,,,,0.1,false,5
2026-09-20T20:36:15.471Z,2026-09-20,2026-09-20T20:05:33Z,Jacksonville Jaguars @ Denver Broncos,ANYTIME_TD,Tyler Badie,,,,,0.0909,false,4
2026-09-20T20:36:15.471Z,2026-09-20,2026-09-20T20:05:33Z,Jacksonville Jaguars @ Denver Broncos,ANYTIME_TD,Nate Boerkircher,,,,,0.0833,false,5
2026-09-20T20:36:15.471Z,2026-09-20,2026-09-20T20:05:33Z,Jacksonville Jaguars @ Denver Broncos,ANYTIME_TD,Troy Franklin,,,,,0.0909,false,5
2026-09-20T20:36:15.471Z,2026-09-20,2026-09-20T20:05:33Z,Jacksonville Jaguars @ Denver Broncos,ANYTIME_TD,Travis Hunter,,,,,0.0476,false,5
2026-09-20T20:36:15.471Z,2026-09-20,2026-09-20T20:05:33Z,Jacksonville Jaguars @ Denver Broncos,ANYTIME_TD,Josh Cameron,,,,,0.05,false,5
2026-09-20T20:36:15.471Z,2026-09-20,2026-09-20T20:05:33Z,Jacksonville Jaguars @ Denver Broncos,ANYTIME_TD,Ameer Abdullah,,,,,0.0476,false,4
2026-09-20T20:36:15.471Z,2026-09-20,2026-09-20T20:05:33Z,Jacksonville Jaguars @ Denver Broncos,ANYTIME_TD,LeQuint Allen Jr.,,,,,0.0435,false,5
2026-09-20T20:36:15.471Z,2026-09-20,2026-09-20T20:05:33Z,Jacksonville Jaguars @ Denver Broncos,ANYTIME_TD,Nate Adkins,,,,,0.0385,false,5
2026-09-20T20:36:15.471Z,2026-09-20,2026-09-20T20:05:33Z,Jacksonville Jaguars @ Denver Broncos,ANYTIME_TD,Quintin Morris,,,,,0.0345,false,5
2026-09-20T20:36:15.471Z,2026-09-20,2026-09-20T20:05:33Z,Jacksonville Jaguars @ Denver Broncos,ANYTIME_TD,Lil'Jordan Humphrey,,,,,0.0323,false,4
2026-09-20T20:36:15.471Z,2026-09-20,2026-09-20T20:05:33Z,Jacksonville Jaguars @ Denver Broncos,ANYTIME_TD,Jacksonville Jaguars Defense,,,,,0.1053,false,1
2026-09-20T20:36:15.471Z,2026-09-20,2026-09-20T20:05:33Z,Jacksonville Jaguars @ Denver Broncos,ANYTIME_TD,Denver Broncos Defense,,,,,0.1,false,1
2026-09-20T20:36:15.471Z,2026-09-20,2026-09-20T20:25:36Z,Washington Commanders @ Dallas Cowboys,QB_PASS_YARDS,Dak Prescott,279.5,-114,-114,,,,6
2026-09-20T20:36:15.471Z,2026-09-20,2026-09-20T20:25:36Z,Washington Commanders @ Dallas Cowboys,QB_PASS_YARDS,Jayden Daniels,224.5,-120,-108,,,,3
2026-09-20T20:36:15.471Z,2026-09-20,2026-09-20T20:25:36Z,Washington Commanders @ Dallas Cowboys,RB_RUSH_YARDS,Javonte Williams,72.5,-115,-115,,,,6
2026-09-20T20:36:15.471Z,2026-09-20,2026-09-20T20:25:36Z,Washington Commanders @ Dallas Cowboys,RB_RUSH_YARDS,Jacory Croskey-Merritt,42.5,-115,-120,,,,3
2026-09-20T20:36:15.471Z,2026-09-20,2026-09-20T20:25:36Z,Washington Commanders @ Dallas Cowboys,RB_RUSH_YARDS,Jayden Daniels,34.5,-120,-110,,,,4
2026-09-20T20:36:15.471Z,2026-09-20,2026-09-20T20:25:36Z,Washington Commanders @ Dallas Cowboys,RB_RUSH_YARDS,Dak Prescott,17.5,-105,-112,,,,6
2026-09-20T20:36:15.471Z,2026-09-20,2026-09-20T20:25:36Z,Washington Commanders @ Dallas Cowboys,RB_RUSH_YARDS,Rachaad White,19.5,-110,-120,,,,3
2026-09-20T20:36:15.471Z,2026-09-20,2026-09-20T20:25:36Z,Washington Commanders @ Dallas Cowboys,RB_RUSH_YARDS,Emari Demercado,10.5,-114,-105,,,,4
2026-09-20T20:36:15.471Z,2026-09-20,2026-09-20T20:25:36Z,Washington Commanders @ Dallas Cowboys,WR_REC_YARDS,CeeDee Lamb,103.5,-115,-115,,,,6
2026-09-20T20:36:15.471Z,2026-09-20,2026-09-20T20:25:36Z,Washington Commanders @ Dallas Cowboys,WR_REC_YARDS,George Pickens,57.5,-115,-115,,,,6
2026-09-20T20:36:15.471Z,2026-09-20,2026-09-20T20:25:36Z,Washington Commanders @ Dallas Cowboys,WR_REC_YARDS,Terry McLaurin,51.5,-115,-115,,,,4
2026-09-20T20:36:15.471Z,2026-09-20,2026-09-20T20:25:36Z,Washington Commanders @ Dallas Cowboys,WR_REC_YARDS,Stefon Diggs,50.5,-115,-120,,,,4
2026-09-20T20:36:15.471Z,2026-09-20,2026-09-20T20:25:36Z,Washington Commanders @ Dallas Cowboys,WR_REC_YARDS,Antonio Williams,26.5,-120,-115,,,,4
2026-09-20T20:36:15.471Z,2026-09-20,2026-09-20T20:25:36Z,Washington Commanders @ Dallas Cowboys,WR_REC_YARDS,Ryan Flournoy,24.5,-115,-112,,,,5
2026-09-20T20:36:15.471Z,2026-09-20,2026-09-20T20:25:36Z,Washington Commanders @ Dallas Cowboys,WR_REC_YARDS,Jake Ferguson,22.5,-112,-115,,,,5
2026-09-20T20:36:15.471Z,2026-09-20,2026-09-20T20:25:36Z,Washington Commanders @ Dallas Cowboys,WR_REC_YARDS,Javonte Williams,18.5,-110,-110,,,,5
2026-09-20T20:36:15.471Z,2026-09-20,2026-09-20T20:25:36Z,Washington Commanders @ Dallas Cowboys,WR_REC_YARDS,John Bates,14.5,-120,-110,,,,3
2026-09-20T20:36:15.471Z,2026-09-20,2026-09-20T20:25:36Z,Washington Commanders @ Dallas Cowboys,WR_REC_YARDS,Rachaad White,11.5,-115,-111,,,,2
2026-09-20T20:36:15.471Z,2026-09-20,2026-09-20T20:25:36Z,Washington Commanders @ Dallas Cowboys,WR_REC_YARDS,Ben Sinnott,17.5,-120,-110,,,,1
2026-09-20T20:36:15.471Z,2026-09-20,2026-09-20T20:25:36Z,Washington Commanders @ Dallas Cowboys,WR_REC_YARDS,Dyami Brown,10.5,-115,-115,,,,1
2026-09-20T20:36:15.471Z,2026-09-20,2026-09-20T20:25:36Z,Washington Commanders @ Dallas Cowboys,WR_REC_YARDS,Jacory Croskey-Merritt,1.5,-120,-110,,,,1
2026-09-20T20:36:15.471Z,2026-09-20,2026-09-20T20:25:36Z,Washington Commanders @ Dallas Cowboys,ANYTIME_TD,Javonte Williams,,,,,0.6,false,6
2026-09-20T20:36:15.471Z,2026-09-20,2026-09-20T20:25:36Z,Washington Commanders @ Dallas Cowboys,ANYTIME_TD,Jacory Croskey-Merritt,,,,,0.4444,false,6
2026-09-20T20:36:15.471Z,2026-09-20,2026-09-20T20:25:36Z,Washington Commanders @ Dallas Cowboys,ANYTIME_TD,George Pickens,,,,,0.3774,false,6
2026-09-20T20:36:15.471Z,2026-09-20,2026-09-20T20:25:36Z,Washington Commanders @ Dallas Cowboys,ANYTIME_TD,Jayden Daniels,,,,,0.3125,false,6
2026-09-20T20:36:15.471Z,2026-09-20,2026-09-20T20:25:36Z,Washington Commanders @ Dallas Cowboys,ANYTIME_TD,Stefon Diggs,,,,,0.3125,false,6
2026-09-20T20:36:15.471Z,2026-09-20,2026-09-20T20:25:36Z,Washington Commanders @ Dallas Cowboys,ANYTIME_TD,Terry McLaurin,,,,,0.3077,false,6
2026-09-20T20:36:15.471Z,2026-09-20,2026-09-20T20:25:36Z,Washington Commanders @ Dallas Cowboys,ANYTIME_TD,Rachaad White,,,,,0.2899,false,6
2026-09-20T20:36:15.471Z,2026-09-20,2026-09-20T20:25:36Z,Washington Commanders @ Dallas Cowboys,ANYTIME_TD,Jake Ferguson,,,,,0.2326,false,6
2026-09-20T20:36:15.471Z,2026-09-20,2026-09-20T20:25:36Z,Washington Commanders @ Dallas Cowboys,ANYTIME_TD,Ryan Flournoy,,,,,0.1905,false,6
2026-09-20T20:36:15.471Z,2026-09-20,2026-09-20T20:25:36Z,Washington Commanders @ Dallas Cowboys,ANYTIME_TD,Emari Demercado,,,,,0.1667,false,5
2026-09-20T20:36:15.471Z,2026-09-20,2026-09-20T20:25:36Z,Washington Commanders @ Dallas Cowboys,ANYTIME_TD,Dak Prescott,,,,,0.1481,false,6
2026-09-20T20:36:15.471Z,2026-09-20,2026-09-20T20:25:36Z,Washington Commanders @ Dallas Cowboys,ANYTIME_TD,Kaytron Allen,,,,,0.1,false,6
2026-09-20T20:36:15.471Z,2026-09-20,2026-09-20T20:25:36Z,Washington Commanders @ Dallas Cowboys,ANYTIME_TD,Washington Commanders D/ST,,,,,0.125,false,3
2026-09-20T20:36:15.471Z,2026-09-20,2026-09-20T20:25:36Z,Washington Commanders @ Dallas Cowboys,ANYTIME_TD,KaVontae Turpin,,,,,0.1111,false,6
2026-09-20T20:36:15.471Z,2026-09-20,2026-09-20T20:25:36Z,Washington Commanders @ Dallas Cowboys,ANYTIME_TD,Dyami Brown,,,,,0.1111,false,6
2026-09-20T20:36:15.471Z,2026-09-20,2026-09-20T20:25:36Z,Washington Commanders @ Dallas Cowboys,ANYTIME_TD,Brevyn Spann-Ford,,,,,0.1,false,6
2026-09-20T20:36:15.471Z,2026-09-20,2026-09-20T20:25:36Z,Washington Commanders @ Dallas Cowboys,ANYTIME_TD,Hunter Luepke,,,,,0.0833,false,6
2026-09-20T20:36:15.471Z,2026-09-20,2026-09-20T20:25:36Z,Washington Commanders @ Dallas Cowboys,ANYTIME_TD,Luke Schoonmaker,,,,,0.0714,false,6
2026-09-20T20:36:15.471Z,2026-09-20,2026-09-20T20:25:36Z,Washington Commanders @ Dallas Cowboys,ANYTIME_TD,Jonathan Mingo,,,,,0.0435,false,6
2026-09-20T20:36:15.471Z,2026-09-20,2026-09-20T20:25:36Z,Washington Commanders @ Dallas Cowboys,ANYTIME_TD,Jaylin Lane,,,,,0.069,false,6
2026-09-20T20:36:15.471Z,2026-09-20,2026-09-20T20:25:36Z,Washington Commanders @ Dallas Cowboys,ANYTIME_TD,Treylon Burks,,,,,0.0476,false,6
2026-09-20T20:36:15.471Z,2026-09-20,2026-09-20T20:25:36Z,Washington Commanders @ Dallas Cowboys,ANYTIME_TD,Colson Yankoff,,,,,0.0385,false,6
2026-09-20T20:36:15.471Z,2026-09-20,2026-09-20T20:25:36Z,Washington Commanders @ Dallas Cowboys,ANYTIME_TD,CeeDee Lamb,,,,,0.5,false,1
2026-09-20T20:36:15.471Z,2026-09-20,2026-09-20T20:25:36Z,Washington Commanders @ Dallas Cowboys,ANYTIME_TD,Luke McCaffrey,,,,,0.0667,false,1
2026-09-20T20:36:15.471Z,2026-09-20,2026-09-20T20:25:36Z,Washington Commanders @ Dallas Cowboys,ANYTIME_TD,Camden Brown,,,,,0.0714,false,1
2026-09-20T20:36:15.471Z,2026-09-20,2026-09-20T20:25:36Z,Washington Commanders @ Dallas Cowboys,ANYTIME_TD,Washington Commanders Defense,,,,,0.1053,false,1
2026-09-20T20:36:15.471Z,2026-09-20,2026-09-20T20:25:38Z,Seattle Seahawks @ Arizona Cardinals,QB_PASS_YARDS,Drew Lock,264.5,-115,-115,,,,6
2026-09-20T20:36:15.471Z,2026-09-20,2026-09-20T20:25:38Z,Seattle Seahawks @ Arizona Cardinals,QB_PASS_YARDS,Jacoby Brissett,216.5,-116,-111,,,,2
2026-09-20T20:36:15.471Z,2026-09-20,2026-09-20T20:25:38Z,Seattle Seahawks @ Arizona Cardinals,RB_RUSH_YARDS,Jadarian Price,63.5,-115,-112,,,,6
2026-09-20T20:36:15.471Z,2026-09-20,2026-09-20T20:25:38Z,Seattle Seahawks @ Arizona Cardinals,RB_RUSH_YARDS,George Holani,29.5,-110,-114,,,,5
2026-09-20T20:36:15.471Z,2026-09-20,2026-09-20T20:25:38Z,Seattle Seahawks @ Arizona Cardinals,RB_RUSH_YARDS,Jeremiyah Love,33.5,-115,-115,,,,5
2026-09-20T20:36:15.471Z,2026-09-20,2026-09-20T20:25:38Z,Seattle Seahawks @ Arizona Cardinals,RB_RUSH_YARDS,Tyler Allgeier,30.5,-120,-115,,,,4
2026-09-20T20:36:15.471Z,2026-09-20,2026-09-20T20:25:38Z,Seattle Seahawks @ Arizona Cardinals,RB_RUSH_YARDS,Jacoby Brissett,8.5,-115,-115,,,,4
2026-09-20T20:36:15.471Z,2026-09-20,2026-09-20T20:25:38Z,Seattle Seahawks @ Arizona Cardinals,RB_RUSH_YARDS,Drew Lock,6.5,-110,-115,,,,5
2026-09-20T20:36:15.471Z,2026-09-20,2026-09-20T20:25:38Z,Seattle Seahawks @ Arizona Cardinals,WR_REC_YARDS,Jaxon Smith-Njigba,153.5,-114,-114,,,,6
2026-09-20T20:36:15.471Z,2026-09-20,2026-09-20T20:25:38Z,Seattle Seahawks @ Arizona Cardinals,WR_REC_YARDS,Michael Wilson,37.5,-114,-110,,,,5
2026-09-20T20:36:15.471Z,2026-09-20,2026-09-20T20:25:38Z,Seattle Seahawks @ Arizona Cardinals,WR_REC_YARDS,Marvin Harrison Jr.,35.5,-120,-115,,,,4
2026-09-20T20:36:15.471Z,2026-09-20,2026-09-20T20:25:38Z,Seattle Seahawks @ Arizona Cardinals,WR_REC_YARDS,Kendrick Bourne,24.5,-116,-111,,,,4
2026-09-20T20:36:15.471Z,2026-09-20,2026-09-20T20:25:38Z,Seattle Seahawks @ Arizona Cardinals,WR_REC_YARDS,Rashid Shaheed,21.5,-118,-112,,,,6
2026-09-20T20:36:15.471Z,2026-09-20,2026-09-20T20:25:38Z,Seattle Seahawks @ Arizona Cardinals,WR_REC_YARDS,AJ Barner,19.5,-112,-111,,,,6
2026-09-20T20:36:15.471Z,2026-09-20,2026-09-20T20:25:38Z,Seattle Seahawks @ Arizona Cardinals,WR_REC_YARDS,Cooper Kupp,20.5,-110,-118,,,,6
2026-09-20T20:36:15.471Z,2026-09-20,2026-09-20T20:25:38Z,Seattle Seahawks @ Arizona Cardinals,WR_REC_YARDS,Jeremiyah Love,17.5,-114,-110,,,,5
2026-09-20T20:36:15.471Z,2026-09-20,2026-09-20T20:25:38Z,Seattle Seahawks @ Arizona Cardinals,WR_REC_YARDS,Jadarian Price,7.5,-110,-110,,,,5
2026-09-20T20:36:15.471Z,2026-09-20,2026-09-20T20:25:38Z,Seattle Seahawks @ Arizona Cardinals,WR_REC_YARDS,Trey McBride,60.5,-116,-111,,,,2
2026-09-20T20:36:15.471Z,2026-09-20,2026-09-20T20:25:38Z,Seattle Seahawks @ Arizona Cardinals,WR_REC_YARDS,George Holani,6.5,-115,-115,,,,1
2026-09-20T20:36:15.471Z,2026-09-20,2026-09-20T20:25:38Z,Seattle Seahawks @ Arizona Cardinals,WR_REC_YARDS,Tyler Allgeier,7.5,-120,-110,,,,1
2026-09-20T20:36:15.471Z,2026-09-20,2026-09-20T20:25:38Z,Seattle Seahawks @ Arizona Cardinals,ANYTIME_TD,Jadarian Price,,,,,0.4,false,6
2026-09-20T20:36:15.471Z,2026-09-20,2026-09-20T20:25:38Z,Seattle Seahawks @ Arizona Cardinals,ANYTIME_TD,Trey McBride,,,,,0.339,false,6
2026-09-20T20:36:15.471Z,2026-09-20,2026-09-20T20:25:38Z,Seattle Seahawks @ Arizona Cardinals,ANYTIME_TD,George Holani,,,,,0.3125,false,6
2026-09-20T20:36:15.471Z,2026-09-20,2026-09-20T20:25:38Z,Seattle Seahawks @ Arizona Cardinals,ANYTIME_TD,Tyler Allgeier,,,,,0.2899,false,6
2026-09-20T20:36:15.471Z,2026-09-20,2026-09-20T20:25:38Z,Seattle Seahawks @ Arizona Cardinals,ANYTIME_TD,Jeremiyah Love,,,,,0.303,false,6
2026-09-20T20:36:15.471Z,2026-09-20,2026-09-20T20:25:38Z,Seattle Seahawks @ Arizona Cardinals,ANYTIME_TD,Marvin Harrison Jr.,,,,,0.2174,false,6
2026-09-20T20:36:15.471Z,2026-09-20,2026-09-20T20:25:38Z,Seattle Seahawks @ Arizona Cardinals,ANYTIME_TD,AJ Barner,,,,,0.2083,false,6
2026-09-20T20:36:15.471Z,2026-09-20,2026-09-20T20:25:38Z,Seattle Seahawks @ Arizona Cardinals,ANYTIME_TD,Michael Wilson,,,,,0.2083,false,6
2026-09-20T20:36:15.471Z,2026-09-20,2026-09-20T20:25:38Z,Seattle Seahawks @ Arizona Cardinals,ANYTIME_TD,Cooper Kupp,,,,,0.1667,false,6
2026-09-20T20:36:15.471Z,2026-09-20,2026-09-20T20:25:38Z,Seattle Seahawks @ Arizona Cardinals,ANYTIME_TD,Rashid Shaheed,,,,,0.1667,false,6
2026-09-20T20:36:15.471Z,2026-09-20,2026-09-20T20:25:38Z,Seattle Seahawks @ Arizona Cardinals,ANYTIME_TD,Drew Lock,,,,,0.1176,false,6
2026-09-20T20:36:15.471Z,2026-09-20,2026-09-20T20:25:38Z,Seattle Seahawks @ Arizona Cardinals,ANYTIME_TD,Arizona Cardinals D/ST,,,,,0.125,false,3
2026-09-20T20:36:15.471Z,2026-09-20,2026-09-20T20:25:38Z,Seattle Seahawks @ Arizona Cardinals,ANYTIME_TD,Emanuel Wilson,,,,,0.129,false,6
2026-09-20T20:36:15.471Z,2026-09-20,2026-09-20T20:25:38Z,Seattle Seahawks @ Arizona Cardinals,ANYTIME_TD,Jacoby Brissett,,,,,0.1053,false,6
2026-09-20T20:36:15.471Z,2026-09-20,2026-09-20T20:25:38Z,Seattle Seahawks @ Arizona Cardinals,ANYTIME_TD,Tory Horton,,,,,0.0769,false,6
2026-09-20T20:36:15.471Z,2026-09-20,2026-09-20T20:25:38Z,Seattle Seahawks @ Arizona Cardinals,ANYTIME_TD,Elijah Arroyo,,,,,0.0769,false,6
2026-09-20T20:36:15.471Z,2026-09-20,2026-09-20T20:25:38Z,Seattle Seahawks @ Arizona Cardinals,ANYTIME_TD,Elijah Higgins,,,,,0.0588,false,6
2026-09-20T20:36:15.471Z,2026-09-20,2026-09-20T20:25:38Z,Seattle Seahawks @ Arizona Cardinals,ANYTIME_TD,Hunter Long,,,,,0.0526,false,5
2026-09-20T20:36:15.471Z,2026-09-20,2026-09-20T20:25:38Z,Seattle Seahawks @ Arizona Cardinals,ANYTIME_TD,Simi Fehoko,,,,,0.0244,false,6
2026-09-20T20:36:15.471Z,2026-09-20,2026-09-20T20:25:38Z,Seattle Seahawks @ Arizona Cardinals,ANYTIME_TD,Nick Kallerup,,,,,0.0323,false,5
2026-09-20T20:36:15.471Z,2026-09-20,2026-09-20T20:25:38Z,Seattle Seahawks @ Arizona Cardinals,ANYTIME_TD,Jalen Brooks,,,,,0.0217,false,6
2026-09-20T20:36:15.471Z,2026-09-20,2026-09-20T20:25:38Z,Seattle Seahawks @ Arizona Cardinals,ANYTIME_TD,Zonovan Knight,,,,,0.0164,false,4
2026-09-20T20:36:15.471Z,2026-09-20,2026-09-20T20:25:38Z,Seattle Seahawks @ Arizona Cardinals,ANYTIME_TD,Montorie Foster Jr.,,,,,0.0286,false,1
2026-09-20T20:36:15.471Z,2026-09-20,2026-09-20T20:25:38Z,Seattle Seahawks @ Arizona Cardinals,ANYTIME_TD,Reggie Virgil,,,,,0.0333,false,1
2026-09-20T20:36:15.471Z,2026-09-20,2026-09-20T20:25:38Z,Seattle Seahawks @ Arizona Cardinals,ANYTIME_TD,Arizona Cardinals Defense,,,,,0.1111,false,1
2026-09-20T20:36:15.471Z,2026-09-20,2026-09-20T20:25:38Z,Seattle Seahawks @ Arizona Cardinals,ANYTIME_TD,Seattle Seahawks Defense,,,,,0.1176,false,1
2026-09-20T20:36:15.471Z,2026-09-20,2026-09-20T20:25:38Z,Seattle Seahawks @ Arizona Cardinals,ANYTIME_TD,Bam Knight,,,,,0.0164,false,2
2026-09-20T20:36:15.471Z,2026-09-20,2026-09-20T20:26:23Z,Miami Dolphins @ San Francisco 49ers,QB_PASS_YARDS,Brock Purdy,233.5,-114,-114,,,,6
2026-09-20T20:36:15.471Z,2026-09-20,2026-09-20T20:26:23Z,Miami Dolphins @ San Francisco 49ers,QB_PASS_YARDS,Malik Willis,189.5,-114,-114,,,,5
2026-09-20T20:36:15.471Z,2026-09-20,2026-09-20T20:26:23Z,Miami Dolphins @ San Francisco 49ers,RB_RUSH_YARDS,De'Von Achane,58.5,-115,-111,,,,6
2026-09-20T20:36:15.471Z,2026-09-20,2026-09-20T20:26:23Z,Miami Dolphins @ San Francisco 49ers,RB_RUSH_YARDS,Kaelon Black,37.5,-114,-114,,,,5
2026-09-20T20:36:15.471Z,2026-09-20,2026-09-20T20:26:23Z,Miami Dolphins @ San Francisco 49ers,RB_RUSH_YARDS,Malik Willis,31.5,-115,-112,,,,6
2026-09-20T20:36:15.471Z,2026-09-20,2026-09-20T20:26:23Z,Miami Dolphins @ San Francisco 49ers,RB_RUSH_YARDS,Brock Purdy,12.5,-110,-120,,,,5
2026-09-20T20:36:15.471Z,2026-09-20,2026-09-20T20:26:23Z,Miami Dolphins @ San Francisco 49ers,RB_RUSH_YARDS,Deebo Samuel,6.5,-106,-120,,,,4
2026-09-20T20:36:15.471Z,2026-09-20,2026-09-20T20:26:23Z,Miami Dolphins @ San Francisco 49ers,RB_RUSH_YARDS,Christian McCaffrey,57.5,-122,-129,,,,4
2026-09-20T20:36:15.471Z,2026-09-20,2026-09-20T20:26:23Z,Miami Dolphins @ San Francisco 49ers,RB_RUSH_YARDS,Kyle Juszczyk,0.5,425,-700,,,,1
2026-09-20T20:36:15.471Z,2026-09-20,2026-09-20T20:26:23Z,Miami Dolphins @ San Francisco 49ers,WR_REC_YARDS,Mike Evans,45.5,-115,-120,,,,5
2026-09-20T20:36:15.471Z,2026-09-20,2026-09-20T20:26:23Z,Miami Dolphins @ San Francisco 49ers,WR_REC_YARDS,Christian McCaffrey,34.5,-115,-115,,,,5
2026-09-20T20:36:15.471Z,2026-09-20,2026-09-20T20:26:23Z,Miami Dolphins @ San Francisco 49ers,WR_REC_YARDS,George Kittle,36.5,-115,-115,,,,5
2026-09-20T20:36:15.471Z,2026-09-20,2026-09-20T20:26:23Z,Miami Dolphins @ San Francisco 49ers,WR_REC_YARDS,Caleb Douglas,33.5,-115,-115,,,,6
2026-09-20T20:36:15.471Z,2026-09-20,2026-09-20T20:26:23Z,Miami Dolphins @ San Francisco 49ers,WR_REC_YARDS,Deebo Samuel,33.5,-114,-114,,,,5
2026-09-20T20:36:15.471Z,2026-09-20,2026-09-20T20:26:23Z,Miami Dolphins @ San Francisco 49ers,WR_REC_YARDS,Demarcus Robinson,31.5,-114,-114,,,,4
2026-09-20T20:36:15.471Z,2026-09-20,2026-09-20T20:26:23Z,Miami Dolphins @ San Francisco 49ers,WR_REC_YARDS,Malik Washington,30.5,-115,-112,,,,6
2026-09-20T20:36:15.471Z,2026-09-20,2026-09-20T20:26:23Z,Miami Dolphins @ San Francisco 49ers,WR_REC_YARDS,De'Von Achane,28.5,-120,-110,,,,6
2026-09-20T20:36:15.471Z,2026-09-20,2026-09-20T20:26:23Z,Miami Dolphins @ San Francisco 49ers,WR_REC_YARDS,Greg Dulcich,17.5,-118,-110,,,,5
2026-09-20T20:36:15.471Z,2026-09-20,2026-09-20T20:26:23Z,Miami Dolphins @ San Francisco 49ers,WR_REC_YARDS,Chris Bell,17.5,-110,-110,,,,5
2026-09-20T20:36:15.471Z,2026-09-20,2026-09-20T20:26:23Z,Miami Dolphins @ San Francisco 49ers,WR_REC_YARDS,Kaelon Black,0.5,-110,-120,,,,1
2026-09-20T20:36:15.471Z,2026-09-20,2026-09-20T20:26:23Z,Miami Dolphins @ San Francisco 49ers,WR_REC_YARDS,Kyle Juszczyk,7.5,-115,-115,,,,1
2026-09-20T20:36:15.471Z,2026-09-20,2026-09-20T20:26:23Z,Miami Dolphins @ San Francisco 49ers,ANYTIME_TD,Christian McCaffrey,,,,,0.7015,false,6
2026-09-20T20:36:15.471Z,2026-09-20,2026-09-20T20:26:23Z,Miami Dolphins @ San Francisco 49ers,ANYTIME_TD,De'Von Achane,,,,,0.3704,false,6
2026-09-20T20:36:15.471Z,2026-09-20,2026-09-20T20:26:23Z,Miami Dolphins @ San Francisco 49ers,ANYTIME_TD,George Kittle,,,,,0.339,false,6
2026-09-20T20:36:15.471Z,2026-09-20,2026-09-20T20:26:23Z,Miami Dolphins @ San Francisco 49ers,ANYTIME_TD,Deebo Samuel,,,,,0.2857,false,6
2026-09-20T20:36:15.471Z,2026-09-20,2026-09-20T20:26:23Z,Miami Dolphins @ San Francisco 49ers,ANYTIME_TD,Kaelon Black,,,,,0.2632,false,6
2026-09-20T20:36:15.471Z,2026-09-20,2026-09-20T20:26:23Z,Miami Dolphins @ San Francisco 49ers,ANYTIME_TD,Demarcus Robinson,,,,,0.2326,false,6
2026-09-20T20:36:15.471Z,2026-09-20,2026-09-20T20:26:23Z,Miami Dolphins @ San Francisco 49ers,ANYTIME_TD,Malik Willis,,,,,0.2,false,6
2026-09-20T20:36:15.471Z,2026-09-20,2026-09-20T20:26:23Z,Miami Dolphins @ San Francisco 49ers,ANYTIME_TD,Caleb Douglas,,,,,0.1667,false,6
2026-09-20T20:36:15.471Z,2026-09-20,2026-09-20T20:26:23Z,Miami Dolphins @ San Francisco 49ers,ANYTIME_TD,Malik Washington,,,,,0.1667,false,6
2026-09-20T20:36:15.471Z,2026-09-20,2026-09-20T20:26:23Z,Miami Dolphins @ San Francisco 49ers,ANYTIME_TD,San Francisco 49ers D/ST,,,,,0.1429,false,3
2026-09-20T20:36:15.471Z,2026-09-20,2026-09-20T20:26:23Z,Miami Dolphins @ San Francisco 49ers,ANYTIME_TD,Greg Dulcich,,,,,0.125,false,6
2026-09-20T20:36:15.471Z,2026-09-20,2026-09-20T20:26:23Z,Miami Dolphins @ San Francisco 49ers,ANYTIME_TD,Chris Bell,,,,,0.1176,false,6
2026-09-20T20:36:15.471Z,2026-09-20,2026-09-20T20:26:23Z,Miami Dolphins @ San Francisco 49ers,ANYTIME_TD,Miami Dolphins D/ST,,,,,0.1111,false,3
2026-09-20T20:36:15.471Z,2026-09-20,2026-09-20T20:26:23Z,Miami Dolphins @ San Francisco 49ers,ANYTIME_TD,Kyle Juszczyk,,,,,0.1,false,6
2026-09-20T20:36:15.471Z,2026-09-20,2026-09-20T20:26:23Z,Miami Dolphins @ San Francisco 49ers,ANYTIME_TD,Ollie Gordon II,,,,,0.0667,false,6
2026-09-20T20:36:15.471Z,2026-09-20,2026-09-20T20:26:23Z,Miami Dolphins @ San Francisco 49ers,ANYTIME_TD,James Jordan,,,,,0.0667,false,5
2026-09-20T20:36:15.471Z,2026-09-20,2026-09-20T20:26:23Z,Miami Dolphins @ San Francisco 49ers,ANYTIME_TD,Jaylen Wright,,,,,0.0588,false,6
2026-09-20T20:36:15.471Z,2026-09-20,2026-09-20T20:26:23Z,Miami Dolphins @ San Francisco 49ers,ANYTIME_TD,Ryan Miller,,,,,0.0217,false,6
2026-09-20T20:36:15.471Z,2026-09-20,2026-09-20T20:26:23Z,Miami Dolphins @ San Francisco 49ers,ANYTIME_TD,KhaDarel Hodge,,,,,0.0217,false,4
2026-09-20T20:36:15.471Z,2026-09-20,2026-09-20T20:26:23Z,Miami Dolphins @ San Francisco 49ers,ANYTIME_TD,DJ Herman,,,,,0.0244,false,4
2026-09-20T20:36:15.471Z,2026-09-20,2026-09-20T20:26:23Z,Miami Dolphins @ San Francisco 49ers,ANYTIME_TD,Seydou Traore,,,,,0.0217,false,6
2026-09-20T20:36:15.471Z,2026-09-20,2026-09-20T20:26:23Z,Miami Dolphins @ San Francisco 49ers,ANYTIME_TD,Jordan Watkins,,,,,0.04,false,1
2026-09-20T20:36:15.471Z,2026-09-20,2026-09-20T20:26:23Z,Miami Dolphins @ San Francisco 49ers,ANYTIME_TD,Miami Dolphins Defense,,,,,0.1333,false,1
2026-09-20T20:36:15.471Z,2026-09-20,2026-09-20T20:26:23Z,Miami Dolphins @ San Francisco 49ers,ANYTIME_TD,San Francisco 49ers Defense,,,,,0.1053,false,1
2026-09-20T20:36:15.471Z,2026-09-20,2026-09-21T00:20:00Z,Indianapolis Colts @ Kansas City Chiefs,RB_RUSH_YARDS,Jonathan Taylor,81.5,-114,-115,,,,6
2026-09-20T20:36:15.471Z,2026-09-20,2026-09-21T00:20:00Z,Indianapolis Colts @ Kansas City Chiefs,WR_REC_YARDS,Rashee Rice,48.5,-109,-113,,,,6
2026-09-20T20:36:15.471Z,2026-09-20,2026-09-21T00:20:00Z,Indianapolis Colts @ Kansas City Chiefs,WR_REC_YARDS,Travis Kelce,42.5,-106,-115,,,,6
2026-09-20T20:36:15.471Z,2026-09-20,2026-09-21T00:20:00Z,Indianapolis Colts @ Kansas City Chiefs,WR_REC_YARDS,Xavier Worthy,41.5,-109,-115,,,,6
2026-09-20T23:38:07.292Z,2026-09-20,2026-09-20T20:25:36Z,Washington Commanders @ Dallas Cowboys,ANYTIME_TD,Terry McLaurin,,,,,0.05,false,1
2026-09-20T23:38:07.292Z,2026-09-20,2026-09-20T20:25:36Z,Washington Commanders @ Dallas Cowboys,ANYTIME_TD,Rachaad White,,,,,0.0435,false,1
2026-09-20T23:38:07.292Z,2026-09-20,2026-09-20T20:25:36Z,Washington Commanders @ Dallas Cowboys,ANYTIME_TD,Kaytron Allen,,,,,0.0435,false,1
2026-09-20T23:38:07.292Z,2026-09-20,2026-09-20T20:25:36Z,Washington Commanders @ Dallas Cowboys,ANYTIME_TD,Antonio Williams,,,,,0.0357,false,1
2026-09-20T23:38:07.292Z,2026-09-20,2026-09-20T20:25:36Z,Washington Commanders @ Dallas Cowboys,ANYTIME_TD,John Bates,,,,,0.0217,false,1
2026-09-20T23:38:07.292Z,2026-09-20,2026-09-20T20:25:36Z,Washington Commanders @ Dallas Cowboys,ANYTIME_TD,Jayden Daniels,,,,,0.0196,false,1
2026-09-20T23:38:07.292Z,2026-09-20,2026-09-20T20:25:36Z,Washington Commanders @ Dallas Cowboys,ANYTIME_TD,Jacory Croskey-Merritt,,,,,0.0196,false,1
2026-09-20T23:38:07.292Z,2026-09-20,2026-09-20T20:25:36Z,Washington Commanders @ Dallas Cowboys,ANYTIME_TD,Dyami Brown,,,,,0.0196,false,1
2026-09-20T23:38:07.292Z,2026-09-20,2026-09-20T20:25:36Z,Washington Commanders @ Dallas Cowboys,ANYTIME_TD,Dallas Cowboys Defense,,,,,0.0164,false,1
2026-09-20T23:38:07.292Z,2026-09-20,2026-09-20T20:25:36Z,Washington Commanders @ Dallas Cowboys,ANYTIME_TD,Ben Sinnott,,,,,0.0152,false,1
2026-09-20T23:38:07.292Z,2026-09-20,2026-09-21T00:20:00Z,Indianapolis Colts @ Kansas City Chiefs,QB_PASS_YARDS,Patrick Mahomes,221.5,-113,-111,,,,6
2026-09-20T23:38:07.292Z,2026-09-20,2026-09-21T00:20:00Z,Indianapolis Colts @ Kansas City Chiefs,QB_PASS_YARDS,Daniel Jones,216.5,-113,-109,,,,6
2026-09-20T23:38:07.292Z,2026-09-20,2026-09-21T00:20:00Z,Indianapolis Colts @ Kansas City Chiefs,RB_RUSH_YARDS,Kenneth Walker III,83.5,-115,-108,,,,6
2026-09-20T23:38:07.292Z,2026-09-20,2026-09-21T00:20:00Z,Indianapolis Colts @ Kansas City Chiefs,RB_RUSH_YARDS,Jonathan Taylor,79.5,-113,-113,,,,6
2026-09-20T23:38:07.292Z,2026-09-20,2026-09-21T00:20:00Z,Indianapolis Colts @ Kansas City Chiefs,RB_RUSH_YARDS,Emmett Johnson,17.5,-112,-112,,,,5
2026-09-20T23:38:07.292Z,2026-09-20,2026-09-21T00:20:00Z,Indianapolis Colts @ Kansas City Chiefs,RB_RUSH_YARDS,Patrick Mahomes,17.5,-108,-113,,,,6
2026-09-20T23:38:07.292Z,2026-09-20,2026-09-21T00:20:00Z,Indianapolis Colts @ Kansas City Chiefs,RB_RUSH_YARDS,Daniel Jones,8.5,-113,-108,,,,5
2026-09-20T23:38:07.292Z,2026-09-20,2026-09-21T00:20:00Z,Indianapolis Colts @ Kansas City Chiefs,WR_REC_YARDS,Rashee Rice,48.5,-113,-110,,,,5
2026-09-20T23:38:07.292Z,2026-09-20,2026-09-21T00:20:00Z,Indianapolis Colts @ Kansas City Chiefs,WR_REC_YARDS,Alec Pierce,45.5,-111,-113,,,,6
2026-09-20T23:38:07.292Z,2026-09-20,2026-09-21T00:20:00Z,Indianapolis Colts @ Kansas City Chiefs,WR_REC_YARDS,Josh Downs,42.5,-113,-111,,,,6
2026-09-20T23:38:07.292Z,2026-09-20,2026-09-21T00:20:00Z,Indianapolis Colts @ Kansas City Chiefs,WR_REC_YARDS,Tyler Warren,43.5,-114,-110,,,,6
2026-09-20T23:38:07.292Z,2026-09-20,2026-09-21T00:20:00Z,Indianapolis Colts @ Kansas City Chiefs,WR_REC_YARDS,Travis Kelce,41.5,-112,-113,,,,6
2026-09-20T23:38:07.292Z,2026-09-20,2026-09-21T00:20:00Z,Indianapolis Colts @ Kansas City Chiefs,WR_REC_YARDS,Xavier Worthy,39.5,-115,-109,,,,6
2026-09-20T23:38:07.292Z,2026-09-20,2026-09-21T00:20:00Z,Indianapolis Colts @ Kansas City Chiefs,WR_REC_YARDS,Keenan Allen,29.5,-113,-108,,,,6
2026-09-20T23:38:07.292Z,2026-09-20,2026-09-21T00:20:00Z,Indianapolis Colts @ Kansas City Chiefs,WR_REC_YARDS,Kenneth Walker III,20.5,-113,-111,,,,6
2026-09-20T23:38:07.292Z,2026-09-20,2026-09-21T00:20:00Z,Indianapolis Colts @ Kansas City Chiefs,WR_REC_YARDS,Tyquan Thornton,16.5,-111,-111,,,,6
2026-09-20T23:38:07.292Z,2026-09-20,2026-09-21T00:20:00Z,Indianapolis Colts @ Kansas City Chiefs,WR_REC_YARDS,Jonathan Taylor,16.5,-111,-108,,,,6
2026-09-20T23:38:07.292Z,2026-09-20,2026-09-21T00:20:00Z,Indianapolis Colts @ Kansas City Chiefs,WR_REC_YARDS,Emmett Johnson,7.5,-112,-112,,,,5
2026-09-20T23:38:07.292Z,2026-09-20,2026-09-21T00:20:00Z,Indianapolis Colts @ Kansas City Chiefs,ANYTIME_TD,Kenneth Walker III,,,,,0.6774,false,6
2026-09-20T23:38:07.292Z,2026-09-20,2026-09-21T00:20:00Z,Indianapolis Colts @ Kansas City Chiefs,ANYTIME_TD,Travis Kelce,,,,,0.339,false,6
2026-09-20T23:38:07.292Z,2026-09-20,2026-09-21T00:20:00Z,Indianapolis Colts @ Kansas City Chiefs,ANYTIME_TD,Alec Pierce,,,,,0.2667,false,6
2026-09-20T23:38:07.292Z,2026-09-20,2026-09-21T00:20:00Z,Indianapolis Colts @ Kansas City Chiefs,ANYTIME_TD,Josh Downs,,,,,0.2041,false,6
2026-09-20T23:38:07.292Z,2026-09-20,2026-09-21T00:20:00Z,Indianapolis Colts @ Kansas City Chiefs,ANYTIME_TD,Keenan Allen,,,,,0.1905,false,6
2026-09-20T23:38:07.292Z,2026-09-20,2026-09-21T00:20:00Z,Indianapolis Colts @ Kansas City Chiefs,ANYTIME_TD,Tyquan Thornton,,,,,0.1429,false,6
2026-09-20T23:38:07.292Z,2026-09-20,2026-09-21T00:20:00Z,Indianapolis Colts @ Kansas City Chiefs,ANYTIME_TD,Indianapolis Colts D/ST,,,,,0.1333,false,3
2026-09-20T23:38:07.292Z,2026-09-20,2026-09-21T00:20:00Z,Indianapolis Colts @ Kansas City Chiefs,ANYTIME_TD,Mo Alie-Cox,,,,,0.0667,false,6
2026-09-20T23:38:07.292Z,2026-09-20,2026-09-21T00:20:00Z,Indianapolis Colts @ Kansas City Chiefs,ANYTIME_TD,Seth McGowan,,,,,0.0714,false,6
2026-09-20T23:38:07.292Z,2026-09-20,2026-09-21T00:20:00Z,Indianapolis Colts @ Kansas City Chiefs,ANYTIME_TD,Jake Briningstool,,,,,0.0588,false,6
2026-09-20T23:38:07.292Z,2026-09-20,2026-09-21T00:20:00Z,Indianapolis Colts @ Kansas City Chiefs,ANYTIME_TD,Brashard Smith,,,,,0.0435,false,6
2026-09-20T23:38:07.292Z,2026-09-20,2026-09-21T00:20:00Z,Indianapolis Colts @ Kansas City Chiefs,ANYTIME_TD,Cyrus Allen,,,,,0.0435,false,6
2026-09-20T23:38:07.292Z,2026-09-20,2026-09-21T00:20:00Z,Indianapolis Colts @ Kansas City Chiefs,ANYTIME_TD,Nikko Remigio,,,,,0.0345,false,6
2026-09-20T23:38:07.292Z,2026-09-20,2026-09-21T00:20:00Z,Indianapolis Colts @ Kansas City Chiefs,ANYTIME_TD,Jalen Royals,,,,,0.0323,false,6
2026-09-20T23:38:07.292Z,2026-09-20,2026-09-21T00:20:00Z,Indianapolis Colts @ Kansas City Chiefs,ANYTIME_TD,Anthony Gould,,,,,0.0217,false,4
2026-09-20T23:38:07.292Z,2026-09-20,2026-09-21T00:20:00Z,Indianapolis Colts @ Kansas City Chiefs,ANYTIME_TD,Deion Burks,,,,,0.0196,false,6
2026-09-20T23:38:07.292Z,2026-09-20,2026-09-21T00:20:00Z,Indianapolis Colts @ Kansas City Chiefs,ANYTIME_TD,Ben VanSumeren,,,,,0.0132,false,5
2026-09-20T23:38:07.292Z,2026-09-20,2026-09-21T00:20:00Z,Indianapolis Colts @ Kansas City Chiefs,ANYTIME_TD,Jared Wiley,,,,,0.0833,false,1
2026-09-20T23:38:07.292Z,2026-09-20,2026-09-21T00:20:00Z,Indianapolis Colts @ Kansas City Chiefs,ANYTIME_TD,DJ Giddens,,,,,0.0833,false,1
2026-09-21T12:50:43.958Z,2026-09-21,2026-09-22T00:15:00Z,New York Giants @ Los Angeles Rams,QB_PASS_YARDS,Matthew Stafford,238.5,-111,-111,,,,6
2026-09-21T12:50:43.958Z,2026-09-21,2026-09-22T00:15:00Z,New York Giants @ Los Angeles Rams,QB_PASS_YARDS,Jaxson Dart,213.5,-113,-111,,,,6
2026-09-21T12:50:43.958Z,2026-09-21,2026-09-22T00:15:00Z,New York Giants @ Los Angeles Rams,RB_RUSH_YARDS,Kyren Williams,63.5,-110,-113,,,,6
2026-09-21T12:50:43.958Z,2026-09-21,2026-09-22T00:15:00Z,New York Giants @ Los Angeles Rams,RB_RUSH_YARDS,Cam Skattebo,51.5,-112,-112,,,,6
2026-09-21T12:50:43.958Z,2026-09-21,2026-09-22T00:15:00Z,New York Giants @ Los Angeles Rams,RB_RUSH_YARDS,Blake Corum,48.5,-113,-111,,,,6
2026-09-21T12:50:43.958Z,2026-09-21,2026-09-22T00:15:00Z,New York Giants @ Los Angeles Rams,RB_RUSH_YARDS,Jaxson Dart,32.5,-118,-103,,,,6
2026-09-21T12:50:43.958Z,2026-09-21,2026-09-22T00:15:00Z,New York Giants @ Los Angeles Rams,RB_RUSH_YARDS,Devin Singletary,15.5,-116,-108,,,,3
2026-09-21T12:50:43.958Z,2026-09-21,2026-09-22T00:15:00Z,New York Giants @ Los Angeles Rams,RB_RUSH_YARDS,Matthew Stafford,0.5,172,-225,,,,1
2026-09-21T12:50:43.958Z,2026-09-21,2026-09-22T00:15:00Z,New York Giants @ Los Angeles Rams,WR_REC_YARDS,Malik Nabers,65.5,-113,-111,,,,6
2026-09-21T12:50:43.958Z,2026-09-21,2026-09-22T00:15:00Z,New York Giants @ Los Angeles Rams,WR_REC_YARDS,Davante Adams,62.5,-112,-103,,,,6
2026-09-21T12:50:43.958Z,2026-09-21,2026-09-22T00:15:00Z,New York Giants @ Los Angeles Rams,WR_REC_YARDS,Isaiah Likely,43.5,-113,-108,,,,6
2026-09-21T12:50:43.958Z,2026-09-21,2026-09-22T00:15:00Z,New York Giants @ Los Angeles Rams,WR_REC_YARDS,Terrance Ferguson,32.5,-113,-110,,,,5
2026-09-21T12:50:43.958Z,2026-09-21,2026-09-22T00:15:00Z,New York Giants @ Los Angeles Rams,WR_REC_YARDS,Malachi Fields,26.5,-113,-113,,,,6
2026-09-21T12:50:43.958Z,2026-09-21,2026-09-22T00:15:00Z,New York Giants @ Los Angeles Rams,WR_REC_YARDS,Colby Parkinson,26.5,-113,-111,,,,6
2026-09-21T12:50:43.958Z,2026-09-21,2026-09-22T00:15:00Z,New York Giants @ Los Angeles Rams,WR_REC_YARDS,Tyler Higbee,14.5,-113,-110,,,,5
2026-09-21T12:50:43.958Z,2026-09-21,2026-09-22T00:15:00Z,New York Giants @ Los Angeles Rams,WR_REC_YARDS,Kyren Williams,14.5,-111,-113,,,,6
2026-09-21T12:50:43.958Z,2026-09-21,2026-09-22T00:15:00Z,New York Giants @ Los Angeles Rams,WR_REC_YARDS,Cam Skattebo,12.5,-110,-112,,,,6
2026-09-21T12:50:43.958Z,2026-09-21,2026-09-22T00:15:00Z,New York Giants @ Los Angeles Rams,WR_REC_YARDS,Theo Johnson,8.5,-115,-109,,,,3
2026-09-21T12:50:43.958Z,2026-09-21,2026-09-22T00:15:00Z,New York Giants @ Los Angeles Rams,WR_REC_YARDS,Odell Beckham Jr.,4.5,-118,-106,,,,4
2026-09-21T12:50:43.958Z,2026-09-21,2026-09-22T00:15:00Z,New York Giants @ Los Angeles Rams,WR_REC_YARDS,Darnell Mooney,14.5,-113,-113,,,,1
2026-09-21T12:50:43.958Z,2026-09-21,2026-09-22T00:15:00Z,New York Giants @ Los Angeles Rams,WR_REC_YARDS,Devin Singletary,5.5,-113,-113,,,,1
2026-09-21T12:50:43.958Z,2026-09-21,2026-09-22T00:15:00Z,New York Giants @ Los Angeles Rams,WR_REC_YARDS,Blake Corum,3.5,-102,-125,,,,1
2026-09-21T12:50:43.958Z,2026-09-21,2026-09-22T00:15:00Z,New York Giants @ Los Angeles Rams,ANYTIME_TD,Kyren Williams,,,,,0.6364,false,6
2026-09-21T12:50:43.958Z,2026-09-21,2026-09-22T00:15:00Z,New York Giants @ Los Angeles Rams,ANYTIME_TD,Davante Adams,,,,,0.5349,false,6
2026-09-21T12:50:43.958Z,2026-09-21,2026-09-22T00:15:00Z,New York Giants @ Los Angeles Rams,ANYTIME_TD,Cam Skattebo,,,,,0.4545,false,6
2026-09-21T12:50:43.958Z,2026-09-21,2026-09-22T00:15:00Z,New York Giants @ Los Angeles Rams,ANYTIME_TD,Blake Corum,,,,,0.3333,false,6
2026-09-21T12:50:43.958Z,2026-09-21,2026-09-22T00:15:00Z,New York Giants @ Los Angeles Rams,ANYTIME_TD,Malik Nabers,,,,,0.3279,false,6
2026-09-21T12:50:43.958Z,2026-09-21,2026-09-22T00:15:00Z,New York Giants @ Los Angeles Rams,ANYTIME_TD,Terrance Ferguson,,,,,0.2703,false,6
2026-09-21T12:50:43.958Z,2026-09-21,2026-09-22T00:15:00Z,New York Giants @ Los Angeles Rams,ANYTIME_TD,Colby Parkinson,,,,,0.2632,false,6
2026-09-21T12:50:43.958Z,2026-09-21,2026-09-22T00:15:00Z,New York Giants @ Los Angeles Rams,ANYTIME_TD,Jaxson Dart,,,,,0.2817,false,6
2026-09-21T12:50:43.958Z,2026-09-21,2026-09-22T00:15:00Z,New York Giants @ Los Angeles Rams,ANYTIME_TD,Isaiah Likely,,,,,0.2564,false,6
2026-09-21T12:50:43.958Z,2026-09-21,2026-09-22T00:15:00Z,New York Giants @ Los Angeles Rams,ANYTIME_TD,Malachi Fields,,,,,0.1786,false,6
2026-09-21T12:50:43.958Z,2026-09-21,2026-09-22T00:15:00Z,New York Giants @ Los Angeles Rams,ANYTIME_TD,Tyler Higbee,,,,,0.1667,false,6
2026-09-21T12:50:43.958Z,2026-09-21,2026-09-22T00:15:00Z,New York Giants @ Los Angeles Rams,ANYTIME_TD,Devin Singletary,,,,,0.1667,false,6
2026-09-21T12:50:43.958Z,2026-09-21,2026-09-22T00:15:00Z,New York Giants @ Los Angeles Rams,ANYTIME_TD,Los Angeles Rams D/ST,,,,,0.1538,false,3
2026-09-21T12:50:43.958Z,2026-09-21,2026-09-22T00:15:00Z,New York Giants @ Los Angeles Rams,ANYTIME_TD,Konata Mumpfield,,,,,0.1429,false,5
2026-09-21T12:50:43.958Z,2026-09-21,2026-09-22T00:15:00Z,New York Giants @ Los Angeles Rams,ANYTIME_TD,New York Giants D/ST,,,,,0.129,false,3
2026-09-21T12:50:43.958Z,2026-09-21,2026-09-22T00:15:00Z,New York Giants @ Los Angeles Rams,ANYTIME_TD,Darnell Mooney,,,,,0.1053,false,6
2026-09-21T12:50:43.958Z,2026-09-21,2026-09-22T00:15:00Z,New York Giants @ Los Angeles Rams,ANYTIME_TD,Najee Harris,,,,,0.0909,false,5
2026-09-21T12:50:43.958Z,2026-09-21,2026-09-22T00:15:00Z,New York Giants @ Los Angeles Rams,ANYTIME_TD,Tutu Atwell,,,,,0.1111,false,4
2026-09-21T12:50:43.958Z,2026-09-21,2026-09-22T00:15:00Z,New York Giants @ Los Angeles Rams,ANYTIME_TD,Theo Johnson,,,,,0.1,false,6
2026-09-21T12:50:43.958Z,2026-09-21,2026-09-22T00:15:00Z,New York Giants @ Los Angeles Rams,ANYTIME_TD,CJ Daniels,,,,,0.1,false,4
2026-09-21T12:50:43.958Z,2026-09-21,2026-09-22T00:15:00Z,New York Giants @ Los Angeles Rams,ANYTIME_TD,Xavier Smith,,,,,0.0952,false,5
2026-09-21T12:50:43.958Z,2026-09-21,2026-09-22T00:15:00Z,New York Giants @ Los Angeles Rams,ANYTIME_TD,Davis Allen,,,,,0.0714,false,5
2026-09-21T12:50:43.958Z,2026-09-21,2026-09-22T00:15:00Z,New York Giants @ Los Angeles Rams,ANYTIME_TD,Odell Beckham Jr.,,,,,0.0526,false,6
2026-09-21T12:50:43.958Z,2026-09-21,2026-09-22T00:15:00Z,New York Giants @ Los Angeles Rams,ANYTIME_TD,Max Klare,,,,,0.0625,false,4
2026-09-21T12:50:43.958Z,2026-09-21,2026-09-22T00:15:00Z,New York Giants @ Los Angeles Rams,ANYTIME_TD,Matthew Stafford,,,,,0.04,false,6
2026-09-21T12:50:43.958Z,2026-09-21,2026-09-22T00:15:00Z,New York Giants @ Los Angeles Rams,ANYTIME_TD,Ronnie Rivers,,,,,0.0345,false,5
2026-09-21T12:50:43.958Z,2026-09-21,2026-09-22T00:15:00Z,New York Giants @ Los Angeles Rams,ANYTIME_TD,Braxton Berrios,,,,,0.0323,false,3
2026-09-21T12:50:43.958Z,2026-09-21,2026-09-22T00:15:00Z,New York Giants @ Los Angeles Rams,ANYTIME_TD,Chris Manhertz,,,,,0.0244,false,6
2026-09-21T12:50:43.958Z,2026-09-21,2026-09-22T00:15:00Z,New York Giants @ Los Angeles Rams,ANYTIME_TD,Patrick Ricard,,,,,0.0244,false,6
2026-09-21T12:50:43.958Z,2026-09-21,2026-09-22T00:15:00Z,New York Giants @ Los Angeles Rams,ANYTIME_TD,Thomas Fidone,,,,,0.0179,false,5
2026-09-21T12:50:43.958Z,2026-09-21,2026-09-22T00:15:00Z,New York Giants @ Los Angeles Rams,ANYTIME_TD,Tyrone Tracy Jr.,,,,,0.0952,false,3
2026-09-21T12:50:43.958Z,2026-09-21,2026-09-22T00:15:00Z,New York Giants @ Los Angeles Rams,ANYTIME_TD,New York Giants Defense,,,,,0.125,false,1
2026-09-21T12:50:43.958Z,2026-09-21,2026-09-22T00:15:00Z,New York Giants @ Los Angeles Rams,ANYTIME_TD,Los Angeles Rams Defense,,,,,0.1111,false,1
2026-09-21T18:21:53.682Z,2026-09-21,2026-09-22T00:15:00Z,New York Giants @ Los Angeles Rams,QB_PASS_YARDS,Matthew Stafford,239.5,-112,-112,,,,5
2026-09-21T18:21:53.682Z,2026-09-21,2026-09-22T00:15:00Z,New York Giants @ Los Angeles Rams,QB_PASS_YARDS,Jaxson Dart,212.5,-112,-112,,,,5
2026-09-21T18:21:53.682Z,2026-09-21,2026-09-22T00:15:00Z,New York Giants @ Los Angeles Rams,RB_RUSH_YARDS,Kyren Williams,63.5,-113,-113,,,,5
2026-09-21T18:21:53.682Z,2026-09-21,2026-09-22T00:15:00Z,New York Giants @ Los Angeles Rams,RB_RUSH_YARDS,Cam Skattebo,51.5,-112,-105,,,,5
2026-09-21T18:21:53.682Z,2026-09-21,2026-09-22T00:15:00Z,New York Giants @ Los Angeles Rams,RB_RUSH_YARDS,Blake Corum,47.5,-110,-112,,,,5
2026-09-21T18:21:53.682Z,2026-09-21,2026-09-22T00:15:00Z,New York Giants @ Los Angeles Rams,RB_RUSH_YARDS,Jaxson Dart,33.5,-112,-112,,,,5
2026-09-21T18:21:53.682Z,2026-09-21,2026-09-22T00:15:00Z,New York Giants @ Los Angeles Rams,RB_RUSH_YARDS,Devin Singletary,14.5,-113,-111,,,,3
2026-09-21T18:21:53.682Z,2026-09-21,2026-09-22T00:15:00Z,New York Giants @ Los Angeles Rams,RB_RUSH_YARDS,Matthew Stafford,0.5,172,-184,,,,2
2026-09-21T18:21:53.682Z,2026-09-21,2026-09-22T00:15:00Z,New York Giants @ Los Angeles Rams,WR_REC_YARDS,Davante Adams,62.5,-110,-108,,,,5
2026-09-21T18:21:53.682Z,2026-09-21,2026-09-22T00:15:00Z,New York Giants @ Los Angeles Rams,WR_REC_YARDS,Malik Nabers,62.5,-113,-111,,,,5
2026-09-21T18:21:53.682Z,2026-09-21,2026-09-22T00:15:00Z,New York Giants @ Los Angeles Rams,WR_REC_YARDS,Isaiah Likely,44.5,-110,-108,,,,5
2026-09-21T18:21:53.682Z,2026-09-21,2026-09-22T00:15:00Z,New York Giants @ Los Angeles Rams,WR_REC_YARDS,Terrance Ferguson,34.5,-112,-111,,,,5
2026-09-21T18:21:53.682Z,2026-09-21,2026-09-22T00:15:00Z,New York Giants @ Los Angeles Rams,WR_REC_YARDS,Colby Parkinson,28.5,-109,-113,,,,5
2026-09-21T18:21:53.682Z,2026-09-21,2026-09-22T00:15:00Z,New York Giants @ Los Angeles Rams,WR_REC_YARDS,Malachi Fields,25.5,-111,-113,,,,4
2026-09-21T18:21:53.682Z,2026-09-21,2026-09-22T00:15:00Z,New York Giants @ Los Angeles Rams,WR_REC_YARDS,Darnell Mooney,18.5,-113,-113,,,,4
2026-09-21T18:21:53.682Z,2026-09-21,2026-09-22T00:15:00Z,New York Giants @ Los Angeles Rams,WR_REC_YARDS,Kyren Williams,15.5,-112,-109,,,,5
2026-09-21T18:21:53.682Z,2026-09-21,2026-09-22T00:15:00Z,New York Giants @ Los Angeles Rams,WR_REC_YARDS,Konata Mumpfield,14.5,-110,-109,,,,4
2026-09-21T18:21:53.682Z,2026-09-21,2026-09-22T00:15:00Z,New York Giants @ Los Angeles Rams,WR_REC_YARDS,Xavier Smith,13.5,-116,-108,,,,3
2026-09-21T18:21:53.682Z,2026-09-21,2026-09-22T00:15:00Z,New York Giants @ Los Angeles Rams,WR_REC_YARDS,Tyler Higbee,13.5,-113,-110,,,,5
2026-09-21T18:21:53.682Z,2026-09-21,2026-09-22T00:15:00Z,New York Giants @ Los Angeles Rams,WR_REC_YARDS,Cam Skattebo,11.5,-113,-111,,,,5
2026-09-21T18:21:53.682Z,2026-09-21,2026-09-22T00:15:00Z,New York Giants @ Los Angeles Rams,WR_REC_YARDS,Theo Johnson,8.5,-110,-111,,,,3
2026-09-21T18:21:53.682Z,2026-09-21,2026-09-22T00:15:00Z,New York Giants @ Los Angeles Rams,WR_REC_YARDS,Devin Singletary,6.5,-110,100,,,,4
2026-09-21T18:21:53.682Z,2026-09-21,2026-09-22T00:15:00Z,New York Giants @ Los Angeles Rams,WR_REC_YARDS,Odell Beckham Jr.,5.5,114,-125,,,,3
2026-09-21T18:21:53.682Z,2026-09-21,2026-09-22T00:15:00Z,New York Giants @ Los Angeles Rams,ANYTIME_TD,Kyren Williams,,,,,0.6296,false,5
2026-09-21T18:21:53.682Z,2026-09-21,2026-09-22T00:15:00Z,New York Giants @ Los Angeles Rams,ANYTIME_TD,Davante Adams,,,,,0.5122,false,5
2026-09-21T18:21:53.682Z,2026-09-21,2026-09-22T00:15:00Z,New York Giants @ Los Angeles Rams,ANYTIME_TD,Blake Corum,,,,,0.3226,false,5
2026-09-21T18:21:53.682Z,2026-09-21,2026-09-22T00:15:00Z,New York Giants @ Los Angeles Rams,ANYTIME_TD,Malik Nabers,,,,,0.3333,false,5
2026-09-21T18:21:53.682Z,2026-09-21,2026-09-22T00:15:00Z,New York Giants @ Los Angeles Rams,ANYTIME_TD,Terrance Ferguson,,,,,0.2857,false,5
2026-09-21T18:21:53.682Z,2026-09-21,2026-09-22T00:15:00Z,New York Giants @ Los Angeles Rams,ANYTIME_TD,Jaxson Dart,,,,,0.2778,false,5
2026-09-21T18:21:53.682Z,2026-09-21,2026-09-22T00:15:00Z,New York Giants @ Los Angeles Rams,ANYTIME_TD,Colby Parkinson,,,,,0.2532,false,5
2026-09-21T18:21:53.682Z,2026-09-21,2026-09-22T00:15:00Z,New York Giants @ Los Angeles Rams,ANYTIME_TD,Isaiah Likely,,,,,0.2632,false,5
2026-09-21T18:21:53.682Z,2026-09-21,2026-09-22T00:15:00Z,New York Giants @ Los Angeles Rams,ANYTIME_TD,Los Angeles Rams D/ST,,,,,0.1667,false,2
2026-09-21T18:21:53.682Z,2026-09-21,2026-09-22T00:15:00Z,New York Giants @ Los Angeles Rams,ANYTIME_TD,Tyler Higbee,,,,,0.1639,false,5
2026-09-21T18:21:53.682Z,2026-09-21,2026-09-22T00:15:00Z,New York Giants @ Los Angeles Rams,ANYTIME_TD,Devin Singletary,,,,,0.1538,false,5
2026-09-21T18:21:53.682Z,2026-09-21,2026-09-22T00:15:00Z,New York Giants @ Los Angeles Rams,ANYTIME_TD,Konata Mumpfield,,,,,0.1481,false,5
2026-09-21T18:21:53.682Z,2026-09-21,2026-09-22T00:15:00Z,New York Giants @ Los Angeles Rams,ANYTIME_TD,Malachi Fields,,,,,0.1538,false,5
2026-09-21T18:21:53.682Z,2026-09-21,2026-09-22T00:15:00Z,New York Giants @ Los Angeles Rams,ANYTIME_TD,Xavier Smith,,,,,0.1053,false,5
2026-09-21T18:21:53.682Z,2026-09-21,2026-09-22T00:15:00Z,New York Giants @ Los Angeles Rams,ANYTIME_TD,Theo Johnson,,,,,0.1053,false,5
2026-09-21T18:21:53.682Z,2026-09-21,2026-09-22T00:15:00Z,New York Giants @ Los Angeles Rams,ANYTIME_TD,Tutu Atwell,,,,,0.0741,false,5
2026-09-21T18:21:53.682Z,2026-09-21,2026-09-22T00:15:00Z,New York Giants @ Los Angeles Rams,ANYTIME_TD,Davis Allen,,,,,0.0667,false,5
2026-09-21T18:21:53.682Z,2026-09-21,2026-09-22T00:15:00Z,New York Giants @ Los Angeles Rams,ANYTIME_TD,Max Klare,,,,,0.0556,false,4
2026-09-21T18:21:53.682Z,2026-09-21,2026-09-22T00:15:00Z,New York Giants @ Los Angeles Rams,ANYTIME_TD,CJ Daniels,,,,,0.0526,false,4
2026-09-21T18:21:53.682Z,2026-09-21,2026-09-22T00:15:00Z,New York Giants @ Los Angeles Rams,ANYTIME_TD,Odell Beckham Jr.,,,,,0.05,false,5
2026-09-21T18:21:53.682Z,2026-09-21,2026-09-22T00:15:00Z,New York Giants @ Los Angeles Rams,ANYTIME_TD,Matthew Stafford,,,,,0.0435,false,5
2026-09-21T18:21:53.682Z,2026-09-21,2026-09-22T00:15:00Z,New York Giants @ Los Angeles Rams,ANYTIME_TD,Ronnie Rivers,,,,,0.0435,false,5
2026-09-21T18:21:53.682Z,2026-09-21,2026-09-22T00:15:00Z,New York Giants @ Los Angeles Rams,ANYTIME_TD,Braxton Berrios,,,,,0.0196,false,3
2026-09-21T18:21:53.682Z,2026-09-21,2026-09-22T00:15:00Z,New York Giants @ Los Angeles Rams,ANYTIME_TD,Los Angeles Rams Defense,,,,,0.1053,false,1
2026-09-21T23:46:31.221Z,2026-09-21,2026-09-22T00:15:00Z,New York Giants @ Los Angeles Rams,QB_PASS_YARDS,Matthew Stafford,239.5,-113,-111,,,,5
2026-09-21T23:46:31.221Z,2026-09-21,2026-09-22T00:15:00Z,New York Giants @ Los Angeles Rams,QB_PASS_YARDS,Jaxson Dart,213.5,-113,-111,,,,5
2026-09-21T23:46:31.221Z,2026-09-21,2026-09-22T00:15:00Z,New York Giants @ Los Angeles Rams,RB_RUSH_YARDS,Kyren Williams,63.5,-113,-111,,,,5
2026-09-21T23:46:31.221Z,2026-09-21,2026-09-22T00:15:00Z,New York Giants @ Los Angeles Rams,RB_RUSH_YARDS,Cam Skattebo,52.5,-111,-113,,,,5
2026-09-21T23:46:31.221Z,2026-09-21,2026-09-22T00:15:00Z,New York Giants @ Los Angeles Rams,RB_RUSH_YARDS,Blake Corum,49.5,-115,-108,,,,5
2026-09-21T23:46:31.221Z,2026-09-21,2026-09-22T00:15:00Z,New York Giants @ Los Angeles Rams,RB_RUSH_YARDS,Jaxson Dart,34.5,-118,-105,,,,5
2026-09-21T23:46:31.221Z,2026-09-21,2026-09-22T00:15:00Z,New York Giants @ Los Angeles Rams,RB_RUSH_YARDS,Devin Singletary,11.5,-113,-112,,,,4
2026-09-21T23:46:31.221Z,2026-09-21,2026-09-22T00:15:00Z,New York Giants @ Los Angeles Rams,RB_RUSH_YARDS,Matthew Stafford,0.5,172,-191,,,,2
2026-09-21T23:46:31.221Z,2026-09-21,2026-09-22T00:15:00Z,New York Giants @ Los Angeles Rams,WR_REC_YARDS,Davante Adams,64.5,-110,-114,,,,5
2026-09-21T23:46:31.221Z,2026-09-21,2026-09-22T00:15:00Z,New York Giants @ Los Angeles Rams,WR_REC_YARDS,Malik Nabers,61.5,-114,-110,,,,5
2026-09-21T23:46:31.221Z,2026-09-21,2026-09-22T00:15:00Z,New York Giants @ Los Angeles Rams,WR_REC_YARDS,Isaiah Likely,44.5,-113,-108,,,,5
2026-09-21T23:46:31.221Z,2026-09-21,2026-09-22T00:15:00Z,New York Giants @ Los Angeles Rams,WR_REC_YARDS,Terrance Ferguson,33.5,-113,-113,,,,5
2026-09-21T23:46:31.221Z,2026-09-21,2026-09-22T00:15:00Z,New York Giants @ Los Angeles Rams,WR_REC_YARDS,Colby Parkinson,30.5,-112,-113,,,,5
2026-09-21T23:46:31.221Z,2026-09-21,2026-09-22T00:15:00Z,New York Giants @ Los Angeles Rams,WR_REC_YARDS,Malachi Fields,25.5,-111,-109,,,,5
2026-09-21T23:46:31.221Z,2026-09-21,2026-09-22T00:15:00Z,New York Giants @ Los Angeles Rams,WR_REC_YARDS,Darnell Mooney,19.5,-113,-111,,,,5
2026-09-21T23:46:31.221Z,2026-09-21,2026-09-22T00:15:00Z,New York Giants @ Los Angeles Rams,WR_REC_YARDS,Kyren Williams,16.5,-113,-108,,,,5
2026-09-21T23:46:31.221Z,2026-09-21,2026-09-22T00:15:00Z,New York Giants @ Los Angeles Rams,WR_REC_YARDS,Konata Mumpfield,16.5,-115,-108,,,,5
2026-09-21T23:46:31.221Z,2026-09-21,2026-09-22T00:15:00Z,New York Giants @ Los Angeles Rams,WR_REC_YARDS,Xavier Smith,16.5,-113,-111,,,,4
2026-09-21T23:46:31.221Z,2026-09-21,2026-09-22T00:15:00Z,New York Giants @ Los Angeles Rams,WR_REC_YARDS,Tyler Higbee,11.5,-113,-107,,,,5
2026-09-21T23:46:31.221Z,2026-09-21,2026-09-22T00:15:00Z,New York Giants @ Los Angeles Rams,WR_REC_YARDS,Cam Skattebo,10.5,-113,-107,,,,5
2026-09-21T23:46:31.221Z,2026-09-21,2026-09-22T00:15:00Z,New York Giants @ Los Angeles Rams,WR_REC_YARDS,Theo Johnson,9.5,-109,-113,,,,4
2026-09-21T23:46:31.221Z,2026-09-21,2026-09-22T00:15:00Z,New York Giants @ Los Angeles Rams,WR_REC_YARDS,Devin Singletary,7.5,-105,-108,,,,4
2026-09-21T23:46:31.221Z,2026-09-21,2026-09-22T00:15:00Z,New York Giants @ Los Angeles Rams,WR_REC_YARDS,Odell Beckham Jr.,4.5,-120,-108,,,,3
2026-09-21T23:46:31.221Z,2026-09-21,2026-09-22T00:15:00Z,New York Giants @ Los Angeles Rams,WR_REC_YARDS,Blake Corum,2.5,-113,-109,,,,5
2026-09-21T23:46:31.221Z,2026-09-21,2026-09-22T00:15:00Z,New York Giants @ Los Angeles Rams,ANYTIME_TD,Cam Skattebo,,,,,0.4484,false,5
2026-09-21T23:46:31.221Z,2026-09-21,2026-09-22T00:15:00Z,New York Giants @ Los Angeles Rams,ANYTIME_TD,Malik Nabers,,,,,0.3226,false,5
2026-09-21T23:46:31.221Z,2026-09-21,2026-09-22T00:15:00Z,New York Giants @ Los Angeles Rams,ANYTIME_TD,Colby Parkinson,,,,,0.2703,false,5
2026-09-21T23:46:31.221Z,2026-09-21,2026-09-22T00:15:00Z,New York Giants @ Los Angeles Rams,ANYTIME_TD,Terrance Ferguson,,,,,0.2817,false,5
2026-09-21T23:46:31.221Z,2026-09-21,2026-09-22T00:15:00Z,New York Giants @ Los Angeles Rams,ANYTIME_TD,Jaxson Dart,,,,,0.2564,false,5
2026-09-21T23:46:31.221Z,2026-09-21,2026-09-22T00:15:00Z,New York Giants @ Los Angeles Rams,ANYTIME_TD,Isaiah Likely,,,,,0.2532,false,5
2026-09-21T23:46:31.221Z,2026-09-21,2026-09-22T00:15:00Z,New York Giants @ Los Angeles Rams,ANYTIME_TD,Tyler Higbee,,,,,0.1481,false,5
2026-09-21T23:46:31.221Z,2026-09-21,2026-09-22T00:15:00Z,New York Giants @ Los Angeles Rams,ANYTIME_TD,Los Angeles Rams D/ST,,,,,0.1538,false,2
2026-09-21T23:46:31.221Z,2026-09-21,2026-09-22T00:15:00Z,New York Giants @ Los Angeles Rams,ANYTIME_TD,Konata Mumpfield,,,,,0.1538,false,5
2026-09-21T23:46:31.221Z,2026-09-21,2026-09-22T00:15:00Z,New York Giants @ Los Angeles Rams,ANYTIME_TD,Devin Singletary,,,,,0.1429,false,5
2026-09-21T23:46:31.221Z,2026-09-21,2026-09-22T00:15:00Z,New York Giants @ Los Angeles Rams,ANYTIME_TD,Darnell Mooney,,,,,0.1111,false,5
2026-09-21T23:46:31.221Z,2026-09-21,2026-09-22T00:15:00Z,New York Giants @ Los Angeles Rams,ANYTIME_TD,Xavier Smith,,,,,0.1111,false,5
2026-09-21T23:46:31.221Z,2026-09-21,2026-09-22T00:15:00Z,New York Giants @ Los Angeles Rams,ANYTIME_TD,Tutu Atwell,,,,,0.0909,false,5
2026-09-21T23:46:31.221Z,2026-09-21,2026-09-22T00:15:00Z,New York Giants @ Los Angeles Rams,ANYTIME_TD,Davis Allen,,,,,0.0588,false,5
2026-09-21T23:46:31.221Z,2026-09-21,2026-09-22T00:15:00Z,New York Giants @ Los Angeles Rams,ANYTIME_TD,Tyrone Tracy Jr.,,,,,0.0588,false,5
2026-09-21T23:46:31.221Z,2026-09-21,2026-09-22T00:15:00Z,New York Giants @ Los Angeles Rams,ANYTIME_TD,Odell Beckham Jr.,,,,,0.0556,false,5
2026-09-21T23:46:31.221Z,2026-09-21,2026-09-22T00:15:00Z,New York Giants @ Los Angeles Rams,ANYTIME_TD,Max Klare,,,,,0.0435,false,5
2026-09-21T23:46:31.221Z,2026-09-21,2026-09-22T00:15:00Z,New York Giants @ Los Angeles Rams,ANYTIME_TD,Ronnie Rivers,,,,,0.0476,false,5
2026-09-21T23:46:31.221Z,2026-09-21,2026-09-22T00:15:00Z,New York Giants @ Los Angeles Rams,ANYTIME_TD,Braxton Berrios,,,,,0.0294,false,4
2026-09-21T23:46:31.221Z,2026-09-21,2026-09-22T00:15:00Z,New York Giants @ Los Angeles Rams,ANYTIME_TD,Patrick Ricard,,,,,0.0278,false,5
2026-09-21T23:46:31.221Z,2026-09-21,2026-09-22T00:15:00Z,New York Giants @ Los Angeles Rams,ANYTIME_TD,Chris Manhertz,,,,,0.0217,false,5
2026-09-21T23:46:31.221Z,2026-09-21,2026-09-22T00:15:00Z,New York Giants @ Los Angeles Rams,ANYTIME_TD,CJ Daniels,,,,,0.0667,false,1
2026-09-21T23:46:31.221Z,2026-09-21,2026-09-22T00:15:00Z,New York Giants @ Los Angeles Rams,ANYTIME_TD,Thomas Fidone,,,,,0.0286,false,1
2026-09-24T17:37:12.344Z,2026-09-24,2026-09-25T00:15:00Z,Atlanta Falcons @ Green Bay Packers,QB_PASS_YARDS,Jordan Love,232.5,-115,-115,,,,6
2026-09-24T17:37:12.344Z,2026-09-24,2026-09-25T00:15:00Z,Atlanta Falcons @ Green Bay Packers,QB_PASS_YARDS,Michael Penix Jr.,209.5,-118,-110,,,,6
2026-09-24T17:37:12.344Z,2026-09-24,2026-09-25T00:15:00Z,Atlanta Falcons @ Green Bay Packers,RB_RUSH_YARDS,Bijan Robinson,78.5,-114,-109,,,,6
2026-09-24T17:37:12.344Z,2026-09-24,2026-09-25T00:15:00Z,Atlanta Falcons @ Green Bay Packers,RB_RUSH_YARDS,Kaleb Johnson,38.5,-113,-113,,,,6
2026-09-24T17:37:12.344Z,2026-09-24,2026-09-25T00:15:00Z,Atlanta Falcons @ Green Bay Packers,RB_RUSH_YARDS,MarShawn Lloyd,25.5,-111,-110,,,,6
2026-09-24T17:37:12.344Z,2026-09-24,2026-09-25T00:15:00Z,Atlanta Falcons @ Green Bay Packers,RB_RUSH_YARDS,Brian Robinson Jr.,22.5,-113,-109,,,,5
2026-09-24T17:37:12.344Z,2026-09-24,2026-09-25T00:15:00Z,Atlanta Falcons @ Green Bay Packers,RB_RUSH_YARDS,Chris Brooks,14.5,-112,-112,,,,6
2026-09-24T17:37:12.344Z,2026-09-24,2026-09-25T00:15:00Z,Atlanta Falcons @ Green Bay Packers,RB_RUSH_YARDS,Jordan Love,8.5,-105,-119,,,,6
2026-09-24T17:37:12.344Z,2026-09-24,2026-09-25T00:15:00Z,Atlanta Falcons @ Green Bay Packers,RB_RUSH_YARDS,Michael Penix Jr.,4.5,-110,-114,,,,5
2026-09-24T17:37:12.344Z,2026-09-24,2026-09-25T00:15:00Z,Atlanta Falcons @ Green Bay Packers,WR_REC_YARDS,Christian Watson,72.5,-113,-111,,,,6
2026-09-24T17:37:12.344Z,2026-09-24,2026-09-25T00:15:00Z,Atlanta Falcons @ Green Bay Packers,WR_REC_YARDS,Drake London,65.5,-113,-113,,,,6
2026-09-24T17:37:12.344Z,2026-09-24,2026-09-25T00:15:00Z,Atlanta Falcons @ Green Bay Packers,WR_REC_YARDS,Matthew Golden,54.5,-109,-113,,,,6
2026-09-24T17:37:12.344Z,2026-09-24,2026-09-25T00:15:00Z,Atlanta Falcons @ Green Bay Packers,WR_REC_YARDS,Tucker Kraft,46.5,-113,-110,,,,6
2026-09-24T17:37:12.344Z,2026-09-24,2026-09-25T00:15:00Z,Atlanta Falcons @ Green Bay Packers,WR_REC_YARDS,Bijan Robinson,40.5,-110,-114,,,,6
2026-09-24T17:37:12.344Z,2026-09-24,2026-09-25T00:15:00Z,Atlanta Falcons @ Green Bay Packers,WR_REC_YARDS,Kyle Pitts,36.5,-110,-113,,,,6
2026-09-24T17:37:12.344Z,2026-09-24,2026-09-25T00:15:00Z,Atlanta Falcons @ Green Bay Packers,WR_REC_YARDS,Jahan Dotson,16.5,-112,-107,,,,6
2026-09-24T17:37:12.344Z,2026-09-24,2026-09-25T00:15:00Z,Atlanta Falcons @ Green Bay Packers,WR_REC_YARDS,Skyy Moore,11.5,-110,-114,,,,6
2026-09-24T17:37:12.344Z,2026-09-24,2026-09-25T00:15:00Z,Atlanta Falcons @ Green Bay Packers,WR_REC_YARDS,Olamide Zaccheaus,9.5,-113,-110,,,,6
2026-09-24T17:37:12.344Z,2026-09-24,2026-09-25T00:15:00Z,Atlanta Falcons @ Green Bay Packers,WR_REC_YARDS,Jonnu Smith,8.5,-113,100,,,,6
2026-09-24T17:37:12.344Z,2026-09-24,2026-09-25T00:15:00Z,Atlanta Falcons @ Green Bay Packers,WR_REC_YARDS,Chris Brooks,7.5,-103,-122,,,,6
2026-09-24T17:37:12.344Z,2026-09-24,2026-09-25T00:15:00Z,Atlanta Falcons @ Green Bay Packers,WR_REC_YARDS,MarShawn Lloyd,5.5,-109,-108,,,,6
2026-09-24T17:37:12.344Z,2026-09-24,2026-09-25T00:15:00Z,Atlanta Falcons @ Green Bay Packers,WR_REC_YARDS,Austin Hooper,7.5,-106,-120,,,,1
2026-09-24T17:37:12.344Z,2026-09-24,2026-09-25T00:15:00Z,Atlanta Falcons @ Green Bay Packers,ANYTIME_TD,Bijan Robinson,,,,,0.5918,false,6
2026-09-24T17:37:12.344Z,2026-09-24,2026-09-25T00:15:00Z,Atlanta Falcons @ Green Bay Packers,ANYTIME_TD,Christian Watson,,,,,0.3846,false,6
2026-09-24T17:37:12.344Z,2026-09-24,2026-09-25T00:15:00Z,Atlanta Falcons @ Green Bay Packers,ANYTIME_TD,Tucker Kraft,,,,,0.3333,false,6
2026-09-24T17:37:12.344Z,2026-09-24,2026-09-25T00:15:00Z,Atlanta Falcons @ Green Bay Packers,ANYTIME_TD,Drake London,,,,,0.3333,false,6
2026-09-24T17:37:12.344Z,2026-09-24,2026-09-25T00:15:00Z,Atlanta Falcons @ Green Bay Packers,ANYTIME_TD,Matthew Golden,,,,,0.3279,false,6
2026-09-24T17:37:12.344Z,2026-09-24,2026-09-25T00:15:00Z,Atlanta Falcons @ Green Bay Packers,ANYTIME_TD,MarShawn Lloyd,,,,,0.3125,false,6
2026-09-24T17:37:12.344Z,2026-09-24,2026-09-25T00:15:00Z,Atlanta Falcons @ Green Bay Packers,ANYTIME_TD,Kaleb Johnson,,,,,0.2985,false,5
2026-09-24T17:37:12.344Z,2026-09-24,2026-09-25T00:15:00Z,Atlanta Falcons @ Green Bay Packers,ANYTIME_TD,Chris Brooks,,,,,0.2273,false,6
2026-09-24T17:37:12.344Z,2026-09-24,2026-09-25T00:15:00Z,Atlanta Falcons @ Green Bay Packers,ANYTIME_TD,Kyle Pitts,,,,,0.2,false,6
2026-09-24T17:37:12.344Z,2026-09-24,2026-09-25T00:15:00Z,Atlanta Falcons @ Green Bay Packers,ANYTIME_TD,Brian Robinson Jr.,,,,,0.1818,false,6
2026-09-24T17:37:12.344Z,2026-09-24,2026-09-25T00:15:00Z,Atlanta Falcons @ Green Bay Packers,ANYTIME_TD,Skyy Moore,,,,,0.1481,false,6
2026-09-24T17:37:12.344Z,2026-09-24,2026-09-25T00:15:00Z,Atlanta Falcons @ Green Bay Packers,ANYTIME_TD,Green Bay Packers D/ST,,,,,0.1667,false,3
2026-09-24T17:37:12.344Z,2026-09-24,2026-09-25T00:15:00Z,Atlanta Falcons @ Green Bay Packers,ANYTIME_TD,Atlanta Falcons D/ST,,,,,0.1333,false,3
2026-09-24T17:37:12.344Z,2026-09-24,2026-09-25T00:15:00Z,Atlanta Falcons @ Green Bay Packers,ANYTIME_TD,Jonnu Smith,,,,,0.125,false,5
2026-09-24T17:37:12.344Z,2026-09-24,2026-09-25T00:15:00Z,Atlanta Falcons @ Green Bay Packers,ANYTIME_TD,Jordan Love,,,,,0.125,false,6
2026-09-24T17:37:12.344Z,2026-09-24,2026-09-25T00:15:00Z,Atlanta Falcons @ Green Bay Packers,ANYTIME_TD,Jahan Dotson,,,,,0.1176,false,6
2026-09-24T17:37:12.344Z,2026-09-24,2026-09-25T00:15:00Z,Atlanta Falcons @ Green Bay Packers,ANYTIME_TD,Olamide Zaccheaus,,,,,0.1,false,6
2026-09-24T17:37:12.344Z,2026-09-24,2026-09-25T00:15:00Z,Atlanta Falcons @ Green Bay Packers,ANYTIME_TD,Bo Melton,,,,,0.08,false,6
2026-09-24T17:37:12.344Z,2026-09-24,2026-09-25T00:15:00Z,Atlanta Falcons @ Green Bay Packers,ANYTIME_TD,Michael Penix Jr.,,,,,0.0769,false,6
2026-09-24T17:37:12.344Z,2026-09-24,2026-09-25T00:15:00Z,Atlanta Falcons @ Green Bay Packers,ANYTIME_TD,Josh Whyle,,,,,0.0667,false,5
2026-09-24T17:37:12.344Z,2026-09-24,2026-09-25T00:15:00Z,Atlanta Falcons @ Green Bay Packers,ANYTIME_TD,Zachariah Branch,,,,,0.0556,false,6
2026-09-24T17:37:12.344Z,2026-09-24,2026-09-25T00:15:00Z,Atlanta Falcons @ Green Bay Packers,ANYTIME_TD,Mark Redman,,,,,0.05,false,5
2026-09-24T17:37:12.344Z,2026-09-24,2026-09-25T00:15:00Z,Atlanta Falcons @ Green Bay Packers,ANYTIME_TD,Austin Hooper,,,,,0.0606,false,6
2026-09-24T17:37:12.344Z,2026-09-24,2026-09-25T00:15:00Z,Atlanta Falcons @ Green Bay Packers,ANYTIME_TD,Chris Blair,,,,,0.0323,false,6
2026-09-24T17:37:12.344Z,2026-09-24,2026-09-25T00:15:00Z,Atlanta Falcons @ Green Bay Packers,ANYTIME_TD,Charlie Woerner,,,,,0.0244,false,6
2026-09-24T17:37:12.344Z,2026-09-24,2026-09-25T00:15:00Z,Atlanta Falcons @ Green Bay Packers,ANYTIME_TD,Nick Muse,,,,,0.0179,false,6
2026-09-24T17:37:12.344Z,2026-09-24,2026-09-25T00:15:00Z,Atlanta Falcons @ Green Bay Packers,ANYTIME_TD,Atlanta Falcons Defense,,,,,0.125,false,1
2026-09-24T17:37:12.344Z,2026-09-24,2026-09-25T00:15:00Z,Atlanta Falcons @ Green Bay Packers,ANYTIME_TD,Green Bay Packers Defense,,,,,0.1053,false,1
2026-09-24T17:37:12.344Z,2026-09-24,2026-09-25T00:15:00Z,Atlanta Falcons @ Green Bay Packers,ANYTIME_TD,J. Michael Sturdivant,,,,,0.0476,false,3
2026-09-24T23:47:47.448Z,2026-09-24,2026-09-25T00:15:00Z,Atlanta Falcons @ Green Bay Packers,QB_PASS_YARDS,Jordan Love,233.5,-114,-114,,,,6
2026-09-24T23:47:47.448Z,2026-09-24,2026-09-25T00:15:00Z,Atlanta Falcons @ Green Bay Packers,QB_PASS_YARDS,Michael Penix Jr.,204.5,-113,-113,,,,6
2026-09-24T23:47:47.448Z,2026-09-24,2026-09-25T00:15:00Z,Atlanta Falcons @ Green Bay Packers,RB_RUSH_YARDS,Bijan Robinson,78.5,-111,-113,,,,6
2026-09-24T23:47:47.448Z,2026-09-24,2026-09-25T00:15:00Z,Atlanta Falcons @ Green Bay Packers,RB_RUSH_YARDS,Kaleb Johnson,37.5,-113,-111,,,,6
2026-09-24T23:47:47.448Z,2026-09-24,2026-09-25T00:15:00Z,Atlanta Falcons @ Green Bay Packers,RB_RUSH_YARDS,MarShawn Lloyd,24.5,-113,-111,,,,6
2026-09-24T23:47:47.448Z,2026-09-24,2026-09-25T00:15:00Z,Atlanta Falcons @ Green Bay Packers,RB_RUSH_YARDS,Brian Robinson Jr.,24.5,-112,-112,,,,5
2026-09-24T23:47:47.448Z,2026-09-24,2026-09-25T00:15:00Z,Atlanta Falcons @ Green Bay Packers,RB_RUSH_YARDS,Chris Brooks,14.5,-106,-113,,,,6
2026-09-24T23:47:47.448Z,2026-09-24,2026-09-25T00:15:00Z,Atlanta Falcons @ Green Bay Packers,RB_RUSH_YARDS,Jordan Love,8.5,-109,-115,,,,6
2026-09-24T23:47:47.448Z,2026-09-24,2026-09-25T00:15:00Z,Atlanta Falcons @ Green Bay Packers,RB_RUSH_YARDS,Michael Penix Jr.,5.5,-102,-121,,,,5
2026-09-24T23:47:47.448Z,2026-09-24,2026-09-25T00:15:00Z,Atlanta Falcons @ Green Bay Packers,WR_REC_YARDS,Christian Watson,71.5,-113,-113,,,,6
2026-09-24T23:47:47.448Z,2026-09-24,2026-09-25T00:15:00Z,Atlanta Falcons @ Green Bay Packers,WR_REC_YARDS,Drake London,65.5,-113,-110,,,,6
2026-09-24T23:47:47.448Z,2026-09-24,2026-09-25T00:15:00Z,Atlanta Falcons @ Green Bay Packers,WR_REC_YARDS,Matthew Golden,55.5,-112,-112,,,,6
2026-09-24T23:47:47.448Z,2026-09-24,2026-09-25T00:15:00Z,Atlanta Falcons @ Green Bay Packers,WR_REC_YARDS,Tucker Kraft,46.5,-113,-113,,,,6
2026-09-24T23:47:47.448Z,2026-09-24,2026-09-25T00:15:00Z,Atlanta Falcons @ Green Bay Packers,WR_REC_YARDS,Bijan Robinson,38.5,-115,-113,,,,6
2026-09-24T23:47:47.448Z,2026-09-24,2026-09-25T00:15:00Z,Atlanta Falcons @ Green Bay Packers,WR_REC_YARDS,Kyle Pitts,36.5,-109,-113,,,,6
2026-09-24T23:47:47.448Z,2026-09-24,2026-09-25T00:15:00Z,Atlanta Falcons @ Green Bay Packers,WR_REC_YARDS,Jahan Dotson,17.5,-111,-113,,,,6
2026-09-24T23:47:47.448Z,2026-09-24,2026-09-25T00:15:00Z,Atlanta Falcons @ Green Bay Packers,WR_REC_YARDS,Skyy Moore,10.5,-115,-109,,,,6
2026-09-24T23:47:47.448Z,2026-09-24,2026-09-25T00:15:00Z,Atlanta Falcons @ Green Bay Packers,WR_REC_YARDS,Olamide Zaccheaus,10.5,-106,-113,,,,6
2026-09-24T23:47:47.448Z,2026-09-24,2026-09-25T00:15:00Z,Atlanta Falcons @ Green Bay Packers,WR_REC_YARDS,Jonnu Smith,8.5,-109,-102,,,,6
2026-09-24T23:47:47.448Z,2026-09-24,2026-09-25T00:15:00Z,Atlanta Falcons @ Green Bay Packers,WR_REC_YARDS,Chris Brooks,6.5,-106,-115,,,,6
2026-09-24T23:47:47.448Z,2026-09-24,2026-09-25T00:15:00Z,Atlanta Falcons @ Green Bay Packers,WR_REC_YARDS,MarShawn Lloyd,5.5,-102,-111,,,,6
2026-09-24T23:47:47.448Z,2026-09-24,2026-09-25T00:15:00Z,Atlanta Falcons @ Green Bay Packers,WR_REC_YARDS,Austin Hooper,7.5,108,-138,,,,1
2026-09-24T23:47:47.448Z,2026-09-24,2026-09-25T00:15:00Z,Atlanta Falcons @ Green Bay Packers,ANYTIME_TD,Bijan Robinson,,,,,0.5833,false,6
2026-09-24T23:47:47.448Z,2026-09-24,2026-09-25T00:15:00Z,Atlanta Falcons @ Green Bay Packers,ANYTIME_TD,Tucker Kraft,,,,,0.3226,false,6
2026-09-24T23:47:47.448Z,2026-09-24,2026-09-25T00:15:00Z,Atlanta Falcons @ Green Bay Packers,ANYTIME_TD,Kaleb Johnson,,,,,0.3226,false,6
2026-09-24T23:47:47.448Z,2026-09-24,2026-09-25T00:15:00Z,Atlanta Falcons @ Green Bay Packers,ANYTIME_TD,Chris Brooks,,,,,0.2326,false,6
2026-09-24T23:47:47.448Z,2026-09-24,2026-09-25T00:15:00Z,Atlanta Falcons @ Green Bay Packers,ANYTIME_TD,Brian Robinson Jr.,,,,,0.1905,false,6
2026-09-24T23:47:47.448Z,2026-09-24,2026-09-25T00:15:00Z,Atlanta Falcons @ Green Bay Packers,ANYTIME_TD,Jonnu Smith,,,,,0.1333,false,6
2026-09-24T23:47:47.448Z,2026-09-24,2026-09-25T00:15:00Z,Atlanta Falcons @ Green Bay Packers,ANYTIME_TD,Jordan Love,,,,,0.1333,false,6
2026-09-24T23:47:47.448Z,2026-09-24,2026-09-25T00:15:00Z,Atlanta Falcons @ Green Bay Packers,ANYTIME_TD,Skyy Moore,,,,,0.1429,false,6
2026-09-24T23:47:47.448Z,2026-09-24,2026-09-25T00:15:00Z,Atlanta Falcons @ Green Bay Packers,ANYTIME_TD,Olamide Zaccheaus,,,,,0.1053,false,6
2026-09-24T23:47:47.448Z,2026-09-24,2026-09-25T00:15:00Z,Atlanta Falcons @ Green Bay Packers,ANYTIME_TD,Michael Penix Jr.,,,,,0.0833,false,6
2026-09-24T23:47:47.448Z,2026-09-24,2026-09-25T00:15:00Z,Atlanta Falcons @ Green Bay Packers,ANYTIME_TD,Mark Redman,,,,,0.0588,false,5
2026-09-24T23:47:47.448Z,2026-09-24,2026-09-25T00:15:00Z,Atlanta Falcons @ Green Bay Packers,ANYTIME_TD,Zachariah Branch,,,,,0.0588,false,6
2026-09-24T23:47:47.448Z,2026-09-24,2026-09-25T00:15:00Z,Atlanta Falcons @ Green Bay Packers,ANYTIME_TD,Josh Whyle,,,,,0.0526,false,5
2026-09-24T23:47:47.448Z,2026-09-24,2026-09-25T00:15:00Z,Atlanta Falcons @ Green Bay Packers,ANYTIME_TD,Charlie Woerner,,,,,0.0345,false,6
2026-09-24T23:47:47.448Z,2026-09-24,2026-09-25T00:15:00Z,Atlanta Falcons @ Green Bay Packers,ANYTIME_TD,Chris Blair,,,,,0.0294,false,6
2026-09-24T23:47:47.448Z,2026-09-24,2026-09-25T00:15:00Z,Atlanta Falcons @ Green Bay Packers,ANYTIME_TD,Nick Muse,,,,,0.0152,false,6
2026-09-24T23:47:47.448Z,2026-09-24,2026-09-25T00:15:00Z,Atlanta Falcons @ Green Bay Packers,ANYTIME_TD,J. Michael Sturdivant,,,,,0.0357,false,3
2026-09-27T12:07:04.615Z,2026-09-27,2026-09-27T17:00:00Z,Los Angeles Chargers @ Buffalo Bills,QB_PASS_YARDS,Josh Allen,238.5,-113,-112,,,,6
2026-09-27T12:07:04.615Z,2026-09-27,2026-09-27T17:00:00Z,Los Angeles Chargers @ Buffalo Bills,QB_PASS_YARDS,Justin Herbert,228.5,-112,-112,,,,6
2026-09-27T12:07:04.615Z,2026-09-27,2026-09-27T17:00:00Z,Los Angeles Chargers @ Buffalo Bills,RB_RUSH_YARDS,James Cook,79.5,-113,-113,,,,6
2026-09-27T12:07:04.615Z,2026-09-27,2026-09-27T17:00:00Z,Los Angeles Chargers @ Buffalo Bills,RB_RUSH_YARDS,Omarion Hampton,58.5,-110,-109,,,,6
2026-09-27T12:07:04.615Z,2026-09-27,2026-09-27T17:00:00Z,Los Angeles Chargers @ Buffalo Bills,RB_RUSH_YARDS,Josh Allen,34.5,-108,-116,,,,6
2026-09-27T12:07:04.615Z,2026-09-27,2026-09-27T17:00:00Z,Los Angeles Chargers @ Buffalo Bills,RB_RUSH_YARDS,Justin Herbert,19.5,-113,-108,,,,6
2026-09-27T12:07:04.615Z,2026-09-27,2026-09-27T17:00:00Z,Los Angeles Chargers @ Buffalo Bills,RB_RUSH_YARDS,Keaton Mitchell,14.5,-113,-113,,,,6
2026-09-27T12:07:04.615Z,2026-09-27,2026-09-27T17:00:00Z,Los Angeles Chargers @ Buffalo Bills,WR_REC_YARDS,Ladd McConkey,58.5,-113,-110,,,,6
2026-09-27T12:07:04.615Z,2026-09-27,2026-09-27T17:00:00Z,Los Angeles Chargers @ Buffalo Bills,WR_REC_YARDS,Dalton Kincaid,57.5,-115,-114,,,,6
2026-09-27T12:07:04.615Z,2026-09-27,2026-09-27T17:00:00Z,Los Angeles Chargers @ Buffalo Bills,WR_REC_YARDS,DJ Moore,49.5,-110,-113,,,,6
2026-09-27T12:07:04.615Z,2026-09-27,2026-09-27T17:00:00Z,Los Angeles Chargers @ Buffalo Bills,WR_REC_YARDS,Khalil Shakir,43.5,-113,-112,,,,6
2026-09-27T12:07:04.615Z,2026-09-27,2026-09-27T17:00:00Z,Los Angeles Chargers @ Buffalo Bills,WR_REC_YARDS,Quentin Johnston,36.5,-113,-115,,,,6
2026-09-27T12:07:04.615Z,2026-09-27,2026-09-27T17:00:00Z,Los Angeles Chargers @ Buffalo Bills,WR_REC_YARDS,Oronde Gadsden II,36.5,-113,-111,,,,6
2026-09-27T12:07:04.615Z,2026-09-27,2026-09-27T17:00:00Z,Los Angeles Chargers @ Buffalo Bills,WR_REC_YARDS,Tre Harris,31.5,-113,-112,,,,6
2026-09-27T12:07:04.615Z,2026-09-27,2026-09-27T17:00:00Z,Los Angeles Chargers @ Buffalo Bills,WR_REC_YARDS,James Cook,11.5,-113,-110,,,,6
2026-09-27T12:07:04.615Z,2026-09-27,2026-09-27T17:00:00Z,Los Angeles Chargers @ Buffalo Bills,WR_REC_YARDS,Omarion Hampton,10.5,-109,-115,,,,6
2026-09-27T12:07:04.615Z,2026-09-27,2026-09-27T17:00:00Z,Los Angeles Chargers @ Buffalo Bills,WR_REC_YARDS,Dawson Knox,9.5,-114,-105,,,,6
2026-09-27T12:07:04.615Z,2026-09-27,2026-09-27T17:00:00Z,Los Angeles Chargers @ Buffalo Bills,ANYTIME_TD,James Cook,,,,,0.6364,false,6
2026-09-27T12:07:04.615Z,2026-09-27,2026-09-27T17:00:00Z,Los Angeles Chargers @ Buffalo Bills,ANYTIME_TD,Josh Allen,,,,,0.5595,false,6
2026-09-27T12:07:04.615Z,2026-09-27,2026-09-27T17:00:00Z,Los Angeles Chargers @ Buffalo Bills,ANYTIME_TD,Omarion Hampton,,,,,0.5238,false,6
2026-09-27T12:07:04.615Z,2026-09-27,2026-09-27T17:00:00Z,Los Angeles Chargers @ Buffalo Bills,ANYTIME_TD,Dalton Kincaid,,,,,0.3448,false,6
2026-09-27T12:07:04.615Z,2026-09-27,2026-09-27T17:00:00Z,Los Angeles Chargers @ Buffalo Bills,ANYTIME_TD,DJ Moore,,,,,0.3472,false,6
2026-09-27T12:07:04.615Z,2026-09-27,2026-09-27T17:00:00Z,Los Angeles Chargers @ Buffalo Bills,ANYTIME_TD,Khalil Shakir,,,,,0.303,false,6
2026-09-27T12:07:04.615Z,2026-09-27,2026-09-27T17:00:00Z,Los Angeles Chargers @ Buffalo Bills,ANYTIME_TD,Ladd McConkey,,,,,0.3125,false,6
2026-09-27T12:07:04.615Z,2026-09-27,2026-09-27T17:00:00Z,Los Angeles Chargers @ Buffalo Bills,ANYTIME_TD,Oronde Gadsden II,,,,,0.2778,false,6
2026-09-27T12:07:04.615Z,2026-09-27,2026-09-27T17:00:00Z,Los Angeles Chargers @ Buffalo Bills,ANYTIME_TD,Quentin Johnston,,,,,0.25,false,6
2026-09-27T12:07:04.615Z,2026-09-27,2026-09-27T17:00:00Z,Los Angeles Chargers @ Buffalo Bills,ANYTIME_TD,Keon Coleman,,,,,0.1887,false,6
2026-09-27T12:07:04.615Z,2026-09-27,2026-09-27T17:00:00Z,Los Angeles Chargers @ Buffalo Bills,ANYTIME_TD,Joshua Palmer,,,,,0.1724,false,6
2026-09-27T12:07:04.615Z,2026-09-27,2026-09-27T17:00:00Z,Los Angeles Chargers @ Buffalo Bills,ANYTIME_TD,Ty Johnson,,,,,0.16,false,6
2026-09-27T12:07:04.615Z,2026-09-27,2026-09-27T17:00:00Z,Los Angeles Chargers @ Buffalo Bills,ANYTIME_TD,Tre Harris,,,,,0.1905,false,6
2026-09-27T12:07:04.615Z,2026-09-27,2026-09-27T17:00:00Z,Los Angeles Chargers @ Buffalo Bills,ANYTIME_TD,Justin Herbert,,,,,0.1695,false,6
2026-09-27T12:07:04.615Z,2026-09-27,2026-09-27T17:00:00Z,Los Angeles Chargers @ Buffalo Bills,ANYTIME_TD,Buffalo Bills D/ST,,,,,0.1538,false,3
2026-09-27T12:07:04.615Z,2026-09-27,2026-09-27T17:00:00Z,Los Angeles Chargers @ Buffalo Bills,ANYTIME_TD,Dawson Knox,,,,,0.1333,false,6
2026-09-27T12:07:04.615Z,2026-09-27,2026-09-27T17:00:00Z,Los Angeles Chargers @ Buffalo Bills,ANYTIME_TD,Keaton Mitchell,,,,,0.1333,false,6
2026-09-27T12:07:04.615Z,2026-09-27,2026-09-27T17:00:00Z,Los Angeles Chargers @ Buffalo Bills,ANYTIME_TD,Los Angeles Chargers D/ST,,,,,0.125,false,3
2026-09-27T12:07:04.615Z,2026-09-27,2026-09-27T17:00:00Z,Los Angeles Chargers @ Buffalo Bills,ANYTIME_TD,Skyler Bell,,,,,0.087,false,5
2026-09-27T12:07:04.615Z,2026-09-27,2026-09-27T17:00:00Z,Los Angeles Chargers @ Buffalo Bills,ANYTIME_TD,Jackson Hawes,,,,,0.08,false,6
2026-09-27T12:07:04.615Z,2026-09-27,2026-09-27T17:00:00Z,Los Angeles Chargers @ Buffalo Bills,ANYTIME_TD,Kimani Vidal,,,,,0.0833,false,6
2026-09-27T12:07:04.615Z,2026-09-27,2026-09-27T17:00:00Z,Los Angeles Chargers @ Buffalo Bills,ANYTIME_TD,Ray Davis,,,,,0.0833,false,6
2026-09-27T12:07:04.615Z,2026-09-27,2026-09-27T17:00:00Z,Los Angeles Chargers @ Buffalo Bills,ANYTIME_TD,Marquez Valdes-Scantling,,,,,0.0588,false,6
2026-09-27T12:07:04.615Z,2026-09-27,2026-09-27T17:00:00Z,Los Angeles Chargers @ Buffalo Bills,ANYTIME_TD,Derius Davis,,,,,0.0588,false,6
2026-09-27T12:07:04.615Z,2026-09-27,2026-09-27T17:00:00Z,Los Angeles Chargers @ Buffalo Bills,ANYTIME_TD,Hayden Rucci,,,,,0.0625,false,5
2026-09-27T12:07:04.615Z,2026-09-27,2026-09-27T17:00:00Z,Los Angeles Chargers @ Buffalo Bills,ANYTIME_TD,Patrick Herbert,,,,,0.0556,false,3
2026-09-27T12:07:04.615Z,2026-09-27,2026-09-27T17:00:00Z,Los Angeles Chargers @ Buffalo Bills,ANYTIME_TD,Alec Ingold,,,,,0.0435,false,6
2026-09-27T12:07:04.615Z,2026-09-27,2026-09-27T17:00:00Z,Los Angeles Chargers @ Buffalo Bills,ANYTIME_TD,Greg Dortch,,,,,0.0435,false,3
2026-09-27T12:07:04.615Z,2026-09-27,2026-09-27T17:00:00Z,Los Angeles Chargers @ Buffalo Bills,ANYTIME_TD,Keleki Latu,,,,,0.0278,false,5
2026-09-27T12:07:04.615Z,2026-09-27,2026-09-27T17:00:00Z,Los Angeles Chargers @ Buffalo Bills,ANYTIME_TD,Buffalo Bills Defense,,,,,0.1176,false,1
2026-09-27T12:07:04.615Z,2026-09-27,2026-09-27T17:00:00Z,Los Angeles Chargers @ Buffalo Bills,ANYTIME_TD,Los Angeles Chargers Defense,,,,,0.0909,false,1
2026-09-27T12:07:04.615Z,2026-09-27,2026-09-27T17:00:00Z,Carolina Panthers @ Cleveland Browns,QB_PASS_YARDS,Bryce Young,223.5,-112,-113,,,,6
2026-09-27T12:07:04.615Z,2026-09-27,2026-09-27T17:00:00Z,Carolina Panthers @ Cleveland Browns,QB_PASS_YARDS,Deshaun Watson,187.5,-113,-112,,,,5
2026-09-27T12:07:04.615Z,2026-09-27,2026-09-27T17:00:00Z,Carolina Panthers @ Cleveland Browns,RB_RUSH_YARDS,Chuba Hubbard,68.5,-110,-114,,,,6
2026-09-27T12:07:04.615Z,2026-09-27,2026-09-27T17:00:00Z,Carolina Panthers @ Cleveland Browns,RB_RUSH_YARDS,Quinshon Judkins,60.5,-115,-115,,,,6
2026-09-27T12:07:04.615Z,2026-09-27,2026-09-27T17:00:00Z,Carolina Panthers @ Cleveland Browns,RB_RUSH_YARDS,Deshaun Watson,25.5,-111,-111,,,,5
2026-09-27T12:07:04.615Z,2026-09-27,2026-09-27T17:00:00Z,Carolina Panthers @ Cleveland Browns,RB_RUSH_YARDS,Bryce Young,14.5,-111,-110,,,,6
2026-09-27T12:07:04.615Z,2026-09-27,2026-09-27T17:00:00Z,Carolina Panthers @ Cleveland Browns,RB_RUSH_YARDS,AJ Dillon,13.5,-110,-111,,,,5
2026-09-27T12:07:04.615Z,2026-09-27,2026-09-27T17:00:00Z,Carolina Panthers @ Cleveland Browns,RB_RUSH_YARDS,Raheim Sanders,9.5,-103,-121,,,,5
2026-09-27T12:07:04.615Z,2026-09-27,2026-09-27T17:00:00Z,Carolina Panthers @ Cleveland Browns,RB_RUSH_YARDS,KC Concepcion,5.5,-104,-109,,,,5
2026-09-27T12:07:04.615Z,2026-09-27,2026-09-27T17:00:00Z,Carolina Panthers @ Cleveland Browns,WR_REC_YARDS,Tetairoa McMillan,64.5,-115,-115,,,,6
2026-09-27T12:07:04.615Z,2026-09-27,2026-09-27T17:00:00Z,Carolina Panthers @ Cleveland Browns,WR_REC_YARDS,Jalen Coker,58.5,-114,-114,,,,6
2026-09-27T12:07:04.615Z,2026-09-27,2026-09-27T17:00:00Z,Carolina Panthers @ Cleveland Browns,WR_REC_YARDS,Denzel Boston,47.5,-113,-111,,,,6
2026-09-27T12:07:04.615Z,2026-09-27,2026-09-27T17:00:00Z,Carolina Panthers @ Cleveland Browns,WR_REC_YARDS,Harold Fannin Jr.,37.5,-112,-111,,,,6
2026-09-27T12:07:04.615Z,2026-09-27,2026-09-27T17:00:00Z,Carolina Panthers @ Cleveland Browns,WR_REC_YARDS,KC Concepcion,33.5,-111,-112,,,,6
2026-09-27T12:07:04.615Z,2026-09-27,2026-09-27T17:00:00Z,Carolina Panthers @ Cleveland Browns,WR_REC_YARDS,Jerry Jeudy,20.5,-113,-109,,,,6
2026-09-27T12:07:04.615Z,2026-09-27,2026-09-27T17:00:00Z,Carolina Panthers @ Cleveland Browns,WR_REC_YARDS,Darren Waller,19.5,-115,-108,,,,6
2026-09-27T12:07:04.615Z,2026-09-27,2026-09-27T17:00:00Z,Carolina Panthers @ Cleveland Browns,WR_REC_YARDS,Chuba Hubbard,14.5,-115,-109,,,,6
2026-09-27T12:07:04.615Z,2026-09-27,2026-09-27T17:00:00Z,Carolina Panthers @ Cleveland Browns,WR_REC_YARDS,Quinshon Judkins,13.5,-114,-110,,,,6
2026-09-27T12:07:04.615Z,2026-09-27,2026-09-27T17:00:00Z,Carolina Panthers @ Cleveland Browns,WR_REC_YARDS,Xavier Legette,12.5,-112,-112,,,,5
2026-09-27T12:07:04.615Z,2026-09-27,2026-09-27T17:00:00Z,Carolina Panthers @ Cleveland Browns,WR_REC_YARDS,Tommy Tremble,10.5,-105,-110,,,,6
2026-09-27T12:07:04.615Z,2026-09-27,2026-09-27T17:00:00Z,Carolina Panthers @ Cleveland Browns,WR_REC_YARDS,Blake Whiteheart,5.5,-110,-113,,,,3
2026-09-27T12:07:04.615Z,2026-09-27,2026-09-27T17:00:00Z,Carolina Panthers @ Cleveland Browns,WR_REC_YARDS,Raheim Sanders,2.5,-113,-106,,,,3
2026-09-27T12:07:04.615Z,2026-09-27,2026-09-27T17:00:00Z,Carolina Panthers @ Cleveland Browns,ANYTIME_TD,Chuba Hubbard,,,,,0.5238,false,6
2026-09-27T12:07:04.615Z,2026-09-27,2026-09-27T17:00:00Z,Carolina Panthers @ Cleveland Browns,ANYTIME_TD,Quinshon Judkins,,,,,0.4762,false,6
2026-09-27T12:07:04.615Z,2026-09-27,2026-09-27T17:00:00Z,Carolina Panthers @ Cleveland Browns,ANYTIME_TD,Tetairoa McMillan,,,,,0.3448,false,6
2026-09-27T12:07:04.615Z,2026-09-27,2026-09-27T17:00:00Z,Carolina Panthers @ Cleveland Browns,ANYTIME_TD,Denzel Boston,,,,,0.2941,false,6
2026-09-27T12:07:04.615Z,2026-09-27,2026-09-27T17:00:00Z,Carolina Panthers @ Cleveland Browns,ANYTIME_TD,Jalen Coker,,,,,0.303,false,6
2026-09-27T12:07:04.615Z,2026-09-27,2026-09-27T17:00:00Z,Carolina Panthers @ Cleveland Browns,ANYTIME_TD,Harold Fannin Jr.,,,,,0.2703,false,6
2026-09-27T12:07:04.615Z,2026-09-27,2026-09-27T17:00:00Z,Carolina Panthers @ Cleveland Browns,ANYTIME_TD,KC Concepcion,,,,,0.2326,false,6
2026-09-27T12:07:04.615Z,2026-09-27,2026-09-27T17:00:00Z,Carolina Panthers @ Cleveland Browns,ANYTIME_TD,Deshaun Watson,,,,,0.1961,false,6
2026-09-27T12:07:04.615Z,2026-09-27,2026-09-27T17:00:00Z,Carolina Panthers @ Cleveland Browns,ANYTIME_TD,Darren Waller,,,,,0.2128,false,6
2026-09-27T12:07:04.615Z,2026-09-27,2026-09-27T17:00:00Z,Carolina Panthers @ Cleveland Browns,ANYTIME_TD,Bryce Young,,,,,0.16,false,6
2026-09-27T12:07:04.615Z,2026-09-27,2026-09-27T17:00:00Z,Carolina Panthers @ Cleveland Browns,ANYTIME_TD,Jerry Jeudy,,,,,0.1429,false,6
2026-09-27T12:07:04.615Z,2026-09-27,2026-09-27T17:00:00Z,Carolina Panthers @ Cleveland Browns,ANYTIME_TD,Carolina Panthers D/ST,,,,,0.1538,false,3
2026-09-27T12:07:04.615Z,2026-09-27,2026-09-27T17:00:00Z,Carolina Panthers @ Cleveland Browns,ANYTIME_TD,Tommy Tremble,,,,,0.1111,false,6
2026-09-27T12:07:04.615Z,2026-09-27,2026-09-27T17:00:00Z,Carolina Panthers @ Cleveland Browns,ANYTIME_TD,Xavier Legette,,,,,0.1333,false,6
2026-09-27T12:07:04.615Z,2026-09-27,2026-09-27T17:00:00Z,Carolina Panthers @ Cleveland Browns,ANYTIME_TD,Cleveland Browns D/ST,,,,,0.1429,false,3
2026-09-27T12:07:04.615Z,2026-09-27,2026-09-27T17:00:00Z,Carolina Panthers @ Cleveland Browns,ANYTIME_TD,AJ Dillon,,,,,0.1176,false,6
2026-09-27T12:07:04.615Z,2026-09-27,2026-09-27T17:00:00Z,Carolina Panthers @ Cleveland Browns,ANYTIME_TD,Raheim Sanders,,,,,0.1176,false,6
2026-09-27T12:07:04.615Z,2026-09-27,2026-09-27T17:00:00Z,Carolina Panthers @ Cleveland Browns,ANYTIME_TD,John Metchie III,,,,,0.1053,false,6
2026-09-27T12:07:04.615Z,2026-09-27,2026-09-27T17:00:00Z,Carolina Panthers @ Cleveland Browns,ANYTIME_TD,Mitchell Evans,,,,,0.0909,false,6
2026-09-27T12:07:04.615Z,2026-09-27,2026-09-27T17:00:00Z,Carolina Panthers @ Cleveland Browns,ANYTIME_TD,Blake Whiteheart,,,,,0.0625,false,6
2026-09-27T12:07:04.615Z,2026-09-27,2026-09-27T17:00:00Z,Carolina Panthers @ Cleveland Browns,ANYTIME_TD,Ja'Tavion Sanders,,,,,0.0625,false,5
2026-09-27T12:07:04.615Z,2026-09-27,2026-09-27T17:00:00Z,Carolina Panthers @ Cleveland Browns,ANYTIME_TD,David Moore,,,,,0.069,false,5
2026-09-27T12:07:04.615Z,2026-09-27,2026-09-27T17:00:00Z,Carolina Panthers @ Cleveland Browns,ANYTIME_TD,Brycen Tremayne,,,,,0.0476,false,6
2026-09-27T12:07:04.615Z,2026-09-27,2026-09-27T17:00:00Z,Carolina Panthers @ Cleveland Browns,ANYTIME_TD,Tylan Wallace,,,,,0.05,false,6
2026-09-27T12:07:04.615Z,2026-09-27,2026-09-27T17:00:00Z,Carolina Panthers @ Cleveland Browns,ANYTIME_TD,Malachi Corley,,,,,0.0435,false,6
2026-09-27T12:07:04.615Z,2026-09-27,2026-09-27T17:00:00Z,Carolina Panthers @ Cleveland Browns,ANYTIME_TD,Isaiah Bond,,,,,0.0476,false,6
2026-09-27T12:07:04.615Z,2026-09-27,2026-09-27T17:00:00Z,Carolina Panthers @ Cleveland Browns,ANYTIME_TD,Jaleel McLaughlin,,,,,0.0435,false,6
2026-09-27T12:07:04.615Z,2026-09-27,2026-09-27T17:00:00Z,Carolina Panthers @ Cleveland Browns,ANYTIME_TD,Anthony Tyus III,,,,,0.0345,false,4
2026-09-27T12:07:04.615Z,2026-09-27,2026-09-27T17:00:00Z,Carolina Panthers @ Cleveland Browns,ANYTIME_TD,Carsen Ryan,,,,,0.0294,false,6
2026-09-27T12:07:04.615Z,2026-09-27,2026-09-27T17:00:00Z,Carolina Panthers @ Cleveland Browns,ANYTIME_TD,Feleipe Franks,,,,,0.0244,false,5
2026-09-27T12:07:04.615Z,2026-09-27,2026-09-27T17:00:00Z,Carolina Panthers @ Cleveland Browns,ANYTIME_TD,Michael Burton,,,,,0.0217,false,6
2026-09-27T12:07:04.615Z,2026-09-27,2026-09-27T17:00:00Z,Carolina Panthers @ Cleveland Browns,ANYTIME_TD,Cleveland Browns Defense,,,,,0.1333,false,1
2026-09-27T12:07:04.615Z,2026-09-27,2026-09-27T17:00:00Z,Carolina Panthers @ Cleveland Browns,ANYTIME_TD,Carolina Panthers Defense,,,,,0.1176,false,1
2026-09-27T12:07:04.615Z,2026-09-27,2026-09-27T17:00:00Z,Cincinnati Bengals @ Pittsburgh Steelers,QB_PASS_YARDS,Joe Burrow,253.5,-113,-113,,,,6
2026-09-27T12:07:04.615Z,2026-09-27,2026-09-27T17:00:00Z,Cincinnati Bengals @ Pittsburgh Steelers,QB_PASS_YARDS,Aaron Rodgers,225.5,-115,-115,,,,6
2026-09-27T12:07:04.615Z,2026-09-27,2026-09-27T17:00:00Z,Cincinnati Bengals @ Pittsburgh Steelers,RB_RUSH_YARDS,Chase Brown,63.5,-112,-110,,,,6
2026-09-27T12:07:04.615Z,2026-09-27,2026-09-27T17:00:00Z,Cincinnati Bengals @ Pittsburgh Steelers,RB_RUSH_YARDS,Jaylen Warren,57.5,-113,-113,,,,6
2026-09-27T12:07:04.615Z,2026-09-27,2026-09-27T17:00:00Z,Cincinnati Bengals @ Pittsburgh Steelers,RB_RUSH_YARDS,Samaje Perine,14.5,-107,-113,,,,6
2026-09-27T12:07:04.615Z,2026-09-27,2026-09-27T17:00:00Z,Cincinnati Bengals @ Pittsburgh Steelers,RB_RUSH_YARDS,Joe Burrow,5.5,-109,-105,,,,6
2026-09-27T12:07:04.615Z,2026-09-27,2026-09-27T17:00:00Z,Cincinnati Bengals @ Pittsburgh Steelers,RB_RUSH_YARDS,Aaron Rodgers,0.5,-111,-111,,,,3
2026-09-27T12:07:04.615Z,2026-09-27,2026-09-27T17:00:00Z,Cincinnati Bengals @ Pittsburgh Steelers,WR_REC_YARDS,Ja'Marr Chase,77.5,-110,-114,,,,6
2026-09-27T12:07:04.615Z,2026-09-27,2026-09-27T17:00:00Z,Cincinnati Bengals @ Pittsburgh Steelers,WR_REC_YARDS,Tee Higgins,52.5,-113,-110,,,,6
2026-09-27T12:07:04.615Z,2026-09-27,2026-09-27T17:00:00Z,Cincinnati Bengals @ Pittsburgh Steelers,WR_REC_YARDS,DK Metcalf,52.5,-112,-113,,,,6
2026-09-27T12:07:04.615Z,2026-09-27,2026-09-27T17:00:00Z,Cincinnati Bengals @ Pittsburgh Steelers,WR_REC_YARDS,Pat Freiermuth,36.5,-110,-114,,,,6
2026-09-27T12:07:04.615Z,2026-09-27,2026-09-27T17:00:00Z,Cincinnati Bengals @ Pittsburgh Steelers,WR_REC_YARDS,Jaylen Warren,26.5,-119,-109,,,,6
2026-09-27T12:07:04.615Z,2026-09-27,2026-09-27T17:00:00Z,Cincinnati Bengals @ Pittsburgh Steelers,WR_REC_YARDS,Michael Pittman Jr.,26.5,-113,-111,,,,6
2026-09-27T12:07:04.615Z,2026-09-27,2026-09-27T17:00:00Z,Cincinnati Bengals @ Pittsburgh Steelers,WR_REC_YARDS,Mike Gesicki,24.5,-110,-114,,,,6
2026-09-27T12:07:04.615Z,2026-09-27,2026-09-27T17:00:00Z,Cincinnati Bengals @ Pittsburgh Steelers,WR_REC_YARDS,Roman Wilson,23.5,-112,-112,,,,6
2026-09-27T12:07:04.615Z,2026-09-27,2026-09-27T17:00:00Z,Cincinnati Bengals @ Pittsburgh Steelers,WR_REC_YARDS,Chase Brown,21.5,-113,-113,,,,6
2026-09-27T12:07:04.615Z,2026-09-27,2026-09-27T17:00:00Z,Cincinnati Bengals @ Pittsburgh Steelers,WR_REC_YARDS,Darnell Washington,14.5,-110,-114,,,,6
2026-09-27T12:07:04.615Z,2026-09-27,2026-09-27T17:00:00Z,Cincinnati Bengals @ Pittsburgh Steelers,WR_REC_YARDS,Samaje Perine,8.5,-108,-117,,,,6
2026-09-27T12:07:04.615Z,2026-09-27,2026-09-27T17:00:00Z,Cincinnati Bengals @ Pittsburgh Steelers,WR_REC_YARDS,Drew Sample,6.5,-111,-113,,,,3
2026-09-27T12:07:04.615Z,2026-09-27,2026-09-27T17:00:00Z,Cincinnati Bengals @ Pittsburgh Steelers,WR_REC_YARDS,Erick All,6.5,-109,-115,,,,5
2026-09-27T12:07:04.615Z,2026-09-27,2026-09-27T17:00:00Z,Cincinnati Bengals @ Pittsburgh Steelers,ANYTIME_TD,Chase Brown,,,,,0.5238,false,6
2026-09-27T12:07:04.615Z,2026-09-27,2026-09-27T17:00:00Z,Cincinnati Bengals @ Pittsburgh Steelers,ANYTIME_TD,Jaylen Warren,,,,,0.4651,false,6
2026-09-27T12:07:04.615Z,2026-09-27,2026-09-27T17:00:00Z,Cincinnati Bengals @ Pittsburgh Steelers,ANYTIME_TD,Ja'Marr Chase,,,,,0.4545,false,6
2026-09-27T12:07:04.615Z,2026-09-27,2026-09-27T17:00:00Z,Cincinnati Bengals @ Pittsburgh Steelers,ANYTIME_TD,Tee Higgins,,,,,0.3509,false,6
2026-09-27T12:07:04.615Z,2026-09-27,2026-09-27T17:00:00Z,Cincinnati Bengals @ Pittsburgh Steelers,ANYTIME_TD,DK Metcalf,,,,,0.3125,false,6
2026-09-27T12:07:04.615Z,2026-09-27,2026-09-27T17:00:00Z,Cincinnati Bengals @ Pittsburgh Steelers,ANYTIME_TD,Pat Freiermuth,,,,,0.2,false,6
2026-09-27T12:07:04.615Z,2026-09-27,2026-09-27T17:00:00Z,Cincinnati Bengals @ Pittsburgh Steelers,ANYTIME_TD,Michael Pittman Jr.,,,,,0.1905,false,6
2026-09-27T12:07:04.615Z,2026-09-27,2026-09-27T17:00:00Z,Cincinnati Bengals @ Pittsburgh Steelers,ANYTIME_TD,Samaje Perine,,,,,0.1818,false,6
2026-09-27T12:07:04.615Z,2026-09-27,2026-09-27T17:00:00Z,Cincinnati Bengals @ Pittsburgh Steelers,ANYTIME_TD,Mike Gesicki,,,,,0.1818,false,6
2026-09-27T12:07:04.615Z,2026-09-27,2026-09-27T17:00:00Z,Cincinnati Bengals @ Pittsburgh Steelers,ANYTIME_TD,Cincinnati Bengals D/ST,,,,,0.1429,false,3
2026-09-27T12:07:04.615Z,2026-09-27,2026-09-27T17:00:00Z,Cincinnati Bengals @ Pittsburgh Steelers,ANYTIME_TD,Germie Bernard,,,,,0.1081,false,6
2026-09-27T12:07:04.615Z,2026-09-27,2026-09-27T17:00:00Z,Cincinnati Bengals @ Pittsburgh Steelers,ANYTIME_TD,Pittsburgh Steelers D/ST,,,,,0.1429,false,3
2026-09-27T12:07:04.615Z,2026-09-27,2026-09-27T17:00:00Z,Cincinnati Bengals @ Pittsburgh Steelers,ANYTIME_TD,Roman Wilson,,,,,0.1333,false,6
2026-09-27T12:07:04.615Z,2026-09-27,2026-09-27T17:00:00Z,Cincinnati Bengals @ Pittsburgh Steelers,ANYTIME_TD,Drew Sample,,,,,0.1053,false,6
2026-09-27T12:07:04.615Z,2026-09-27,2026-09-27T17:00:00Z,Cincinnati Bengals @ Pittsburgh Steelers,ANYTIME_TD,Joe Burrow,,,,,0.125,false,6
2026-09-27T12:07:04.615Z,2026-09-27,2026-09-27T17:00:00Z,Cincinnati Bengals @ Pittsburgh Steelers,ANYTIME_TD,Darnell Washington,,,,,0.1111,false,6
2026-09-27T12:07:04.615Z,2026-09-27,2026-09-27T17:00:00Z,Cincinnati Bengals @ Pittsburgh Steelers,ANYTIME_TD,Dohnte Meyers,,,,,0.1053,false,6
2026-09-27T12:07:04.615Z,2026-09-27,2026-09-27T17:00:00Z,Cincinnati Bengals @ Pittsburgh Steelers,ANYTIME_TD,Eli Heidenreich,,,,,0.0952,false,6
2026-09-27T12:07:04.615Z,2026-09-27,2026-09-27T17:00:00Z,Cincinnati Bengals @ Pittsburgh Steelers,ANYTIME_TD,Erick All,,,,,0.0769,false,6
2026-09-27T12:07:04.615Z,2026-09-27,2026-09-27T17:00:00Z,Cincinnati Bengals @ Pittsburgh Steelers,ANYTIME_TD,Lew Nichols,,,,,0.0833,false,3
2026-09-27T12:07:04.615Z,2026-09-27,2026-09-27T17:00:00Z,Cincinnati Bengals @ Pittsburgh Steelers,ANYTIME_TD,Aaron Rodgers,,,,,0.0645,false,6
2026-09-27T12:07:04.615Z,2026-09-27,2026-09-27T17:00:00Z,Cincinnati Bengals @ Pittsburgh Steelers,ANYTIME_TD,Travis Homer,,,,,0.0769,false,5
2026-09-27T12:07:04.615Z,2026-09-27,2026-09-27T17:00:00Z,Cincinnati Bengals @ Pittsburgh Steelers,ANYTIME_TD,Colbie Young,,,,,0.05,false,6
2026-09-27T12:07:04.615Z,2026-09-27,2026-09-27T17:00:00Z,Cincinnati Bengals @ Pittsburgh Steelers,ANYTIME_TD,Ke'Shawn Williams,,,,,0.05,false,6
2026-09-27T12:07:04.615Z,2026-09-27,2026-09-27T17:00:00Z,Cincinnati Bengals @ Pittsburgh Steelers,ANYTIME_TD,Riley Nowakowski,,,,,0.0323,false,6
2026-09-27T12:07:04.615Z,2026-09-27,2026-09-27T17:00:00Z,Cincinnati Bengals @ Pittsburgh Steelers,ANYTIME_TD,Tanner Hudson,,,,,0.0435,false,3
2026-09-27T12:07:04.615Z,2026-09-27,2026-09-27T17:00:00Z,Cincinnati Bengals @ Pittsburgh Steelers,ANYTIME_TD,Tahj Brooks,,,,,0.0357,false,6
2026-09-27T12:07:04.615Z,2026-09-27,2026-09-27T17:00:00Z,Cincinnati Bengals @ Pittsburgh Steelers,ANYTIME_TD,Kaden Wetjen,,,,,0.0323,false,6
2026-09-27T12:07:04.615Z,2026-09-27,2026-09-27T17:00:00Z,Cincinnati Bengals @ Pittsburgh Steelers,ANYTIME_TD,Jack Endries,,,,,0.0345,false,5
2026-09-27T12:07:04.615Z,2026-09-27,2026-09-27T17:00:00Z,Cincinnati Bengals @ Pittsburgh Steelers,ANYTIME_TD,Ben Skowronek,,,,,0.0323,false,5
2026-09-27T12:07:04.615Z,2026-09-27,2026-09-27T17:00:00Z,Cincinnati Bengals @ Pittsburgh Steelers,ANYTIME_TD,Robert Tonyan,,,,,0.0244,false,6
2026-09-27T12:07:04.615Z,2026-09-27,2026-09-27T17:00:00Z,Cincinnati Bengals @ Pittsburgh Steelers,ANYTIME_TD,Cincinnati Bengals Defense,,,,,0.125,false,1
2026-09-27T12:07:04.615Z,2026-09-27,2026-09-27T17:00:00Z,Cincinnati Bengals @ Pittsburgh Steelers,ANYTIME_TD,Pittsburgh Steelers Defense,,,,,0.1176,false,1
2026-09-27T12:07:04.615Z,2026-09-27,2026-09-27T17:00:00Z,New York Jets @ Detroit Lions,QB_PASS_YARDS,Jared Goff,261.5,-112,-112,,,,6
2026-09-27T12:07:04.615Z,2026-09-27,2026-09-27T17:00:00Z,New York Jets @ Detroit Lions,QB_PASS_YARDS,Geno Smith,230.5,-114,-114,,,,6
2026-09-27T12:07:04.615Z,2026-09-27,2026-09-27T17:00:00Z,New York Jets @ Detroit Lions,RB_RUSH_YARDS,Jahmyr Gibbs,89.5,-111,-113,,,,6
2026-09-27T12:07:04.615Z,2026-09-27,2026-09-27T17:00:00Z,New York Jets @ Detroit Lions,RB_RUSH_YARDS,Breece Hall,60.5,-112,-112,,,,6
2026-09-27T12:07:04.615Z,2026-09-27,2026-09-27T17:00:00Z,New York Jets @ Detroit Lions,RB_RUSH_YARDS,Braelon Allen,17.5,-109,-113,,,,6
2026-09-27T12:07:04.615Z,2026-09-27,2026-09-27T17:00:00Z,New York Jets @ Detroit Lions,RB_RUSH_YARDS,Geno Smith,11.5,-112,-112,,,,5
2026-09-27T12:07:04.615Z,2026-09-27,2026-09-27T17:00:00Z,New York Jets @ Detroit Lions,RB_RUSH_YARDS,Sione Vaki,10.5,-105,-110,,,,6
2026-09-27T12:07:04.615Z,2026-09-27,2026-09-27T17:00:00Z,New York Jets @ Detroit Lions,RB_RUSH_YARDS,Jared Goff,0.5,108,-119,,,,3
2026-09-27T12:07:04.615Z,2026-09-27,2026-09-27T17:00:00Z,New York Jets @ Detroit Lions,WR_REC_YARDS,Amon-Ra St. Brown,78.5,-111,-112,,,,6
2026-09-27T12:07:04.615Z,2026-09-27,2026-09-27T17:00:00Z,New York Jets @ Detroit Lions,WR_REC_YARDS,Garrett Wilson,76.5,-113,-111,,,,6
2026-09-27T12:07:04.615Z,2026-09-27,2026-09-27T17:00:00Z,New York Jets @ Detroit Lions,WR_REC_YARDS,Jameson Williams,54.5,-113,-113,,,,6
2026-09-27T12:07:04.615Z,2026-09-27,2026-09-27T17:00:00Z,New York Jets @ Detroit Lions,WR_REC_YARDS,Sam LaPorta,46.5,-113,-111,,,,6
2026-09-27T12:07:04.615Z,2026-09-27,2026-09-27T17:00:00Z,New York Jets @ Detroit Lions,WR_REC_YARDS,Adonai Mitchell,45.5,-118,-113,,,,4
2026-09-27T12:07:04.615Z,2026-09-27,2026-09-27T17:00:00Z,New York Jets @ Detroit Lions,WR_REC_YARDS,Jahmyr Gibbs,34.5,-111,-116,,,,6
2026-09-27T12:07:04.615Z,2026-09-27,2026-09-27T17:00:00Z,New York Jets @ Detroit Lions,WR_REC_YARDS,Kenyon Sadiq,28.5,-113,-113,,,,6
2026-09-27T12:07:04.615Z,2026-09-27,2026-09-27T17:00:00Z,New York Jets @ Detroit Lions,WR_REC_YARDS,Isaiah Williams,25.5,-111,-108,,,,6
2026-09-27T12:07:04.615Z,2026-09-27,2026-09-27T17:00:00Z,New York Jets @ Detroit Lions,WR_REC_YARDS,Breece Hall,21.5,-113,-113,,,,5
2026-09-27T12:07:04.615Z,2026-09-27,2026-09-27T17:00:00Z,New York Jets @ Detroit Lions,WR_REC_YARDS,Isaac TeSlaa,15.5,-113,-108,,,,6
2026-09-27T12:07:04.615Z,2026-09-27,2026-09-27T17:00:00Z,New York Jets @ Detroit Lions,WR_REC_YARDS,Jeremy Ruckert,8.5,-108,-113,,,,3
2026-09-27T12:07:04.615Z,2026-09-27,2026-09-27T17:00:00Z,New York Jets @ Detroit Lions,ANYTIME_TD,Jahmyr Gibbs,,,,,0.7333,false,6
2026-09-27T12:07:04.615Z,2026-09-27,2026-09-27T17:00:00Z,New York Jets @ Detroit Lions,ANYTIME_TD,Amon-Ra St. Brown,,,,,0.5349,false,6
2026-09-27T12:07:04.615Z,2026-09-27,2026-09-27T17:00:00Z,New York Jets @ Detroit Lions,ANYTIME_TD,Breece Hall,,,,,0.5,false,6
2026-09-27T12:07:04.615Z,2026-09-27,2026-09-27T17:00:00Z,New York Jets @ Detroit Lions,ANYTIME_TD,Jameson Williams,,,,,0.3509,false,6
2026-09-27T12:07:04.615Z,2026-09-27,2026-09-27T17:00:00Z,New York Jets @ Detroit Lions,ANYTIME_TD,Garrett Wilson,,,,,0.3333,false,6
2026-09-27T12:07:04.615Z,2026-09-27,2026-09-27T17:00:00Z,New York Jets @ Detroit Lions,ANYTIME_TD,Sam LaPorta,,,,,0.3279,false,6
2026-09-27T12:07:04.615Z,2026-09-27,2026-09-27T17:00:00Z,New York Jets @ Detroit Lions,ANYTIME_TD,Braelon Allen,,,,,0.2222,false,6
2026-09-27T12:07:04.615Z,2026-09-27,2026-09-27T17:00:00Z,New York Jets @ Detroit Lions,ANYTIME_TD,Adonai Mitchell,,,,,0.2273,false,6
2026-09-27T12:07:04.615Z,2026-09-27,2026-09-27T17:00:00Z,New York Jets @ Detroit Lions,ANYTIME_TD,Kenyon Sadiq,,,,,0.2041,false,6
2026-09-27T12:07:04.615Z,2026-09-27,2026-09-27T17:00:00Z,New York Jets @ Detroit Lions,ANYTIME_TD,Isaiah Williams,,,,,0.1905,false,6
2026-09-27T12:07:04.615Z,2026-09-27,2026-09-27T17:00:00Z,New York Jets @ Detroit Lions,ANYTIME_TD,Isaac TeSlaa,,,,,0.1667,false,6
2026-09-27T12:07:04.615Z,2026-09-27,2026-09-27T17:00:00Z,New York Jets @ Detroit Lions,ANYTIME_TD,Detroit Lions D/ST,,,,,0.1538,false,3
2026-09-27T12:07:04.615Z,2026-09-27,2026-09-27T17:00:00Z,New York Jets @ Detroit Lions,ANYTIME_TD,Sione Vaki,,,,,0.1333,false,6
2026-09-27T12:07:04.615Z,2026-09-27,2026-09-27T17:00:00Z,New York Jets @ Detroit Lions,ANYTIME_TD,New York Jets D/ST,,,,,0.1333,false,3
2026-09-27T12:07:04.615Z,2026-09-27,2026-09-27T17:00:00Z,New York Jets @ Detroit Lions,ANYTIME_TD,Jeremy Ruckert,,,,,0.087,false,6
2026-09-27T12:07:04.615Z,2026-09-27,2026-09-27T17:00:00Z,New York Jets @ Detroit Lions,ANYTIME_TD,Geno Smith,,,,,0.1,false,6
2026-09-27T12:07:04.615Z,2026-09-27,2026-09-27T17:00:00Z,New York Jets @ Detroit Lions,ANYTIME_TD,Brock Wright,,,,,0.08,false,6
2026-09-27T12:07:04.615Z,2026-09-27,2026-09-27T17:00:00Z,New York Jets @ Detroit Lions,ANYTIME_TD,Jelani Woods,,,,,0.05,false,6
2026-09-27T12:07:04.615Z,2026-09-27,2026-09-27T17:00:00Z,New York Jets @ Detroit Lions,ANYTIME_TD,Tom Kennedy,,,,,0.0435,false,6
2026-09-27T12:07:04.615Z,2026-09-27,2026-09-27T17:00:00Z,New York Jets @ Detroit Lions,ANYTIME_TD,Jared Goff,,,,,0.0526,false,6
2026-09-27T12:07:04.615Z,2026-09-27,2026-09-27T17:00:00Z,New York Jets @ Detroit Lions,ANYTIME_TD,Jackson Meeks,,,,,0.0435,false,5
2026-09-27T12:07:04.615Z,2026-09-27,2026-09-27T17:00:00Z,New York Jets @ Detroit Lions,ANYTIME_TD,Tay Martin,,,,,0.0385,false,6
2026-09-27T12:07:04.615Z,2026-09-27,2026-09-27T17:00:00Z,New York Jets @ Detroit Lions,ANYTIME_TD,Isaiah Davis,,,,,0.0476,false,6
2026-09-27T12:07:04.615Z,2026-09-27,2026-09-27T17:00:00Z,New York Jets @ Detroit Lions,ANYTIME_TD,Tyler Conklin,,,,,0.0476,false,6
2026-09-27T12:07:04.615Z,2026-09-27,2026-09-27T17:00:00Z,New York Jets @ Detroit Lions,ANYTIME_TD,Sterling Shepard,,,,,0.0435,false,5
2026-09-27T12:07:04.615Z,2026-09-27,2026-09-27T17:00:00Z,New York Jets @ Detroit Lions,ANYTIME_TD,Jacob Saylors,,,,,0.0385,false,6
2026-09-27T12:07:04.615Z,2026-09-27,2026-09-27T17:00:00Z,New York Jets @ Detroit Lions,ANYTIME_TD,Malik McClain,,,,,0.0345,false,6
2026-09-27T12:07:04.615Z,2026-09-27,2026-09-27T17:00:00Z,New York Jets @ Detroit Lions,ANYTIME_TD,Jamaal Pritchett,,,,,0.0345,false,4
2026-09-27T12:07:04.615Z,2026-09-27,2026-09-27T17:00:00Z,New York Jets @ Detroit Lions,ANYTIME_TD,Andrew Beck,,,,,0.0278,false,6
2026-09-27T12:07:04.615Z,2026-09-27,2026-09-27T17:00:00Z,New York Jets @ Detroit Lions,ANYTIME_TD,Detroit Lions Defense,,,,,0.125,false,1
2026-09-27T12:07:04.615Z,2026-09-27,2026-09-27T17:00:00Z,New York Jets @ Detroit Lions,ANYTIME_TD,New York Jets Defense,,,,,0.1111,false,1
2026-09-27T12:07:04.615Z,2026-09-27,2026-09-27T17:00:00Z,Houston Texans @ Indianapolis Colts,QB_PASS_YARDS,C.J. Stroud,236.5,-112,-112,,,,6
2026-09-27T12:07:04.615Z,2026-09-27,2026-09-27T17:00:00Z,Houston Texans @ Indianapolis Colts,QB_PASS_YARDS,Daniel Jones,212.5,-111,-113,,,,6
2026-09-27T12:07:04.615Z,2026-09-27,2026-09-27T17:00:00Z,Houston Texans @ Indianapolis Colts,RB_RUSH_YARDS,Jonathan Taylor,81.5,-113,-111,,,,6
2026-09-27T12:07:04.615Z,2026-09-27,2026-09-27T17:00:00Z,Houston Texans @ Indianapolis Colts,RB_RUSH_YARDS,David Montgomery,49.5,-113,-111,,,,6
2026-09-27T12:07:04.615Z,2026-09-27,2026-09-27T17:00:00Z,Houston Texans @ Indianapolis Colts,RB_RUSH_YARDS,Woody Marks,27.5,-113,-108,,,,6
2026-09-27T12:07:04.615Z,2026-09-27,2026-09-27T17:00:00Z,Houston Texans @ Indianapolis Colts,RB_RUSH_YARDS,Daniel Jones,10.5,-113,-111,,,,6
2026-09-27T12:07:04.615Z,2026-09-27,2026-09-27T17:00:00Z,Houston Texans @ Indianapolis Colts,RB_RUSH_YARDS,C.J. Stroud,10.5,-111,-113,,,,6
2026-09-27T12:07:04.615Z,2026-09-27,2026-09-27T17:00:00Z,Houston Texans @ Indianapolis Colts,WR_REC_YARDS,Dalton Schultz,49.5,-113,-113,,,,6
2026-09-27T12:07:04.615Z,2026-09-27,2026-09-27T17:00:00Z,Houston Texans @ Indianapolis Colts,WR_REC_YARDS,Josh Downs,50.5,-113,-110,,,,6
2026-09-27T12:07:04.615Z,2026-09-27,2026-09-27T17:00:00Z,Houston Texans @ Indianapolis Colts,WR_REC_YARDS,Tyler Warren,46.5,-112,-113,,,,6
2026-09-27T12:07:04.615Z,2026-09-27,2026-09-27T17:00:00Z,Houston Texans @ Indianapolis Colts,WR_REC_YARDS,Xavier Hutchinson,38.5,-113,-109,,,,6
2026-09-27T12:07:04.615Z,2026-09-27,2026-09-27T17:00:00Z,Houston Texans @ Indianapolis Colts,WR_REC_YARDS,Kayshon Boutte,37.5,-112,-110,,,,6
2026-09-27T12:07:04.615Z,2026-09-27,2026-09-27T17:00:00Z,Houston Texans @ Indianapolis Colts,WR_REC_YARDS,Keenan Allen,32.5,-111,-113,,,,6
2026-09-27T12:07:04.615Z,2026-09-27,2026-09-27T17:00:00Z,Houston Texans @ Indianapolis Colts,WR_REC_YARDS,Jaylin Noel,28.5,-114,-110,,,,6
2026-09-27T12:07:04.615Z,2026-09-27,2026-09-27T17:00:00Z,Houston Texans @ Indianapolis Colts,WR_REC_YARDS,Jonathan Taylor,21.5,-113,-113,,,,6
2026-09-27T12:07:04.615Z,2026-09-27,2026-09-27T17:00:00Z,Houston Texans @ Indianapolis Colts,WR_REC_YARDS,Laquon Treadwell,18.5,-117,-107,,,,6
2026-09-27T12:07:04.615Z,2026-09-27,2026-09-27T17:00:00Z,Houston Texans @ Indianapolis Colts,WR_REC_YARDS,Jared Wayne,15.5,-112,-112,,,,6
2026-09-27T12:07:04.615Z,2026-09-27,2026-09-27T17:00:00Z,Houston Texans @ Indianapolis Colts,WR_REC_YARDS,Woody Marks,11.5,-107,-113,,,,6
2026-09-27T12:07:04.615Z,2026-09-27,2026-09-27T17:00:00Z,Houston Texans @ Indianapolis Colts,WR_REC_YARDS,Darius Slayton,10.5,-112,-113,,,,5
2026-09-27T12:07:04.615Z,2026-09-27,2026-09-27T17:00:00Z,Houston Texans @ Indianapolis Colts,WR_REC_YARDS,David Montgomery,9.5,-109,-110,,,,5
2026-09-27T12:07:04.615Z,2026-09-27,2026-09-27T17:00:00Z,Houston Texans @ Indianapolis Colts,ANYTIME_TD,Jonathan Taylor,,,,,0.6,false,6
2026-09-27T12:07:04.615Z,2026-09-27,2026-09-27T17:00:00Z,Houston Texans @ Indianapolis Colts,ANYTIME_TD,David Montgomery,,,,,0.5,false,6
2026-09-27T12:07:04.615Z,2026-09-27,2026-09-27T17:00:00Z,Houston Texans @ Indianapolis Colts,ANYTIME_TD,Dalton Schultz,,,,,0.3077,false,6
2026-09-27T12:07:04.615Z,2026-09-27,2026-09-27T17:00:00Z,Houston Texans @ Indianapolis Colts,ANYTIME_TD,Tyler Warren,,,,,0.2985,false,6
2026-09-27T12:07:04.615Z,2026-09-27,2026-09-27T17:00:00Z,Houston Texans @ Indianapolis Colts,ANYTIME_TD,Josh Downs,,,,,0.2703,false,6
2026-09-27T12:07:04.615Z,2026-09-27,2026-09-27T17:00:00Z,Houston Texans @ Indianapolis Colts,ANYTIME_TD,Woody Marks,,,,,0.2703,false,6
2026-09-27T12:07:04.615Z,2026-09-27,2026-09-27T17:00:00Z,Houston Texans @ Indianapolis Colts,ANYTIME_TD,Kayshon Boutte,,,,,0.2439,false,6
2026-09-27T12:07:04.615Z,2026-09-27,2026-09-27T17:00:00Z,Houston Texans @ Indianapolis Colts,ANYTIME_TD,Keenan Allen,,,,,0.2,false,6
2026-09-27T12:07:04.615Z,2026-09-27,2026-09-27T17:00:00Z,Houston Texans @ Indianapolis Colts,ANYTIME_TD,Xavier Hutchinson,,,,,0.2128,false,6
2026-09-27T12:07:04.615Z,2026-09-27,2026-09-27T17:00:00Z,Houston Texans @ Indianapolis Colts,ANYTIME_TD,Jaylin Noel,,,,,0.1754,false,6
2026-09-27T12:07:04.615Z,2026-09-27,2026-09-27T17:00:00Z,Houston Texans @ Indianapolis Colts,ANYTIME_TD,Darius Slayton,,,,,0.125,false,6
2026-09-27T12:07:04.615Z,2026-09-27,2026-09-27T17:00:00Z,Houston Texans @ Indianapolis Colts,ANYTIME_TD,Daniel Jones,,,,,0.1333,false,6
2026-09-27T12:07:04.615Z,2026-09-27,2026-09-27T17:00:00Z,Houston Texans @ Indianapolis Colts,ANYTIME_TD,Indianapolis Colts D/ST,,,,,0.125,false,3
2026-09-27T12:07:04.615Z,2026-09-27,2026-09-27T17:00:00Z,Houston Texans @ Indianapolis Colts,ANYTIME_TD,Laquon Treadwell,,,,,0.1111,false,6
2026-09-27T12:07:04.615Z,2026-09-27,2026-09-27T17:00:00Z,Houston Texans @ Indianapolis Colts,ANYTIME_TD,C.J. Stroud,,,,,0.1176,false,6
2026-09-27T12:07:04.615Z,2026-09-27,2026-09-27T17:00:00Z,Houston Texans @ Indianapolis Colts,ANYTIME_TD,Jared Wayne,,,,,0.1176,false,6
2026-09-27T12:07:04.615Z,2026-09-27,2026-09-27T17:00:00Z,Houston Texans @ Indianapolis Colts,ANYTIME_TD,Houston Texans D/ST,,,,,0.1176,false,3
2026-09-27T12:07:04.615Z,2026-09-27,2026-09-27T17:00:00Z,Houston Texans @ Indianapolis Colts,ANYTIME_TD,Foster Moreau,,,,,0.0909,false,6
2026-09-27T12:07:04.615Z,2026-09-27,2026-09-27T17:00:00Z,Houston Texans @ Indianapolis Colts,ANYTIME_TD,Seth McGowan,,,,,0.0714,false,6
2026-09-27T12:07:04.615Z,2026-09-27,2026-09-27T17:00:00Z,Houston Texans @ Indianapolis Colts,ANYTIME_TD,DJ Giddens,,,,,0.0769,false,5
2026-09-27T12:07:04.615Z,2026-09-27,2026-09-27T17:00:00Z,Houston Texans @ Indianapolis Colts,ANYTIME_TD,Nick Westbrook-Ikhine,,,,,0.0556,false,4
2026-09-27T12:07:04.615Z,2026-09-27,2026-09-27T17:00:00Z,Houston Texans @ Indianapolis Colts,ANYTIME_TD,Mo Alie-Cox,,,,,0.0588,false,6
2026-09-27T12:07:04.615Z,2026-09-27,2026-09-27T17:00:00Z,Houston Texans @ Indianapolis Colts,ANYTIME_TD,Cade Stover,,,,,0.0435,false,6
2026-09-27T12:07:04.615Z,2026-09-27,2026-09-27T17:00:00Z,Houston Texans @ Indianapolis Colts,ANYTIME_TD,Drew Ogletree,,,,,0.0435,false,6
2026-09-27T12:07:04.615Z,2026-09-27,2026-09-27T17:00:00Z,Houston Texans @ Indianapolis Colts,ANYTIME_TD,Marlin Klein,,,,,0.0435,false,6
2026-09-27T12:07:04.615Z,2026-09-27,2026-09-27T17:00:00Z,Houston Texans @ Indianapolis Colts,ANYTIME_TD,Anthony Gould,,,,,0.0385,false,4
2026-09-27T12:07:04.615Z,2026-09-27,2026-09-27T17:00:00Z,Houston Texans @ Indianapolis Colts,ANYTIME_TD,Brevin Jordan,,,,,0.0385,false,5
2026-09-27T12:07:04.615Z,2026-09-27,2026-09-27T17:00:00Z,Houston Texans @ Indianapolis Colts,ANYTIME_TD,Deion Burks,,,,,0.0323,false,6
2026-09-27T12:07:04.615Z,2026-09-27,2026-09-27T17:00:00Z,Houston Texans @ Indianapolis Colts,ANYTIME_TD,Lewis Bond,,,,,0.0294,false,4
2026-09-27T12:07:04.615Z,2026-09-27,2026-09-27T17:00:00Z,Houston Texans @ Indianapolis Colts,ANYTIME_TD,British Brooks,,,,,0.0244,false,6
2026-09-27T12:07:04.615Z,2026-09-27,2026-09-27T17:00:00Z,Houston Texans @ Indianapolis Colts,ANYTIME_TD,Indianapolis Colts Defense,,,,,0.125,false,1
2026-09-27T12:07:04.615Z,2026-09-27,2026-09-27T17:00:00Z,Houston Texans @ Indianapolis Colts,ANYTIME_TD,Houston Texans Defense,,,,,0.1176,false,1
2026-09-27T12:07:04.615Z,2026-09-27,2026-09-27T17:00:00Z,New England Patriots @ Jacksonville Jaguars,QB_PASS_YARDS,Trevor Lawrence,228.5,-111,-113,,,,6
2026-09-27T12:07:04.615Z,2026-09-27,2026-09-27T17:00:00Z,New England Patriots @ Jacksonville Jaguars,QB_PASS_YARDS,Drake Maye,222.5,-113,-113,,,,6
2026-09-27T12:07:04.615Z,2026-09-27,2026-09-27T17:00:00Z,New England Patriots @ Jacksonville Jaguars,RB_RUSH_YARDS,Bhayshul Tuten,51.5,-111,-113,,,,6
2026-09-27T12:07:04.615Z,2026-09-27,2026-09-27T17:00:00Z,New England Patriots @ Jacksonville Jaguars,RB_RUSH_YARDS,TreVeyon Henderson,41.5,-111,-113,,,,6
2026-09-27T12:07:04.615Z,2026-09-27,2026-09-27T17:00:00Z,New England Patriots @ Jacksonville Jaguars,RB_RUSH_YARDS,Rhamondre Stevenson,35.5,-113,-113,,,,6
2026-09-27T12:07:04.615Z,2026-09-27,2026-09-27T17:00:00Z,New England Patriots @ Jacksonville Jaguars,RB_RUSH_YARDS,Drake Maye,26.5,-110,-113,,,,6
2026-09-27T12:07:04.615Z,2026-09-27,2026-09-27T17:00:00Z,New England Patriots @ Jacksonville Jaguars,RB_RUSH_YARDS,Chris Rodriguez Jr.,20.5,-110,-113,,,,6
2026-09-27T12:07:04.615Z,2026-09-27,2026-09-27T17:00:00Z,New England Patriots @ Jacksonville Jaguars,RB_RUSH_YARDS,Trevor Lawrence,16.5,-108,-113,,,,6
2026-09-27T12:07:04.615Z,2026-09-27,2026-09-27T17:00:00Z,New England Patriots @ Jacksonville Jaguars,WR_REC_YARDS,Parker Washington,67.5,-112,-112,,,,6
2026-09-27T12:07:04.615Z,2026-09-27,2026-09-27T17:00:00Z,New England Patriots @ Jacksonville Jaguars,WR_REC_YARDS,Hunter Henry,41.5,-113,-113,,,,6
2026-09-27T12:07:04.615Z,2026-09-27,2026-09-27T17:00:00Z,New England Patriots @ Jacksonville Jaguars,WR_REC_YARDS,Romeo Doubs,42.5,-113,-111,,,,6
2026-09-27T12:07:04.615Z,2026-09-27,2026-09-27T17:00:00Z,New England Patriots @ Jacksonville Jaguars,WR_REC_YARDS,Brian Thomas Jr,36.5,-113,-110,,,,6
2026-09-27T12:07:04.615Z,2026-09-27,2026-09-27T17:00:00Z,New England Patriots @ Jacksonville Jaguars,WR_REC_YARDS,Jakobi Meyers,34.5,-113,-113,,,,6
2026-09-27T12:07:04.615Z,2026-09-27,2026-09-27T17:00:00Z,New England Patriots @ Jacksonville Jaguars,WR_REC_YARDS,Mack Hollins,33.5,-113,-110,,,,6
2026-09-27T12:07:04.615Z,2026-09-27,2026-09-27T17:00:00Z,New England Patriots @ Jacksonville Jaguars,WR_REC_YARDS,Brenton Strange,31.5,-113,-111,,,,6
2026-09-27T12:07:04.615Z,2026-09-27,2026-09-27T17:00:00Z,New England Patriots @ Jacksonville Jaguars,WR_REC_YARDS,DeMario Douglas,29.5,-115,-109,,,,6
2026-09-27T12:07:04.615Z,2026-09-27,2026-09-27T17:00:00Z,New England Patriots @ Jacksonville Jaguars,WR_REC_YARDS,Rhamondre Stevenson,14.5,-109,-113,,,,6
2026-09-27T12:07:04.615Z,2026-09-27,2026-09-27T17:00:00Z,New England Patriots @ Jacksonville Jaguars,WR_REC_YARDS,Bhayshul Tuten,10.5,-103,-111,,,,6
2026-09-27T12:07:04.615Z,2026-09-27,2026-09-27T17:00:00Z,New England Patriots @ Jacksonville Jaguars,WR_REC_YARDS,TreVeyon Henderson,9.5,-107,-113,,,,6
2026-09-27T12:07:04.615Z,2026-09-27,2026-09-27T17:00:00Z,New England Patriots @ Jacksonville Jaguars,WR_REC_YARDS,Kyle Williams,7.5,-112,-112,,,,3
2026-09-27T12:07:04.615Z,2026-09-27,2026-09-27T17:00:00Z,New England Patriots @ Jacksonville Jaguars,WR_REC_YARDS,Travis Hunter,0.5,-106,-120,,,,1
2026-09-27T12:07:04.615Z,2026-09-27,2026-09-27T17:00:00Z,New England Patriots @ Jacksonville Jaguars,ANYTIME_TD,Rhamondre Stevenson,,,,,0.4,false,6
2026-09-27T12:07:04.615Z,2026-09-27,2026-09-27T17:00:00Z,New England Patriots @ Jacksonville Jaguars,ANYTIME_TD,Bhayshul Tuten,,,,,0.4,false,6
2026-09-27T12:07:04.615Z,2026-09-27,2026-09-27T17:00:00Z,New England Patriots @ Jacksonville Jaguars,ANYTIME_TD,Parker Washington,,,,,0.3704,false,6
2026-09-27T12:07:04.615Z,2026-09-27,2026-09-27T17:00:00Z,New England Patriots @ Jacksonville Jaguars,ANYTIME_TD,TreVeyon Henderson,,,,,0.3448,false,6
2026-09-27T12:07:04.615Z,2026-09-27,2026-09-27T17:00:00Z,New England Patriots @ Jacksonville Jaguars,ANYTIME_TD,Hunter Henry,,,,,0.2941,false,6
2026-09-27T12:07:04.615Z,2026-09-27,2026-09-27T17:00:00Z,New England Patriots @ Jacksonville Jaguars,ANYTIME_TD,Chris Rodriguez Jr.,,,,,0.2817,false,6
2026-09-27T12:07:04.615Z,2026-09-27,2026-09-27T17:00:00Z,New England Patriots @ Jacksonville Jaguars,ANYTIME_TD,Jakobi Meyers,,,,,0.2632,false,6
2026-09-27T12:07:04.615Z,2026-09-27,2026-09-27T17:00:00Z,New England Patriots @ Jacksonville Jaguars,ANYTIME_TD,Brian Thomas Jr,,,,,0.2597,false,6
2026-09-27T12:07:04.615Z,2026-09-27,2026-09-27T17:00:00Z,New England Patriots @ Jacksonville Jaguars,ANYTIME_TD,Drake Maye,,,,,0.2597,false,6
2026-09-27T12:07:04.615Z,2026-09-27,2026-09-27T17:00:00Z,New England Patriots @ Jacksonville Jaguars,ANYTIME_TD,Romeo Doubs,,,,,0.2532,false,6
2026-09-27T12:07:04.615Z,2026-09-27,2026-09-27T17:00:00Z,New England Patriots @ Jacksonville Jaguars,ANYTIME_TD,Trevor Lawrence,,,,,0.2381,false,6
2026-09-27T12:07:04.615Z,2026-09-27,2026-09-27T17:00:00Z,New England Patriots @ Jacksonville Jaguars,ANYTIME_TD,Brenton Strange,,,,,0.2381,false,6
2026-09-27T12:07:04.615Z,2026-09-27,2026-09-27T17:00:00Z,New England Patriots @ Jacksonville Jaguars,ANYTIME_TD,Mack Hollins,,,,,0.2222,false,6
2026-09-27T12:07:04.615Z,2026-09-27,2026-09-27T17:00:00Z,New England Patriots @ Jacksonville Jaguars,ANYTIME_TD,DeMario Douglas,,,,,0.2,false,6
2026-09-27T12:07:04.615Z,2026-09-27,2026-09-27T17:00:00Z,New England Patriots @ Jacksonville Jaguars,ANYTIME_TD,Jacksonville Jaguars D/ST,,,,,0.1176,false,3
2026-09-27T12:07:04.615Z,2026-09-27,2026-09-27T17:00:00Z,New England Patriots @ Jacksonville Jaguars,ANYTIME_TD,New England Patriots D/ST,,,,,0.1111,false,3
2026-09-27T12:07:04.615Z,2026-09-27,2026-09-27T17:00:00Z,New England Patriots @ Jacksonville Jaguars,ANYTIME_TD,Eli Raridon,,,,,0.1,false,5
2026-09-27T12:07:04.615Z,2026-09-27,2026-09-27T17:00:00Z,New England Patriots @ Jacksonville Jaguars,ANYTIME_TD,Ameer Abdullah,,,,,0.087,false,6
2026-09-27T12:07:04.615Z,2026-09-27,2026-09-27T17:00:00Z,New England Patriots @ Jacksonville Jaguars,ANYTIME_TD,Nate Boerkircher,,,,,0.0909,false,6
2026-09-27T12:07:04.615Z,2026-09-27,2026-09-27T17:00:00Z,New England Patriots @ Jacksonville Jaguars,ANYTIME_TD,Kyle Williams,,,,,0.087,false,6
2026-09-27T12:07:04.615Z,2026-09-27,2026-09-27T17:00:00Z,New England Patriots @ Jacksonville Jaguars,ANYTIME_TD,LeQuint Allen Jr.,,,,,0.0625,false,6
2026-09-27T12:07:04.615Z,2026-09-27,2026-09-27T17:00:00Z,New England Patriots @ Jacksonville Jaguars,ANYTIME_TD,Travis Hunter,,,,,0.0714,false,6
2026-09-27T12:07:04.615Z,2026-09-27,2026-09-27T17:00:00Z,New England Patriots @ Jacksonville Jaguars,ANYTIME_TD,Efton Chism III,,,,,0.0588,false,6
2026-09-27T12:07:04.615Z,2026-09-27,2026-09-27T17:00:00Z,New England Patriots @ Jacksonville Jaguars,ANYTIME_TD,CJ Williams,,,,,0.0513,false,6
2026-09-27T12:07:04.615Z,2026-09-27,2026-09-27T17:00:00Z,New England Patriots @ Jacksonville Jaguars,ANYTIME_TD,Josh Cameron,,,,,0.0606,false,6
2026-09-27T12:07:04.615Z,2026-09-27,2026-09-27T17:00:00Z,New England Patriots @ Jacksonville Jaguars,ANYTIME_TD,Cameron Latu,,,,,0.05,false,6
2026-09-27T12:07:04.615Z,2026-09-27,2026-09-27T17:00:00Z,New England Patriots @ Jacksonville Jaguars,ANYTIME_TD,Corey Kiner,,,,,0.0435,false,6
2026-09-27T12:07:04.615Z,2026-09-27,2026-09-27T17:00:00Z,New England Patriots @ Jacksonville Jaguars,ANYTIME_TD,Reggie Gilliam,,,,,0.04,false,6
2026-09-27T12:07:04.615Z,2026-09-27,2026-09-27T17:00:00Z,New England Patriots @ Jacksonville Jaguars,ANYTIME_TD,Quintin Morris,,,,,0.0435,false,6
2026-09-27T12:07:04.615Z,2026-09-27,2026-09-27T17:00:00Z,New England Patriots @ Jacksonville Jaguars,ANYTIME_TD,Tanner Koziol,,,,,0.0385,false,5
2026-09-27T12:07:04.615Z,2026-09-27,2026-09-27T17:00:00Z,New England Patriots @ Jacksonville Jaguars,ANYTIME_TD,Tanner Arkin,,,,,0.0278,false,5
2026-09-27T12:07:04.615Z,2026-09-27,2026-09-27T17:00:00Z,New England Patriots @ Jacksonville Jaguars,ANYTIME_TD,New England Patriots Defense,,,,,0.125,false,1
2026-09-27T12:07:04.615Z,2026-09-27,2026-09-27T17:00:00Z,New England Patriots @ Jacksonville Jaguars,ANYTIME_TD,Jacksonville Jaguars Defense,,,,,0.1053,false,1
2026-09-27T12:07:04.615Z,2026-09-27,2026-09-27T17:00:00Z,Kansas City Chiefs @ Miami Dolphins,QB_PASS_YARDS,Patrick Mahomes,235.5,-111,-111,,,,5
2026-09-27T12:07:04.615Z,2026-09-27,2026-09-27T17:00:00Z,Kansas City Chiefs @ Miami Dolphins,QB_PASS_YARDS,Malik Willis,176.5,-111,-113,,,,5
2026-09-27T12:07:04.615Z,2026-09-27,2026-09-27T17:00:00Z,Kansas City Chiefs @ Miami Dolphins,RB_RUSH_YARDS,Kenneth Walker III,83.5,-111,-113,,,,5
2026-09-27T12:07:04.615Z,2026-09-27,2026-09-27T17:00:00Z,Kansas City Chiefs @ Miami Dolphins,RB_RUSH_YARDS,De'Von Achane,60.5,-112,-112,,,,5
2026-09-27T12:07:04.615Z,2026-09-27,2026-09-27T17:00:00Z,Kansas City Chiefs @ Miami Dolphins,RB_RUSH_YARDS,Malik Willis,33.5,-108,-112,,,,5
2026-09-27T12:07:04.615Z,2026-09-27,2026-09-27T17:00:00Z,Kansas City Chiefs @ Miami Dolphins,RB_RUSH_YARDS,Emmett Johnson,29.5,-113,-111,,,,5
2026-09-27T12:07:04.615Z,2026-09-27,2026-09-27T17:00:00Z,Kansas City Chiefs @ Miami Dolphins,RB_RUSH_YARDS,Patrick Mahomes,15.5,-113,-110,,,,5
2026-09-27T12:07:04.615Z,2026-09-27,2026-09-27T17:00:00Z,Kansas City Chiefs @ Miami Dolphins,RB_RUSH_YARDS,Ollie Gordon II,8.5,-113,-108,,,,4
2026-09-27T12:07:04.615Z,2026-09-27,2026-09-27T17:00:00Z,Kansas City Chiefs @ Miami Dolphins,WR_REC_YARDS,Travis Kelce,51.5,-110,-114,,,,5
2026-09-27T12:07:04.615Z,2026-09-27,2026-09-27T17:00:00Z,Kansas City Chiefs @ Miami Dolphins,WR_REC_YARDS,Rashee Rice,49.5,-109,-115,,,,5
2026-09-27T12:07:04.615Z,2026-09-27,2026-09-27T17:00:00Z,Kansas City Chiefs @ Miami Dolphins,WR_REC_YARDS,Malik Washington,38.5,-114,-110,,,,5
2026-09-27T12:07:04.615Z,2026-09-27,2026-09-27T17:00:00Z,Kansas City Chiefs @ Miami Dolphins,WR_REC_YARDS,Xavier Worthy,40.5,-114,-114,,,,5
2026-09-27T12:07:04.615Z,2026-09-27,2026-09-27T17:00:00Z,Kansas City Chiefs @ Miami Dolphins,WR_REC_YARDS,De'Von Achane,28.5,-109,-115,,,,5
2026-09-27T12:07:04.615Z,2026-09-27,2026-09-27T17:00:00Z,Kansas City Chiefs @ Miami Dolphins,WR_REC_YARDS,Kenneth Walker III,23.5,-110,-114,,,,5
2026-09-27T12:07:04.615Z,2026-09-27,2026-09-27T17:00:00Z,Kansas City Chiefs @ Miami Dolphins,WR_REC_YARDS,Greg Dulcich,22.5,-112,-113,,,,5
2026-09-27T12:07:04.615Z,2026-09-27,2026-09-27T17:00:00Z,Kansas City Chiefs @ Miami Dolphins,WR_REC_YARDS,Tyquan Thornton,19.5,-115,-109,,,,5
2026-09-27T12:07:04.615Z,2026-09-27,2026-09-27T17:00:00Z,Kansas City Chiefs @ Miami Dolphins,WR_REC_YARDS,Chris Bell,19.5,-113,-110,,,,5
2026-09-27T12:07:04.615Z,2026-09-27,2026-09-27T17:00:00Z,Kansas City Chiefs @ Miami Dolphins,WR_REC_YARDS,Kevin Coleman Jr.,16.5,-107,-117,,,,5
2026-09-27T12:07:04.615Z,2026-09-27,2026-09-27T17:00:00Z,Kansas City Chiefs @ Miami Dolphins,WR_REC_YARDS,Emmett Johnson,10.5,-108,-113,,,,5
2026-09-27T12:07:04.615Z,2026-09-27,2026-09-27T17:00:00Z,Kansas City Chiefs @ Miami Dolphins,ANYTIME_TD,Kenneth Walker III,,,,,0.6667,false,5
2026-09-27T12:07:04.615Z,2026-09-27,2026-09-27T17:00:00Z,Kansas City Chiefs @ Miami Dolphins,ANYTIME_TD,De'Von Achane,,,,,0.4545,false,5
2026-09-27T12:07:04.615Z,2026-09-27,2026-09-27T17:00:00Z,Kansas City Chiefs @ Miami Dolphins,ANYTIME_TD,Rashee Rice,,,,,0.4255,false,5
2026-09-27T12:07:04.615Z,2026-09-27,2026-09-27T17:00:00Z,Kansas City Chiefs @ Miami Dolphins,ANYTIME_TD,Travis Kelce,,,,,0.4082,false,5
2026-09-27T12:07:04.615Z,2026-09-27,2026-09-27T17:00:00Z,Kansas City Chiefs @ Miami Dolphins,ANYTIME_TD,Xavier Worthy,,,,,0.3509,false,5
2026-09-27T12:07:04.615Z,2026-09-27,2026-09-27T17:00:00Z,Kansas City Chiefs @ Miami Dolphins,ANYTIME_TD,Malik Willis,,,,,0.2439,false,5
2026-09-27T12:07:04.615Z,2026-09-27,2026-09-27T17:00:00Z,Kansas City Chiefs @ Miami Dolphins,ANYTIME_TD,Malik Washington,,,,,0.2273,false,5
2026-09-27T12:07:04.615Z,2026-09-27,2026-09-27T17:00:00Z,Kansas City Chiefs @ Miami Dolphins,ANYTIME_TD,Patrick Mahomes,,,,,0.2222,false,5
2026-09-27T12:07:04.615Z,2026-09-27,2026-09-27T17:00:00Z,Kansas City Chiefs @ Miami Dolphins,ANYTIME_TD,Emmett Johnson,,,,,0.2083,false,5
2026-09-27T12:07:04.615Z,2026-09-27,2026-09-27T17:00:00Z,Kansas City Chiefs @ Miami Dolphins,ANYTIME_TD,Greg Dulcich,,,,,0.1905,false,5
2026-09-27T12:07:04.615Z,2026-09-27,2026-09-27T17:00:00Z,Kansas City Chiefs @ Miami Dolphins,ANYTIME_TD,Tyquan Thornton,,,,,0.1754,false,5
2026-09-27T12:07:04.615Z,2026-09-27,2026-09-27T17:00:00Z,Kansas City Chiefs @ Miami Dolphins,ANYTIME_TD,Ollie Gordon II,,,,,0.1563,false,5
2026-09-27T12:07:04.615Z,2026-09-27,2026-09-27T17:00:00Z,Kansas City Chiefs @ Miami Dolphins,ANYTIME_TD,Noah Gray,,,,,0.1429,false,5
2026-09-27T12:07:04.615Z,2026-09-27,2026-09-27T17:00:00Z,Kansas City Chiefs @ Miami Dolphins,ANYTIME_TD,Kansas City Chiefs D/ST,,,,,0.1538,false,2
2026-09-27T12:07:04.615Z,2026-09-27,2026-09-27T17:00:00Z,Kansas City Chiefs @ Miami Dolphins,ANYTIME_TD,Chris Bell,,,,,0.125,false,5
2026-09-27T12:07:04.615Z,2026-09-27,2026-09-27T17:00:00Z,Kansas City Chiefs @ Miami Dolphins,ANYTIME_TD,Kevin Coleman Jr.,,,,,0.0952,false,5
2026-09-27T12:07:04.615Z,2026-09-27,2026-09-27T17:00:00Z,Kansas City Chiefs @ Miami Dolphins,ANYTIME_TD,Miami Dolphins D/ST,,,,,0.125,false,2
2026-09-27T12:07:04.615Z,2026-09-27,2026-09-27T17:00:00Z,Kansas City Chiefs @ Miami Dolphins,ANYTIME_TD,Will Kacmarek,,,,,0.0833,false,5
2026-09-27T12:07:04.615Z,2026-09-27,2026-09-27T17:00:00Z,Kansas City Chiefs @ Miami Dolphins,ANYTIME_TD,Jalen Royals,,,,,0.0769,false,5
2026-09-27T12:07:04.615Z,2026-09-27,2026-09-27T17:00:00Z,Kansas City Chiefs @ Miami Dolphins,ANYTIME_TD,Jalen Tolbert,,,,,0.0588,false,5
2026-09-27T12:07:04.615Z,2026-09-27,2026-09-27T17:00:00Z,Kansas City Chiefs @ Miami Dolphins,ANYTIME_TD,Brashard Smith,,,,,0.0476,false,5
2026-09-27T12:07:04.615Z,2026-09-27,2026-09-27T17:00:00Z,Kansas City Chiefs @ Miami Dolphins,ANYTIME_TD,Jake Briningstool,,,,,0.0526,false,5
2026-09-27T12:07:04.615Z,2026-09-27,2026-09-27T17:00:00Z,Kansas City Chiefs @ Miami Dolphins,ANYTIME_TD,Jared Wiley,,,,,0.0556,false,5
2026-09-27T12:07:04.615Z,2026-09-27,2026-09-27T17:00:00Z,Kansas City Chiefs @ Miami Dolphins,ANYTIME_TD,Ryan Miller,,,,,0.05,false,5
2026-09-27T12:07:04.615Z,2026-09-27,2026-09-27T17:00:00Z,Kansas City Chiefs @ Miami Dolphins,ANYTIME_TD,Cyrus Allen,,,,,0.0476,false,5
2026-09-27T12:07:04.615Z,2026-09-27,2026-09-27T17:00:00Z,Kansas City Chiefs @ Miami Dolphins,ANYTIME_TD,Nikko Remigio,,,,,0.0476,false,5
2026-09-27T12:07:04.615Z,2026-09-27,2026-09-27T17:00:00Z,Kansas City Chiefs @ Miami Dolphins,ANYTIME_TD,Seydou Traore,,,,,0.0323,false,5
2026-09-27T12:07:04.615Z,2026-09-27,2026-09-27T17:00:00Z,Kansas City Chiefs @ Miami Dolphins,ANYTIME_TD,Justin Joly,,,,,0.0294,false,5
2026-09-27T12:07:04.615Z,2026-09-27,2026-09-27T17:00:00Z,Kansas City Chiefs @ Miami Dolphins,ANYTIME_TD,DJ Herman,,,,,0.0278,false,4
2026-09-27T12:07:04.615Z,2026-09-27,2026-09-27T17:00:00Z,Kansas City Chiefs @ Miami Dolphins,ANYTIME_TD,Miami Dolphins Defense,,,,,0.1429,false,1
2026-09-27T12:07:04.615Z,2026-09-27,2026-09-27T17:00:00Z,Kansas City Chiefs @ Miami Dolphins,ANYTIME_TD,Kansas City Chiefs Defense,,,,,0.1111,false,1
2026-09-27T12:07:04.615Z,2026-09-27,2026-09-27T17:00:00Z,Kansas City Chiefs @ Miami Dolphins,ANYTIME_TD,Ben VanSumeren,,,,,0.0164,false,3
2026-09-27T12:07:04.615Z,2026-09-27,2026-09-27T17:00:00Z,Tennessee Titans @ New York Giants,QB_PASS_YARDS,Jameis Winston,200.5,-112,-112,,,,6
2026-09-27T12:07:04.615Z,2026-09-27,2026-09-27T17:00:00Z,Tennessee Titans @ New York Giants,QB_PASS_YARDS,Cam Ward,175.5,-114,-114,,,,6
2026-09-27T12:07:04.615Z,2026-09-27,2026-09-27T17:00:00Z,Tennessee Titans @ New York Giants,RB_RUSH_YARDS,Tony Pollard,61.5,-110,-111,,,,5
2026-09-27T12:07:04.615Z,2026-09-27,2026-09-27T17:00:00Z,Tennessee Titans @ New York Giants,RB_RUSH_YARDS,Cam Skattebo,57.5,-113,-113,,,,6
2026-09-27T12:07:04.615Z,2026-09-27,2026-09-27T17:00:00Z,Tennessee Titans @ New York Giants,RB_RUSH_YARDS,Najee Harris,17.5,-113,-110,,,,5
2026-09-27T12:07:04.615Z,2026-09-27,2026-09-27T17:00:00Z,Tennessee Titans @ New York Giants,RB_RUSH_YARDS,Cam Ward,12.5,-111,-115,,,,6
2026-09-27T12:07:04.615Z,2026-09-27,2026-09-27T17:00:00Z,Tennessee Titans @ New York Giants,RB_RUSH_YARDS,Devin Singletary,12.5,-109,-113,,,,4
2026-09-27T12:07:04.615Z,2026-09-27,2026-09-27T17:00:00Z,Tennessee Titans @ New York Giants,RB_RUSH_YARDS,Jameis Winston,5.5,-108,-105,,,,6
2026-09-27T12:07:04.615Z,2026-09-27,2026-09-27T17:00:00Z,Tennessee Titans @ New York Giants,RB_RUSH_YARDS,Tyjae Spears,18.5,-115,-115,,,,1
2026-09-27T12:07:04.615Z,2026-09-27,2026-09-27T17:00:00Z,Tennessee Titans @ New York Giants,WR_REC_YARDS,Malik Nabers,54.5,-115,-115,,,,6
2026-09-27T12:07:04.615Z,2026-09-27,2026-09-27T17:00:00Z,Tennessee Titans @ New York Giants,WR_REC_YARDS,Isaiah Likely,41.5,-113,-113,,,,6
2026-09-27T12:07:04.615Z,2026-09-27,2026-09-27T17:00:00Z,Tennessee Titans @ New York Giants,WR_REC_YARDS,Carnell Tate,38.5,-111,-113,,,,6
2026-09-27T12:07:04.615Z,2026-09-27,2026-09-27T17:00:00Z,Tennessee Titans @ New York Giants,WR_REC_YARDS,Wan'Dale Robinson,30.5,-113,-110,,,,6
2026-09-27T12:07:04.615Z,2026-09-27,2026-09-27T17:00:00Z,Tennessee Titans @ New York Giants,WR_REC_YARDS,Malachi Fields,22.5,-115,-109,,,,6
2026-09-27T12:07:04.615Z,2026-09-27,2026-09-27T17:00:00Z,Tennessee Titans @ New York Giants,WR_REC_YARDS,Gunnar Helm,21.5,-113,-113,,,,6
2026-09-27T12:07:04.615Z,2026-09-27,2026-09-27T17:00:00Z,Tennessee Titans @ New York Giants,WR_REC_YARDS,Darnell Mooney,17.5,-112,-111,,,,6
2026-09-27T12:07:04.615Z,2026-09-27,2026-09-27T17:00:00Z,Tennessee Titans @ New York Giants,WR_REC_YARDS,Calvin Ridley,14.5,-115,-108,,,,6
2026-09-27T12:07:04.615Z,2026-09-27,2026-09-27T17:00:00Z,Tennessee Titans @ New York Giants,WR_REC_YARDS,Elic Ayomanor,13.5,-113,-111,,,,6
2026-09-27T12:07:04.615Z,2026-09-27,2026-09-27T17:00:00Z,Tennessee Titans @ New York Giants,WR_REC_YARDS,Cam Skattebo,12.5,-110,-114,,,,6
2026-09-27T12:07:04.615Z,2026-09-27,2026-09-27T17:00:00Z,Tennessee Titans @ New York Giants,WR_REC_YARDS,Devin Singletary,6.5,-113,-105,,,,4
2026-09-27T12:07:04.615Z,2026-09-27,2026-09-27T17:00:00Z,Tennessee Titans @ New York Giants,WR_REC_YARDS,Tony Pollard,6.5,-105,-113,,,,4
2026-09-27T12:07:04.615Z,2026-09-27,2026-09-27T17:00:00Z,Tennessee Titans @ New York Giants,WR_REC_YARDS,Tyjae Spears,13.5,-114,-117,,,,1
2026-09-27T12:07:04.615Z,2026-09-27,2026-09-27T17:00:00Z,Tennessee Titans @ New York Giants,ANYTIME_TD,Cam Skattebo,,,,,0.4545,false,6
2026-09-27T12:07:04.615Z,2026-09-27,2026-09-27T17:00:00Z,Tennessee Titans @ New York Giants,ANYTIME_TD,Tony Pollard,,,,,0.4167,false,5
2026-09-27T12:07:04.615Z,2026-09-27,2026-09-27T17:00:00Z,Tennessee Titans @ New York Giants,ANYTIME_TD,Malik Nabers,,,,,0.2941,false,6
2026-09-27T12:07:04.615Z,2026-09-27,2026-09-27T17:00:00Z,Tennessee Titans @ New York Giants,ANYTIME_TD,Isaiah Likely,,,,,0.2326,false,6
2026-09-27T12:07:04.615Z,2026-09-27,2026-09-27T17:00:00Z,Tennessee Titans @ New York Giants,ANYTIME_TD,Carnell Tate,,,,,0.2273,false,6
2026-09-27T12:07:04.615Z,2026-09-27,2026-09-27T17:00:00Z,Tennessee Titans @ New York Giants,ANYTIME_TD,New York Giants D/ST,,,,,0.1429,false,3
2026-09-27T12:07:04.615Z,2026-09-27,2026-09-27T17:00:00Z,Tennessee Titans @ New York Giants,ANYTIME_TD,Tennessee Titans D/ST,,,,,0.1818,false,3
2026-09-27T12:07:04.615Z,2026-09-27,2026-09-27T17:00:00Z,Tennessee Titans @ New York Giants,ANYTIME_TD,Wan'Dale Robinson,,,,,0.1818,false,6
2026-09-27T12:07:04.615Z,2026-09-27,2026-09-27T17:00:00Z,Tennessee Titans @ New York Giants,ANYTIME_TD,Najee Harris,,,,,0.1667,false,6
2026-09-27T12:07:04.615Z,2026-09-27,2026-09-27T17:00:00Z,Tennessee Titans @ New York Giants,ANYTIME_TD,Devin Singletary,,,,,0.1429,false,6
2026-09-27T12:07:04.615Z,2026-09-27,2026-09-27T17:00:00Z,Tennessee Titans @ New York Giants,ANYTIME_TD,Cam Ward,,,,,0.1667,false,6
2026-09-27T12:07:04.615Z,2026-09-27,2026-09-27T17:00:00Z,Tennessee Titans @ New York Giants,ANYTIME_TD,Gunnar Helm,,,,,0.16,false,6
2026-09-27T12:07:04.615Z,2026-09-27,2026-09-27T17:00:00Z,Tennessee Titans @ New York Giants,ANYTIME_TD,Malachi Fields,,,,,0.1429,false,6
2026-09-27T12:07:04.615Z,2026-09-27,2026-09-27T17:00:00Z,Tennessee Titans @ New York Giants,ANYTIME_TD,Jameis Winston,,,,,0.1333,false,6
2026-09-27T12:07:04.615Z,2026-09-27,2026-09-27T17:00:00Z,Tennessee Titans @ New York Giants,ANYTIME_TD,Nicholas Singleton,,,,,0.1,false,5
2026-09-27T12:07:04.615Z,2026-09-27,2026-09-27T17:00:00Z,Tennessee Titans @ New York Giants,ANYTIME_TD,Elic Ayomanor,,,,,0.125,false,6
2026-09-27T12:07:04.615Z,2026-09-27,2026-09-27T17:00:00Z,Tennessee Titans @ New York Giants,ANYTIME_TD,Darnell Mooney,,,,,0.1176,false,6
2026-09-27T12:07:04.615Z,2026-09-27,2026-09-27T17:00:00Z,Tennessee Titans @ New York Giants,ANYTIME_TD,Calvin Ridley,,,,,0.1053,false,6
2026-09-27T12:07:04.615Z,2026-09-27,2026-09-27T17:00:00Z,Tennessee Titans @ New York Giants,ANYTIME_TD,Theo Johnson,,,,,0.0952,false,6
2026-09-27T12:07:04.615Z,2026-09-27,2026-09-27T17:00:00Z,Tennessee Titans @ New York Giants,ANYTIME_TD,Chimere Dike,,,,,0.0714,false,6
2026-09-27T12:07:04.615Z,2026-09-27,2026-09-27T17:00:00Z,Tennessee Titans @ New York Giants,ANYTIME_TD,Daniel Bellinger,,,,,0.0476,false,6
2026-09-27T12:07:04.615Z,2026-09-27,2026-09-27T17:00:00Z,Tennessee Titans @ New York Giants,ANYTIME_TD,Braxton Berrios,,,,,0.0385,false,5
2026-09-27T12:07:04.615Z,2026-09-27,2026-09-27T17:00:00Z,Tennessee Titans @ New York Giants,ANYTIME_TD,Julius Chestnut,,,,,0.0476,false,5
2026-09-27T12:07:04.615Z,2026-09-27,2026-09-27T17:00:00Z,Tennessee Titans @ New York Giants,ANYTIME_TD,Michael Carter,,,,,0.0476,false,3
2026-09-27T12:07:04.615Z,2026-09-27,2026-09-27T17:00:00Z,Tennessee Titans @ New York Giants,ANYTIME_TD,Tyrone Tracy Jr.,,,,,0.0294,false,6
2026-09-27T12:07:04.615Z,2026-09-27,2026-09-27T17:00:00Z,Tennessee Titans @ New York Giants,ANYTIME_TD,Odell Beckham Jr.,,,,,0.0357,false,6
2026-09-27T12:07:04.615Z,2026-09-27,2026-09-27T17:00:00Z,Tennessee Titans @ New York Giants,ANYTIME_TD,David Martin-Robinson,,,,,0.0278,false,6
2026-09-27T12:07:04.615Z,2026-09-27,2026-09-27T17:00:00Z,Tennessee Titans @ New York Giants,ANYTIME_TD,Chris Manhertz,,,,,0.0244,false,6
2026-09-27T12:07:04.615Z,2026-09-27,2026-09-27T17:00:00Z,Tennessee Titans @ New York Giants,ANYTIME_TD,Thomas Fidone,,,,,0.0217,false,4
2026-09-27T12:07:04.615Z,2026-09-27,2026-09-27T17:00:00Z,Tennessee Titans @ New York Giants,ANYTIME_TD,Patrick Ricard,,,,,0.0196,false,6
2026-09-27T12:07:04.615Z,2026-09-27,2026-09-27T17:00:00Z,Tennessee Titans @ New York Giants,ANYTIME_TD,Tennessee Titans Defense,,,,,0.1333,false,1
2026-09-27T12:07:04.615Z,2026-09-27,2026-09-27T17:00:00Z,Tennessee Titans @ New York Giants,ANYTIME_TD,New York Giants Defense,,,,,0.1176,false,1
2026-09-27T12:07:04.615Z,2026-09-27,2026-09-27T17:00:00Z,Tennessee Titans @ New York Giants,ANYTIME_TD,Kylen Granson,,,,,0.0323,false,3
2026-09-27T12:07:04.615Z,2026-09-27,2026-09-27T17:00:00Z,Tennessee Titans @ New York Giants,ANYTIME_TD,Tyjae Spears,,,,,0.2222,false,3
2026-09-27T12:07:04.615Z,2026-09-27,2026-09-27T17:00:00Z,Seattle Seahawks @ Washington Commanders,QB_PASS_YARDS,Sam Darnold,221.5,-113,-113,,,,6
2026-09-27T12:07:04.615Z,2026-09-27,2026-09-27T17:00:00Z,Seattle Seahawks @ Washington Commanders,QB_PASS_YARDS,Marcus Mariota,173.5,100,-135,,,,6
2026-09-27T12:07:04.615Z,2026-09-27,2026-09-27T17:00:00Z,Seattle Seahawks @ Washington Commanders,RB_RUSH_YARDS,Jadarian Price,55.5,-112,-111,,,,6
2026-09-27T12:07:04.615Z,2026-09-27,2026-09-27T17:00:00Z,Seattle Seahawks @ Washington Commanders,RB_RUSH_YARDS,Jacory Croskey-Merritt,38.5,-110,-113,,,,6
2026-09-27T12:07:04.615Z,2026-09-27,2026-09-27T17:00:00Z,Seattle Seahawks @ Washington Commanders,RB_RUSH_YARDS,Emanuel Wilson,30.5,-113,-113,,,,6
2026-09-27T12:07:04.615Z,2026-09-27,2026-09-27T17:00:00Z,Seattle Seahawks @ Washington Commanders,RB_RUSH_YARDS,Marcus Mariota,23.5,-107,-113,,,,6
2026-09-27T12:07:04.615Z,2026-09-27,2026-09-27T17:00:00Z,Seattle Seahawks @ Washington Commanders,RB_RUSH_YARDS,Rachaad White,19.5,-110,-110,,,,6
2026-09-27T12:07:04.615Z,2026-09-27,2026-09-27T17:00:00Z,Seattle Seahawks @ Washington Commanders,RB_RUSH_YARDS,Sam Darnold,6.5,-113,-107,,,,3
2026-09-27T12:07:04.615Z,2026-09-27,2026-09-27T17:00:00Z,Seattle Seahawks @ Washington Commanders,WR_REC_YARDS,Jaxon Smith-Njigba,92.5,-111,-113,,,,6
2026-09-27T12:07:04.615Z,2026-09-27,2026-09-27T17:00:00Z,Seattle Seahawks @ Washington Commanders,WR_REC_YARDS,Terry McLaurin,42.5,-113,-113,,,,6
2026-09-27T12:07:04.615Z,2026-09-27,2026-09-27T17:00:00Z,Seattle Seahawks @ Washington Commanders,WR_REC_YARDS,Stefon Diggs,34.5,-114,-110,,,,6
2026-09-27T12:07:04.615Z,2026-09-27,2026-09-27T17:00:00Z,Seattle Seahawks @ Washington Commanders,WR_REC_YARDS,Rashid Shaheed,28.5,-111,-110,,,,6
2026-09-27T12:07:04.615Z,2026-09-27,2026-09-27T17:00:00Z,Seattle Seahawks @ Washington Commanders,WR_REC_YARDS,Cooper Kupp,20.5,-111,-112,,,,6
2026-09-27T12:07:04.615Z,2026-09-27,2026-09-27T17:00:00Z,Seattle Seahawks @ Washington Commanders,WR_REC_YARDS,AJ Barner,20.5,-109,-113,,,,6
2026-09-27T12:07:04.615Z,2026-09-27,2026-09-27T17:00:00Z,Seattle Seahawks @ Washington Commanders,WR_REC_YARDS,Rachaad White,16.5,-108,-113,,,,6
2026-09-27T12:07:04.615Z,2026-09-27,2026-09-27T17:00:00Z,Seattle Seahawks @ Washington Commanders,WR_REC_YARDS,Antonio Williams,14.5,-113,-110,,,,6
2026-09-27T12:07:04.615Z,2026-09-27,2026-09-27T17:00:00Z,Seattle Seahawks @ Washington Commanders,WR_REC_YARDS,Dyami Brown,8.5,-107,-113,,,,4
2026-09-27T12:07:04.615Z,2026-09-27,2026-09-27T17:00:00Z,Seattle Seahawks @ Washington Commanders,WR_REC_YARDS,Jadarian Price,8.5,-107,-113,,,,3
2026-09-27T12:07:04.615Z,2026-09-27,2026-09-27T17:00:00Z,Seattle Seahawks @ Washington Commanders,WR_REC_YARDS,Elijah Arroyo,4.5,-113,-109,,,,6
2026-09-27T12:07:04.615Z,2026-09-27,2026-09-27T17:00:00Z,Seattle Seahawks @ Washington Commanders,WR_REC_YARDS,Tory Horton,0.5,120,-160,,,,1
2026-09-27T12:07:04.615Z,2026-09-27,2026-09-27T17:00:00Z,Seattle Seahawks @ Washington Commanders,ANYTIME_TD,Jaxon Smith-Njigba,,,,,0.5,false,6
2026-09-27T12:07:04.615Z,2026-09-27,2026-09-27T17:00:00Z,Seattle Seahawks @ Washington Commanders,ANYTIME_TD,Jadarian Price,,,,,0.3774,false,6
2026-09-27T12:07:04.615Z,2026-09-27,2026-09-27T17:00:00Z,Seattle Seahawks @ Washington Commanders,ANYTIME_TD,Jacory Croskey-Merritt,,,,,0.2817,false,6
2026-09-27T12:07:04.615Z,2026-09-27,2026-09-27T17:00:00Z,Seattle Seahawks @ Washington Commanders,ANYTIME_TD,Emanuel Wilson,,,,,0.2778,false,6
2026-09-27T12:07:04.615Z,2026-09-27,2026-09-27T17:00:00Z,Seattle Seahawks @ Washington Commanders,ANYTIME_TD,Rashid Shaheed,,,,,0.2439,false,6
2026-09-27T12:07:04.615Z,2026-09-27,2026-09-27T17:00:00Z,Seattle Seahawks @ Washington Commanders,ANYTIME_TD,Terry McLaurin,,,,,0.2041,false,6
2026-09-27T12:07:04.615Z,2026-09-27,2026-09-27T17:00:00Z,Seattle Seahawks @ Washington Commanders,ANYTIME_TD,AJ Barner,,,,,0.2326,false,6
2026-09-27T12:07:04.615Z,2026-09-27,2026-09-27T17:00:00Z,Seattle Seahawks @ Washington Commanders,ANYTIME_TD,Rachaad White,,,,,0.2222,false,6
2026-09-27T12:07:04.615Z,2026-09-27,2026-09-27T17:00:00Z,Seattle Seahawks @ Washington Commanders,ANYTIME_TD,Cooper Kupp,,,,,0.2,false,6
2026-09-27T12:07:04.615Z,2026-09-27,2026-09-27T17:00:00Z,Seattle Seahawks @ Washington Commanders,ANYTIME_TD,George Holani,,,,,0.1786,false,6
2026-09-27T12:07:04.615Z,2026-09-27,2026-09-27T17:00:00Z,Seattle Seahawks @ Washington Commanders,ANYTIME_TD,Stefon Diggs,,,,,0.1852,false,6
2026-09-27T12:07:04.615Z,2026-09-27,2026-09-27T17:00:00Z,Seattle Seahawks @ Washington Commanders,ANYTIME_TD,Seattle Seahawks D/ST,,,,,0.1818,false,3
2026-09-27T12:07:04.615Z,2026-09-27,2026-09-27T17:00:00Z,Seattle Seahawks @ Washington Commanders,ANYTIME_TD,Marcus Mariota,,,,,0.1429,false,6
2026-09-27T12:07:04.615Z,2026-09-27,2026-09-27T17:00:00Z,Seattle Seahawks @ Washington Commanders,ANYTIME_TD,Antonio Williams,,,,,0.1111,false,6
2026-09-27T12:07:04.615Z,2026-09-27,2026-09-27T17:00:00Z,Seattle Seahawks @ Washington Commanders,ANYTIME_TD,Ben Sinnott,,,,,0.1053,false,6
2026-09-27T12:07:04.615Z,2026-09-27,2026-09-27T17:00:00Z,Seattle Seahawks @ Washington Commanders,ANYTIME_TD,Elijah Arroyo,,,,,0.1111,false,6
2026-09-27T12:07:04.615Z,2026-09-27,2026-09-27T17:00:00Z,Seattle Seahawks @ Washington Commanders,ANYTIME_TD,Tory Horton,,,,,0.08,false,6
2026-09-27T12:07:04.615Z,2026-09-27,2026-09-27T17:00:00Z,Seattle Seahawks @ Washington Commanders,ANYTIME_TD,Washington Commanders D/ST,,,,,0.1176,false,3
2026-09-27T12:07:04.615Z,2026-09-27,2026-09-27T17:00:00Z,Seattle Seahawks @ Washington Commanders,ANYTIME_TD,Dyami Brown,,,,,0.0952,false,6
2026-09-27T12:07:04.615Z,2026-09-27,2026-09-27T17:00:00Z,Seattle Seahawks @ Washington Commanders,ANYTIME_TD,Kaytron Allen,,,,,0.0833,false,6
2026-09-27T12:07:04.615Z,2026-09-27,2026-09-27T17:00:00Z,Seattle Seahawks @ Washington Commanders,ANYTIME_TD,Sam Darnold,,,,,0.0909,false,6
2026-09-27T12:07:04.615Z,2026-09-27,2026-09-27T17:00:00Z,Seattle Seahawks @ Washington Commanders,ANYTIME_TD,John Bates,,,,,0.0606,false,6
2026-09-27T12:07:04.615Z,2026-09-27,2026-09-27T17:00:00Z,Seattle Seahawks @ Washington Commanders,ANYTIME_TD,Treylon Burks,,,,,0.0571,false,6
2026-09-27T12:07:04.615Z,2026-09-27,2026-09-27T17:00:00Z,Seattle Seahawks @ Washington Commanders,ANYTIME_TD,Jaylin Lane,,,,,0.05,false,5
2026-09-27T12:07:04.615Z,2026-09-27,2026-09-27T17:00:00Z,Seattle Seahawks @ Washington Commanders,ANYTIME_TD,Eric Saubert,,,,,0.05,false,6
2026-09-27T12:07:04.615Z,2026-09-27,2026-09-27T17:00:00Z,Seattle Seahawks @ Washington Commanders,ANYTIME_TD,Luke McCaffrey,,,,,0.0345,false,5
2026-09-27T12:07:04.615Z,2026-09-27,2026-09-27T17:00:00Z,Seattle Seahawks @ Washington Commanders,ANYTIME_TD,Colson Yankoff,,,,,0.0435,false,5
2026-09-27T12:07:04.615Z,2026-09-27,2026-09-27T17:00:00Z,Seattle Seahawks @ Washington Commanders,ANYTIME_TD,Nick Kallerup,,,,,0.04,false,5
2026-09-27T12:07:04.615Z,2026-09-27,2026-09-27T17:00:00Z,Seattle Seahawks @ Washington Commanders,ANYTIME_TD,Velus Jones Jr.,,,,,0.0476,false,3
2026-09-27T12:07:04.615Z,2026-09-27,2026-09-27T17:00:00Z,Seattle Seahawks @ Washington Commanders,ANYTIME_TD,Brady Russell,,,,,0.0217,false,6
2026-09-27T12:07:04.615Z,2026-09-27,2026-09-27T17:00:00Z,Seattle Seahawks @ Washington Commanders,ANYTIME_TD,Seattle Seahawks Defense,,,,,0.125,false,1
2026-09-27T12:07:04.615Z,2026-09-27,2026-09-27T17:00:00Z,Seattle Seahawks @ Washington Commanders,ANYTIME_TD,Washington Commanders Defense,,,,,0.0769,false,1
2026-09-27T12:07:04.615Z,2026-09-27,2026-09-27T17:00:00Z,Seattle Seahawks @ Washington Commanders,ANYTIME_TD,Montorie Foster Jr.,,,,,0.0385,false,2
2026-09-27T12:07:04.615Z,2026-09-27,2026-09-27T20:05:00Z,Arizona Cardinals @ San Francisco 49ers,QB_PASS_YARDS,Brock Purdy,235.5,-113,-112,,,,6
2026-09-27T12:07:04.615Z,2026-09-27,2026-09-27T20:05:00Z,Arizona Cardinals @ San Francisco 49ers,QB_PASS_YARDS,Jacoby Brissett,225.5,-113,-113,,,,6
2026-09-27T12:07:04.615Z,2026-09-27,2026-09-27T20:05:00Z,Arizona Cardinals @ San Francisco 49ers,RB_RUSH_YARDS,Christian McCaffrey,57.5,-111,-113,,,,6
2026-09-27T12:07:04.615Z,2026-09-27,2026-09-27T20:05:00Z,Arizona Cardinals @ San Francisco 49ers,RB_RUSH_YARDS,Jeremiyah Love,37.5,-113,-105,,,,6
2026-09-27T12:07:04.615Z,2026-09-27,2026-09-27T20:05:00Z,Arizona Cardinals @ San Francisco 49ers,RB_RUSH_YARDS,Tyler Allgeier,34.5,-109,-115,,,,6
2026-09-27T12:07:04.615Z,2026-09-27,2026-09-27T20:05:00Z,Arizona Cardinals @ San Francisco 49ers,RB_RUSH_YARDS,Kaelon Black,32.5,-109,-113,,,,6
2026-09-27T12:07:04.615Z,2026-09-27,2026-09-27T20:05:00Z,Arizona Cardinals @ San Francisco 49ers,RB_RUSH_YARDS,Brock Purdy,16.5,-113,-111,,,,6
2026-09-27T12:07:04.615Z,2026-09-27,2026-09-27T20:05:00Z,Arizona Cardinals @ San Francisco 49ers,RB_RUSH_YARDS,Jacoby Brissett,7.5,-113,-111,,,,5
2026-09-27T12:07:04.615Z,2026-09-27,2026-09-27T20:05:00Z,Arizona Cardinals @ San Francisco 49ers,WR_REC_YARDS,Trey McBride,67.5,-113,-110,,,,6
2026-09-27T12:07:04.615Z,2026-09-27,2026-09-27T20:05:00Z,Arizona Cardinals @ San Francisco 49ers,WR_REC_YARDS,Mike Evans,55.5,-113,-113,,,,6
2026-09-27T12:07:04.615Z,2026-09-27,2026-09-27T20:05:00Z,Arizona Cardinals @ San Francisco 49ers,WR_REC_YARDS,George Kittle,46.5,-113,-111,,,,6
2026-09-27T12:07:04.615Z,2026-09-27,2026-09-27T20:05:00Z,Arizona Cardinals @ San Francisco 49ers,WR_REC_YARDS,Michael Wilson,44.5,-113,-112,,,,6
2026-09-27T12:07:04.615Z,2026-09-27,2026-09-27T20:05:00Z,Arizona Cardinals @ San Francisco 49ers,WR_REC_YARDS,Deebo Samuel,41.5,-110,-114,,,,6
2026-09-27T12:07:04.615Z,2026-09-27,2026-09-27T20:05:00Z,Arizona Cardinals @ San Francisco 49ers,WR_REC_YARDS,Christian McCaffrey,39.5,-113,-115,,,,6
2026-09-27T12:07:04.615Z,2026-09-27,2026-09-27T20:05:00Z,Arizona Cardinals @ San Francisco 49ers,WR_REC_YARDS,Marvin Harrison Jr.,33.5,-110,-113,,,,5
2026-09-27T12:07:04.615Z,2026-09-27,2026-09-27T20:05:00Z,Arizona Cardinals @ San Francisco 49ers,WR_REC_YARDS,Kendrick Bourne,23.5,-113,-113,,,,5
2026-09-27T12:07:04.615Z,2026-09-27,2026-09-27T20:05:00Z,Arizona Cardinals @ San Francisco 49ers,WR_REC_YARDS,Jeremiyah Love,15.5,-108,-115,,,,5
2026-09-27T12:07:04.615Z,2026-09-27,2026-09-27T20:05:00Z,Arizona Cardinals @ San Francisco 49ers,WR_REC_YARDS,Kyle Juszczyk,8.5,-112,-112,,,,3
2026-09-27T12:07:04.615Z,2026-09-27,2026-09-27T20:05:00Z,Arizona Cardinals @ San Francisco 49ers,WR_REC_YARDS,Tyler Allgeier,7.5,-109,-111,,,,5
2026-09-27T12:07:04.615Z,2026-09-27,2026-09-27T20:05:00Z,Arizona Cardinals @ San Francisco 49ers,ANYTIME_TD,Christian McCaffrey,,,,,0.7015,false,6
2026-09-27T12:07:04.615Z,2026-09-27,2026-09-27T20:05:00Z,Arizona Cardinals @ San Francisco 49ers,ANYTIME_TD,Mike Evans,,,,,0.3846,false,6
2026-09-27T12:07:04.615Z,2026-09-27,2026-09-27T20:05:00Z,Arizona Cardinals @ San Francisco 49ers,ANYTIME_TD,Jeremiyah Love,,,,,0.3922,false,6
2026-09-27T12:07:04.615Z,2026-09-27,2026-09-27T20:05:00Z,Arizona Cardinals @ San Francisco 49ers,ANYTIME_TD,Tyler Allgeier,,,,,0.3448,false,6
2026-09-27T12:07:04.615Z,2026-09-27,2026-09-27T20:05:00Z,Arizona Cardinals @ San Francisco 49ers,ANYTIME_TD,George Kittle,,,,,0.3636,false,6
2026-09-27T12:07:04.615Z,2026-09-27,2026-09-27T20:05:00Z,Arizona Cardinals @ San Francisco 49ers,ANYTIME_TD,Deebo Samuel,,,,,0.3448,false,6
2026-09-27T12:07:04.615Z,2026-09-27,2026-09-27T20:05:00Z,Arizona Cardinals @ San Francisco 49ers,ANYTIME_TD,Trey McBride,,,,,0.3509,false,6
2026-09-27T12:07:04.615Z,2026-09-27,2026-09-27T20:05:00Z,Arizona Cardinals @ San Francisco 49ers,ANYTIME_TD,Brock Purdy,,,,,0.2439,false,6
2026-09-27T12:07:04.615Z,2026-09-27,2026-09-27T20:05:00Z,Arizona Cardinals @ San Francisco 49ers,ANYTIME_TD,Michael Wilson,,,,,0.2564,false,6
2026-09-27T12:07:04.615Z,2026-09-27,2026-09-27T20:05:00Z,Arizona Cardinals @ San Francisco 49ers,ANYTIME_TD,Kaelon Black,,,,,0.2439,false,6
2026-09-27T12:07:04.615Z,2026-09-27,2026-09-27T20:05:00Z,Arizona Cardinals @ San Francisco 49ers,ANYTIME_TD,Marvin Harrison Jr.,,,,,0.2041,false,6
2026-09-27T12:07:04.615Z,2026-09-27,2026-09-27T20:05:00Z,Arizona Cardinals @ San Francisco 49ers,ANYTIME_TD,San Francisco 49ers D/ST,,,,,0.1429,false,3
2026-09-27T12:07:04.615Z,2026-09-27,2026-09-27T20:05:00Z,Arizona Cardinals @ San Francisco 49ers,ANYTIME_TD,Jacob Cowing,,,,,0.1081,false,6
2026-09-27T12:07:04.615Z,2026-09-27,2026-09-27T20:05:00Z,Arizona Cardinals @ San Francisco 49ers,ANYTIME_TD,Jacoby Brissett,,,,,0.1143,false,6
2026-09-27T12:07:04.615Z,2026-09-27,2026-09-27T20:05:00Z,Arizona Cardinals @ San Francisco 49ers,ANYTIME_TD,KhaDarel Hodge,,,,,0.0909,false,6
2026-09-27T12:07:04.615Z,2026-09-27,2026-09-27T20:05:00Z,Arizona Cardinals @ San Francisco 49ers,ANYTIME_TD,Kendrick Bourne,,,,,0.125,false,6
2026-09-27T12:07:04.615Z,2026-09-27,2026-09-27T20:05:00Z,Arizona Cardinals @ San Francisco 49ers,ANYTIME_TD,Arizona Cardinals D/ST,,,,,0.125,false,3
2026-09-27T12:07:04.615Z,2026-09-27,2026-09-27T20:05:00Z,Arizona Cardinals @ San Francisco 49ers,ANYTIME_TD,Kyle Juszczyk,,,,,0.1176,false,6
2026-09-27T12:07:04.615Z,2026-09-27,2026-09-27T20:05:00Z,Arizona Cardinals @ San Francisco 49ers,ANYTIME_TD,Luke Farrell,,,,,0.0952,false,6
2026-09-27T12:07:04.615Z,2026-09-27,2026-09-27T20:05:00Z,Arizona Cardinals @ San Francisco 49ers,ANYTIME_TD,Hunter Long,,,,,0.0588,false,5
2026-09-27T12:07:04.615Z,2026-09-27,2026-09-27T20:05:00Z,Arizona Cardinals @ San Francisco 49ers,ANYTIME_TD,Jordan Watkins,,,,,0.0625,false,5
2026-09-27T12:07:04.615Z,2026-09-27,2026-09-27T20:05:00Z,Arizona Cardinals @ San Francisco 49ers,ANYTIME_TD,Elijah Higgins,,,,,0.0476,false,6
2026-09-27T12:07:04.615Z,2026-09-27,2026-09-27T20:05:00Z,Arizona Cardinals @ San Francisco 49ers,ANYTIME_TD,Brayden Willis,,,,,0.0385,false,6
2026-09-27T12:07:04.615Z,2026-09-27,2026-09-27T20:05:00Z,Arizona Cardinals @ San Francisco 49ers,ANYTIME_TD,James Jordan,,,,,0.0476,false,5
2026-09-27T12:07:04.615Z,2026-09-27,2026-09-27T20:05:00Z,Arizona Cardinals @ San Francisco 49ers,ANYTIME_TD,Simi Fehoko,,,,,0.0196,false,6
2026-09-27T12:07:04.615Z,2026-09-27,2026-09-27T20:05:00Z,Arizona Cardinals @ San Francisco 49ers,ANYTIME_TD,Devin Duvernay,,,,,0.0278,false,6
2026-09-27T12:07:04.615Z,2026-09-27,2026-09-27T20:05:00Z,Arizona Cardinals @ San Francisco 49ers,ANYTIME_TD,Zonovan Knight,,,,,0.0323,false,4
2026-09-27T12:07:04.615Z,2026-09-27,2026-09-27T20:05:00Z,Arizona Cardinals @ San Francisco 49ers,ANYTIME_TD,Jalen Brooks,,,,,0.0179,false,6
2026-09-27T12:07:04.615Z,2026-09-27,2026-09-27T20:05:00Z,Arizona Cardinals @ San Francisco 49ers,ANYTIME_TD,Arizona Cardinals Defense,,,,,0.1333,false,1
2026-09-27T12:07:04.615Z,2026-09-27,2026-09-27T20:05:00Z,Arizona Cardinals @ San Francisco 49ers,ANYTIME_TD,San Francisco 49ers Defense,,,,,0.1111,false,1
2026-09-27T12:07:04.615Z,2026-09-27,2026-09-27T20:05:00Z,Arizona Cardinals @ San Francisco 49ers,ANYTIME_TD,Bam Knight,,,,,0.0323,false,2
2026-09-27T12:07:04.615Z,2026-09-27,2026-09-27T20:05:00Z,Minnesota Vikings @ Tampa Bay Buccaneers,QB_PASS_YARDS,Baker Mayfield,216.5,-111,-113,,,,6
2026-09-27T12:07:04.615Z,2026-09-27,2026-09-27T20:05:00Z,Minnesota Vikings @ Tampa Bay Buccaneers,QB_PASS_YARDS,Kyler Murray,211.5,-113,-113,,,,6
2026-09-27T12:07:04.615Z,2026-09-27,2026-09-27T20:05:00Z,Minnesota Vikings @ Tampa Bay Buccaneers,RB_RUSH_YARDS,Bucky Irving,56.5,-111,-114,,,,6
2026-09-27T12:07:04.615Z,2026-09-27,2026-09-27T20:05:00Z,Minnesota Vikings @ Tampa Bay Buccaneers,RB_RUSH_YARDS,Aaron Jones,52.5,-111,-113,,,,6
2026-09-27T12:07:04.615Z,2026-09-27,2026-09-27T20:05:00Z,Minnesota Vikings @ Tampa Bay Buccaneers,RB_RUSH_YARDS,Kyler Murray,20.5,-113,-107,,,,6
2026-09-27T12:07:04.615Z,2026-09-27,2026-09-27T20:05:00Z,Minnesota Vikings @ Tampa Bay Buccaneers,RB_RUSH_YARDS,Kenny Gainwell,18.5,-111,-109,,,,6
2026-09-27T12:07:04.615Z,2026-09-27,2026-09-27T20:05:00Z,Minnesota Vikings @ Tampa Bay Buccaneers,RB_RUSH_YARDS,Baker Mayfield,16.5,-113,-103,,,,6
2026-09-27T12:07:04.615Z,2026-09-27,2026-09-27T20:05:00Z,Minnesota Vikings @ Tampa Bay Buccaneers,WR_REC_YARDS,Justin Jefferson,72.5,-113,-112,,,,6
2026-09-27T12:07:04.615Z,2026-09-27,2026-09-27T20:05:00Z,Minnesota Vikings @ Tampa Bay Buccaneers,WR_REC_YARDS,Emeka Egbuka,49.5,-113,-111,,,,6
2026-09-27T12:07:04.615Z,2026-09-27,2026-09-27T20:05:00Z,Minnesota Vikings @ Tampa Bay Buccaneers,WR_REC_YARDS,Jordan Addison,36.5,-111,-110,,,,6
2026-09-27T12:07:04.615Z,2026-09-27,2026-09-27T20:05:00Z,Minnesota Vikings @ Tampa Bay Buccaneers,WR_REC_YARDS,Chris Godwin,35.5,-111,-111,,,,6
2026-09-27T12:07:04.615Z,2026-09-27,2026-09-27T20:05:00Z,Minnesota Vikings @ Tampa Bay Buccaneers,WR_REC_YARDS,T.J. Hockenson,30.5,-109,-113,,,,6
2026-09-27T12:07:04.615Z,2026-09-27,2026-09-27T20:05:00Z,Minnesota Vikings @ Tampa Bay Buccaneers,WR_REC_YARDS,Cade Otton,27.5,-113,-110,,,,6
2026-09-27T12:07:04.615Z,2026-09-27,2026-09-27T20:05:00Z,Minnesota Vikings @ Tampa Bay Buccaneers,WR_REC_YARDS,Ted Hurst III,24.5,-113,-113,,,,6
2026-09-27T12:07:04.615Z,2026-09-27,2026-09-27T20:05:00Z,Minnesota Vikings @ Tampa Bay Buccaneers,WR_REC_YARDS,Bucky Irving,16.5,-109,-111,,,,6
2026-09-27T12:07:04.615Z,2026-09-27,2026-09-27T20:05:00Z,Minnesota Vikings @ Tampa Bay Buccaneers,WR_REC_YARDS,Jauan Jennings,14.5,-110,-113,,,,6
2026-09-27T12:07:04.615Z,2026-09-27,2026-09-27T20:05:00Z,Minnesota Vikings @ Tampa Bay Buccaneers,WR_REC_YARDS,Jalen McMillan,14.5,-108,-113,,,,6
2026-09-27T12:07:04.615Z,2026-09-27,2026-09-27T20:05:00Z,Minnesota Vikings @ Tampa Bay Buccaneers,WR_REC_YARDS,Aaron Jones,13.5,-108,-115,,,,6
2026-09-27T12:07:04.615Z,2026-09-27,2026-09-27T20:05:00Z,Minnesota Vikings @ Tampa Bay Buccaneers,WR_REC_YARDS,Josh Oliver,10.5,-114,-109,,,,6
2026-09-27T12:07:04.615Z,2026-09-27,2026-09-27T20:05:00Z,Minnesota Vikings @ Tampa Bay Buccaneers,WR_REC_YARDS,Kenny Gainwell,9.5,-110,-105,,,,6
2026-09-27T12:07:04.615Z,2026-09-27,2026-09-27T20:05:00Z,Minnesota Vikings @ Tampa Bay Buccaneers,ANYTIME_TD,Aaron Jones,,,,,0.5238,false,6
2026-09-27T12:07:04.615Z,2026-09-27,2026-09-27T20:05:00Z,Minnesota Vikings @ Tampa Bay Buccaneers,ANYTIME_TD,Bucky Irving,,,,,0.4348,false,6
2026-09-27T12:07:04.615Z,2026-09-27,2026-09-27T20:05:00Z,Minnesota Vikings @ Tampa Bay Buccaneers,ANYTIME_TD,Justin Jefferson,,,,,0.3922,false,6
2026-09-27T12:07:04.615Z,2026-09-27,2026-09-27T20:05:00Z,Minnesota Vikings @ Tampa Bay Buccaneers,ANYTIME_TD,Emeka Egbuka,,,,,0.303,false,6
2026-09-27T12:07:04.615Z,2026-09-27,2026-09-27T20:05:00Z,Minnesota Vikings @ Tampa Bay Buccaneers,ANYTIME_TD,Jordan Addison,,,,,0.2632,false,6
2026-09-27T12:07:04.615Z,2026-09-27,2026-09-27T20:05:00Z,Minnesota Vikings @ Tampa Bay Buccaneers,ANYTIME_TD,Kenny Gainwell,,,,,0.25,false,6
2026-09-27T12:07:04.615Z,2026-09-27,2026-09-27T20:05:00Z,Minnesota Vikings @ Tampa Bay Buccaneers,ANYTIME_TD,T.J. Hockenson,,,,,0.2273,false,6
2026-09-27T12:07:04.615Z,2026-09-27,2026-09-27T20:05:00Z,Minnesota Vikings @ Tampa Bay Buccaneers,ANYTIME_TD,Chris Godwin,,,,,0.2326,false,6
2026-09-27T12:07:04.615Z,2026-09-27,2026-09-27T20:05:00Z,Minnesota Vikings @ Tampa Bay Buccaneers,ANYTIME_TD,Cade Otton,,,,,0.2083,false,6
2026-09-27T12:07:04.615Z,2026-09-27,2026-09-27T20:05:00Z,Minnesota Vikings @ Tampa Bay Buccaneers,ANYTIME_TD,Kyler Murray,,,,,0.2041,false,6
2026-09-27T12:07:04.615Z,2026-09-27,2026-09-27T20:05:00Z,Minnesota Vikings @ Tampa Bay Buccaneers,ANYTIME_TD,Ted Hurst III,,,,,0.1887,false,6
2026-09-27T12:07:04.615Z,2026-09-27,2026-09-27T20:05:00Z,Minnesota Vikings @ Tampa Bay Buccaneers,ANYTIME_TD,Jauan Jennings,,,,,0.1481,false,6
2026-09-27T12:07:04.615Z,2026-09-27,2026-09-27T20:05:00Z,Minnesota Vikings @ Tampa Bay Buccaneers,ANYTIME_TD,Minnesota Vikings D/ST,,,,,0.1538,false,3
2026-09-27T12:07:04.615Z,2026-09-27,2026-09-27T20:05:00Z,Minnesota Vikings @ Tampa Bay Buccaneers,ANYTIME_TD,Tampa Bay Buccaneers D/ST,,,,,0.1429,false,3
2026-09-27T12:07:04.615Z,2026-09-27,2026-09-27T20:05:00Z,Minnesota Vikings @ Tampa Bay Buccaneers,ANYTIME_TD,Jalen McMillan,,,,,0.129,false,6
2026-09-27T12:07:04.615Z,2026-09-27,2026-09-27T20:05:00Z,Minnesota Vikings @ Tampa Bay Buccaneers,ANYTIME_TD,Baker Mayfield,,,,,0.1333,false,6
2026-09-27T12:07:04.615Z,2026-09-27,2026-09-27T20:05:00Z,Minnesota Vikings @ Tampa Bay Buccaneers,ANYTIME_TD,Josh Oliver,,,,,0.1333,false,6
2026-09-27T12:07:04.615Z,2026-09-27,2026-09-27T20:05:00Z,Minnesota Vikings @ Tampa Bay Buccaneers,ANYTIME_TD,DeeJay Dallas,,,,,0.1111,false,6
2026-09-27T12:07:04.615Z,2026-09-27,2026-09-27T20:05:00Z,Minnesota Vikings @ Tampa Bay Buccaneers,ANYTIME_TD,Sean Tucker,,,,,0.0952,false,6
2026-09-27T12:07:04.615Z,2026-09-27,2026-09-27T20:05:00Z,Minnesota Vikings @ Tampa Bay Buccaneers,ANYTIME_TD,Tez Johnson,,,,,0.0952,false,6
2026-09-27T12:07:04.615Z,2026-09-27,2026-09-27T20:05:00Z,Minnesota Vikings @ Tampa Bay Buccaneers,ANYTIME_TD,Kameron Johnson,,,,,0.0769,false,5
2026-09-27T12:07:04.615Z,2026-09-27,2026-09-27T20:05:00Z,Minnesota Vikings @ Tampa Bay Buccaneers,ANYTIME_TD,Myles Price,,,,,0.0571,false,6
2026-09-27T12:07:04.615Z,2026-09-27,2026-09-27T20:05:00Z,Minnesota Vikings @ Tampa Bay Buccaneers,ANYTIME_TD,Demond Claiborne,,,,,0.0625,false,6
2026-09-27T12:07:04.615Z,2026-09-27,2026-09-27T20:05:00Z,Minnesota Vikings @ Tampa Bay Buccaneers,ANYTIME_TD,Ko Kieft,,,,,0.0385,false,5
2026-09-27T12:07:04.615Z,2026-09-27,2026-09-27T20:05:00Z,Minnesota Vikings @ Tampa Bay Buccaneers,ANYTIME_TD,Max Bredeson,,,,,0.0435,false,6
2026-09-27T12:07:04.615Z,2026-09-27,2026-09-27T20:05:00Z,Minnesota Vikings @ Tampa Bay Buccaneers,ANYTIME_TD,Payne Durham,,,,,0.0345,false,6
2026-09-27T12:07:04.615Z,2026-09-27,2026-09-27T20:05:00Z,Minnesota Vikings @ Tampa Bay Buccaneers,ANYTIME_TD,Tai Felton,,,,,0.0278,false,6
2026-09-27T12:07:04.615Z,2026-09-27,2026-09-27T20:05:00Z,Minnesota Vikings @ Tampa Bay Buccaneers,ANYTIME_TD,Bauer Sharp,,,,,0.0323,false,6
2026-09-27T12:07:04.615Z,2026-09-27,2026-09-27T20:05:00Z,Minnesota Vikings @ Tampa Bay Buccaneers,ANYTIME_TD,Gavin Bartholomew,,,,,0.0294,false,6
2026-09-27T12:07:04.615Z,2026-09-27,2026-09-27T20:05:00Z,Minnesota Vikings @ Tampa Bay Buccaneers,ANYTIME_TD,Tampa Bay Buccaneers Defense,,,,,0.125,false,1
2026-09-27T12:07:04.615Z,2026-09-27,2026-09-27T20:05:00Z,Minnesota Vikings @ Tampa Bay Buccaneers,ANYTIME_TD,Minnesota Vikings Defense,,,,,0.1176,false,1
2026-09-27T12:07:04.615Z,2026-09-27,2026-09-27T20:25:00Z,Baltimore Ravens @ Dallas Cowboys,QB_PASS_YARDS,Dak Prescott,268.5,-115,-115,,,,6
2026-09-27T12:07:04.615Z,2026-09-27,2026-09-27T20:25:00Z,Baltimore Ravens @ Dallas Cowboys,QB_PASS_YARDS,Lamar Jackson,239.5,-113,-113,,,,6
2026-09-27T12:07:04.615Z,2026-09-27,2026-09-27T20:25:00Z,Baltimore Ravens @ Dallas Cowboys,RB_RUSH_YARDS,Derrick Henry,90.5,-114,-110,,,,6
2026-09-27T12:07:04.615Z,2026-09-27,2026-09-27T20:25:00Z,Baltimore Ravens @ Dallas Cowboys,RB_RUSH_YARDS,Javonte Williams,58.5,-113,-113,,,,6
2026-09-27T12:07:04.615Z,2026-09-27,2026-09-27T20:25:00Z,Baltimore Ravens @ Dallas Cowboys,RB_RUSH_YARDS,Lamar Jackson,40.5,-111,-113,,,,6
2026-09-27T12:07:04.615Z,2026-09-27,2026-09-27T20:25:00Z,Baltimore Ravens @ Dallas Cowboys,RB_RUSH_YARDS,Justice Hill,13.5,-113,-106,,,,5
2026-09-27T12:07:04.615Z,2026-09-27,2026-09-27T20:25:00Z,Baltimore Ravens @ Dallas Cowboys,RB_RUSH_YARDS,Dak Prescott,12.5,-109,-115,,,,6
2026-09-27T12:07:04.615Z,2026-09-27,2026-09-27T20:25:00Z,Baltimore Ravens @ Dallas Cowboys,RB_RUSH_YARDS,Emari Demercado,8.5,-104,-116,,,,6
2026-09-27T12:07:04.615Z,2026-09-27,2026-09-27T20:25:00Z,Baltimore Ravens @ Dallas Cowboys,WR_REC_YARDS,CeeDee Lamb,82.5,-113,-110,,,,6
2026-09-27T12:07:04.615Z,2026-09-27,2026-09-27T20:25:00Z,Baltimore Ravens @ Dallas Cowboys,WR_REC_YARDS,George Pickens,64.5,-113,-113,,,,6
2026-09-27T12:07:04.615Z,2026-09-27,2026-09-27T20:25:00Z,Baltimore Ravens @ Dallas Cowboys,WR_REC_YARDS,Rashod Bateman,43.5,-113,-111,,,,5
2026-09-27T12:07:04.615Z,2026-09-27,2026-09-27T20:25:00Z,Baltimore Ravens @ Dallas Cowboys,WR_REC_YARDS,Mark Andrews,39.5,-115,-109,,,,5
2026-09-27T12:07:04.615Z,2026-09-27,2026-09-27T20:25:00Z,Baltimore Ravens @ Dallas Cowboys,WR_REC_YARDS,Ryan Flournoy,30.5,-109,-116,,,,6
2026-09-27T12:07:04.615Z,2026-09-27,2026-09-27T20:25:00Z,Baltimore Ravens @ Dallas Cowboys,WR_REC_YARDS,Jake Ferguson,28.5,-111,-114,,,,6
2026-09-27T12:07:04.615Z,2026-09-27,2026-09-27T20:25:00Z,Baltimore Ravens @ Dallas Cowboys,WR_REC_YARDS,Javonte Williams,15.5,-107,-110,,,,6
2026-09-27T12:07:04.615Z,2026-09-27,2026-09-27T20:25:00Z,Baltimore Ravens @ Dallas Cowboys,WR_REC_YARDS,Justice Hill,13.5,-109,-111,,,,6
2026-09-27T12:07:04.615Z,2026-09-27,2026-09-27T20:25:00Z,Baltimore Ravens @ Dallas Cowboys,WR_REC_YARDS,Derrick Henry,9.5,-107,-115,,,,6
2026-09-27T12:07:04.615Z,2026-09-27,2026-09-27T20:25:00Z,Baltimore Ravens @ Dallas Cowboys,WR_REC_YARDS,Chris Moore,17.5,-114,-115,,,,1
2026-09-27T12:07:04.615Z,2026-09-27,2026-09-27T20:25:00Z,Baltimore Ravens @ Dallas Cowboys,WR_REC_YARDS,LaJohntay Wester,17.5,-112,-120,,,,1
2026-09-27T12:07:04.615Z,2026-09-27,2026-09-27T20:25:00Z,Baltimore Ravens @ Dallas Cowboys,ANYTIME_TD,Derrick Henry,,,,,0.7015,false,6
2026-09-27T12:07:04.615Z,2026-09-27,2026-09-27T20:25:00Z,Baltimore Ravens @ Dallas Cowboys,ANYTIME_TD,Javonte Williams,,,,,0.6154,false,6
2026-09-27T12:07:04.615Z,2026-09-27,2026-09-27T20:25:00Z,Baltimore Ravens @ Dallas Cowboys,ANYTIME_TD,CeeDee Lamb,,,,,0.4651,false,6
2026-09-27T12:07:04.615Z,2026-09-27,2026-09-27T20:25:00Z,Baltimore Ravens @ Dallas Cowboys,ANYTIME_TD,Mark Andrews,,,,,0.4,false,6
2026-09-27T12:07:04.615Z,2026-09-27,2026-09-27T20:25:00Z,Baltimore Ravens @ Dallas Cowboys,ANYTIME_TD,Rashod Bateman,,,,,0.3448,false,6
2026-09-27T12:07:04.615Z,2026-09-27,2026-09-27T20:25:00Z,Baltimore Ravens @ Dallas Cowboys,ANYTIME_TD,George Pickens,,,,,0.3846,false,6
2026-09-27T12:07:04.615Z,2026-09-27,2026-09-27T20:25:00Z,Baltimore Ravens @ Dallas Cowboys,ANYTIME_TD,Lamar Jackson,,,,,0.3226,false,6
2026-09-27T12:07:04.615Z,2026-09-27,2026-09-27T20:25:00Z,Baltimore Ravens @ Dallas Cowboys,ANYTIME_TD,Jake Ferguson,,,,,0.2703,false,6
2026-09-27T12:07:04.615Z,2026-09-27,2026-09-27T20:25:00Z,Baltimore Ravens @ Dallas Cowboys,ANYTIME_TD,LaJohntay Wester,,,,,0.1905,false,6
2026-09-27T12:07:04.615Z,2026-09-27,2026-09-27T20:25:00Z,Baltimore Ravens @ Dallas Cowboys,ANYTIME_TD,Ryan Flournoy,,,,,0.1923,false,6
2026-09-27T12:07:04.615Z,2026-09-27,2026-09-27T20:25:00Z,Baltimore Ravens @ Dallas Cowboys,ANYTIME_TD,Chris Moore,,,,,0.1818,false,6
2026-09-27T12:07:04.615Z,2026-09-27,2026-09-27T20:25:00Z,Baltimore Ravens @ Dallas Cowboys,ANYTIME_TD,Justice Hill,,,,,0.16,false,6
2026-09-27T12:07:04.615Z,2026-09-27,2026-09-27T20:25:00Z,Baltimore Ravens @ Dallas Cowboys,ANYTIME_TD,Baltimore Ravens D/ST,,,,,0.1538,false,3
2026-09-27T12:07:04.615Z,2026-09-27,2026-09-27T20:25:00Z,Baltimore Ravens @ Dallas Cowboys,ANYTIME_TD,Devontez Walker,,,,,0.125,false,6
2026-09-27T12:07:04.615Z,2026-09-27,2026-09-27T20:25:00Z,Baltimore Ravens @ Dallas Cowboys,ANYTIME_TD,Elijah Sarratt,,,,,0.0952,false,5
2026-09-27T12:07:04.615Z,2026-09-27,2026-09-27T20:25:00Z,Baltimore Ravens @ Dallas Cowboys,ANYTIME_TD,Dallas Cowboys D/ST,,,,,0.1333,false,3
2026-09-27T12:07:04.615Z,2026-09-27,2026-09-27T20:25:00Z,Baltimore Ravens @ Dallas Cowboys,ANYTIME_TD,Emari Demercado,,,,,0.1176,false,6
2026-09-27T12:07:04.615Z,2026-09-27,2026-09-27T20:25:00Z,Baltimore Ravens @ Dallas Cowboys,ANYTIME_TD,Dak Prescott,,,,,0.125,false,6
2026-09-27T12:07:04.615Z,2026-09-27,2026-09-27T20:25:00Z,Baltimore Ravens @ Dallas Cowboys,ANYTIME_TD,Durham Smythe,,,,,0.087,false,6
2026-09-27T12:07:04.615Z,2026-09-27,2026-09-27T20:25:00Z,Baltimore Ravens @ Dallas Cowboys,ANYTIME_TD,KaVontae Turpin,,,,,0.0909,false,6
2026-09-27T12:07:04.615Z,2026-09-27,2026-09-27T20:25:00Z,Baltimore Ravens @ Dallas Cowboys,ANYTIME_TD,Hunter Luepke,,,,,0.0667,false,6
2026-09-27T12:07:04.615Z,2026-09-27,2026-09-27T20:25:00Z,Baltimore Ravens @ Dallas Cowboys,ANYTIME_TD,Brevyn Spann-Ford,,,,,0.0588,false,6
2026-09-27T12:07:04.615Z,2026-09-27,2026-09-27T20:25:00Z,Baltimore Ravens @ Dallas Cowboys,ANYTIME_TD,Luke Schoonmaker,,,,,0.0625,false,6
2026-09-27T12:07:04.615Z,2026-09-27,2026-09-27T20:25:00Z,Baltimore Ravens @ Dallas Cowboys,ANYTIME_TD,Matthew Hibner,,,,,0.0556,false,6
2026-09-27T12:07:04.615Z,2026-09-27,2026-09-27T20:25:00Z,Baltimore Ravens @ Dallas Cowboys,ANYTIME_TD,Josh Cuevas,,,,,0.04,false,6
2026-09-27T12:07:04.615Z,2026-09-27,2026-09-27T20:25:00Z,Baltimore Ravens @ Dallas Cowboys,ANYTIME_TD,Jonathan Mingo,,,,,0.0476,false,6
2026-09-27T12:07:04.615Z,2026-09-27,2026-09-27T20:25:00Z,Baltimore Ravens @ Dallas Cowboys,ANYTIME_TD,Rasheen Ali,,,,,0.0385,false,6
2026-09-27T12:07:04.615Z,2026-09-27,2026-09-27T20:25:00Z,Baltimore Ravens @ Dallas Cowboys,ANYTIME_TD,Camden Brown,,,,,0.0476,false,5
2026-09-27T12:07:04.615Z,2026-09-27,2026-09-27T20:25:00Z,Baltimore Ravens @ Dallas Cowboys,ANYTIME_TD,Dallas Cowboys Defense,,,,,0.1111,false,1
2026-09-27T12:07:04.615Z,2026-09-27,2026-09-27T20:25:00Z,Baltimore Ravens @ Dallas Cowboys,ANYTIME_TD,Baltimore Ravens Defense,,,,,0.1111,false,1
2026-09-27T12:07:04.615Z,2026-09-27,2026-09-27T20:25:00Z,Baltimore Ravens @ Dallas Cowboys,ANYTIME_TD,Tyler Goodson,,,,,0.0357,false,2
2026-09-27T12:07:04.615Z,2026-09-27,2026-09-27T20:25:00Z,Baltimore Ravens @ Dallas Cowboys,ANYTIME_TD,Zay Flowers,,,,,0.3571,false,2
2026-09-27T12:07:04.615Z,2026-09-27,2026-09-27T20:25:00Z,Las Vegas Raiders @ New Orleans Saints,QB_PASS_YARDS,Tyler Shough,253.5,-112,-111,,,,6
2026-09-27T12:07:04.615Z,2026-09-27,2026-09-27T20:25:00Z,Las Vegas Raiders @ New Orleans Saints,QB_PASS_YARDS,Kirk Cousins,211.5,-113,-109,,,,6
2026-09-27T12:07:04.615Z,2026-09-27,2026-09-27T20:25:00Z,Las Vegas Raiders @ New Orleans Saints,RB_RUSH_YARDS,Ashton Jeanty,68.5,-113,-113,,,,6
2026-09-27T12:07:04.615Z,2026-09-27,2026-09-27T20:25:00Z,Las Vegas Raiders @ New Orleans Saints,RB_RUSH_YARDS,Travis Etienne Jr.,39.5,-110,-114,,,,6
2026-09-27T12:07:04.615Z,2026-09-27,2026-09-27T20:25:00Z,Las Vegas Raiders @ New Orleans Saints,RB_RUSH_YARDS,Alvin Kamara,27.5,-110,-113,,,,5
2026-09-27T12:07:04.615Z,2026-09-27,2026-09-27T20:25:00Z,Las Vegas Raiders @ New Orleans Saints,RB_RUSH_YARDS,Mike Washington Jr.,15.5,-111,-113,,,,3
2026-09-27T12:07:04.615Z,2026-09-27,2026-09-27T20:25:00Z,Las Vegas Raiders @ New Orleans Saints,RB_RUSH_YARDS,Tyler Shough,14.5,-113,-111,,,,6
2026-09-27T12:07:04.615Z,2026-09-27,2026-09-27T20:25:00Z,Las Vegas Raiders @ New Orleans Saints,RB_RUSH_YARDS,Kirk Cousins,1.5,-113,-106,,,,3
2026-09-27T12:07:04.615Z,2026-09-27,2026-09-27T20:25:00Z,Las Vegas Raiders @ New Orleans Saints,WR_REC_YARDS,Chris Olave,77.5,-110,-114,,,,6
2026-09-27T12:07:04.615Z,2026-09-27,2026-09-27T20:25:00Z,Las Vegas Raiders @ New Orleans Saints,WR_REC_YARDS,Devaughn Vele,49.5,-109,-115,,,,6
2026-09-27T12:07:04.615Z,2026-09-27,2026-09-27T20:25:00Z,Las Vegas Raiders @ New Orleans Saints,WR_REC_YARDS,Brock Bowers,47.5,-110,-113,,,,6
2026-09-27T12:07:04.615Z,2026-09-27,2026-09-27T20:25:00Z,Las Vegas Raiders @ New Orleans Saints,WR_REC_YARDS,Tre Tucker,43.5,-113,-113,,,,6
2026-09-27T12:07:04.615Z,2026-09-27,2026-09-27T20:25:00Z,Las Vegas Raiders @ New Orleans Saints,WR_REC_YARDS,Juwan Johnson,35.5,-113,-110,,,,6
2026-09-27T12:07:04.615Z,2026-09-27,2026-09-27T20:25:00Z,Las Vegas Raiders @ New Orleans Saints,WR_REC_YARDS,Jalen Nailor,24.5,-109,-113,,,,6
2026-09-27T12:07:04.615Z,2026-09-27,2026-09-27T20:25:00Z,Las Vegas Raiders @ New Orleans Saints,WR_REC_YARDS,Ashton Jeanty,21.5,-113,-111,,,,6
2026-09-27T12:07:04.615Z,2026-09-27,2026-09-27T20:25:00Z,Las Vegas Raiders @ New Orleans Saints,WR_REC_YARDS,Michael Mayer,20.5,-108,-116,,,,4
2026-09-27T12:07:04.615Z,2026-09-27,2026-09-27T20:25:00Z,Las Vegas Raiders @ New Orleans Saints,WR_REC_YARDS,Bryce Lance,15.5,-113,-110,,,,5
2026-09-27T12:07:04.615Z,2026-09-27,2026-09-27T20:25:00Z,Las Vegas Raiders @ New Orleans Saints,WR_REC_YARDS,Jack Bech,14.5,-109,-113,,,,5
2026-09-27T12:07:04.615Z,2026-09-27,2026-09-27T20:25:00Z,Las Vegas Raiders @ New Orleans Saints,WR_REC_YARDS,Alvin Kamara,13.5,-113,-108,,,,5
2026-09-27T12:07:04.615Z,2026-09-27,2026-09-27T20:25:00Z,Las Vegas Raiders @ New Orleans Saints,WR_REC_YARDS,Noah Fant,12.5,-113,-109,,,,4
2026-09-27T12:07:04.615Z,2026-09-27,2026-09-27T20:25:00Z,Las Vegas Raiders @ New Orleans Saints,WR_REC_YARDS,Travis Etienne Jr.,9.5,-108,-116,,,,6
2026-09-27T12:07:04.615Z,2026-09-27,2026-09-27T20:25:00Z,Las Vegas Raiders @ New Orleans Saints,ANYTIME_TD,Ashton Jeanty,,,,,0.5238,false,6
2026-09-27T12:07:04.615Z,2026-09-27,2026-09-27T20:25:00Z,Las Vegas Raiders @ New Orleans Saints,ANYTIME_TD,Travis Etienne Jr.,,,,,0.4115,false,6
2026-09-27T12:07:04.615Z,2026-09-27,2026-09-27T20:25:00Z,Las Vegas Raiders @ New Orleans Saints,ANYTIME_TD,Chris Olave,,,,,0.4,false,6
2026-09-27T12:07:04.615Z,2026-09-27,2026-09-27T20:25:00Z,Las Vegas Raiders @ New Orleans Saints,ANYTIME_TD,Alvin Kamara,,,,,0.3077,false,6
2026-09-27T12:07:04.615Z,2026-09-27,2026-09-27T20:25:00Z,Las Vegas Raiders @ New Orleans Saints,ANYTIME_TD,Brock Bowers,,,,,0.2857,false,6
2026-09-27T12:07:04.615Z,2026-09-27,2026-09-27T20:25:00Z,Las Vegas Raiders @ New Orleans Saints,ANYTIME_TD,Juwan Johnson,,,,,0.2273,false,6
2026-09-27T12:07:04.615Z,2026-09-27,2026-09-27T20:25:00Z,Las Vegas Raiders @ New Orleans Saints,ANYTIME_TD,Tre Tucker,,,,,0.25,false,6
2026-09-27T12:07:04.615Z,2026-09-27,2026-09-27T20:25:00Z,Las Vegas Raiders @ New Orleans Saints,ANYTIME_TD,Devaughn Vele,,,,,0.2439,false,6
2026-09-27T12:07:04.615Z,2026-09-27,2026-09-27T20:25:00Z,Las Vegas Raiders @ New Orleans Saints,ANYTIME_TD,Tyler Shough,,,,,0.2353,false,6
2026-09-27T12:07:04.615Z,2026-09-27,2026-09-27T20:25:00Z,Las Vegas Raiders @ New Orleans Saints,ANYTIME_TD,Michael Mayer,,,,,0.1905,false,6
2026-09-27T12:07:04.615Z,2026-09-27,2026-09-27T20:25:00Z,Las Vegas Raiders @ New Orleans Saints,ANYTIME_TD,Mike Washington Jr.,,,,,0.1667,false,6
2026-09-27T12:07:04.615Z,2026-09-27,2026-09-27T20:25:00Z,Las Vegas Raiders @ New Orleans Saints,ANYTIME_TD,Jalen Nailor,,,,,0.1667,false,6
2026-09-27T12:07:04.615Z,2026-09-27,2026-09-27T20:25:00Z,Las Vegas Raiders @ New Orleans Saints,ANYTIME_TD,Noah Fant,,,,,0.1333,false,6
2026-09-27T12:07:04.615Z,2026-09-27,2026-09-27T20:25:00Z,Las Vegas Raiders @ New Orleans Saints,ANYTIME_TD,Bryce Lance,,,,,0.1333,false,6
2026-09-27T12:07:04.615Z,2026-09-27,2026-09-27T20:25:00Z,Las Vegas Raiders @ New Orleans Saints,ANYTIME_TD,Jack Bech,,,,,0.125,false,6
2026-09-27T12:07:04.615Z,2026-09-27,2026-09-27T20:25:00Z,Las Vegas Raiders @ New Orleans Saints,ANYTIME_TD,New Orleans Saints D/ST,,,,,0.125,false,3
2026-09-27T12:07:04.615Z,2026-09-27,2026-09-27T20:25:00Z,Las Vegas Raiders @ New Orleans Saints,ANYTIME_TD,Las Vegas Raiders D/ST,,,,,0.1111,false,3
2026-09-27T12:07:04.615Z,2026-09-27,2026-09-27T20:25:00Z,Las Vegas Raiders @ New Orleans Saints,ANYTIME_TD,CJ Donaldson,,,,,0.0833,false,5
2026-09-27T12:07:04.615Z,2026-09-27,2026-09-27T20:25:00Z,Las Vegas Raiders @ New Orleans Saints,ANYTIME_TD,Kendre Miller,,,,,0.0833,false,6
2026-09-27T12:07:04.615Z,2026-09-27,2026-09-27T20:25:00Z,Las Vegas Raiders @ New Orleans Saints,ANYTIME_TD,Dareke Young,,,,,0.0556,false,6
2026-09-27T12:07:04.615Z,2026-09-27,2026-09-27T20:25:00Z,Las Vegas Raiders @ New Orleans Saints,ANYTIME_TD,Cody White,,,,,0.0556,false,4
2026-09-27T12:07:04.615Z,2026-09-27,2026-09-27T20:25:00Z,Las Vegas Raiders @ New Orleans Saints,ANYTIME_TD,Malik Benson,,,,,0.0606,false,6
2026-09-27T12:07:04.615Z,2026-09-27,2026-09-27T20:25:00Z,Las Vegas Raiders @ New Orleans Saints,ANYTIME_TD,Oscar Delp,,,,,0.0588,false,6
2026-09-27T12:07:04.615Z,2026-09-27,2026-09-27T20:25:00Z,Las Vegas Raiders @ New Orleans Saints,ANYTIME_TD,Connor Heyward,,,,,0.0556,false,6
2026-09-27T12:07:04.615Z,2026-09-27,2026-09-27T20:25:00Z,Las Vegas Raiders @ New Orleans Saints,ANYTIME_TD,Ian Thomas,,,,,0.0556,false,6
2026-09-27T12:07:04.615Z,2026-09-27,2026-09-27T20:25:00Z,Las Vegas Raiders @ New Orleans Saints,ANYTIME_TD,Kirk Cousins,,,,,0.0435,false,6
2026-09-27T12:07:04.615Z,2026-09-27,2026-09-27T20:25:00Z,Las Vegas Raiders @ New Orleans Saints,ANYTIME_TD,Treyton Welch,,,,,0.0323,false,5
2026-09-27T12:07:04.615Z,2026-09-27,2026-09-27T20:25:00Z,Las Vegas Raiders @ New Orleans Saints,ANYTIME_TD,Dylan Laube,,,,,0.0435,false,6
2026-09-27T12:07:04.615Z,2026-09-27,2026-09-27T20:25:00Z,Las Vegas Raiders @ New Orleans Saints,ANYTIME_TD,Kevin Austin,,,,,0.0345,false,5
2026-09-27T12:07:04.615Z,2026-09-27,2026-09-27T20:25:00Z,Las Vegas Raiders @ New Orleans Saints,ANYTIME_TD,New Orleans Saints Defense,,,,,0.1176,false,1
2026-09-27T12:07:04.615Z,2026-09-27,2026-09-27T20:25:00Z,Las Vegas Raiders @ New Orleans Saints,ANYTIME_TD,Las Vegas Raiders Defense,,,,,0.1176,false,1
2026-09-27T12:07:04.615Z,2026-09-27,2026-09-27T20:25:00Z,Las Vegas Raiders @ New Orleans Saints,ANYTIME_TD,Barion Brown,,,,,0.0667,false,1
2026-09-27T12:07:04.615Z,2026-09-27,2026-09-28T00:20:00Z,Los Angeles Rams @ Denver Broncos,QB_PASS_YARDS,Matthew Stafford,242.5,-105,-113,,,,6
2026-09-27T12:07:04.615Z,2026-09-27,2026-09-28T00:20:00Z,Los Angeles Rams @ Denver Broncos,QB_PASS_YARDS,Bo Nix,211.5,-113,-110,,,,6
2026-09-27T12:07:04.615Z,2026-09-27,2026-09-28T00:20:00Z,Los Angeles Rams @ Denver Broncos,RB_RUSH_YARDS,Kyren Williams,53.5,-112,-112,,,,6
2026-09-27T12:07:04.615Z,2026-09-27,2026-09-28T00:20:00Z,Los Angeles Rams @ Denver Broncos,RB_RUSH_YARDS,J.K. Dobbins,50.5,-112,-111,,,,6
2026-09-27T12:07:04.615Z,2026-09-27,2026-09-28T00:20:00Z,Los Angeles Rams @ Denver Broncos,RB_RUSH_YARDS,Blake Corum,47.5,-114,-110,,,,6
2026-09-27T12:07:04.615Z,2026-09-27,2026-09-28T00:20:00Z,Los Angeles Rams @ Denver Broncos,RB_RUSH_YARDS,RJ Harvey,19.5,-113,-109,,,,6
2026-09-27T12:07:04.615Z,2026-09-27,2026-09-28T00:20:00Z,Los Angeles Rams @ Denver Broncos,RB_RUSH_YARDS,Bo Nix,16.5,-106,-113,,,,6
2026-09-27T12:07:04.615Z,2026-09-27,2026-09-28T00:20:00Z,Los Angeles Rams @ Denver Broncos,RB_RUSH_YARDS,Matthew Stafford,0.5,119,-149,,,,3
2026-09-27T12:07:04.615Z,2026-09-27,2026-09-28T00:20:00Z,Los Angeles Rams @ Denver Broncos,WR_REC_YARDS,Davante Adams,72.5,-110,-117,,,,6
2026-09-27T12:07:04.615Z,2026-09-27,2026-09-28T00:20:00Z,Los Angeles Rams @ Denver Broncos,WR_REC_YARDS,Jaylen Waddle,60.5,-111,-112,,,,6
2026-09-27T12:07:04.615Z,2026-09-27,2026-09-28T00:20:00Z,Los Angeles Rams @ Denver Broncos,WR_REC_YARDS,Terrance Ferguson,50.5,-111,-112,,,,6
2026-09-27T12:07:04.615Z,2026-09-27,2026-09-28T00:20:00Z,Los Angeles Rams @ Denver Broncos,WR_REC_YARDS,Courtland Sutton,36.5,-113,-112,,,,5
2026-09-27T12:07:04.615Z,2026-09-27,2026-09-28T00:20:00Z,Los Angeles Rams @ Denver Broncos,WR_REC_YARDS,Pat Bryant,27.5,-110,-112,,,,6
2026-09-27T12:07:04.615Z,2026-09-27,2026-09-28T00:20:00Z,Los Angeles Rams @ Denver Broncos,WR_REC_YARDS,Evan Engram,21.5,-110,-113,,,,6
2026-09-27T12:07:04.615Z,2026-09-27,2026-09-28T00:20:00Z,Los Angeles Rams @ Denver Broncos,WR_REC_YARDS,RJ Harvey,17.5,-113,-107,,,,5
2026-09-27T12:07:04.615Z,2026-09-27,2026-09-28T00:20:00Z,Los Angeles Rams @ Denver Broncos,WR_REC_YARDS,Kyren Williams,12.5,-109,-108,,,,6
2026-09-27T12:07:04.615Z,2026-09-27,2026-09-28T00:20:00Z,Los Angeles Rams @ Denver Broncos,WR_REC_YARDS,Adam Trautman,7.5,-117,-107,,,,4
2026-09-27T12:07:04.615Z,2026-09-27,2026-09-28T00:20:00Z,Los Angeles Rams @ Denver Broncos,ANYTIME_TD,Kyren Williams,,,,,0.5192,false,6
2026-09-27T12:07:04.615Z,2026-09-27,2026-09-28T00:20:00Z,Los Angeles Rams @ Denver Broncos,ANYTIME_TD,Davante Adams,,,,,0.463,false,6
2026-09-27T12:07:04.615Z,2026-09-27,2026-09-28T00:20:00Z,Los Angeles Rams @ Denver Broncos,ANYTIME_TD,J.K. Dobbins,,,,,0.3846,false,6
2026-09-27T12:07:04.615Z,2026-09-27,2026-09-28T00:20:00Z,Los Angeles Rams @ Denver Broncos,ANYTIME_TD,Jaylen Waddle,,,,,0.3125,false,6
2026-09-27T12:07:04.615Z,2026-09-27,2026-09-28T00:20:00Z,Los Angeles Rams @ Denver Broncos,ANYTIME_TD,Terrance Ferguson,,,,,0.303,false,6
2026-09-27T12:07:04.615Z,2026-09-27,2026-09-28T00:20:00Z,Los Angeles Rams @ Denver Broncos,ANYTIME_TD,Blake Corum,,,,,0.2564,false,6
2026-09-27T12:07:04.615Z,2026-09-27,2026-09-28T00:20:00Z,Los Angeles Rams @ Denver Broncos,ANYTIME_TD,Courtland Sutton,,,,,0.2632,false,6
2026-09-27T12:07:04.615Z,2026-09-27,2026-09-28T00:20:00Z,Los Angeles Rams @ Denver Broncos,ANYTIME_TD,Colby Parkinson,,,,,0.2174,false,6
2026-09-27T12:07:04.615Z,2026-09-27,2026-09-28T00:20:00Z,Los Angeles Rams @ Denver Broncos,ANYTIME_TD,RJ Harvey,,,,,0.2273,false,6
2026-09-27T12:07:04.615Z,2026-09-27,2026-09-28T00:20:00Z,Los Angeles Rams @ Denver Broncos,ANYTIME_TD,Tyler Higbee,,,,,0.1961,false,5
2026-09-27T12:07:04.615Z,2026-09-27,2026-09-28T00:20:00Z,Los Angeles Rams @ Denver Broncos,ANYTIME_TD,Evan Engram,,,,,0.2083,false,6
2026-09-27T12:07:04.615Z,2026-09-27,2026-09-28T00:20:00Z,Los Angeles Rams @ Denver Broncos,ANYTIME_TD,Pat Bryant,,,,,0.1818,false,6
2026-09-27T12:07:04.615Z,2026-09-27,2026-09-28T00:20:00Z,Los Angeles Rams @ Denver Broncos,ANYTIME_TD,Bo Nix,,,,,0.1667,false,6
2026-09-27T12:07:04.615Z,2026-09-27,2026-09-28T00:20:00Z,Los Angeles Rams @ Denver Broncos,ANYTIME_TD,Konata Mumpfield,,,,,0.1176,false,6
2026-09-27T12:07:04.615Z,2026-09-27,2026-09-28T00:20:00Z,Los Angeles Rams @ Denver Broncos,ANYTIME_TD,Jordan Whittington,,,,,0.1333,false,5
2026-09-27T12:07:04.615Z,2026-09-27,2026-09-28T00:20:00Z,Los Angeles Rams @ Denver Broncos,ANYTIME_TD,Denver Broncos D/ST,,,,,0.1176,false,3
2026-09-27T12:07:04.615Z,2026-09-27,2026-09-28T00:20:00Z,Los Angeles Rams @ Denver Broncos,ANYTIME_TD,Los Angeles Rams D/ST,,,,,0.1176,false,3
2026-09-27T12:07:04.615Z,2026-09-27,2026-09-28T00:20:00Z,Los Angeles Rams @ Denver Broncos,ANYTIME_TD,Adam Trautman,,,,,0.0909,false,6
2026-09-27T12:07:04.615Z,2026-09-27,2026-09-28T00:20:00Z,Los Angeles Rams @ Denver Broncos,ANYTIME_TD,Marvin Mims Jr.,,,,,0.087,false,6
2026-09-27T12:07:04.615Z,2026-09-27,2026-09-28T00:20:00Z,Los Angeles Rams @ Denver Broncos,ANYTIME_TD,Troy Franklin,,,,,0.1,false,6
2026-09-27T12:07:04.615Z,2026-09-27,2026-09-28T00:20:00Z,Los Angeles Rams @ Denver Broncos,ANYTIME_TD,Davis Allen,,,,,0.087,false,6
2026-09-27T12:07:04.615Z,2026-09-27,2026-09-28T00:20:00Z,Los Angeles Rams @ Denver Broncos,ANYTIME_TD,Xavier Smith,,,,,0.08,false,6
2026-09-27T12:07:04.615Z,2026-09-27,2026-09-28T00:20:00Z,Los Angeles Rams @ Denver Broncos,ANYTIME_TD,Tyler Badie,,,,,0.0833,false,5
2026-09-27T12:07:04.615Z,2026-09-27,2026-09-28T00:20:00Z,Los Angeles Rams @ Denver Broncos,ANYTIME_TD,Tutu Atwell,,,,,0.0476,false,6
2026-09-27T12:07:04.615Z,2026-09-27,2026-09-28T00:20:00Z,Los Angeles Rams @ Denver Broncos,ANYTIME_TD,Lil'Jordan Humphrey,,,,,0.04,false,5
2026-09-27T12:07:04.615Z,2026-09-27,2026-09-28T00:20:00Z,Los Angeles Rams @ Denver Broncos,ANYTIME_TD,Nate Adkins,,,,,0.0435,false,6
2026-09-27T12:07:04.615Z,2026-09-27,2026-09-28T00:20:00Z,Los Angeles Rams @ Denver Broncos,ANYTIME_TD,Matthew Stafford,,,,,0.0435,false,6
2026-09-27T12:07:04.615Z,2026-09-27,2026-09-28T00:20:00Z,Los Angeles Rams @ Denver Broncos,ANYTIME_TD,Kolbe Katsis,,,,,0.0435,false,3
2026-09-27T12:07:04.615Z,2026-09-27,2026-09-28T00:20:00Z,Los Angeles Rams @ Denver Broncos,ANYTIME_TD,Adam Prentice,,,,,0.0345,false,5
2026-09-27T12:07:04.615Z,2026-09-27,2026-09-28T00:20:00Z,Los Angeles Rams @ Denver Broncos,ANYTIME_TD,Dean Connors,,,,,0.0385,false,3
2026-09-27T12:07:04.615Z,2026-09-27,2026-09-28T00:20:00Z,Los Angeles Rams @ Denver Broncos,ANYTIME_TD,Dallen Bentley,,,,,0.0345,false,5
2026-09-27T12:07:04.615Z,2026-09-27,2026-09-28T00:20:00Z,Los Angeles Rams @ Denver Broncos,ANYTIME_TD,Max Klare,,,,,0.0323,false,5
2026-09-27T12:07:04.615Z,2026-09-27,2026-09-28T00:20:00Z,Los Angeles Rams @ Denver Broncos,ANYTIME_TD,CJ Daniels,,,,,0.0244,false,5
2026-09-27T12:07:04.615Z,2026-09-27,2026-09-28T00:20:00Z,Los Angeles Rams @ Denver Broncos,ANYTIME_TD,Denver Broncos Defense,,,,,0.1176,false,1
2026-09-27T12:07:04.615Z,2026-09-27,2026-09-28T00:20:00Z,Los Angeles Rams @ Denver Broncos,ANYTIME_TD,Los Angeles Rams Defense,,,,,0.1,false,1
2026-09-27T17:20:32.351Z,2026-09-27,2026-09-27T17:02:37Z,Cincinnati Bengals @ Pittsburgh Steelers,QB_PASS_YARDS,Joe Burrow,265.5,-114,-114,,,,2
2026-09-27T17:20:32.351Z,2026-09-27,2026-09-27T17:02:37Z,Cincinnati Bengals @ Pittsburgh Steelers,QB_PASS_YARDS,Aaron Rodgers,264.5,-115,-115,,,,3
2026-09-27T17:20:32.351Z,2026-09-27,2026-09-27T17:02:37Z,Cincinnati Bengals @ Pittsburgh Steelers,RB_RUSH_YARDS,Samaje Perine,13.5,-122,-108,,,,1
2026-09-27T17:20:32.351Z,2026-09-27,2026-09-27T17:02:37Z,Cincinnati Bengals @ Pittsburgh Steelers,RB_RUSH_YARDS,Chase Brown,62.5,-118,-112,,,,3
2026-09-27T17:20:32.351Z,2026-09-27,2026-09-27T17:02:37Z,Cincinnati Bengals @ Pittsburgh Steelers,RB_RUSH_YARDS,Joe Burrow,6.5,-110,-120,,,,1
2026-09-27T17:20:32.351Z,2026-09-27,2026-09-27T17:02:37Z,Cincinnati Bengals @ Pittsburgh Steelers,RB_RUSH_YARDS,Jaylen Warren,49.5,-111,-118,,,,3
2026-09-27T17:20:32.351Z,2026-09-27,2026-09-27T17:02:37Z,Cincinnati Bengals @ Pittsburgh Steelers,RB_RUSH_YARDS,Aaron Rodgers,0.5,100,-130,,,,1
2026-09-27T17:20:32.351Z,2026-09-27,2026-09-27T17:02:37Z,Cincinnati Bengals @ Pittsburgh Steelers,WR_REC_YARDS,Tee Higgins,57.5,-115,-115,,,,3
2026-09-27T17:20:32.351Z,2026-09-27,2026-09-27T17:02:37Z,Cincinnati Bengals @ Pittsburgh Steelers,WR_REC_YARDS,Samaje Perine,9.5,-114,-114,,,,1
2026-09-27T17:20:32.351Z,2026-09-27,2026-09-27T17:02:37Z,Cincinnati Bengals @ Pittsburgh Steelers,WR_REC_YARDS,Drew Sample,7.5,-114,-114,,,,2
2026-09-27T17:20:32.351Z,2026-09-27,2026-09-27T17:02:37Z,Cincinnati Bengals @ Pittsburgh Steelers,WR_REC_YARDS,Mike Gesicki,25.5,-114,-114,,,,2
2026-09-27T17:20:32.351Z,2026-09-27,2026-09-27T17:02:37Z,Cincinnati Bengals @ Pittsburgh Steelers,WR_REC_YARDS,Chase Brown,23.5,-114,-114,,,,1
2026-09-27T17:20:32.351Z,2026-09-27,2026-09-27T17:02:37Z,Cincinnati Bengals @ Pittsburgh Steelers,WR_REC_YARDS,Ja'Marr Chase,81.5,-114,-114,,,,3
2026-09-27T17:20:32.351Z,2026-09-27,2026-09-27T17:02:37Z,Cincinnati Bengals @ Pittsburgh Steelers,WR_REC_YARDS,Erick All,5.5,-112,-118,,,,2
2026-09-27T17:20:32.351Z,2026-09-27,2026-09-27T17:02:37Z,Cincinnati Bengals @ Pittsburgh Steelers,WR_REC_YARDS,Pat Freiermuth,31.5,-110,-115,,,,3
2026-09-27T17:20:32.351Z,2026-09-27,2026-09-27T17:02:37Z,Cincinnati Bengals @ Pittsburgh Steelers,WR_REC_YARDS,DK Metcalf,43.5,-122,-117,,,,3
2026-09-27T17:20:32.351Z,2026-09-27,2026-09-27T17:02:37Z,Cincinnati Bengals @ Pittsburgh Steelers,WR_REC_YARDS,Jaylen Warren,51.5,-120,-111,,,,3
2026-09-27T17:20:32.351Z,2026-09-27,2026-09-27T17:02:37Z,Cincinnati Bengals @ Pittsburgh Steelers,WR_REC_YARDS,Darnell Washington,11.5,-115,-115,,,,2
2026-09-27T17:20:32.351Z,2026-09-27,2026-09-27T17:02:37Z,Cincinnati Bengals @ Pittsburgh Steelers,WR_REC_YARDS,Roman Wilson,61.5,-115,-115,,,,1
2026-09-27T17:20:32.351Z,2026-09-27,2026-09-27T17:02:37Z,Cincinnati Bengals @ Pittsburgh Steelers,WR_REC_YARDS,Michael Pittman Jr.,22.5,-115,-115,,,,2
2026-09-27T17:20:32.351Z,2026-09-27,2026-09-27T17:02:37Z,Cincinnati Bengals @ Pittsburgh Steelers,ANYTIME_TD,Jaylen Warren,,,,,0.4167,false,3
2026-09-27T17:20:32.351Z,2026-09-27,2026-09-27T17:02:37Z,Cincinnati Bengals @ Pittsburgh Steelers,ANYTIME_TD,DK Metcalf,,,,,0.2778,false,3
2026-09-27T17:20:32.351Z,2026-09-27,2026-09-27T17:02:37Z,Cincinnati Bengals @ Pittsburgh Steelers,ANYTIME_TD,Michael Pittman Jr.,,,,,0.1667,false,3
2026-09-27T17:20:32.351Z,2026-09-27,2026-09-27T17:02:37Z,Cincinnati Bengals @ Pittsburgh Steelers,ANYTIME_TD,Pittsburgh Steelers Defense,,,,,0.1053,false,1
2026-09-27T17:20:32.351Z,2026-09-27,2026-09-27T17:02:37Z,Cincinnati Bengals @ Pittsburgh Steelers,ANYTIME_TD,Darnell Washington,,,,,0.1,false,3
2026-09-27T17:20:32.351Z,2026-09-27,2026-09-27T17:02:37Z,Cincinnati Bengals @ Pittsburgh Steelers,ANYTIME_TD,Germie Bernard,,,,,0.0909,false,3
2026-09-27T17:20:32.351Z,2026-09-27,2026-09-27T17:02:37Z,Cincinnati Bengals @ Pittsburgh Steelers,ANYTIME_TD,Travis Homer,,,,,0.1053,false,3
2026-09-27T17:20:32.351Z,2026-09-27,2026-09-27T17:02:37Z,Cincinnati Bengals @ Pittsburgh Steelers,ANYTIME_TD,Aaron Rodgers,,,,,0.0588,false,3
2026-09-27T17:20:32.351Z,2026-09-27,2026-09-27T17:02:37Z,Cincinnati Bengals @ Pittsburgh Steelers,ANYTIME_TD,Lew Nichols,,,,,0.0588,false,3
2026-09-27T17:20:32.351Z,2026-09-27,2026-09-27T17:02:37Z,Cincinnati Bengals @ Pittsburgh Steelers,ANYTIME_TD,Kaden Wetjen,,,,,0.0345,false,3
2026-09-27T17:20:32.351Z,2026-09-27,2026-09-27T17:02:37Z,Cincinnati Bengals @ Pittsburgh Steelers,ANYTIME_TD,Riley Nowakowski,,,,,0.0244,false,3
2026-09-27T17:20:32.351Z,2026-09-27,2026-09-27T17:02:37Z,Cincinnati Bengals @ Pittsburgh Steelers,ANYTIME_TD,Ben Skowronek,,,,,0.0244,false,3
2026-09-27T17:20:32.351Z,2026-09-27,2026-09-27T17:02:37Z,Cincinnati Bengals @ Pittsburgh Steelers,ANYTIME_TD,Robert Tonyan,,,,,0.0196,false,3
2026-09-27T17:20:32.351Z,2026-09-27,2026-09-27T17:02:37Z,Cincinnati Bengals @ Pittsburgh Steelers,ANYTIME_TD,Tee Higgins,,,,,0.4115,false,1
2026-09-27T17:20:32.351Z,2026-09-27,2026-09-27T17:02:37Z,Cincinnati Bengals @ Pittsburgh Steelers,ANYTIME_TD,Tahj Brooks,,,,,0.0714,false,1
2026-09-27T17:20:32.351Z,2026-09-27,2026-09-27T17:02:37Z,Cincinnati Bengals @ Pittsburgh Steelers,ANYTIME_TD,Drew Sample,,,,,0.1538,false,1
2026-09-27T17:20:32.351Z,2026-09-27,2026-09-27T17:02:37Z,Cincinnati Bengals @ Pittsburgh Steelers,ANYTIME_TD,Mike Gesicki,,,,,0.25,false,1
2026-09-27T17:20:32.351Z,2026-09-27,2026-09-27T17:02:37Z,Cincinnati Bengals @ Pittsburgh Steelers,ANYTIME_TD,Dohnte Meyers,,,,,0.125,false,1
2026-09-27T17:20:32.351Z,2026-09-27,2026-09-27T17:02:37Z,Cincinnati Bengals @ Pittsburgh Steelers,ANYTIME_TD,Chase Brown,,,,,0.7333,false,1
2026-09-27T17:20:32.351Z,2026-09-27,2026-09-27T17:02:37Z,Cincinnati Bengals @ Pittsburgh Steelers,ANYTIME_TD,Samaje Perine,,,,,0.2899,false,1
2026-09-27T17:20:32.351Z,2026-09-27,2026-09-27T17:02:37Z,Cincinnati Bengals @ Pittsburgh Steelers,ANYTIME_TD,Joe Burrow,,,,,0.2,false,1
2026-09-27T17:20:32.351Z,2026-09-27,2026-09-27T17:02:37Z,Cincinnati Bengals @ Pittsburgh Steelers,ANYTIME_TD,Ja'Marr Chase,,,,,0.5633,false,1
2026-09-27T17:20:32.351Z,2026-09-27,2026-09-27T17:02:37Z,Cincinnati Bengals @ Pittsburgh Steelers,ANYTIME_TD,Colbie Young,,,,,0.0714,false,1
2026-09-27T17:20:32.351Z,2026-09-27,2026-09-27T17:02:37Z,Cincinnati Bengals @ Pittsburgh Steelers,ANYTIME_TD,Erick All,,,,,0.1111,false,1
2026-09-27T17:20:32.351Z,2026-09-27,2026-09-27T17:02:37Z,Cincinnati Bengals @ Pittsburgh Steelers,ANYTIME_TD,Ke'Shawn Williams,,,,,0.0714,false,1
2026-09-27T17:20:32.351Z,2026-09-27,2026-09-27T17:02:38Z,Kansas City Chiefs @ Miami Dolphins,QB_PASS_YARDS,Malik Willis,189.5,-115,-120,,,,3
2026-09-27T17:20:32.351Z,2026-09-27,2026-09-27T17:02:38Z,Kansas City Chiefs @ Miami Dolphins,QB_PASS_YARDS,Patrick Mahomes,250.5,-114,-114,,,,2
2026-09-27T17:20:32.351Z,2026-09-27,2026-09-27T17:02:38Z,Kansas City Chiefs @ Miami Dolphins,RB_RUSH_YARDS,De'Von Achane,60.5,-115,-115,,,,2
2026-09-27T17:20:32.351Z,2026-09-27,2026-09-27T17:02:38Z,Kansas City Chiefs @ Miami Dolphins,RB_RUSH_YARDS,Malik Willis,32.5,-125,-121,,,,3
2026-09-27T17:20:32.351Z,2026-09-27,2026-09-27T17:02:38Z,Kansas City Chiefs @ Miami Dolphins,RB_RUSH_YARDS,Emmett Johnson,26.5,-115,-120,,,,2
2026-09-27T17:20:32.351Z,2026-09-27,2026-09-27T17:02:38Z,Kansas City Chiefs @ Miami Dolphins,RB_RUSH_YARDS,Ollie Gordon II,9.5,-120,-110,,,,1
2026-09-27T17:20:32.351Z,2026-09-27,2026-09-27T17:02:38Z,Kansas City Chiefs @ Miami Dolphins,RB_RUSH_YARDS,Kenneth Walker III,83.5,-114,-114,,,,2
2026-09-27T17:20:32.351Z,2026-09-27,2026-09-27T17:02:38Z,Kansas City Chiefs @ Miami Dolphins,RB_RUSH_YARDS,Patrick Mahomes,12.5,-118,-112,,,,2
2026-09-27T17:20:32.351Z,2026-09-27,2026-09-27T17:02:38Z,Kansas City Chiefs @ Miami Dolphins,WR_REC_YARDS,Malik Washington,42.5,-120,-115,,,,2
2026-09-27T17:20:32.351Z,2026-09-27,2026-09-27T17:02:38Z,Kansas City Chiefs @ Miami Dolphins,WR_REC_YARDS,Xavier Worthy,31.5,-114,-114,,,,3
2026-09-27T17:20:32.351Z,2026-09-27,2026-09-27T17:02:38Z,Kansas City Chiefs @ Miami Dolphins,WR_REC_YARDS,De'Von Achane,29.5,-115,-120,,,,2
2026-09-27T17:20:32.351Z,2026-09-27,2026-09-27T17:02:38Z,Kansas City Chiefs @ Miami Dolphins,WR_REC_YARDS,Greg Dulcich,25.5,-110,-120,,,,2
2026-09-27T17:20:32.351Z,2026-09-27,2026-09-27T17:02:38Z,Kansas City Chiefs @ Miami Dolphins,WR_REC_YARDS,Chris Bell,21.5,-120,-115,,,,2
2026-09-27T17:20:32.351Z,2026-09-27,2026-09-27T17:02:38Z,Kansas City Chiefs @ Miami Dolphins,WR_REC_YARDS,Tyquan Thornton,17.5,-115,-115,,,,2
2026-09-27T17:20:32.351Z,2026-09-27,2026-09-27T17:02:38Z,Kansas City Chiefs @ Miami Dolphins,WR_REC_YARDS,Kevin Coleman Jr.,17.5,-110,-120,,,,1
2026-09-27T17:20:32.351Z,2026-09-27,2026-09-27T17:02:38Z,Kansas City Chiefs @ Miami Dolphins,WR_REC_YARDS,Emmett Johnson,9.5,-110,-120,,,,2
2026-09-27T17:20:32.351Z,2026-09-27,2026-09-27T17:02:38Z,Kansas City Chiefs @ Miami Dolphins,WR_REC_YARDS,Rashee Rice,44.5,-114,-114,,,,2
2026-09-27T17:20:32.351Z,2026-09-27,2026-09-27T17:02:38Z,Kansas City Chiefs @ Miami Dolphins,WR_REC_YARDS,Kenneth Walker III,17.5,-114,-114,,,,2
2026-09-27T17:20:32.351Z,2026-09-27,2026-09-27T17:02:38Z,Kansas City Chiefs @ Miami Dolphins,WR_REC_YARDS,Travis Kelce,89.5,-114,-114,,,,2
2026-09-27T17:20:32.351Z,2026-09-27,2026-09-27T17:02:38Z,Kansas City Chiefs @ Miami Dolphins,ANYTIME_TD,Ollie Gordon II,,,,,0.2041,false,2
2026-09-27T17:20:32.351Z,2026-09-27,2026-09-27T17:02:38Z,Kansas City Chiefs @ Miami Dolphins,ANYTIME_TD,Rashee Rice,,,,,0.3571,false,2
2026-09-27T17:20:32.351Z,2026-09-27,2026-09-27T17:02:38Z,Kansas City Chiefs @ Miami Dolphins,ANYTIME_TD,Travis Kelce,,,,,0.3333,false,2
2026-09-27T17:20:32.351Z,2026-09-27,2026-09-27T17:02:38Z,Kansas City Chiefs @ Miami Dolphins,ANYTIME_TD,Xavier Worthy,,,,,0.2941,false,2
2026-09-27T17:20:32.351Z,2026-09-27,2026-09-27T17:02:38Z,Kansas City Chiefs @ Miami Dolphins,ANYTIME_TD,Malik Willis,,,,,0.2941,false,2
2026-09-27T17:20:32.351Z,2026-09-27,2026-09-27T17:02:38Z,Kansas City Chiefs @ Miami Dolphins,ANYTIME_TD,Malik Washington,,,,,0.25,false,2
2026-09-27T17:20:32.351Z,2026-09-27,2026-09-27T17:02:38Z,Kansas City Chiefs @ Miami Dolphins,ANYTIME_TD,Emmett Johnson,,,,,0.2174,false,2
2026-09-27T17:20:32.351Z,2026-09-27,2026-09-27T17:02:38Z,Kansas City Chiefs @ Miami Dolphins,ANYTIME_TD,Patrick Mahomes,,,,,0.1887,false,2
2026-09-27T17:20:32.351Z,2026-09-27,2026-09-27T17:02:38Z,Kansas City Chiefs @ Miami Dolphins,ANYTIME_TD,Greg Dulcich,,,,,0.2083,false,2
2026-09-27T17:20:32.351Z,2026-09-27,2026-09-27T17:02:38Z,Kansas City Chiefs @ Miami Dolphins,ANYTIME_TD,Kansas City Chiefs Defense,,,,,0.1333,false,1
2026-09-27T17:20:32.351Z,2026-09-27,2026-09-27T17:02:38Z,Kansas City Chiefs @ Miami Dolphins,ANYTIME_TD,Chris Bell,,,,,0.1429,false,2
2026-09-27T17:20:32.351Z,2026-09-27,2026-09-27T17:02:38Z,Kansas City Chiefs @ Miami Dolphins,ANYTIME_TD,Miami Dolphins Defense,,,,,0.125,false,1
2026-09-27T17:20:32.351Z,2026-09-27,2026-09-27T17:02:38Z,Kansas City Chiefs @ Miami Dolphins,ANYTIME_TD,Kevin Coleman Jr.,,,,,0.1053,false,2
2026-09-27T17:20:32.351Z,2026-09-27,2026-09-27T17:02:38Z,Kansas City Chiefs @ Miami Dolphins,ANYTIME_TD,Noah Gray,,,,,0.1,false,2
2026-09-27T17:20:32.351Z,2026-09-27,2026-09-27T17:02:38Z,Kansas City Chiefs @ Miami Dolphins,ANYTIME_TD,Will Kacmarek,,,,,0.0909,false,2
2026-09-27T17:20:32.351Z,2026-09-27,2026-09-27T17:02:38Z,Kansas City Chiefs @ Miami Dolphins,ANYTIME_TD,Jalen Royals,,,,,0.0714,false,2
2026-09-27T17:20:32.351Z,2026-09-27,2026-09-27T17:02:38Z,Kansas City Chiefs @ Miami Dolphins,ANYTIME_TD,Ryan Miller,,,,,0.0769,false,2
2026-09-27T17:20:32.351Z,2026-09-27,2026-09-27T17:02:38Z,Kansas City Chiefs @ Miami Dolphins,ANYTIME_TD,Brashard Smith,,,,,0.0556,false,2
2026-09-27T17:20:32.351Z,2026-09-27,2026-09-27T17:02:38Z,Kansas City Chiefs @ Miami Dolphins,ANYTIME_TD,Nikko Remigio,,,,,0.05,false,2
2026-09-27T17:20:32.351Z,2026-09-27,2026-09-27T17:02:38Z,Kansas City Chiefs @ Miami Dolphins,ANYTIME_TD,Cyrus Allen,,,,,0.0435,false,2
2026-09-27T17:20:32.351Z,2026-09-27,2026-09-27T17:02:38Z,Kansas City Chiefs @ Miami Dolphins,ANYTIME_TD,Seydou Traore,,,,,0.0385,false,2
2026-09-27T17:20:32.351Z,2026-09-27,2026-09-27T17:02:38Z,Kansas City Chiefs @ Miami Dolphins,ANYTIME_TD,Justin Joly,,,,,0.0357,false,2
2026-09-27T17:20:32.351Z,2026-09-27,2026-09-27T17:02:38Z,Kansas City Chiefs @ Miami Dolphins,ANYTIME_TD,Ben VanSumeren,,,,,0.0152,false,2
2026-09-27T17:20:32.351Z,2026-09-27,2026-09-27T17:02:38Z,Kansas City Chiefs @ Miami Dolphins,ANYTIME_TD,De'Von Achane,,,,,0.6429,false,1
2026-09-27T17:20:32.351Z,2026-09-27,2026-09-27T17:02:40Z,New England Patriots @ Jacksonville Jaguars,QB_PASS_YARDS,Drake Maye,228.5,-121,-118,,,,3
2026-09-27T17:20:32.351Z,2026-09-27,2026-09-27T17:02:40Z,New England Patriots @ Jacksonville Jaguars,QB_PASS_YARDS,Trevor Lawrence,223.5,-120,-120,,,,2
2026-09-27T17:20:32.351Z,2026-09-27,2026-09-27T17:02:40Z,New England Patriots @ Jacksonville Jaguars,RB_RUSH_YARDS,Rhamondre Stevenson,32.5,-112,-110,,,,3
2026-09-27T17:20:32.351Z,2026-09-27,2026-09-27T17:02:40Z,New England Patriots @ Jacksonville Jaguars,RB_RUSH_YARDS,TreVeyon Henderson,44.5,-111,-114,,,,4
2026-09-27T17:20:32.351Z,2026-09-27,2026-09-27T17:02:40Z,New England Patriots @ Jacksonville Jaguars,RB_RUSH_YARDS,Drake Maye,24.5,-120,-110,,,,4
2026-09-27T17:20:32.351Z,2026-09-27,2026-09-27T17:02:40Z,New England Patriots @ Jacksonville Jaguars,RB_RUSH_YARDS,Trevor Lawrence,21.5,-115,-115,,,,3
2026-09-27T17:20:32.351Z,2026-09-27,2026-09-27T17:02:40Z,New England Patriots @ Jacksonville Jaguars,RB_RUSH_YARDS,Bhayshul Tuten,43.5,-125,-121,,,,2
2026-09-27T17:20:32.351Z,2026-09-27,2026-09-27T17:02:40Z,New England Patriots @ Jacksonville Jaguars,RB_RUSH_YARDS,Chris Rodriguez Jr.,16.5,-115,-115,,,,2
2026-09-27T17:20:32.351Z,2026-09-27,2026-09-27T17:02:40Z,New England Patriots @ Jacksonville Jaguars,WR_REC_YARDS,Mack Hollins,53.5,-118,-121,,,,3
2026-09-27T17:20:32.351Z,2026-09-27,2026-09-27T17:02:40Z,New England Patriots @ Jacksonville Jaguars,WR_REC_YARDS,Hunter Henry,38.5,-112,-118,,,,4
2026-09-27T17:20:32.351Z,2026-09-27,2026-09-27T17:02:40Z,New England Patriots @ Jacksonville Jaguars,WR_REC_YARDS,Rhamondre Stevenson,14.5,-118,-110,,,,3
2026-09-27T17:20:32.351Z,2026-09-27,2026-09-27T17:02:40Z,New England Patriots @ Jacksonville Jaguars,WR_REC_YARDS,Kyle Williams,6.5,-112,-118,,,,1
2026-09-27T17:20:32.351Z,2026-09-27,2026-09-27T17:02:40Z,New England Patriots @ Jacksonville Jaguars,WR_REC_YARDS,TreVeyon Henderson,8.5,-114,-110,,,,3
2026-09-27T17:20:32.351Z,2026-09-27,2026-09-27T17:02:40Z,New England Patriots @ Jacksonville Jaguars,WR_REC_YARDS,Romeo Doubs,40.5,-115,-115,,,,4
2026-09-27T17:20:32.351Z,2026-09-27,2026-09-27T17:02:40Z,New England Patriots @ Jacksonville Jaguars,WR_REC_YARDS,Bhayshul Tuten,7.5,-110,-120,,,,3
2026-09-27T17:20:32.351Z,2026-09-27,2026-09-27T17:02:40Z,New England Patriots @ Jacksonville Jaguars,WR_REC_YARDS,Parker Washington,58.5,-115,-115,,,,3
2026-09-27T17:20:32.351Z,2026-09-27,2026-09-27T17:02:40Z,New England Patriots @ Jacksonville Jaguars,WR_REC_YARDS,Brenton Strange,34.5,-115,-115,,,,3
2026-09-27T17:20:32.351Z,2026-09-27,2026-09-27T17:02:40Z,New England Patriots @ Jacksonville Jaguars,WR_REC_YARDS,Jakobi Meyers,34.5,-124,-115,,,,2
2026-09-27T17:20:32.351Z,2026-09-27,2026-09-27T17:02:40Z,New England Patriots @ Jacksonville Jaguars,WR_REC_YARDS,DeMario Douglas,27.5,-115,-115,,,,2
2026-09-27T17:20:32.351Z,2026-09-27,2026-09-27T17:02:40Z,New England Patriots @ Jacksonville Jaguars,WR_REC_YARDS,Brian Thomas Jr,29.5,-111,-118,,,,2
2026-09-27T17:20:32.351Z,2026-09-27,2026-09-27T17:02:40Z,New England Patriots @ Jacksonville Jaguars,WR_REC_YARDS,Travis Hunter,0.5,100,-130,,,,1
2026-09-27T17:20:32.351Z,2026-09-27,2026-09-27T17:02:40Z,New England Patriots @ Jacksonville Jaguars,ANYTIME_TD,TreVeyon Henderson,,,,,0.3333,false,3
2026-09-27T17:20:32.351Z,2026-09-27,2026-09-27T17:02:40Z,New England Patriots @ Jacksonville Jaguars,ANYTIME_TD,Bhayshul Tuten,,,,,0.3636,false,3
2026-09-27T17:20:32.351Z,2026-09-27,2026-09-27T17:02:40Z,New England Patriots @ Jacksonville Jaguars,ANYTIME_TD,Hunter Henry,,,,,0.2778,false,3
2026-09-27T17:20:32.351Z,2026-09-27,2026-09-27T17:02:40Z,New England Patriots @ Jacksonville Jaguars,ANYTIME_TD,Jakobi Meyers,,,,,0.2273,false,3
2026-09-27T17:20:32.351Z,2026-09-27,2026-09-27T17:02:40Z,New England Patriots @ Jacksonville Jaguars,ANYTIME_TD,Drake Maye,,,,,0.2564,false,3
2026-09-27T17:20:32.351Z,2026-09-27,2026-09-27T17:02:40Z,New England Patriots @ Jacksonville Jaguars,ANYTIME_TD,Romeo Doubs,,,,,0.2439,false,3
2026-09-27T17:20:32.351Z,2026-09-27,2026-09-27T17:02:40Z,New England Patriots @ Jacksonville Jaguars,ANYTIME_TD,Chris Rodriguez Jr.,,,,,0.2439,false,3
2026-09-27T17:20:32.351Z,2026-09-27,2026-09-27T17:02:40Z,New England Patriots @ Jacksonville Jaguars,ANYTIME_TD,Brian Thomas Jr,,,,,0.2222,false,3
2026-09-27T17:20:32.351Z,2026-09-27,2026-09-27T17:02:40Z,New England Patriots @ Jacksonville Jaguars,ANYTIME_TD,Trevor Lawrence,,,,,0.2174,false,3
2026-09-27T17:20:32.351Z,2026-09-27,2026-09-27T17:02:40Z,New England Patriots @ Jacksonville Jaguars,ANYTIME_TD,Brenton Strange,,,,,0.2174,false,3
2026-09-27T17:20:32.351Z,2026-09-27,2026-09-27T17:02:40Z,New England Patriots @ Jacksonville Jaguars,ANYTIME_TD,Mack Hollins,,,,,0.2174,false,3
2026-09-27T17:20:32.351Z,2026-09-27,2026-09-27T17:02:40Z,New England Patriots @ Jacksonville Jaguars,ANYTIME_TD,DeMario Douglas,,,,,0.1667,false,3
2026-09-27T17:20:32.351Z,2026-09-27,2026-09-27T17:02:40Z,New England Patriots @ Jacksonville Jaguars,ANYTIME_TD,New England Patriots Defense,,,,,0.1176,false,1
2026-09-27T17:20:32.351Z,2026-09-27,2026-09-27T17:02:40Z,New England Patriots @ Jacksonville Jaguars,ANYTIME_TD,Kyle Williams,,,,,0.0952,false,3
2026-09-27T17:20:32.351Z,2026-09-27,2026-09-27T17:02:40Z,New England Patriots @ Jacksonville Jaguars,ANYTIME_TD,Jacksonville Jaguars Defense,,,,,0.0952,false,1
2026-09-27T17:20:32.351Z,2026-09-27,2026-09-27T17:02:40Z,New England Patriots @ Jacksonville Jaguars,ANYTIME_TD,Nate Boerkircher,,,,,0.08,false,3
2026-09-27T17:20:32.351Z,2026-09-27,2026-09-27T17:02:40Z,New England Patriots @ Jacksonville Jaguars,ANYTIME_TD,Josh Cameron,,,,,0.0513,false,3
2026-09-27T17:20:32.351Z,2026-09-27,2026-09-27T17:02:40Z,New England Patriots @ Jacksonville Jaguars,ANYTIME_TD,Travis Hunter,,,,,0.0769,false,3
2026-09-27T17:20:32.351Z,2026-09-27,2026-09-27T17:02:40Z,New England Patriots @ Jacksonville Jaguars,ANYTIME_TD,Ameer Abdullah,,,,,0.0769,false,3
2026-09-27T17:20:32.351Z,2026-09-27,2026-09-27T17:02:40Z,New England Patriots @ Jacksonville Jaguars,ANYTIME_TD,LeQuint Allen Jr.,,,,,0.0588,false,3
2026-09-27T17:20:32.351Z,2026-09-27,2026-09-27T17:02:40Z,New England Patriots @ Jacksonville Jaguars,ANYTIME_TD,Efton Chism III,,,,,0.0435,false,3
2026-09-27T17:20:32.351Z,2026-09-27,2026-09-27T17:02:40Z,New England Patriots @ Jacksonville Jaguars,ANYTIME_TD,Reggie Gilliam,,,,,0.0435,false,3
2026-09-27T17:20:32.351Z,2026-09-27,2026-09-27T17:02:40Z,New England Patriots @ Jacksonville Jaguars,ANYTIME_TD,Quintin Morris,,,,,0.0556,false,3
2026-09-27T17:20:32.351Z,2026-09-27,2026-09-27T17:02:40Z,New England Patriots @ Jacksonville Jaguars,ANYTIME_TD,Corey Kiner,,,,,0.0476,false,3
2026-09-27T17:20:32.351Z,2026-09-27,2026-09-27T17:02:40Z,New England Patriots @ Jacksonville Jaguars,ANYTIME_TD,Cameron Latu,,,,,0.0476,false,3
2026-09-27T17:20:32.351Z,2026-09-27,2026-09-27T17:02:40Z,New England Patriots @ Jacksonville Jaguars,ANYTIME_TD,Tanner Arkin,,,,,0.0385,false,2
2026-09-27T17:20:32.351Z,2026-09-27,2026-09-27T17:02:40Z,New England Patriots @ Jacksonville Jaguars,ANYTIME_TD,Tanner Koziol,,,,,0.0323,false,2
2026-09-27T17:20:32.351Z,2026-09-27,2026-09-27T17:02:40Z,New England Patriots @ Jacksonville Jaguars,ANYTIME_TD,New England Patriots D/ST,,,,,0.1429,false,1
2026-09-27T17:20:32.351Z,2026-09-27,2026-09-27T17:02:40Z,New England Patriots @ Jacksonville Jaguars,ANYTIME_TD,Jacksonville Jaguars D/ST,,,,,0.1667,false,1
2026-09-27T17:20:32.351Z,2026-09-27,2026-09-27T17:02:48Z,New York Jets @ Detroit Lions,QB_PASS_YARDS,Jared Goff,263.5,-115,-115,,,,3
2026-09-27T17:20:32.351Z,2026-09-27,2026-09-27T17:02:48Z,New York Jets @ Detroit Lions,QB_PASS_YARDS,Geno Smith,227.5,-120,-120,,,,1
2026-09-27T17:20:32.351Z,2026-09-27,2026-09-27T17:02:48Z,New York Jets @ Detroit Lions,RB_RUSH_YARDS,Jared Goff,0.5,140,-150,,,,2
2026-09-27T17:20:32.351Z,2026-09-27,2026-09-27T17:02:48Z,New York Jets @ Detroit Lions,RB_RUSH_YARDS,Jahmyr Gibbs,76.5,-114,-114,,,,3
2026-09-27T17:20:32.351Z,2026-09-27,2026-09-27T17:02:48Z,New York Jets @ Detroit Lions,RB_RUSH_YARDS,Breece Hall,58.5,-124,-121,,,,2
2026-09-27T17:20:32.351Z,2026-09-27,2026-09-27T17:02:48Z,New York Jets @ Detroit Lions,RB_RUSH_YARDS,Braelon Allen,13.5,-110,-120,,,,3
2026-09-27T17:20:32.351Z,2026-09-27,2026-09-27T17:02:48Z,New York Jets @ Detroit Lions,RB_RUSH_YARDS,Geno Smith,10.5,-114,-130,,,,1
2026-09-27T17:20:32.351Z,2026-09-27,2026-09-27T17:02:48Z,New York Jets @ Detroit Lions,RB_RUSH_YARDS,Sione Vaki,11.5,-120,-110,,,,1
2026-09-27T17:20:32.351Z,2026-09-27,2026-09-27T17:02:48Z,New York Jets @ Detroit Lions,RB_RUSH_YARDS,Isaiah Williams,0.5,300,-450,,,,1
2026-09-27T17:20:32.351Z,2026-09-27,2026-09-27T17:02:48Z,New York Jets @ Detroit Lions,WR_REC_YARDS,Sam LaPorta,47.5,-111,-118,,,,3
2026-09-27T17:20:32.351Z,2026-09-27,2026-09-27T17:02:48Z,New York Jets @ Detroit Lions,WR_REC_YARDS,Jahmyr Gibbs,35.5,-114,-114,,,,4
2026-09-27T17:20:32.351Z,2026-09-27,2026-09-27T17:02:48Z,New York Jets @ Detroit Lions,WR_REC_YARDS,Jameson Williams,64.5,-115,-115,,,,3
2026-09-27T17:20:32.351Z,2026-09-27,2026-09-27T17:02:48Z,New York Jets @ Detroit Lions,WR_REC_YARDS,Amon-Ra St. Brown,68.5,-118,-121,,,,4
2026-09-27T17:20:32.351Z,2026-09-27,2026-09-27T17:02:48Z,New York Jets @ Detroit Lions,WR_REC_YARDS,Isaac TeSlaa,13.5,-114,-124,,,,3
2026-09-27T17:20:32.351Z,2026-09-27,2026-09-27T17:02:48Z,New York Jets @ Detroit Lions,WR_REC_YARDS,Breece Hall,24.5,-115,-115,,,,3
2026-09-27T17:20:32.351Z,2026-09-27,2026-09-27T17:02:48Z,New York Jets @ Detroit Lions,WR_REC_YARDS,Jeremy Ruckert,20.5,-125,-114,,,,3
2026-09-27T17:20:32.351Z,2026-09-27,2026-09-27T17:02:48Z,New York Jets @ Detroit Lions,WR_REC_YARDS,Kenyon Sadiq,29.5,-115,-115,,,,3
2026-09-27T17:20:32.351Z,2026-09-27,2026-09-27T17:02:48Z,New York Jets @ Detroit Lions,WR_REC_YARDS,Isaiah Williams,29.5,-115,-115,,,,3
2026-09-27T17:20:32.351Z,2026-09-27,2026-09-27T17:02:48Z,New York Jets @ Detroit Lions,WR_REC_YARDS,Garrett Wilson,73.5,-117,-122,,,,2
2026-09-27T17:20:32.351Z,2026-09-27,2026-09-27T17:02:48Z,New York Jets @ Detroit Lions,WR_REC_YARDS,Braelon Allen,1.5,-110,-120,,,,1
2026-09-27T17:20:32.351Z,2026-09-27,2026-09-27T17:02:48Z,New York Jets @ Detroit Lions,WR_REC_YARDS,Sione Vaki,1.5,-115,-115,,,,1
2026-09-27T17:20:32.351Z,2026-09-27,2026-09-27T17:02:48Z,New York Jets @ Detroit Lions,ANYTIME_TD,Jahmyr Gibbs,,,,,0.6774,false,3
2026-09-27T17:20:32.351Z,2026-09-27,2026-09-27T17:02:48Z,New York Jets @ Detroit Lions,ANYTIME_TD,Amon-Ra St. Brown,,,,,0.4444,false,3
2026-09-27T17:20:32.351Z,2026-09-27,2026-09-27T17:02:48Z,New York Jets @ Detroit Lions,ANYTIME_TD,Breece Hall,,,,,0.4348,false,3
2026-09-27T17:20:32.351Z,2026-09-27,2026-09-27T17:02:48Z,New York Jets @ Detroit Lions,ANYTIME_TD,Garrett Wilson,,,,,0.3636,false,3
2026-09-27T17:20:32.351Z,2026-09-27,2026-09-27T17:02:48Z,New York Jets @ Detroit Lions,ANYTIME_TD,Jameson Williams,,,,,0.3125,false,3
2026-09-27T17:20:32.351Z,2026-09-27,2026-09-27T17:02:48Z,New York Jets @ Detroit Lions,ANYTIME_TD,Sam LaPorta,,,,,0.3125,false,3
2026-09-27T17:20:32.351Z,2026-09-27,2026-09-27T17:02:48Z,New York Jets @ Detroit Lions,ANYTIME_TD,Braelon Allen,,,,,0.2041,false,3
2026-09-27T17:20:32.351Z,2026-09-27,2026-09-27T17:02:48Z,New York Jets @ Detroit Lions,ANYTIME_TD,Kenyon Sadiq,,,,,0.1961,false,3
2026-09-27T17:20:32.351Z,2026-09-27,2026-09-27T17:02:48Z,New York Jets @ Detroit Lions,ANYTIME_TD,Isaiah Williams,,,,,0.1923,false,3
2026-09-27T17:20:32.351Z,2026-09-27,2026-09-27T17:02:48Z,New York Jets @ Detroit Lions,ANYTIME_TD,Isaac TeSlaa,,,,,0.1538,false,3
2026-09-27T17:20:32.351Z,2026-09-27,2026-09-27T17:02:48Z,New York Jets @ Detroit Lions,ANYTIME_TD,Detroit Lions Defense,,,,,0.1111,false,1
2026-09-27T17:20:32.351Z,2026-09-27,2026-09-27T17:02:48Z,New York Jets @ Detroit Lions,ANYTIME_TD,Sione Vaki,,,,,0.1176,false,3
2026-09-27T17:20:32.351Z,2026-09-27,2026-09-27T17:02:48Z,New York Jets @ Detroit Lions,ANYTIME_TD,Sterling Shepard,,,,,0.0952,false,3
2026-09-27T17:20:32.351Z,2026-09-27,2026-09-27T17:02:48Z,New York Jets @ Detroit Lions,ANYTIME_TD,New York Jets Defense,,,,,0.1,false,1
2026-09-27T17:20:32.351Z,2026-09-27,2026-09-27T17:02:48Z,New York Jets @ Detroit Lions,ANYTIME_TD,Brock Wright,,,,,0.0645,false,3
2026-09-27T17:20:32.351Z,2026-09-27,2026-09-27T17:02:48Z,New York Jets @ Detroit Lions,ANYTIME_TD,Jeremy Ruckert,,,,,0.0952,false,3
2026-09-27T17:20:32.351Z,2026-09-27,2026-09-27T17:02:48Z,New York Jets @ Detroit Lions,ANYTIME_TD,Geno Smith,,,,,0.0909,false,3
2026-09-27T17:20:32.351Z,2026-09-27,2026-09-27T17:02:48Z,New York Jets @ Detroit Lions,ANYTIME_TD,Tom Kennedy,,,,,0.0323,false,3
2026-09-27T17:20:32.351Z,2026-09-27,2026-09-27T17:02:48Z,New York Jets @ Detroit Lions,ANYTIME_TD,Jackson Meeks,,,,,0.0556,false,2
2026-09-27T17:20:32.351Z,2026-09-27,2026-09-27T17:02:48Z,New York Jets @ Detroit Lions,ANYTIME_TD,Malik McClain,,,,,0.0476,false,3
2026-09-27T17:20:32.351Z,2026-09-27,2026-09-27T17:02:48Z,New York Jets @ Detroit Lions,ANYTIME_TD,Tay Martin,,,,,0.0323,false,3
2026-09-27T17:20:32.351Z,2026-09-27,2026-09-27T17:02:48Z,New York Jets @ Detroit Lions,ANYTIME_TD,Jamaal Pritchett,,,,,0.0435,false,2
2026-09-27T17:20:32.351Z,2026-09-27,2026-09-27T17:02:48Z,New York Jets @ Detroit Lions,ANYTIME_TD,Jared Goff,,,,,0.0385,false,3
2026-09-27T17:20:32.351Z,2026-09-27,2026-09-27T17:02:48Z,New York Jets @ Detroit Lions,ANYTIME_TD,Isaiah Davis,,,,,0.0385,false,2
2026-09-27T17:20:32.351Z,2026-09-27,2026-09-27T17:02:48Z,New York Jets @ Detroit Lions,ANYTIME_TD,Andrew Beck,,,,,0.0323,false,3
2026-09-27T17:20:32.351Z,2026-09-27,2026-09-27T17:02:48Z,New York Jets @ Detroit Lions,ANYTIME_TD,Jacob Saylors,,,,,0.0323,false,3
2026-09-27T17:20:32.351Z,2026-09-27,2026-09-27T17:02:48Z,New York Jets @ Detroit Lions,ANYTIME_TD,Detroit Lions D/ST,,,,,0.1481,false,1
2026-09-27T17:20:32.351Z,2026-09-27,2026-09-27T17:02:48Z,New York Jets @ Detroit Lions,ANYTIME_TD,New York Jets D/ST,,,,,0.1081,false,1
2026-09-27T17:20:32.351Z,2026-09-27,2026-09-27T17:02:53Z,Los Angeles Chargers @ Buffalo Bills,QB_PASS_YARDS,Josh Allen,237.5,-115,-115,,,,4
2026-09-27T17:20:32.351Z,2026-09-27,2026-09-27T17:02:53Z,Los Angeles Chargers @ Buffalo Bills,QB_PASS_YARDS,Justin Herbert,202.5,-114,-114,,,,4
2026-09-27T17:20:32.351Z,2026-09-27,2026-09-27T17:02:53Z,Los Angeles Chargers @ Buffalo Bills,RB_RUSH_YARDS,Justin Herbert,24.5,-114,-114,,,,4
2026-09-27T17:20:32.351Z,2026-09-27,2026-09-27T17:02:53Z,Los Angeles Chargers @ Buffalo Bills,RB_RUSH_YARDS,Omarion Hampton,74.5,-114,-114,,,,3
2026-09-27T17:20:32.351Z,2026-09-27,2026-09-27T17:02:53Z,Los Angeles Chargers @ Buffalo Bills,RB_RUSH_YARDS,Keaton Mitchell,15.5,-114,-114,,,,4
2026-09-27T17:20:32.351Z,2026-09-27,2026-09-27T17:02:53Z,Los Angeles Chargers @ Buffalo Bills,RB_RUSH_YARDS,Josh Allen,29.5,-115,-110,,,,4
2026-09-27T17:20:32.351Z,2026-09-27,2026-09-27T17:02:53Z,Los Angeles Chargers @ Buffalo Bills,RB_RUSH_YARDS,James Cook,75.5,-125,-120,,,,2
2026-09-27T17:20:32.351Z,2026-09-27,2026-09-27T17:02:53Z,Los Angeles Chargers @ Buffalo Bills,WR_REC_YARDS,Omarion Hampton,8.5,-120,-110,,,,4
2026-09-27T17:20:32.351Z,2026-09-27,2026-09-27T17:02:53Z,Los Angeles Chargers @ Buffalo Bills,WR_REC_YARDS,Quentin Johnston,30.5,-115,-112,,,,3
2026-09-27T17:20:32.351Z,2026-09-27,2026-09-27T17:02:53Z,Los Angeles Chargers @ Buffalo Bills,WR_REC_YARDS,Keon Coleman,13.5,-114,-114,,,,1
2026-09-27T17:20:32.351Z,2026-09-27,2026-09-27T17:02:53Z,Los Angeles Chargers @ Buffalo Bills,WR_REC_YARDS,Tre Harris,26.5,-115,-110,,,,3
2026-09-27T17:20:32.351Z,2026-09-27,2026-09-27T17:02:53Z,Los Angeles Chargers @ Buffalo Bills,WR_REC_YARDS,Oronde Gadsden II,31.5,-114,-114,,,,4
2026-09-27T17:20:32.351Z,2026-09-27,2026-09-27T17:02:53Z,Los Angeles Chargers @ Buffalo Bills,WR_REC_YARDS,DJ Moore,52.5,-110,-114,,,,3
2026-09-27T17:20:32.351Z,2026-09-27,2026-09-27T17:02:53Z,Los Angeles Chargers @ Buffalo Bills,WR_REC_YARDS,Ladd McConkey,51.5,-115,-112,,,,4
2026-09-27T17:20:32.351Z,2026-09-27,2026-09-27T17:02:53Z,Los Angeles Chargers @ Buffalo Bills,WR_REC_YARDS,Dawson Knox,8.5,-108,-122,,,,1
2026-09-27T17:20:32.351Z,2026-09-27,2026-09-27T17:02:53Z,Los Angeles Chargers @ Buffalo Bills,WR_REC_YARDS,James Cook,10.5,-120,-108,,,,4
2026-09-27T17:20:32.351Z,2026-09-27,2026-09-27T17:02:53Z,Los Angeles Chargers @ Buffalo Bills,WR_REC_YARDS,Dalton Kincaid,51.5,-114,-118,,,,2
2026-09-27T17:20:32.351Z,2026-09-27,2026-09-27T17:02:53Z,Los Angeles Chargers @ Buffalo Bills,WR_REC_YARDS,Khalil Shakir,39.5,-118,-112,,,,4
2026-09-27T17:20:32.351Z,2026-09-27,2026-09-27T17:02:53Z,Los Angeles Chargers @ Buffalo Bills,WR_REC_YARDS,Keaton Mitchell,1.5,-105,-125,,,,1
2026-09-27T17:20:32.351Z,2026-09-27,2026-09-27T17:02:53Z,Los Angeles Chargers @ Buffalo Bills,ANYTIME_TD,James Cook,,,,,0.5122,false,3
2026-09-27T17:20:32.351Z,2026-09-27,2026-09-27T17:02:53Z,Los Angeles Chargers @ Buffalo Bills,ANYTIME_TD,Omarion Hampton,,,,,0.4878,false,3
2026-09-27T17:20:32.351Z,2026-09-27,2026-09-27T17:02:53Z,Los Angeles Chargers @ Buffalo Bills,ANYTIME_TD,Josh Allen,,,,,0.5122,false,3
2026-09-27T17:20:32.351Z,2026-09-27,2026-09-27T17:02:53Z,Los Angeles Chargers @ Buffalo Bills,ANYTIME_TD,Dalton Kincaid,,,,,0.3571,false,2
2026-09-27T17:20:32.351Z,2026-09-27,2026-09-27T17:02:53Z,Los Angeles Chargers @ Buffalo Bills,ANYTIME_TD,DJ Moore,,,,,0.3226,false,3
2026-09-27T17:20:32.351Z,2026-09-27,2026-09-27T17:02:53Z,Los Angeles Chargers @ Buffalo Bills,ANYTIME_TD,Khalil Shakir,,,,,0.2941,false,3
2026-09-27T17:20:32.351Z,2026-09-27,2026-09-27T17:02:53Z,Los Angeles Chargers @ Buffalo Bills,ANYTIME_TD,Ladd McConkey,,,,,0.2941,false,3
2026-09-27T17:20:32.351Z,2026-09-27,2026-09-27T17:02:53Z,Los Angeles Chargers @ Buffalo Bills,ANYTIME_TD,Oronde Gadsden II,,,,,0.2439,false,3
2026-09-27T17:20:32.351Z,2026-09-27,2026-09-27T17:02:53Z,Los Angeles Chargers @ Buffalo Bills,ANYTIME_TD,Quentin Johnston,,,,,0.2222,false,3
2026-09-27T17:20:32.351Z,2026-09-27,2026-09-27T17:02:53Z,Los Angeles Chargers @ Buffalo Bills,ANYTIME_TD,Keon Coleman,,,,,0.1739,false,3
2026-09-27T17:20:32.351Z,2026-09-27,2026-09-27T17:02:53Z,Los Angeles Chargers @ Buffalo Bills,ANYTIME_TD,Joshua Palmer,,,,,0.1429,false,3
2026-09-27T17:20:32.351Z,2026-09-27,2026-09-27T17:02:53Z,Los Angeles Chargers @ Buffalo Bills,ANYTIME_TD,Tre Harris,,,,,0.1667,false,3
2026-09-27T17:20:32.351Z,2026-09-27,2026-09-27T17:02:53Z,Los Angeles Chargers @ Buffalo Bills,ANYTIME_TD,Justin Herbert,,,,,0.1538,false,3
2026-09-27T17:20:32.351Z,2026-09-27,2026-09-27T17:02:53Z,Los Angeles Chargers @ Buffalo Bills,ANYTIME_TD,Ty Johnson,,,,,0.1429,false,3
2026-09-27T17:20:32.351Z,2026-09-27,2026-09-27T17:02:53Z,Los Angeles Chargers @ Buffalo Bills,ANYTIME_TD,Jackson Hawes,,,,,0.0952,false,2
2026-09-27T17:20:32.351Z,2026-09-27,2026-09-27T17:02:53Z,Los Angeles Chargers @ Buffalo Bills,ANYTIME_TD,Buffalo Bills Defense,,,,,0.0909,false,1
2026-09-27T17:20:32.351Z,2026-09-27,2026-09-27T17:02:53Z,Los Angeles Chargers @ Buffalo Bills,ANYTIME_TD,Los Angeles Chargers Defense,,,,,0.0833,false,1
2026-09-27T17:20:32.351Z,2026-09-27,2026-09-27T17:02:53Z,Los Angeles Chargers @ Buffalo Bills,ANYTIME_TD,Ray Davis,,,,,0.0667,false,3
2026-09-27T17:20:32.351Z,2026-09-27,2026-09-27T17:02:53Z,Los Angeles Chargers @ Buffalo Bills,ANYTIME_TD,Kimani Vidal,,,,,0.0588,false,3
2026-09-27T17:20:32.351Z,2026-09-27,2026-09-27T17:02:53Z,Los Angeles Chargers @ Buffalo Bills,ANYTIME_TD,Marquez Valdes-Scantling,,,,,0.05,false,2
2026-09-27T17:20:32.351Z,2026-09-27,2026-09-27T17:02:53Z,Los Angeles Chargers @ Buffalo Bills,ANYTIME_TD,Derius Davis,,,,,0.0476,false,3
2026-09-27T17:20:32.351Z,2026-09-27,2026-09-27T17:02:53Z,Los Angeles Chargers @ Buffalo Bills,ANYTIME_TD,Greg Dortch,,,,,0.0385,false,3
2026-09-27T17:20:32.351Z,2026-09-27,2026-09-27T17:02:53Z,Los Angeles Chargers @ Buffalo Bills,ANYTIME_TD,Patrick Herbert,,,,,0.0435,false,3
2026-09-27T17:20:32.351Z,2026-09-27,2026-09-27T17:02:53Z,Los Angeles Chargers @ Buffalo Bills,ANYTIME_TD,Hayden Rucci,,,,,0.0385,false,3
2026-09-27T17:20:32.351Z,2026-09-27,2026-09-27T17:02:53Z,Los Angeles Chargers @ Buffalo Bills,ANYTIME_TD,Keleki Latu,,,,,0.0323,false,2
2026-09-27T17:20:32.351Z,2026-09-27,2026-09-27T17:02:53Z,Los Angeles Chargers @ Buffalo Bills,ANYTIME_TD,Alec Ingold,,,,,0.0323,false,3
2026-09-27T17:20:32.351Z,2026-09-27,2026-09-27T17:02:53Z,Los Angeles Chargers @ Buffalo Bills,ANYTIME_TD,Buffalo Bills D/ST,,,,,0.1429,false,1
2026-09-27T17:20:32.351Z,2026-09-27,2026-09-27T17:02:56Z,Tennessee Titans @ New York Giants,QB_PASS_YARDS,Jameis Winston,189.5,-118,-121,,,,4
2026-09-27T17:20:32.351Z,2026-09-27,2026-09-27T17:02:56Z,Tennessee Titans @ New York Giants,QB_PASS_YARDS,Cam Ward,161.5,-114,-114,,,,4
2026-09-27T17:20:32.351Z,2026-09-27,2026-09-27T17:02:56Z,Tennessee Titans @ New York Giants,RB_RUSH_YARDS,Tyjae Spears,14.5,-110,-120,,,,2
2026-09-27T17:20:32.351Z,2026-09-27,2026-09-27T17:02:56Z,Tennessee Titans @ New York Giants,RB_RUSH_YARDS,Cam Ward,10.5,-110,-110,,,,4
2026-09-27T17:20:32.351Z,2026-09-27,2026-09-27T17:02:56Z,Tennessee Titans @ New York Giants,RB_RUSH_YARDS,Tony Pollard,55.5,-112,-118,,,,4
2026-09-27T17:20:32.351Z,2026-09-27,2026-09-27T17:02:56Z,Tennessee Titans @ New York Giants,RB_RUSH_YARDS,Najee Harris,20.5,-114,-114,,,,3
2026-09-27T17:20:32.351Z,2026-09-27,2026-09-27T17:02:56Z,Tennessee Titans @ New York Giants,RB_RUSH_YARDS,Cam Skattebo,59.5,-114,-114,,,,4
2026-09-27T17:20:32.351Z,2026-09-27,2026-09-27T17:02:56Z,Tennessee Titans @ New York Giants,RB_RUSH_YARDS,Jameis Winston,5.5,-110,-120,,,,3
2026-09-27T17:20:32.351Z,2026-09-27,2026-09-27T17:02:56Z,Tennessee Titans @ New York Giants,WR_REC_YARDS,Carnell Tate,33.5,-120,-120,,,,4
2026-09-27T17:20:32.351Z,2026-09-27,2026-09-27T17:02:56Z,Tennessee Titans @ New York Giants,WR_REC_YARDS,Cam Skattebo,13.5,-118,-114,,,,4
2026-09-27T17:20:32.351Z,2026-09-27,2026-09-27T17:02:56Z,Tennessee Titans @ New York Giants,WR_REC_YARDS,Malachi Fields,21.5,-115,-115,,,,3
2026-09-27T17:20:32.351Z,2026-09-27,2026-09-27T17:02:56Z,Tennessee Titans @ New York Giants,WR_REC_YARDS,Isaiah Likely,37.5,-114,-114,,,,4
2026-09-27T17:20:32.351Z,2026-09-27,2026-09-27T17:02:56Z,Tennessee Titans @ New York Giants,WR_REC_YARDS,Tyjae Spears,10.5,-110,-120,,,,1
2026-09-27T17:20:32.351Z,2026-09-27,2026-09-27T17:02:56Z,Tennessee Titans @ New York Giants,WR_REC_YARDS,Gunnar Helm,19.5,-110,-115,,,,4
2026-09-27T17:20:32.351Z,2026-09-27,2026-09-27T17:02:56Z,Tennessee Titans @ New York Giants,WR_REC_YARDS,Malik Nabers,50.5,-114,-114,,,,4
2026-09-27T17:20:32.351Z,2026-09-27,2026-09-27T17:02:56Z,Tennessee Titans @ New York Giants,WR_REC_YARDS,Elic Ayomanor,12.5,-120,-110,,,,3
2026-09-27T17:20:32.351Z,2026-09-27,2026-09-27T17:02:56Z,Tennessee Titans @ New York Giants,WR_REC_YARDS,Wan'Dale Robinson,27.5,-110,-114,,,,4
2026-09-27T17:20:32.351Z,2026-09-27,2026-09-27T17:02:56Z,Tennessee Titans @ New York Giants,WR_REC_YARDS,Calvin Ridley,13.5,-111,-110,,,,3
2026-09-27T17:20:32.351Z,2026-09-27,2026-09-27T17:02:56Z,Tennessee Titans @ New York Giants,WR_REC_YARDS,Darnell Mooney,16.5,-114,-114,,,,2
2026-09-27T17:20:32.351Z,2026-09-27,2026-09-27T17:02:56Z,Tennessee Titans @ New York Giants,WR_REC_YARDS,Tony Pollard,4.5,-110,-110,,,,3
2026-09-27T17:20:32.351Z,2026-09-27,2026-09-27T17:02:56Z,Tennessee Titans @ New York Giants,WR_REC_YARDS,Najee Harris,0.5,135,-175,,,,1
2026-09-27T17:20:32.351Z,2026-09-27,2026-09-27T17:02:56Z,Tennessee Titans @ New York Giants,ANYTIME_TD,Cam Skattebo,,,,,0.5,false,3
2026-09-27T17:20:32.351Z,2026-09-27,2026-09-27T17:02:56Z,Tennessee Titans @ New York Giants,ANYTIME_TD,Tony Pollard,,,,,0.3448,false,3
2026-09-27T17:20:32.351Z,2026-09-27,2026-09-27T17:02:56Z,Tennessee Titans @ New York Giants,ANYTIME_TD,Malik Nabers,,,,,0.2703,false,3
2026-09-27T17:20:32.351Z,2026-09-27,2026-09-27T17:02:56Z,Tennessee Titans @ New York Giants,ANYTIME_TD,Isaiah Likely,,,,,0.2273,false,3
2026-09-27T17:20:32.351Z,2026-09-27,2026-09-27T17:02:56Z,Tennessee Titans @ New York Giants,ANYTIME_TD,Carnell Tate,,,,,0.1961,false,3
2026-09-27T17:20:32.351Z,2026-09-27,2026-09-27T17:02:56Z,Tennessee Titans @ New York Giants,ANYTIME_TD,Najee Harris,,,,,0.1786,false,2
2026-09-27T17:20:32.351Z,2026-09-27,2026-09-27T17:02:56Z,Tennessee Titans @ New York Giants,ANYTIME_TD,Cam Ward,,,,,0.1429,false,3
2026-09-27T17:20:32.351Z,2026-09-27,2026-09-27T17:02:56Z,Tennessee Titans @ New York Giants,ANYTIME_TD,Wan'Dale Robinson,,,,,0.1667,false,3
2026-09-27T17:20:32.351Z,2026-09-27,2026-09-27T17:02:56Z,Tennessee Titans @ New York Giants,ANYTIME_TD,Malachi Fields,,,,,0.1538,false,2
2026-09-27T17:20:32.351Z,2026-09-27,2026-09-27T17:02:56Z,Tennessee Titans @ New York Giants,ANYTIME_TD,Tyjae Spears,,,,,0.1429,false,2
2026-09-27T17:20:32.351Z,2026-09-27,2026-09-27T17:02:56Z,Tennessee Titans @ New York Giants,ANYTIME_TD,Jameis Winston,,,,,0.1081,false,3
2026-09-27T17:20:32.351Z,2026-09-27,2026-09-27T17:02:56Z,Tennessee Titans @ New York Giants,ANYTIME_TD,Gunnar Helm,,,,,0.1429,false,3
2026-09-27T17:20:32.351Z,2026-09-27,2026-09-27T17:02:56Z,Tennessee Titans @ New York Giants,ANYTIME_TD,Tyrone Tracy Jr.,,,,,0.1053,false,2
2026-09-27T17:20:32.351Z,2026-09-27,2026-09-27T17:02:56Z,Tennessee Titans @ New York Giants,ANYTIME_TD,Elic Ayomanor,,,,,0.1053,false,2
2026-09-27T17:20:32.351Z,2026-09-27,2026-09-27T17:02:56Z,Tennessee Titans @ New York Giants,ANYTIME_TD,Nicholas Singleton,,,,,0.0476,false,2
2026-09-27T17:20:32.351Z,2026-09-27,2026-09-27T17:02:56Z,Tennessee Titans @ New York Giants,ANYTIME_TD,Theo Johnson,,,,,0.1053,false,2
2026-09-27T17:20:32.351Z,2026-09-27,2026-09-27T17:02:56Z,Tennessee Titans @ New York Giants,ANYTIME_TD,Calvin Ridley,,,,,0.1,false,2
2026-09-27T17:20:32.351Z,2026-09-27,2026-09-27T17:02:56Z,Tennessee Titans @ New York Giants,ANYTIME_TD,Daniel Bellinger,,,,,0.0625,false,2
2026-09-27T17:20:32.351Z,2026-09-27,2026-09-27T17:02:56Z,Tennessee Titans @ New York Giants,ANYTIME_TD,Braxton Berrios,,,,,0.0435,false,2
2026-09-27T17:20:32.351Z,2026-09-27,2026-09-27T17:02:56Z,Tennessee Titans @ New York Giants,ANYTIME_TD,Odell Beckham Jr.,,,,,0.0385,false,3
2026-09-27T17:20:32.351Z,2026-09-27,2026-09-27T17:02:56Z,Tennessee Titans @ New York Giants,ANYTIME_TD,Patrick Ricard,,,,,0.0345,false,2
2026-09-27T17:20:32.351Z,2026-09-27,2026-09-27T17:02:56Z,Tennessee Titans @ New York Giants,ANYTIME_TD,Chris Manhertz,,,,,0.0278,false,2
2026-09-27T17:20:32.351Z,2026-09-27,2026-09-27T17:02:56Z,Tennessee Titans @ New York Giants,ANYTIME_TD,Julius Chestnut,,,,,0.0244,false,2
2026-09-27T17:20:32.351Z,2026-09-27,2026-09-27T17:02:56Z,Tennessee Titans @ New York Giants,ANYTIME_TD,Tennessee Titans D/ST,,,,,0.1739,false,1
2026-09-27T17:20:32.351Z,2026-09-27,2026-09-27T17:02:57Z,Carolina Panthers @ Cleveland Browns,QB_PASS_YARDS,Deshaun Watson,177.5,-114,-114,,,,3
2026-09-27T17:20:32.351Z,2026-09-27,2026-09-27T17:02:57Z,Carolina Panthers @ Cleveland Browns,QB_PASS_YARDS,Bryce Young,219.5,-121,-118,,,,1
2026-09-27T17:20:32.351Z,2026-09-27,2026-09-27T17:02:57Z,Carolina Panthers @ Cleveland Browns,RB_RUSH_YARDS,AJ Dillon,10.5,-104,-125,,,,3
2026-09-27T17:20:32.351Z,2026-09-27,2026-09-27T17:02:57Z,Carolina Panthers @ Cleveland Browns,RB_RUSH_YARDS,Raheim Sanders,6.5,-110,-120,,,,2
2026-09-27T17:20:32.351Z,2026-09-27,2026-09-27T17:02:57Z,Carolina Panthers @ Cleveland Browns,RB_RUSH_YARDS,Quinshon Judkins,61.5,-110,-115,,,,4
2026-09-27T17:20:32.351Z,2026-09-27,2026-09-27T17:02:57Z,Carolina Panthers @ Cleveland Browns,RB_RUSH_YARDS,Deshaun Watson,41.5,-129,-117,,,,1
2026-09-27T17:20:32.351Z,2026-09-27,2026-09-27T17:02:57Z,Carolina Panthers @ Cleveland Browns,RB_RUSH_YARDS,Chuba Hubbard,57.5,-115,-115,,,,2
2026-09-27T17:20:32.351Z,2026-09-27,2026-09-27T17:02:57Z,Carolina Panthers @ Cleveland Browns,RB_RUSH_YARDS,Bryce Young,10.5,-104,-148,,,,2
2026-09-27T17:20:32.351Z,2026-09-27,2026-09-27T17:02:57Z,Carolina Panthers @ Cleveland Browns,RB_RUSH_YARDS,KC Concepcion,4.5,-110,-120,,,,1
2026-09-27T17:20:32.351Z,2026-09-27,2026-09-27T17:02:57Z,Carolina Panthers @ Cleveland Browns,WR_REC_YARDS,Raheim Sanders,7.5,-115,-115,,,,1
2026-09-27T17:20:32.351Z,2026-09-27,2026-09-27T17:02:57Z,Carolina Panthers @ Cleveland Browns,WR_REC_YARDS,Mitchell Evans,4.5,-118,-112,,,,1
2026-09-27T17:20:32.351Z,2026-09-27,2026-09-27T17:02:57Z,Carolina Panthers @ Cleveland Browns,WR_REC_YARDS,Jalen Coker,48.5,-120,-120,,,,3
2026-09-27T17:20:32.351Z,2026-09-27,2026-09-27T17:02:57Z,Carolina Panthers @ Cleveland Browns,WR_REC_YARDS,Tommy Tremble,25.5,-122,-108,,,,1
2026-09-27T17:20:32.351Z,2026-09-27,2026-09-27T17:02:57Z,Carolina Panthers @ Cleveland Browns,WR_REC_YARDS,Chuba Hubbard,11.5,-120,-110,,,,3
2026-09-27T17:20:32.351Z,2026-09-27,2026-09-27T17:02:57Z,Carolina Panthers @ Cleveland Browns,WR_REC_YARDS,Darren Waller,16.5,-115,-124,,,,3
2026-09-27T17:20:32.351Z,2026-09-27,2026-09-27T17:02:57Z,Carolina Panthers @ Cleveland Browns,WR_REC_YARDS,Tetairoa McMillan,54.5,-112,-115,,,,3
2026-09-27T17:20:32.351Z,2026-09-27,2026-09-27T17:02:57Z,Carolina Panthers @ Cleveland Browns,WR_REC_YARDS,Denzel Boston,39.5,-120,-110,,,,3
2026-09-27T17:20:32.351Z,2026-09-27,2026-09-27T17:02:57Z,Carolina Panthers @ Cleveland Browns,WR_REC_YARDS,Quinshon Judkins,10.5,-115,-115,,,,3
2026-09-27T17:20:32.351Z,2026-09-27,2026-09-27T17:02:57Z,Carolina Panthers @ Cleveland Browns,WR_REC_YARDS,Harold Fannin Jr.,32.5,-111,-120,,,,3
2026-09-27T17:20:32.351Z,2026-09-27,2026-09-27T17:02:57Z,Carolina Panthers @ Cleveland Browns,WR_REC_YARDS,Jerry Jeudy,16.5,-115,-115,,,,2
2026-09-27T17:20:32.351Z,2026-09-27,2026-09-27T17:02:57Z,Carolina Panthers @ Cleveland Browns,WR_REC_YARDS,KC Concepcion,28.5,-115,-115,,,,2
2026-09-27T17:20:32.351Z,2026-09-27,2026-09-27T17:02:57Z,Carolina Panthers @ Cleveland Browns,WR_REC_YARDS,John Metchie III,6.5,-120,-110,,,,1
2026-09-27T17:20:32.351Z,2026-09-27,2026-09-27T17:02:57Z,Carolina Panthers @ Cleveland Browns,ANYTIME_TD,Chuba Hubbard,,,,,0.4545,false,3
2026-09-27T17:20:32.351Z,2026-09-27,2026-09-27T17:02:57Z,Carolina Panthers @ Cleveland Browns,ANYTIME_TD,Quinshon Judkins,,,,,0.4255,false,3
2026-09-27T17:20:32.351Z,2026-09-27,2026-09-27T17:02:57Z,Carolina Panthers @ Cleveland Browns,ANYTIME_TD,Tetairoa McMillan,,,,,0.2941,false,3
2026-09-27T17:20:32.351Z,2026-09-27,2026-09-27T17:02:57Z,Carolina Panthers @ Cleveland Browns,ANYTIME_TD,Denzel Boston,,,,,0.2632,false,3
2026-09-27T17:20:32.351Z,2026-09-27,2026-09-27T17:02:57Z,Carolina Panthers @ Cleveland Browns,ANYTIME_TD,Jalen Coker,,,,,0.2632,false,3
2026-09-27T17:20:32.351Z,2026-09-27,2026-09-27T17:02:57Z,Carolina Panthers @ Cleveland Browns,ANYTIME_TD,KC Concepcion,,,,,0.2273,false,3
2026-09-27T17:20:32.351Z,2026-09-27,2026-09-27T17:02:57Z,Carolina Panthers @ Cleveland Browns,ANYTIME_TD,Harold Fannin Jr.,,,,,0.2381,false,3
2026-09-27T17:20:32.351Z,2026-09-27,2026-09-27T17:02:57Z,Carolina Panthers @ Cleveland Browns,ANYTIME_TD,Darren Waller,,,,,0.1739,false,3
2026-09-27T17:20:32.351Z,2026-09-27,2026-09-27T17:02:57Z,Carolina Panthers @ Cleveland Browns,ANYTIME_TD,Deshaun Watson,,,,,0.1754,false,3
2026-09-27T17:20:32.351Z,2026-09-27,2026-09-27T17:02:57Z,Carolina Panthers @ Cleveland Browns,ANYTIME_TD,Jerry Jeudy,,,,,0.1333,false,3
2026-09-27T17:20:32.351Z,2026-09-27,2026-09-27T17:02:57Z,Carolina Panthers @ Cleveland Browns,ANYTIME_TD,Bryce Young,,,,,0.1333,false,3
2026-09-27T17:20:32.351Z,2026-09-27,2026-09-27T17:02:57Z,Carolina Panthers @ Cleveland Browns,ANYTIME_TD,Tommy Tremble,,,,,0.1053,false,3
2026-09-27T17:20:32.351Z,2026-09-27,2026-09-27T17:02:57Z,Carolina Panthers @ Cleveland Browns,ANYTIME_TD,AJ Dillon,,,,,0.1053,false,3
2026-09-27T17:20:32.351Z,2026-09-27,2026-09-27T17:02:57Z,Carolina Panthers @ Cleveland Browns,ANYTIME_TD,John Metchie III,,,,,0.0909,false,3
2026-09-27T17:20:32.351Z,2026-09-27,2026-09-27T17:02:57Z,Carolina Panthers @ Cleveland Browns,ANYTIME_TD,Brycen Tremayne,,,,,0.0741,false,3
2026-09-27T17:20:32.351Z,2026-09-27,2026-09-27T17:02:57Z,Carolina Panthers @ Cleveland Browns,ANYTIME_TD,Raheim Sanders,,,,,0.0952,false,3
2026-09-27T17:20:32.351Z,2026-09-27,2026-09-27T17:02:57Z,Carolina Panthers @ Cleveland Browns,ANYTIME_TD,Mitchell Evans,,,,,0.0833,false,3
2026-09-27T17:20:32.351Z,2026-09-27,2026-09-27T17:02:57Z,Carolina Panthers @ Cleveland Browns,ANYTIME_TD,Jaleel McLaughlin,,,,,0.0625,false,3
2026-09-27T17:20:32.351Z,2026-09-27,2026-09-27T17:02:57Z,Carolina Panthers @ Cleveland Browns,ANYTIME_TD,Blake Whiteheart,,,,,0.0556,false,3
2026-09-27T17:20:32.351Z,2026-09-27,2026-09-27T17:02:57Z,Carolina Panthers @ Cleveland Browns,ANYTIME_TD,David Moore,,,,,0.0476,false,3
2026-09-27T17:20:32.351Z,2026-09-27,2026-09-27T17:02:57Z,Carolina Panthers @ Cleveland Browns,ANYTIME_TD,Isaiah Bond,,,,,0.0385,false,3
2026-09-27T17:20:32.351Z,2026-09-27,2026-09-27T17:02:57Z,Carolina Panthers @ Cleveland Browns,ANYTIME_TD,Tylan Wallace,,,,,0.0385,false,3
2026-09-27T17:20:32.351Z,2026-09-27,2026-09-27T17:02:57Z,Carolina Panthers @ Cleveland Browns,ANYTIME_TD,Malachi Corley,,,,,0.0345,false,3
2026-09-27T17:20:32.351Z,2026-09-27,2026-09-27T17:02:57Z,Carolina Panthers @ Cleveland Browns,ANYTIME_TD,Carsen Ryan,,,,,0.0278,false,3
2026-09-27T17:20:32.351Z,2026-09-27,2026-09-27T17:02:57Z,Carolina Panthers @ Cleveland Browns,ANYTIME_TD,Anthony Tyus III,,,,,0.0294,false,3
2026-09-27T17:20:32.351Z,2026-09-27,2026-09-27T17:02:57Z,Carolina Panthers @ Cleveland Browns,ANYTIME_TD,Cleveland Browns D/ST,,,,,0.16,false,1
2026-09-27T17:20:32.351Z,2026-09-27,2026-09-27T17:02:57Z,Carolina Panthers @ Cleveland Browns,ANYTIME_TD,Carolina Panthers D/ST,,,,,0.1481,false,1
2026-09-27T17:20:32.351Z,2026-09-27,2026-09-27T17:03:12Z,Seattle Seahawks @ Washington Commanders,QB_PASS_YARDS,Sam Darnold,221.5,-118,-121,,,,3
2026-09-27T17:20:32.351Z,2026-09-27,2026-09-27T17:03:12Z,Seattle Seahawks @ Washington Commanders,QB_PASS_YARDS,Marcus Mariota,147.5,-118,-121,,,,1
2026-09-27T17:20:32.351Z,2026-09-27,2026-09-27T17:03:12Z,Seattle Seahawks @ Washington Commanders,RB_RUSH_YARDS,Sam Darnold,6.5,-114,-114,,,,1
2026-09-27T17:20:32.351Z,2026-09-27,2026-09-27T17:03:12Z,Seattle Seahawks @ Washington Commanders,RB_RUSH_YARDS,Jadarian Price,54.5,-114,-114,,,,2
2026-09-27T17:20:32.351Z,2026-09-27,2026-09-27T17:03:12Z,Seattle Seahawks @ Washington Commanders,RB_RUSH_YARDS,Emanuel Wilson,25.5,-114,-114,,,,2
2026-09-27T17:20:32.351Z,2026-09-27,2026-09-27T17:03:12Z,Seattle Seahawks @ Washington Commanders,RB_RUSH_YARDS,Rachaad White,18.5,-118,-129,,,,1
2026-09-27T17:20:32.351Z,2026-09-27,2026-09-27T17:03:12Z,Seattle Seahawks @ Washington Commanders,RB_RUSH_YARDS,Jacory Croskey-Merritt,49.5,-121,-124,,,,1
2026-09-27T17:20:32.351Z,2026-09-27,2026-09-27T17:03:12Z,Seattle Seahawks @ Washington Commanders,RB_RUSH_YARDS,Marcus Mariota,21.5,-125,-120,,,,1
2026-09-27T17:20:32.351Z,2026-09-27,2026-09-27T17:03:12Z,Seattle Seahawks @ Washington Commanders,WR_REC_YARDS,Jadarian Price,8.5,-112,-115,,,,2
2026-09-27T17:20:32.351Z,2026-09-27,2026-09-27T17:03:12Z,Seattle Seahawks @ Washington Commanders,WR_REC_YARDS,AJ Barner,19.5,-118,-110,,,,3
2026-09-27T17:20:32.351Z,2026-09-27,2026-09-27T17:03:12Z,Seattle Seahawks @ Washington Commanders,WR_REC_YARDS,Jaxon Smith-Njigba,87.5,-114,-114,,,,3
2026-09-27T17:20:32.351Z,2026-09-27,2026-09-27T17:03:12Z,Seattle Seahawks @ Washington Commanders,WR_REC_YARDS,Rashid Shaheed,36.5,-112,-118,,,,3
2026-09-27T17:20:32.351Z,2026-09-27,2026-09-27T17:03:12Z,Seattle Seahawks @ Washington Commanders,WR_REC_YARDS,Cooper Kupp,19.5,-112,-118,,,,2
2026-09-27T17:20:32.351Z,2026-09-27,2026-09-27T17:03:12Z,Seattle Seahawks @ Washington Commanders,WR_REC_YARDS,Elijah Arroyo,4.5,-114,-110,,,,2
2026-09-27T17:20:32.351Z,2026-09-27,2026-09-27T17:03:12Z,Seattle Seahawks @ Washington Commanders,WR_REC_YARDS,Rachaad White,12.5,-117,-122,,,,1
2026-09-27T17:20:32.351Z,2026-09-27,2026-09-27T17:03:12Z,Seattle Seahawks @ Washington Commanders,WR_REC_YARDS,Terry McLaurin,34.5,-120,-120,,,,1
2026-09-27T17:20:32.351Z,2026-09-27,2026-09-27T17:03:12Z,Seattle Seahawks @ Washington Commanders,WR_REC_YARDS,Stefon Diggs,28.5,-121,-118,,,,1
2026-09-27T17:20:32.351Z,2026-09-27,2026-09-27T17:03:12Z,Seattle Seahawks @ Washington Commanders,WR_REC_YARDS,Tory Horton,0.5,130,-175,,,,1
2026-09-27T17:20:32.351Z,2026-09-27,2026-09-27T17:03:12Z,Seattle Seahawks @ Washington Commanders,ANYTIME_TD,Jaxon Smith-Njigba,,,,,0.4762,false,3
2026-09-27T17:20:32.351Z,2026-09-27,2026-09-27T17:03:12Z,Seattle Seahawks @ Washington Commanders,ANYTIME_TD,Jadarian Price,,,,,0.3704,false,3
2026-09-27T17:20:32.351Z,2026-09-27,2026-09-27T17:03:12Z,Seattle Seahawks @ Washington Commanders,ANYTIME_TD,Jacory Croskey-Merritt,,,,,0.339,false,2
2026-09-27T17:20:32.351Z,2026-09-27,2026-09-27T17:03:12Z,Seattle Seahawks @ Washington Commanders,ANYTIME_TD,Emanuel Wilson,,,,,0.2703,false,3
2026-09-27T17:20:32.351Z,2026-09-27,2026-09-27T17:03:12Z,Seattle Seahawks @ Washington Commanders,ANYTIME_TD,AJ Barner,,,,,0.2222,false,3
2026-09-27T17:20:32.351Z,2026-09-27,2026-09-27T17:03:12Z,Seattle Seahawks @ Washington Commanders,ANYTIME_TD,Rachaad White,,,,,0.25,false,2
2026-09-27T17:20:32.351Z,2026-09-27,2026-09-27T17:03:12Z,Seattle Seahawks @ Washington Commanders,ANYTIME_TD,Terry McLaurin,,,,,0.2439,false,2
2026-09-27T17:20:32.351Z,2026-09-27,2026-09-27T17:03:12Z,Seattle Seahawks @ Washington Commanders,ANYTIME_TD,Rashid Shaheed,,,,,0.2326,false,3
2026-09-27T17:20:32.351Z,2026-09-27,2026-09-27T17:03:12Z,Seattle Seahawks @ Washington Commanders,ANYTIME_TD,Marcus Mariota,,,,,0.2,false,2
2026-09-27T17:20:32.351Z,2026-09-27,2026-09-27T17:03:12Z,Seattle Seahawks @ Washington Commanders,ANYTIME_TD,Stefon Diggs,,,,,0.2222,false,2
2026-09-27T17:20:32.351Z,2026-09-27,2026-09-27T17:03:12Z,Seattle Seahawks @ Washington Commanders,ANYTIME_TD,Cooper Kupp,,,,,0.1739,false,3
2026-09-27T17:20:32.351Z,2026-09-27,2026-09-27T17:03:12Z,Seattle Seahawks @ Washington Commanders,ANYTIME_TD,George Holani,,,,,0.1923,false,3
2026-09-27T17:20:32.351Z,2026-09-27,2026-09-27T17:03:12Z,Seattle Seahawks @ Washington Commanders,ANYTIME_TD,Ben Sinnott,,,,,0.1333,false,2
2026-09-27T17:20:32.351Z,2026-09-27,2026-09-27T17:03:12Z,Seattle Seahawks @ Washington Commanders,ANYTIME_TD,Antonio Williams,,,,,0.125,false,2
2026-09-27T17:20:32.351Z,2026-09-27,2026-09-27T17:03:12Z,Seattle Seahawks @ Washington Commanders,ANYTIME_TD,Washington Commanders Defense,,,,,0.125,false,1
2026-09-27T17:20:32.351Z,2026-09-27,2026-09-27T17:03:12Z,Seattle Seahawks @ Washington Commanders,ANYTIME_TD,Seattle Seahawks Defense,,,,,0.1111,false,1
2026-09-27T17:20:32.351Z,2026-09-27,2026-09-27T17:03:12Z,Seattle Seahawks @ Washington Commanders,ANYTIME_TD,Dyami Brown,,,,,0.1111,false,2
2026-09-27T17:20:32.351Z,2026-09-27,2026-09-27T17:03:12Z,Seattle Seahawks @ Washington Commanders,ANYTIME_TD,Elijah Arroyo,,,,,0.1081,false,3
2026-09-27T17:20:32.351Z,2026-09-27,2026-09-27T17:03:12Z,Seattle Seahawks @ Washington Commanders,ANYTIME_TD,Tory Horton,,,,,0.0769,false,3
2026-09-27T17:20:32.351Z,2026-09-27,2026-09-27T17:03:12Z,Seattle Seahawks @ Washington Commanders,ANYTIME_TD,Sam Darnold,,,,,0.087,false,3
2026-09-27T17:20:32.351Z,2026-09-27,2026-09-27T17:03:12Z,Seattle Seahawks @ Washington Commanders,ANYTIME_TD,John Bates,,,,,0.0714,false,2
2026-09-27T17:20:32.351Z,2026-09-27,2026-09-27T17:03:12Z,Seattle Seahawks @ Washington Commanders,ANYTIME_TD,Jaylin Lane,,,,,0.0625,false,2
2026-09-27T17:20:32.351Z,2026-09-27,2026-09-27T17:03:12Z,Seattle Seahawks @ Washington Commanders,ANYTIME_TD,Eric Saubert,,,,,0.0476,false,3
2026-09-27T17:20:32.351Z,2026-09-27,2026-09-27T17:03:12Z,Seattle Seahawks @ Washington Commanders,ANYTIME_TD,Colson Yankoff,,,,,0.0556,false,2
2026-09-27T17:20:32.351Z,2026-09-27,2026-09-27T17:03:12Z,Seattle Seahawks @ Washington Commanders,ANYTIME_TD,Treylon Burks,,,,,0.0526,false,2
2026-09-27T17:20:32.351Z,2026-09-27,2026-09-27T17:03:12Z,Seattle Seahawks @ Washington Commanders,ANYTIME_TD,Nick Kallerup,,,,,0.0435,false,2
2026-09-27T17:20:32.351Z,2026-09-27,2026-09-27T17:03:12Z,Seattle Seahawks @ Washington Commanders,ANYTIME_TD,Luke McCaffrey,,,,,0.0323,false,2
2026-09-27T17:20:32.351Z,2026-09-27,2026-09-27T17:03:12Z,Seattle Seahawks @ Washington Commanders,ANYTIME_TD,Brady Russell,,,,,0.0278,false,3
2026-09-27T17:20:32.351Z,2026-09-27,2026-09-27T17:03:23Z,Houston Texans @ Indianapolis Colts,QB_PASS_YARDS,C.J. Stroud,211.5,-115,-115,,,,4
2026-09-27T17:20:32.351Z,2026-09-27,2026-09-27T17:03:23Z,Houston Texans @ Indianapolis Colts,QB_PASS_YARDS,Daniel Jones,203.5,-120,-120,,,,1
2026-09-27T17:20:32.351Z,2026-09-27,2026-09-27T17:03:23Z,Houston Texans @ Indianapolis Colts,RB_RUSH_YARDS,Woody Marks,22.5,-112,-118,,,,4
2026-09-27T17:20:32.351Z,2026-09-27,2026-09-27T17:03:23Z,Houston Texans @ Indianapolis Colts,RB_RUSH_YARDS,David Montgomery,47.5,-110,-120,,,,4
2026-09-27T17:20:32.351Z,2026-09-27,2026-09-27T17:03:23Z,Houston Texans @ Indianapolis Colts,RB_RUSH_YARDS,C.J. Stroud,8.5,-115,-115,,,,3
2026-09-27T17:20:32.351Z,2026-09-27,2026-09-27T17:03:23Z,Houston Texans @ Indianapolis Colts,RB_RUSH_YARDS,Jonathan Taylor,75.5,-121,-125,,,,3
2026-09-27T17:20:32.351Z,2026-09-27,2026-09-27T17:03:23Z,Houston Texans @ Indianapolis Colts,RB_RUSH_YARDS,Daniel Jones,10.5,-110,-115,,,,3
2026-09-27T17:20:32.351Z,2026-09-27,2026-09-27T17:03:23Z,Houston Texans @ Indianapolis Colts,WR_REC_YARDS,David Montgomery,8.5,-114,-114,,,,3
2026-09-27T17:20:32.351Z,2026-09-27,2026-09-27T17:03:23Z,Houston Texans @ Indianapolis Colts,WR_REC_YARDS,Jaylin Noel,22.5,-114,-114,,,,2
2026-09-27T17:20:32.351Z,2026-09-27,2026-09-27T17:03:23Z,Houston Texans @ Indianapolis Colts,WR_REC_YARDS,Kayshon Boutte,30.5,-118,-112,,,,4
2026-09-27T17:20:32.351Z,2026-09-27,2026-09-27T17:03:23Z,Houston Texans @ Indianapolis Colts,WR_REC_YARDS,Jared Wayne,12.5,-120,-111,,,,3
2026-09-27T17:20:32.351Z,2026-09-27,2026-09-27T17:03:23Z,Houston Texans @ Indianapolis Colts,WR_REC_YARDS,Woody Marks,9.5,-120,-110,,,,3
2026-09-27T17:20:32.351Z,2026-09-27,2026-09-27T17:03:23Z,Houston Texans @ Indianapolis Colts,WR_REC_YARDS,Dalton Schultz,44.5,-111,-115,,,,4
2026-09-27T17:20:32.351Z,2026-09-27,2026-09-27T17:03:23Z,Houston Texans @ Indianapolis Colts,WR_REC_YARDS,Xavier Hutchinson,32.5,-114,-114,,,,4
2026-09-27T17:20:32.351Z,2026-09-27,2026-09-27T17:03:23Z,Houston Texans @ Indianapolis Colts,WR_REC_YARDS,Tyler Warren,61.5,-122,-117,,,,2
2026-09-27T17:20:32.351Z,2026-09-27,2026-09-27T17:03:23Z,Houston Texans @ Indianapolis Colts,WR_REC_YARDS,Jonathan Taylor,17.5,-115,-115,,,,3
2026-09-27T17:20:32.351Z,2026-09-27,2026-09-27T17:03:23Z,Houston Texans @ Indianapolis Colts,WR_REC_YARDS,Keenan Allen,29.5,-110,-115,,,,3
2026-09-27T17:20:32.351Z,2026-09-27,2026-09-27T17:03:23Z,Houston Texans @ Indianapolis Colts,WR_REC_YARDS,Josh Downs,43.5,-121,-118,,,,2
2026-09-27T17:20:32.351Z,2026-09-27,2026-09-27T17:03:23Z,Houston Texans @ Indianapolis Colts,WR_REC_YARDS,Laquon Treadwell,20.5,-122,-117,,,,1
2026-09-27T17:20:32.351Z,2026-09-27,2026-09-27T17:03:23Z,Houston Texans @ Indianapolis Colts,WR_REC_YARDS,Foster Moreau,8.5,-120,-110,,,,1
2026-09-27T17:20:32.351Z,2026-09-27,2026-09-27T17:03:23Z,Houston Texans @ Indianapolis Colts,ANYTIME_TD,Jonathan Taylor,,,,,0.5833,false,3
2026-09-27T17:20:32.351Z,2026-09-27,2026-09-27T17:03:23Z,Houston Texans @ Indianapolis Colts,ANYTIME_TD,David Montgomery,,,,,0.4444,false,3
2026-09-27T17:20:32.351Z,2026-09-27,2026-09-27T17:03:23Z,Houston Texans @ Indianapolis Colts,ANYTIME_TD,Tyler Warren,,,,,0.2778,false,3
2026-09-27T17:20:32.351Z,2026-09-27,2026-09-27T17:03:23Z,Houston Texans @ Indianapolis Colts,ANYTIME_TD,Dalton Schultz,,,,,0.2778,false,3
2026-09-27T17:20:32.351Z,2026-09-27,2026-09-27T17:03:23Z,Houston Texans @ Indianapolis Colts,ANYTIME_TD,Josh Downs,,,,,0.2632,false,3
2026-09-27T17:20:32.351Z,2026-09-27,2026-09-27T17:03:23Z,Houston Texans @ Indianapolis Colts,ANYTIME_TD,Woody Marks,,,,,0.2326,false,3
2026-09-27T17:20:32.351Z,2026-09-27,2026-09-27T17:03:23Z,Houston Texans @ Indianapolis Colts,ANYTIME_TD,Keenan Allen,,,,,0.1818,false,3
2026-09-27T17:20:32.351Z,2026-09-27,2026-09-27T17:03:23Z,Houston Texans @ Indianapolis Colts,ANYTIME_TD,Kayshon Boutte,,,,,0.2174,false,3
2026-09-27T17:20:32.351Z,2026-09-27,2026-09-27T17:03:23Z,Houston Texans @ Indianapolis Colts,ANYTIME_TD,Xavier Hutchinson,,,,,0.2041,false,3
2026-09-27T17:20:32.351Z,2026-09-27,2026-09-27T17:03:23Z,Houston Texans @ Indianapolis Colts,ANYTIME_TD,Jaylin Noel,,,,,0.1667,false,3
2026-09-27T17:20:32.351Z,2026-09-27,2026-09-27T17:03:23Z,Houston Texans @ Indianapolis Colts,ANYTIME_TD,Laquon Treadwell,,,,,0.1333,false,3
2026-09-27T17:20:32.351Z,2026-09-27,2026-09-27T17:03:23Z,Houston Texans @ Indianapolis Colts,ANYTIME_TD,Daniel Jones,,,,,0.125,false,3
2026-09-27T17:20:32.351Z,2026-09-27,2026-09-27T17:03:23Z,Houston Texans @ Indianapolis Colts,ANYTIME_TD,Houston Texans Defense,,,,,0.1111,false,1
2026-09-27T17:20:32.351Z,2026-09-27,2026-09-27T17:03:23Z,Houston Texans @ Indianapolis Colts,ANYTIME_TD,C.J. Stroud,,,,,0.1053,false,3
2026-09-27T17:20:32.351Z,2026-09-27,2026-09-27T17:03:23Z,Houston Texans @ Indianapolis Colts,ANYTIME_TD,Jared Wayne,,,,,0.0952,false,3
2026-09-27T17:20:32.351Z,2026-09-27,2026-09-27T17:03:23Z,Houston Texans @ Indianapolis Colts,ANYTIME_TD,Seth McGowan,,,,,0.08,false,3
2026-09-27T17:20:32.351Z,2026-09-27,2026-09-27T17:03:23Z,Houston Texans @ Indianapolis Colts,ANYTIME_TD,Deion Burks,,,,,0.0588,false,3
2026-09-27T17:20:32.351Z,2026-09-27,2026-09-27T17:03:23Z,Houston Texans @ Indianapolis Colts,ANYTIME_TD,Drew Ogletree,,,,,0.0476,false,3
2026-09-27T17:20:32.351Z,2026-09-27,2026-09-27T17:03:23Z,Houston Texans @ Indianapolis Colts,ANYTIME_TD,Cade Stover,,,,,0.0385,false,3
2026-09-27T17:20:32.351Z,2026-09-27,2026-09-27T17:03:23Z,Houston Texans @ Indianapolis Colts,ANYTIME_TD,Anthony Gould,,,,,0.0435,false,2
2026-09-27T17:20:32.351Z,2026-09-27,2026-09-27T17:03:23Z,Houston Texans @ Indianapolis Colts,ANYTIME_TD,Marlin Klein,,,,,0.0385,false,3
2026-09-27T17:20:32.351Z,2026-09-27,2026-09-27T17:03:23Z,Houston Texans @ Indianapolis Colts,ANYTIME_TD,Lewis Bond,,,,,0.0278,false,2
2026-09-27T17:20:32.351Z,2026-09-27,2026-09-27T17:03:23Z,Houston Texans @ Indianapolis Colts,ANYTIME_TD,Indianapolis Colts D/ST,,,,,0.1481,false,1
2026-09-27T17:20:32.351Z,2026-09-27,2026-09-27T17:03:23Z,Houston Texans @ Indianapolis Colts,ANYTIME_TD,Houston Texans D/ST,,,,,0.1333,false,1
2026-09-27T17:20:32.351Z,2026-09-27,2026-09-27T20:05:00Z,Arizona Cardinals @ San Francisco 49ers,QB_PASS_YARDS,Brock Purdy,235.5,-113,-111,,,,6
2026-09-27T17:20:32.351Z,2026-09-27,2026-09-27T20:05:00Z,Arizona Cardinals @ San Francisco 49ers,QB_PASS_YARDS,Jacoby Brissett,225.5,-113,-109,,,,6
2026-09-27T17:20:32.351Z,2026-09-27,2026-09-27T20:05:00Z,Arizona Cardinals @ San Francisco 49ers,RB_RUSH_YARDS,Jeremiyah Love,41.5,-111,-113,,,,6
2026-09-27T17:20:32.351Z,2026-09-27,2026-09-27T20:05:00Z,Arizona Cardinals @ San Francisco 49ers,RB_RUSH_YARDS,Tyler Allgeier,33.5,-113,-108,,,,6
2026-09-27T17:20:32.351Z,2026-09-27,2026-09-27T20:05:00Z,Arizona Cardinals @ San Francisco 49ers,RB_RUSH_YARDS,Brock Purdy,16.5,-113,-106,,,,6
2026-09-27T17:20:32.351Z,2026-09-27,2026-09-27T20:05:00Z,Arizona Cardinals @ San Francisco 49ers,RB_RUSH_YARDS,Deebo Samuel,3.5,-106,-120,,,,1
2026-09-27T17:20:32.351Z,2026-09-27,2026-09-27T20:05:00Z,Arizona Cardinals @ San Francisco 49ers,WR_REC_YARDS,Michael Wilson,44.5,-113,-105,,,,6
2026-09-27T17:20:32.351Z,2026-09-27,2026-09-27T20:05:00Z,Arizona Cardinals @ San Francisco 49ers,WR_REC_YARDS,Marvin Harrison Jr.,32.5,-113,-111,,,,5
2026-09-27T17:20:32.351Z,2026-09-27,2026-09-27T20:05:00Z,Arizona Cardinals @ San Francisco 49ers,WR_REC_YARDS,Kendrick Bourne,24.5,-110,-112,,,,5
2026-09-27T17:20:32.351Z,2026-09-27,2026-09-27T20:05:00Z,Arizona Cardinals @ San Francisco 49ers,WR_REC_YARDS,Jeremiyah Love,15.5,-108,-116,,,,5
2026-09-27T17:20:32.351Z,2026-09-27,2026-09-27T20:05:00Z,Arizona Cardinals @ San Francisco 49ers,ANYTIME_TD,Jeremiyah Love,,,,,0.3774,false,6
2026-09-27T17:20:32.351Z,2026-09-27,2026-09-27T20:05:00Z,Arizona Cardinals @ San Francisco 49ers,ANYTIME_TD,Trey McBride,,,,,0.3472,false,6
2026-09-27T17:20:32.351Z,2026-09-27,2026-09-27T20:05:00Z,Arizona Cardinals @ San Francisco 49ers,ANYTIME_TD,Michael Wilson,,,,,0.2667,false,6
2026-09-27T17:20:32.351Z,2026-09-27,2026-09-27T20:05:00Z,Arizona Cardinals @ San Francisco 49ers,ANYTIME_TD,Kaelon Black,,,,,0.25,false,6
2026-09-27T17:20:32.351Z,2026-09-27,2026-09-27T20:05:00Z,Arizona Cardinals @ San Francisco 49ers,ANYTIME_TD,Marvin Harrison Jr.,,,,,0.2,false,6
2026-09-27T17:20:32.351Z,2026-09-27,2026-09-27T20:05:00Z,Arizona Cardinals @ San Francisco 49ers,ANYTIME_TD,San Francisco 49ers D/ST,,,,,0.1538,false,3
2026-09-27T17:20:32.351Z,2026-09-27,2026-09-27T20:05:00Z,Arizona Cardinals @ San Francisco 49ers,ANYTIME_TD,KhaDarel Hodge,,,,,0.087,false,6
2026-09-27T17:20:32.351Z,2026-09-27,2026-09-27T20:05:00Z,Arizona Cardinals @ San Francisco 49ers,ANYTIME_TD,Kendrick Bourne,,,,,0.1176,false,6
2026-09-27T17:20:32.351Z,2026-09-27,2026-09-27T20:05:00Z,Arizona Cardinals @ San Francisco 49ers,ANYTIME_TD,Luke Farrell,,,,,0.0909,false,6
2026-09-27T17:20:32.351Z,2026-09-27,2026-09-27T20:05:00Z,Arizona Cardinals @ San Francisco 49ers,ANYTIME_TD,Jacob Cowing,,,,,0.1,false,6
2026-09-27T17:20:32.351Z,2026-09-27,2026-09-27T20:05:00Z,Arizona Cardinals @ San Francisco 49ers,ANYTIME_TD,Jordan Watkins,,,,,0.0833,false,5
2026-09-27T17:20:32.351Z,2026-09-27,2026-09-27T20:05:00Z,Arizona Cardinals @ San Francisco 49ers,ANYTIME_TD,Jalen Brooks,,,,,0.0196,false,6
2026-09-27T17:20:32.351Z,2026-09-27,2026-09-27T20:05:00Z,Minnesota Vikings @ Tampa Bay Buccaneers,QB_PASS_YARDS,Baker Mayfield,214.5,-113,-111,,,,6
2026-09-27T17:20:32.351Z,2026-09-27,2026-09-27T20:05:00Z,Minnesota Vikings @ Tampa Bay Buccaneers,QB_PASS_YARDS,Kyler Murray,215.5,-113,-113,,,,6
2026-09-27T17:20:32.351Z,2026-09-27,2026-09-27T20:05:00Z,Minnesota Vikings @ Tampa Bay Buccaneers,RB_RUSH_YARDS,Bucky Irving,57.5,-110,-113,,,,6
2026-09-27T17:20:32.351Z,2026-09-27,2026-09-27T20:05:00Z,Minnesota Vikings @ Tampa Bay Buccaneers,RB_RUSH_YARDS,Aaron Jones,52.5,-110,-114,,,,6
2026-09-27T17:20:32.351Z,2026-09-27,2026-09-27T20:05:00Z,Minnesota Vikings @ Tampa Bay Buccaneers,RB_RUSH_YARDS,Kyler Murray,20.5,-113,-108,,,,6
2026-09-27T17:20:32.351Z,2026-09-27,2026-09-27T20:05:00Z,Minnesota Vikings @ Tampa Bay Buccaneers,RB_RUSH_YARDS,Kenny Gainwell,18.5,-113,-109,,,,6
2026-09-27T17:20:32.351Z,2026-09-27,2026-09-27T20:05:00Z,Minnesota Vikings @ Tampa Bay Buccaneers,RB_RUSH_YARDS,Baker Mayfield,18.5,-109,-113,,,,5
2026-09-27T17:20:32.351Z,2026-09-27,2026-09-27T20:05:00Z,Minnesota Vikings @ Tampa Bay Buccaneers,WR_REC_YARDS,Justin Jefferson,75.5,-110,-112,,,,6
2026-09-27T17:20:32.351Z,2026-09-27,2026-09-27T20:05:00Z,Minnesota Vikings @ Tampa Bay Buccaneers,WR_REC_YARDS,Jordan Addison,36.5,-110,-113,,,,6
2026-09-27T17:20:32.351Z,2026-09-27,2026-09-27T20:05:00Z,Minnesota Vikings @ Tampa Bay Buccaneers,WR_REC_YARDS,Chris Godwin,35.5,-113,-111,,,,6
2026-09-27T17:20:32.351Z,2026-09-27,2026-09-27T20:05:00Z,Minnesota Vikings @ Tampa Bay Buccaneers,WR_REC_YARDS,T.J. Hockenson,30.5,-114,-110,,,,6
2026-09-27T17:20:32.351Z,2026-09-27,2026-09-27T20:05:00Z,Minnesota Vikings @ Tampa Bay Buccaneers,WR_REC_YARDS,Cade Otton,27.5,-115,-109,,,,6
2026-09-27T17:20:32.351Z,2026-09-27,2026-09-27T20:05:00Z,Minnesota Vikings @ Tampa Bay Buccaneers,WR_REC_YARDS,Ted Hurst III,24.5,-113,-111,,,,6
2026-09-27T17:20:32.351Z,2026-09-27,2026-09-27T20:05:00Z,Minnesota Vikings @ Tampa Bay Buccaneers,WR_REC_YARDS,Bucky Irving,16.5,-109,-115,,,,6
2026-09-27T17:20:32.351Z,2026-09-27,2026-09-27T20:05:00Z,Minnesota Vikings @ Tampa Bay Buccaneers,WR_REC_YARDS,Jauan Jennings,14.5,-113,-110,,,,6
2026-09-27T17:20:32.351Z,2026-09-27,2026-09-27T20:05:00Z,Minnesota Vikings @ Tampa Bay Buccaneers,WR_REC_YARDS,Jalen McMillan,13.5,-113,-113,,,,6
2026-09-27T17:20:32.351Z,2026-09-27,2026-09-27T20:05:00Z,Minnesota Vikings @ Tampa Bay Buccaneers,WR_REC_YARDS,Aaron Jones,12.5,-110,-107,,,,6
2026-09-27T17:20:32.351Z,2026-09-27,2026-09-27T20:05:00Z,Minnesota Vikings @ Tampa Bay Buccaneers,WR_REC_YARDS,Josh Oliver,10.5,-113,-109,,,,6
2026-09-27T17:20:32.351Z,2026-09-27,2026-09-27T20:05:00Z,Minnesota Vikings @ Tampa Bay Buccaneers,WR_REC_YARDS,Kenny Gainwell,9.5,-112,-111,,,,6
2026-09-27T17:20:32.351Z,2026-09-27,2026-09-27T20:05:00Z,Minnesota Vikings @ Tampa Bay Buccaneers,ANYTIME_TD,Aaron Jones,,,,,0.5,false,6
2026-09-27T17:20:32.351Z,2026-09-27,2026-09-27T20:05:00Z,Minnesota Vikings @ Tampa Bay Buccaneers,ANYTIME_TD,Bucky Irving,,,,,0.4255,false,6
2026-09-27T17:20:32.351Z,2026-09-27,2026-09-27T20:05:00Z,Minnesota Vikings @ Tampa Bay Buccaneers,ANYTIME_TD,Emeka Egbuka,,,,,0.2941,false,6
2026-09-27T17:20:32.351Z,2026-09-27,2026-09-27T20:05:00Z,Minnesota Vikings @ Tampa Bay Buccaneers,ANYTIME_TD,Jordan Addison,,,,,0.2564,false,6
2026-09-27T17:20:32.351Z,2026-09-27,2026-09-27T20:05:00Z,Minnesota Vikings @ Tampa Bay Buccaneers,ANYTIME_TD,Kenny Gainwell,,,,,0.2381,false,6
2026-09-27T17:20:32.351Z,2026-09-27,2026-09-27T20:05:00Z,Minnesota Vikings @ Tampa Bay Buccaneers,ANYTIME_TD,T.J. Hockenson,,,,,0.2326,false,6
2026-09-27T17:20:32.351Z,2026-09-27,2026-09-27T20:05:00Z,Minnesota Vikings @ Tampa Bay Buccaneers,ANYTIME_TD,Chris Godwin,,,,,0.2273,false,6
2026-09-27T17:20:32.351Z,2026-09-27,2026-09-27T20:05:00Z,Minnesota Vikings @ Tampa Bay Buccaneers,ANYTIME_TD,Cade Otton,,,,,0.2041,false,6
2026-09-27T17:20:32.351Z,2026-09-27,2026-09-27T20:05:00Z,Minnesota Vikings @ Tampa Bay Buccaneers,ANYTIME_TD,Ted Hurst III,,,,,0.1818,false,6
2026-09-27T17:20:32.351Z,2026-09-27,2026-09-27T20:05:00Z,Minnesota Vikings @ Tampa Bay Buccaneers,ANYTIME_TD,Minnesota Vikings D/ST,,,,,0.1481,false,3
2026-09-27T17:20:32.351Z,2026-09-27,2026-09-27T20:05:00Z,Minnesota Vikings @ Tampa Bay Buccaneers,ANYTIME_TD,Tampa Bay Buccaneers D/ST,,,,,0.1333,false,3
2026-09-27T17:20:32.351Z,2026-09-27,2026-09-27T20:05:00Z,Minnesota Vikings @ Tampa Bay Buccaneers,ANYTIME_TD,Jalen McMillan,,,,,0.1429,false,6
2026-09-27T17:20:32.351Z,2026-09-27,2026-09-27T20:05:00Z,Minnesota Vikings @ Tampa Bay Buccaneers,ANYTIME_TD,Baker Mayfield,,,,,0.1429,false,6
2026-09-27T17:20:32.351Z,2026-09-27,2026-09-27T20:05:00Z,Minnesota Vikings @ Tampa Bay Buccaneers,ANYTIME_TD,Tez Johnson,,,,,0.0909,false,6
2026-09-27T17:20:32.351Z,2026-09-27,2026-09-27T20:05:00Z,Minnesota Vikings @ Tampa Bay Buccaneers,ANYTIME_TD,Sean Tucker,,,,,0.0909,false,6
2026-09-27T17:20:32.351Z,2026-09-27,2026-09-27T20:05:00Z,Minnesota Vikings @ Tampa Bay Buccaneers,ANYTIME_TD,Myles Price,,,,,0.0476,false,6
2026-09-27T17:20:32.351Z,2026-09-27,2026-09-27T20:05:00Z,Minnesota Vikings @ Tampa Bay Buccaneers,ANYTIME_TD,Max Bredeson,,,,,0.04,false,6
2026-09-27T17:20:32.351Z,2026-09-27,2026-09-27T20:05:00Z,Minnesota Vikings @ Tampa Bay Buccaneers,ANYTIME_TD,Ko Kieft,,,,,0.0357,false,5
2026-09-27T17:20:32.351Z,2026-09-27,2026-09-27T20:25:00Z,Baltimore Ravens @ Dallas Cowboys,QB_PASS_YARDS,Dak Prescott,266.5,-113,-111,,,,6
2026-09-27T17:20:32.351Z,2026-09-27,2026-09-27T20:25:00Z,Baltimore Ravens @ Dallas Cowboys,QB_PASS_YARDS,Lamar Jackson,239.5,-113,-112,,,,6
2026-09-27T17:20:32.351Z,2026-09-27,2026-09-27T20:25:00Z,Baltimore Ravens @ Dallas Cowboys,RB_RUSH_YARDS,Derrick Henry,92.5,-114,-114,,,,6
2026-09-27T17:20:32.351Z,2026-09-27,2026-09-27T20:25:00Z,Baltimore Ravens @ Dallas Cowboys,RB_RUSH_YARDS,Javonte Williams,55.5,-111,-113,,,,6
2026-09-27T17:20:32.351Z,2026-09-27,2026-09-27T20:25:00Z,Baltimore Ravens @ Dallas Cowboys,RB_RUSH_YARDS,Dak Prescott,12.5,-109,-114,,,,6
2026-09-27T17:20:32.351Z,2026-09-27,2026-09-27T20:25:00Z,Baltimore Ravens @ Dallas Cowboys,RB_RUSH_YARDS,Emari Demercado,8.5,-109,-115,,,,6
2026-09-27T17:20:32.351Z,2026-09-27,2026-09-27T20:25:00Z,Baltimore Ravens @ Dallas Cowboys,WR_REC_YARDS,George Pickens,66.5,-114,-114,,,,6
2026-09-27T17:20:32.351Z,2026-09-27,2026-09-27T20:25:00Z,Baltimore Ravens @ Dallas Cowboys,WR_REC_YARDS,Rashod Bateman,47.5,-110,-114,,,,5
2026-09-27T17:20:32.351Z,2026-09-27,2026-09-27T20:25:00Z,Baltimore Ravens @ Dallas Cowboys,WR_REC_YARDS,Jake Ferguson,28.5,-114,-110,,,,6
2026-09-27T17:20:32.351Z,2026-09-27,2026-09-27T20:25:00Z,Baltimore Ravens @ Dallas Cowboys,WR_REC_YARDS,Javonte Williams,14.5,-114,-110,,,,6
2026-09-27T17:20:32.351Z,2026-09-27,2026-09-27T20:25:00Z,Baltimore Ravens @ Dallas Cowboys,WR_REC_YARDS,Justice Hill,13.5,-109,-112,,,,6
2026-09-27T17:20:32.351Z,2026-09-27,2026-09-27T20:25:00Z,Baltimore Ravens @ Dallas Cowboys,WR_REC_YARDS,Derrick Henry,9.5,-107,-117,,,,6
2026-09-27T17:20:32.351Z,2026-09-27,2026-09-27T20:25:00Z,Baltimore Ravens @ Dallas Cowboys,WR_REC_YARDS,Chris Moore,17.5,-113,-118,,,,1
2026-09-27T17:20:32.351Z,2026-09-27,2026-09-27T20:25:00Z,Baltimore Ravens @ Dallas Cowboys,WR_REC_YARDS,LaJohntay Wester,16.5,-121,-110,,,,1
2026-09-27T17:20:32.351Z,2026-09-27,2026-09-27T20:25:00Z,Baltimore Ravens @ Dallas Cowboys,ANYTIME_TD,Derrick Henry,,,,,0.697,false,6
2026-09-27T17:20:32.351Z,2026-09-27,2026-09-27T20:25:00Z,Baltimore Ravens @ Dallas Cowboys,ANYTIME_TD,Javonte Williams,,,,,0.6078,false,6
2026-09-27T17:20:32.351Z,2026-09-27,2026-09-27T20:25:00Z,Baltimore Ravens @ Dallas Cowboys,ANYTIME_TD,CeeDee Lamb,,,,,0.4545,false,6
2026-09-27T17:20:32.351Z,2026-09-27,2026-09-27T20:25:00Z,Baltimore Ravens @ Dallas Cowboys,ANYTIME_TD,LaJohntay Wester,,,,,0.1887,false,6
2026-09-27T17:20:32.351Z,2026-09-27,2026-09-27T20:25:00Z,Baltimore Ravens @ Dallas Cowboys,ANYTIME_TD,Ryan Flournoy,,,,,0.1905,false,6
2026-09-27T17:20:32.351Z,2026-09-27,2026-09-27T20:25:00Z,Baltimore Ravens @ Dallas Cowboys,ANYTIME_TD,Josh Cuevas,,,,,0.0435,false,6
2026-09-27T17:20:32.351Z,2026-09-27,2026-09-27T20:25:00Z,Baltimore Ravens @ Dallas Cowboys,ANYTIME_TD,Jonathan Mingo,,,,,0.0435,false,6
2026-09-27T17:20:32.351Z,2026-09-27,2026-09-27T20:25:00Z,Baltimore Ravens @ Dallas Cowboys,ANYTIME_TD,Camden Brown,,,,,0.0435,false,5
2026-09-27T17:20:32.351Z,2026-09-27,2026-09-27T20:25:00Z,Las Vegas Raiders @ New Orleans Saints,QB_PASS_YARDS,Tyler Shough,253.5,-112,-112,,,,6
2026-09-27T17:20:32.351Z,2026-09-27,2026-09-27T20:25:00Z,Las Vegas Raiders @ New Orleans Saints,QB_PASS_YARDS,Kirk Cousins,211.5,-113,-108,,,,6
2026-09-27T17:20:32.351Z,2026-09-27,2026-09-27T20:25:00Z,Las Vegas Raiders @ New Orleans Saints,RB_RUSH_YARDS,Ashton Jeanty,68.5,-111,-113,,,,6
2026-09-27T17:20:32.351Z,2026-09-27,2026-09-27T20:25:00Z,Las Vegas Raiders @ New Orleans Saints,RB_RUSH_YARDS,Travis Etienne Jr.,38.5,-111,-113,,,,6
2026-09-27T17:20:32.351Z,2026-09-27,2026-09-27T20:25:00Z,Las Vegas Raiders @ New Orleans Saints,RB_RUSH_YARDS,Alvin Kamara,27.5,-109,-113,,,,5
2026-09-27T17:20:32.351Z,2026-09-27,2026-09-27T20:25:00Z,Las Vegas Raiders @ New Orleans Saints,RB_RUSH_YARDS,Kirk Cousins,1.5,-102,-122,,,,3
2026-09-27T17:20:32.351Z,2026-09-27,2026-09-27T20:25:00Z,Las Vegas Raiders @ New Orleans Saints,WR_REC_YARDS,Chris Olave,76.5,-113,-109,,,,6
2026-09-27T17:20:32.351Z,2026-09-27,2026-09-27T20:25:00Z,Las Vegas Raiders @ New Orleans Saints,WR_REC_YARDS,Devaughn Vele,49.5,-111,-113,,,,6
2026-09-27T17:20:32.351Z,2026-09-27,2026-09-27T20:25:00Z,Las Vegas Raiders @ New Orleans Saints,WR_REC_YARDS,Brock Bowers,45.5,-114,-114,,,,6
2026-09-27T17:20:32.351Z,2026-09-27,2026-09-27T20:25:00Z,Las Vegas Raiders @ New Orleans Saints,WR_REC_YARDS,Tre Tucker,41.5,-111,-113,,,,6
2026-09-27T17:20:32.351Z,2026-09-27,2026-09-27T20:25:00Z,Las Vegas Raiders @ New Orleans Saints,WR_REC_YARDS,Jalen Nailor,24.5,-113,-109,,,,6
2026-09-27T17:20:32.351Z,2026-09-27,2026-09-27T20:25:00Z,Las Vegas Raiders @ New Orleans Saints,WR_REC_YARDS,Ashton Jeanty,22.5,-109,-112,,,,6
2026-09-27T17:20:32.351Z,2026-09-27,2026-09-27T20:25:00Z,Las Vegas Raiders @ New Orleans Saints,WR_REC_YARDS,Michael Mayer,20.5,-113,-111,,,,4
2026-09-27T17:20:32.351Z,2026-09-27,2026-09-27T20:25:00Z,Las Vegas Raiders @ New Orleans Saints,WR_REC_YARDS,Jack Bech,14.5,-113,-111,,,,5
2026-09-27T17:20:32.351Z,2026-09-27,2026-09-27T20:25:00Z,Las Vegas Raiders @ New Orleans Saints,WR_REC_YARDS,Alvin Kamara,13.5,-107,-113,,,,5
2026-09-27T17:20:32.351Z,2026-09-27,2026-09-27T20:25:00Z,Las Vegas Raiders @ New Orleans Saints,WR_REC_YARDS,Travis Etienne Jr.,10.5,-113,-110,,,,6
2026-09-27T17:20:32.351Z,2026-09-27,2026-09-27T20:25:00Z,Las Vegas Raiders @ New Orleans Saints,ANYTIME_TD,Ashton Jeanty,,,,,0.5261,false,6
2026-09-27T17:20:32.351Z,2026-09-27,2026-09-27T20:25:00Z,Las Vegas Raiders @ New Orleans Saints,ANYTIME_TD,Travis Etienne Jr.,,,,,0.4082,false,6
2026-09-27T17:20:32.351Z,2026-09-27,2026-09-27T20:25:00Z,Las Vegas Raiders @ New Orleans Saints,ANYTIME_TD,Chris Olave,,,,,0.3922,false,6
2026-09-27T17:20:32.351Z,2026-09-27,2026-09-27T20:25:00Z,Las Vegas Raiders @ New Orleans Saints,ANYTIME_TD,Brock Bowers,,,,,0.2899,false,6
2026-09-27T17:20:32.351Z,2026-09-27,2026-09-27T20:25:00Z,Las Vegas Raiders @ New Orleans Saints,ANYTIME_TD,Juwan Johnson,,,,,0.2222,false,6
2026-09-27T17:20:32.351Z,2026-09-27,2026-09-27T20:25:00Z,Las Vegas Raiders @ New Orleans Saints,ANYTIME_TD,Devaughn Vele,,,,,0.2564,false,6
2026-09-27T17:20:32.351Z,2026-09-27,2026-09-27T20:25:00Z,Las Vegas Raiders @ New Orleans Saints,ANYTIME_TD,Tre Tucker,,,,,0.2326,false,6
2026-09-27T17:20:32.351Z,2026-09-27,2026-09-27T20:25:00Z,Las Vegas Raiders @ New Orleans Saints,ANYTIME_TD,Mike Washington Jr.,,,,,0.1538,false,6
2026-09-27T17:20:32.351Z,2026-09-27,2026-09-27T20:25:00Z,Las Vegas Raiders @ New Orleans Saints,ANYTIME_TD,Jalen Nailor,,,,,0.1724,false,6
2026-09-27T17:20:32.351Z,2026-09-27,2026-09-27T20:25:00Z,Las Vegas Raiders @ New Orleans Saints,ANYTIME_TD,Bryce Lance,,,,,0.1429,false,6
2026-09-27T17:20:32.351Z,2026-09-27,2026-09-27T20:25:00Z,Las Vegas Raiders @ New Orleans Saints,ANYTIME_TD,Noah Fant,,,,,0.125,false,6
2026-09-27T17:20:32.351Z,2026-09-27,2026-09-27T20:25:00Z,Las Vegas Raiders @ New Orleans Saints,ANYTIME_TD,CJ Donaldson,,,,,0.0769,false,5
2026-09-27T17:20:32.351Z,2026-09-27,2026-09-27T20:25:00Z,Las Vegas Raiders @ New Orleans Saints,ANYTIME_TD,Kendre Miller,,,,,0.0769,false,6
2026-09-27T17:20:32.351Z,2026-09-27,2026-09-27T20:25:00Z,Las Vegas Raiders @ New Orleans Saints,ANYTIME_TD,Oscar Delp,,,,,0.0556,false,6
2026-09-27T17:20:32.351Z,2026-09-27,2026-09-27T20:25:00Z,Las Vegas Raiders @ New Orleans Saints,ANYTIME_TD,Malik Benson,,,,,0.0588,false,6
2026-09-27T17:20:32.351Z,2026-09-27,2026-09-27T20:25:00Z,Las Vegas Raiders @ New Orleans Saints,ANYTIME_TD,Kevin Austin,,,,,0.0526,false,5
2026-09-27T17:20:32.351Z,2026-09-27,2026-09-27T20:25:00Z,Las Vegas Raiders @ New Orleans Saints,ANYTIME_TD,Kirk Cousins,,,,,0.0476,false,6
2026-09-27T17:20:32.351Z,2026-09-27,2026-09-27T20:25:00Z,Las Vegas Raiders @ New Orleans Saints,ANYTIME_TD,Dylan Laube,,,,,0.0476,false,6
2026-09-27T17:20:32.351Z,2026-09-27,2026-09-28T00:20:00Z,Los Angeles Rams @ Denver Broncos,QB_PASS_YARDS,Matthew Stafford,242.5,105,-113,,,,6
2026-09-27T17:20:32.351Z,2026-09-27,2026-09-28T00:20:00Z,Los Angeles Rams @ Denver Broncos,QB_PASS_YARDS,Bo Nix,211.5,-111,-104,,,,6
2026-09-27T17:20:32.351Z,2026-09-27,2026-09-28T00:20:00Z,Los Angeles Rams @ Denver Broncos,RB_RUSH_YARDS,Kyren Williams,54.5,-113,-111,,,,6
2026-09-27T17:20:32.351Z,2026-09-27,2026-09-28T00:20:00Z,Los Angeles Rams @ Denver Broncos,RB_RUSH_YARDS,J.K. Dobbins,50.5,-113,-111,,,,6
2026-09-27T17:20:32.351Z,2026-09-27,2026-09-28T00:20:00Z,Los Angeles Rams @ Denver Broncos,RB_RUSH_YARDS,Blake Corum,47.5,-113,-111,,,,6
2026-09-27T17:20:32.351Z,2026-09-27,2026-09-28T00:20:00Z,Los Angeles Rams @ Denver Broncos,RB_RUSH_YARDS,RJ Harvey,20.5,-109,-115,,,,6
2026-09-27T17:20:32.351Z,2026-09-27,2026-09-28T00:20:00Z,Los Angeles Rams @ Denver Broncos,RB_RUSH_YARDS,Bo Nix,16.5,-113,-113,,,,6
2026-09-27T17:20:32.351Z,2026-09-27,2026-09-28T00:20:00Z,Los Angeles Rams @ Denver Broncos,WR_REC_YARDS,Jaylen Waddle,59.5,-113,-111,,,,6
2026-09-27T17:20:32.351Z,2026-09-27,2026-09-28T00:20:00Z,Los Angeles Rams @ Denver Broncos,WR_REC_YARDS,Pat Bryant,25.5,-112,-115,,,,6
2026-09-27T17:20:32.351Z,2026-09-27,2026-09-28T00:20:00Z,Los Angeles Rams @ Denver Broncos,WR_REC_YARDS,Colby Parkinson,18.5,-112,-112,,,,3
2026-09-27T17:20:32.351Z,2026-09-27,2026-09-28T00:20:00Z,Los Angeles Rams @ Denver Broncos,WR_REC_YARDS,RJ Harvey,18.5,-110,-115,,,,5
2026-09-27T17:20:32.351Z,2026-09-27,2026-09-28T00:20:00Z,Los Angeles Rams @ Denver Broncos,WR_REC_YARDS,Adam Trautman,6.5,-113,-109,,,,4
2026-09-27T17:20:32.351Z,2026-09-27,2026-09-28T00:20:00Z,Los Angeles Rams @ Denver Broncos,ANYTIME_TD,Kyren Williams,,,,,0.5122,false,6
2026-09-27T17:20:32.351Z,2026-09-27,2026-09-28T00:20:00Z,Los Angeles Rams @ Denver Broncos,ANYTIME_TD,Davante Adams,,,,,0.4545,false,6
2026-09-27T17:20:32.351Z,2026-09-27,2026-09-28T00:20:00Z,Los Angeles Rams @ Denver Broncos,ANYTIME_TD,Terrance Ferguson,,,,,0.2941,false,6
2026-09-27T17:20:32.351Z,2026-09-27,2026-09-28T00:20:00Z,Los Angeles Rams @ Denver Broncos,ANYTIME_TD,RJ Harvey,,,,,0.2174,false,6
2026-09-27T17:20:32.351Z,2026-09-27,2026-09-28T00:20:00Z,Los Angeles Rams @ Denver Broncos,ANYTIME_TD,Konata Mumpfield,,,,,0.1053,false,6
2026-09-27T17:20:32.351Z,2026-09-27,2026-09-28T00:20:00Z,Los Angeles Rams @ Denver Broncos,ANYTIME_TD,Tyler Higbee,,,,,0.1176,false,4
2026-09-27T17:20:32.351Z,2026-09-27,2026-09-28T00:20:00Z,Los Angeles Rams @ Denver Broncos,ANYTIME_TD,Marvin Mims Jr.,,,,,0.1,false,6
2026-09-27T17:20:32.351Z,2026-09-27,2026-09-28T00:20:00Z,Los Angeles Rams @ Denver Broncos,ANYTIME_TD,Xavier Smith,,,,,0.0769,false,6
2026-09-27T17:20:32.351Z,2026-09-27,2026-09-28T00:20:00Z,Los Angeles Rams @ Denver Broncos,ANYTIME_TD,Davis Allen,,,,,0.0667,false,6
2026-09-27T17:20:32.351Z,2026-09-27,2026-09-28T00:20:00Z,Los Angeles Rams @ Denver Broncos,ANYTIME_TD,Nate Adkins,,,,,0.0476,false,6
2026-09-27T17:20:32.351Z,2026-09-27,2026-09-28T00:20:00Z,Los Angeles Rams @ Denver Broncos,ANYTIME_TD,Matthew Stafford,,,,,0.0385,false,6
2026-09-27T17:20:32.351Z,2026-09-27,2026-09-28T00:20:00Z,Los Angeles Rams @ Denver Broncos,ANYTIME_TD,Kolbe Katsis,,,,,0.0476,false,3
2026-09-27T17:20:32.351Z,2026-09-27,2026-09-28T00:20:00Z,Los Angeles Rams @ Denver Broncos,ANYTIME_TD,Dean Connors,,,,,0.0345,false,4
2026-09-27T17:20:32.351Z,2026-09-27,2026-09-28T00:20:00Z,Los Angeles Rams @ Denver Broncos,ANYTIME_TD,Max Klare,,,,,0.0278,false,5
2026-09-27T18:01:41.474Z,2026-09-27,2026-09-27T17:02:37Z,Cincinnati Bengals @ Pittsburgh Steelers,QB_PASS_YARDS,Aaron Rodgers,292.5,-114,-114,,,,5
2026-09-27T18:01:41.474Z,2026-09-27,2026-09-27T17:02:37Z,Cincinnati Bengals @ Pittsburgh Steelers,QB_PASS_YARDS,Joe Burrow,289.5,-114,-114,,,,5
2026-09-27T18:01:41.474Z,2026-09-27,2026-09-27T17:02:37Z,Cincinnati Bengals @ Pittsburgh Steelers,RB_RUSH_YARDS,Jaylen Warren,87.5,-114,-114,,,,5
2026-09-27T18:01:41.474Z,2026-09-27,2026-09-27T17:02:37Z,Cincinnati Bengals @ Pittsburgh Steelers,RB_RUSH_YARDS,Chase Brown,50.5,-112,-118,,,,5
2026-09-27T18:01:41.474Z,2026-09-27,2026-09-27T17:02:37Z,Cincinnati Bengals @ Pittsburgh Steelers,RB_RUSH_YARDS,Samaje Perine,16.5,-115,-108,,,,4
2026-09-27T18:01:41.474Z,2026-09-27,2026-09-27T17:02:37Z,Cincinnati Bengals @ Pittsburgh Steelers,RB_RUSH_YARDS,Joe Burrow,3.5,-125,-105,,,,3
2026-09-27T18:01:41.474Z,2026-09-27,2026-09-27T17:02:37Z,Cincinnati Bengals @ Pittsburgh Steelers,RB_RUSH_YARDS,Aaron Rodgers,0.5,170,-210,,,,3
2026-09-27T18:01:41.474Z,2026-09-27,2026-09-27T17:02:37Z,Cincinnati Bengals @ Pittsburgh Steelers,WR_REC_YARDS,Ja'Marr Chase,98.5,-121,-118,,,,4
2026-09-27T18:01:41.474Z,2026-09-27,2026-09-27T17:02:37Z,Cincinnati Bengals @ Pittsburgh Steelers,WR_REC_YARDS,Roman Wilson,76.5,-111,-120,,,,4
2026-09-27T18:01:41.474Z,2026-09-27,2026-09-27T17:02:37Z,Cincinnati Bengals @ Pittsburgh Steelers,WR_REC_YARDS,Tee Higgins,52.5,-114,-114,,,,4
2026-09-27T18:01:41.474Z,2026-09-27,2026-09-27T17:02:37Z,Cincinnati Bengals @ Pittsburgh Steelers,WR_REC_YARDS,Jaylen Warren,44.5,-118,-110,,,,5
2026-09-27T18:01:41.474Z,2026-09-27,2026-09-27T17:02:37Z,Cincinnati Bengals @ Pittsburgh Steelers,WR_REC_YARDS,DK Metcalf,41.5,-120,-111,,,,5
2026-09-27T18:01:41.474Z,2026-09-27,2026-09-27T17:02:37Z,Cincinnati Bengals @ Pittsburgh Steelers,WR_REC_YARDS,Darnell Washington,27.5,-120,-110,,,,4
2026-09-27T18:01:41.474Z,2026-09-27,2026-09-27T17:02:37Z,Cincinnati Bengals @ Pittsburgh Steelers,WR_REC_YARDS,Michael Pittman Jr.,23.5,-114,-115,,,,4
2026-09-27T18:01:41.474Z,2026-09-27,2026-09-27T17:02:37Z,Cincinnati Bengals @ Pittsburgh Steelers,WR_REC_YARDS,Pat Freiermuth,21.5,-114,-114,,,,5
2026-09-27T18:01:41.474Z,2026-09-27,2026-09-27T17:02:37Z,Cincinnati Bengals @ Pittsburgh Steelers,WR_REC_YARDS,Chase Brown,16.5,-112,-118,,,,3
2026-09-27T18:01:41.474Z,2026-09-27,2026-09-27T17:02:37Z,Cincinnati Bengals @ Pittsburgh Steelers,WR_REC_YARDS,Samaje Perine,10.5,-108,-115,,,,4
2026-09-27T18:01:41.474Z,2026-09-27,2026-09-27T17:02:37Z,Cincinnati Bengals @ Pittsburgh Steelers,WR_REC_YARDS,Drew Sample,5.5,-120,-111,,,,3
2026-09-27T18:01:41.474Z,2026-09-27,2026-09-27T17:02:37Z,Cincinnati Bengals @ Pittsburgh Steelers,ANYTIME_TD,Chase Brown,,,,,0.3922,false,5
2026-09-27T18:01:41.474Z,2026-09-27,2026-09-27T17:02:37Z,Cincinnati Bengals @ Pittsburgh Steelers,ANYTIME_TD,Jaylen Warren,,,,,0.3333,false,5
2026-09-27T18:01:41.474Z,2026-09-27,2026-09-27T17:02:37Z,Cincinnati Bengals @ Pittsburgh Steelers,ANYTIME_TD,Tee Higgins,,,,,0.303,false,5
2026-09-27T18:01:41.474Z,2026-09-27,2026-09-27T17:02:37Z,Cincinnati Bengals @ Pittsburgh Steelers,ANYTIME_TD,DK Metcalf,,,,,0.2381,false,5
2026-09-27T18:01:41.474Z,2026-09-27,2026-09-27T17:02:37Z,Cincinnati Bengals @ Pittsburgh Steelers,ANYTIME_TD,Pat Freiermuth,,,,,0.1667,false,5
2026-09-27T18:01:41.474Z,2026-09-27,2026-09-27T17:02:37Z,Cincinnati Bengals @ Pittsburgh Steelers,ANYTIME_TD,Michael Pittman Jr.,,,,,0.1333,false,5
2026-09-27T18:01:41.474Z,2026-09-27,2026-09-27T17:02:37Z,Cincinnati Bengals @ Pittsburgh Steelers,ANYTIME_TD,Pittsburgh Steelers D/ST,,,,,0.1143,false,3
2026-09-27T18:01:41.474Z,2026-09-27,2026-09-27T17:02:37Z,Cincinnati Bengals @ Pittsburgh Steelers,ANYTIME_TD,Samaje Perine,,,,,0.1176,false,5
2026-09-27T18:01:41.474Z,2026-09-27,2026-09-27T17:02:37Z,Cincinnati Bengals @ Pittsburgh Steelers,ANYTIME_TD,Dohnte Meyers,,,,,0.1,false,5
2026-09-27T18:01:41.474Z,2026-09-27,2026-09-27T17:02:37Z,Cincinnati Bengals @ Pittsburgh Steelers,ANYTIME_TD,Cincinnati Bengals D/ST,,,,,0.1,false,3
2026-09-27T18:01:41.474Z,2026-09-27,2026-09-27T17:02:37Z,Cincinnati Bengals @ Pittsburgh Steelers,ANYTIME_TD,Travis Homer,,,,,0.0833,false,5
2026-09-27T18:01:41.474Z,2026-09-27,2026-09-27T17:02:37Z,Cincinnati Bengals @ Pittsburgh Steelers,ANYTIME_TD,Joe Burrow,,,,,0.0909,false,5
2026-09-27T18:01:41.474Z,2026-09-27,2026-09-27T17:02:37Z,Cincinnati Bengals @ Pittsburgh Steelers,ANYTIME_TD,Darnell Washington,,,,,0.0833,false,5
2026-09-27T18:01:41.474Z,2026-09-27,2026-09-27T17:02:37Z,Cincinnati Bengals @ Pittsburgh Steelers,ANYTIME_TD,Drew Sample,,,,,0.0833,false,5
2026-09-27T18:01:41.474Z,2026-09-27,2026-09-27T17:02:37Z,Cincinnati Bengals @ Pittsburgh Steelers,ANYTIME_TD,Erick All,,,,,0.0714,false,5
2026-09-27T18:01:41.474Z,2026-09-27,2026-09-27T17:02:37Z,Cincinnati Bengals @ Pittsburgh Steelers,ANYTIME_TD,Germie Bernard,,,,,0.0513,false,5
2026-09-27T18:01:41.474Z,2026-09-27,2026-09-27T17:02:37Z,Cincinnati Bengals @ Pittsburgh Steelers,ANYTIME_TD,Lew Nichols,,,,,0.05,false,5
2026-09-27T18:01:41.474Z,2026-09-27,2026-09-27T17:02:37Z,Cincinnati Bengals @ Pittsburgh Steelers,ANYTIME_TD,Aaron Rodgers,,,,,0.05,false,5
2026-09-27T18:01:41.474Z,2026-09-27,2026-09-27T17:02:37Z,Cincinnati Bengals @ Pittsburgh Steelers,ANYTIME_TD,Tanner Hudson,,,,,0.0357,false,4
2026-09-27T18:01:41.474Z,2026-09-27,2026-09-27T17:02:37Z,Cincinnati Bengals @ Pittsburgh Steelers,ANYTIME_TD,Ke'Shawn Williams,,,,,0.0476,false,5
2026-09-27T18:01:41.474Z,2026-09-27,2026-09-27T17:02:37Z,Cincinnati Bengals @ Pittsburgh Steelers,ANYTIME_TD,Tahj Brooks,,,,,0.0278,false,5
2026-09-27T18:01:41.474Z,2026-09-27,2026-09-27T17:02:37Z,Cincinnati Bengals @ Pittsburgh Steelers,ANYTIME_TD,Kaden Wetjen,,,,,0.0278,false,5
2026-09-27T18:01:41.474Z,2026-09-27,2026-09-27T17:02:37Z,Cincinnati Bengals @ Pittsburgh Steelers,ANYTIME_TD,Robert Tonyan,,,,,0.0217,false,4
2026-09-27T18:01:41.474Z,2026-09-27,2026-09-27T17:02:37Z,Cincinnati Bengals @ Pittsburgh Steelers,ANYTIME_TD,Mike Gesicki,,,,,0.1429,false,2
2026-09-27T18:01:41.474Z,2026-09-27,2026-09-27T17:02:37Z,Cincinnati Bengals @ Pittsburgh Steelers,ANYTIME_TD,Pittsburgh Steelers Defense,,,,,0.0909,false,1
2026-09-27T18:01:41.474Z,2026-09-27,2026-09-27T17:02:37Z,Cincinnati Bengals @ Pittsburgh Steelers,ANYTIME_TD,Cincinnati Bengals Defense,,,,,0.0769,false,1
2026-09-27T18:01:41.474Z,2026-09-27,2026-09-27T17:02:37Z,Cincinnati Bengals @ Pittsburgh Steelers,ANYTIME_TD,Colbie Young,,,,,0.0588,false,1
2026-09-27T18:01:41.474Z,2026-09-27,2026-09-27T17:02:38Z,Kansas City Chiefs @ Miami Dolphins,QB_PASS_YARDS,Patrick Mahomes,270.5,-114,-118,,,,3
2026-09-27T18:01:41.474Z,2026-09-27,2026-09-27T17:02:38Z,Kansas City Chiefs @ Miami Dolphins,QB_PASS_YARDS,Malik Willis,205.5,-115,-115,,,,4
2026-09-27T18:01:41.474Z,2026-09-27,2026-09-27T17:02:38Z,Kansas City Chiefs @ Miami Dolphins,RB_RUSH_YARDS,Kenneth Walker III,77.5,-115,-120,,,,5
2026-09-27T18:01:41.474Z,2026-09-27,2026-09-27T17:02:38Z,Kansas City Chiefs @ Miami Dolphins,RB_RUSH_YARDS,Malik Willis,37.5,-110,-120,,,,4
2026-09-27T18:01:41.474Z,2026-09-27,2026-09-27T17:02:38Z,Kansas City Chiefs @ Miami Dolphins,RB_RUSH_YARDS,Emmett Johnson,21.5,-120,-110,,,,3
2026-09-27T18:01:41.474Z,2026-09-27,2026-09-27T17:02:38Z,Kansas City Chiefs @ Miami Dolphins,RB_RUSH_YARDS,Patrick Mahomes,6.5,-120,-110,,,,4
2026-09-27T18:01:41.474Z,2026-09-27,2026-09-27T17:02:38Z,Kansas City Chiefs @ Miami Dolphins,RB_RUSH_YARDS,Ollie Gordon II,49.5,-112,-118,,,,1
2026-09-27T18:01:41.474Z,2026-09-27,2026-09-27T17:02:38Z,Kansas City Chiefs @ Miami Dolphins,WR_REC_YARDS,Travis Kelce,76.5,-112,-118,,,,5
2026-09-27T18:01:41.474Z,2026-09-27,2026-09-27T17:02:38Z,Kansas City Chiefs @ Miami Dolphins,WR_REC_YARDS,Chris Bell,28.5,-115,-115,,,,4
2026-09-27T18:01:41.474Z,2026-09-27,2026-09-27T17:02:38Z,Kansas City Chiefs @ Miami Dolphins,WR_REC_YARDS,Malik Washington,72.5,-115,-112,,,,5
2026-09-27T18:01:41.474Z,2026-09-27,2026-09-27T17:02:38Z,Kansas City Chiefs @ Miami Dolphins,WR_REC_YARDS,Rashee Rice,46.5,-115,-118,,,,5
2026-09-27T18:01:41.474Z,2026-09-27,2026-09-27T17:02:38Z,Kansas City Chiefs @ Miami Dolphins,WR_REC_YARDS,Xavier Worthy,37.5,-114,-114,,,,5
2026-09-27T18:01:41.474Z,2026-09-27,2026-09-27T17:02:38Z,Kansas City Chiefs @ Miami Dolphins,WR_REC_YARDS,Tyquan Thornton,30.5,-115,-115,,,,4
2026-09-27T18:01:41.474Z,2026-09-27,2026-09-27T17:02:38Z,Kansas City Chiefs @ Miami Dolphins,WR_REC_YARDS,Greg Dulcich,26.5,-120,-110,,,,5
2026-09-27T18:01:41.474Z,2026-09-27,2026-09-27T17:02:38Z,Kansas City Chiefs @ Miami Dolphins,WR_REC_YARDS,Kenneth Walker III,16.5,-114,-115,,,,5
2026-09-27T18:01:41.474Z,2026-09-27,2026-09-27T17:02:38Z,Kansas City Chiefs @ Miami Dolphins,WR_REC_YARDS,Kevin Coleman Jr.,11.5,-115,-110,,,,4
2026-09-27T18:01:41.474Z,2026-09-27,2026-09-27T17:02:38Z,Kansas City Chiefs @ Miami Dolphins,WR_REC_YARDS,Emmett Johnson,3.5,-115,-115,,,,3
2026-09-27T18:01:41.474Z,2026-09-27,2026-09-27T17:02:38Z,Kansas City Chiefs @ Miami Dolphins,ANYTIME_TD,Rashee Rice,,,,,0.2439,false,5
2026-09-27T18:01:41.474Z,2026-09-27,2026-09-27T17:02:38Z,Kansas City Chiefs @ Miami Dolphins,ANYTIME_TD,Travis Kelce,,,,,0.25,false,5
2026-09-27T18:01:41.474Z,2026-09-27,2026-09-27T17:02:38Z,Kansas City Chiefs @ Miami Dolphins,ANYTIME_TD,Xavier Worthy,,,,,0.2041,false,5
2026-09-27T18:01:41.474Z,2026-09-27,2026-09-27T17:02:38Z,Kansas City Chiefs @ Miami Dolphins,ANYTIME_TD,Malik Willis,,,,,0.1887,false,5
2026-09-27T18:01:41.474Z,2026-09-27,2026-09-27T17:02:38Z,Kansas City Chiefs @ Miami Dolphins,ANYTIME_TD,Malik Washington,,,,,0.1905,false,5
2026-09-27T18:01:41.474Z,2026-09-27,2026-09-27T17:02:38Z,Kansas City Chiefs @ Miami Dolphins,ANYTIME_TD,Emmett Johnson,,,,,0.1667,false,5
2026-09-27T18:01:41.474Z,2026-09-27,2026-09-27T17:02:38Z,Kansas City Chiefs @ Miami Dolphins,ANYTIME_TD,Greg Dulcich,,,,,0.1481,false,5
2026-09-27T18:01:41.474Z,2026-09-27,2026-09-27T17:02:38Z,Kansas City Chiefs @ Miami Dolphins,ANYTIME_TD,Patrick Mahomes,,,,,0.1333,false,5
2026-09-27T18:01:41.474Z,2026-09-27,2026-09-27T17:02:38Z,Kansas City Chiefs @ Miami Dolphins,ANYTIME_TD,Chris Bell,,,,,0.1176,false,4
2026-09-27T18:01:41.474Z,2026-09-27,2026-09-27T17:02:38Z,Kansas City Chiefs @ Miami Dolphins,ANYTIME_TD,Tyquan Thornton,,,,,0.1111,false,5
2026-09-27T18:01:41.474Z,2026-09-27,2026-09-27T17:02:38Z,Kansas City Chiefs @ Miami Dolphins,ANYTIME_TD,Kansas City Chiefs D/ST,,,,,0.1111,false,3
2026-09-27T18:01:41.474Z,2026-09-27,2026-09-27T17:02:38Z,Kansas City Chiefs @ Miami Dolphins,ANYTIME_TD,Kevin Coleman Jr.,,,,,0.0769,false,5
2026-09-27T18:01:41.474Z,2026-09-27,2026-09-27T17:02:38Z,Kansas City Chiefs @ Miami Dolphins,ANYTIME_TD,Noah Gray,,,,,0.0714,false,5
2026-09-27T18:01:41.474Z,2026-09-27,2026-09-27T17:02:38Z,Kansas City Chiefs @ Miami Dolphins,ANYTIME_TD,Miami Dolphins D/ST,,,,,0.0714,false,3
2026-09-27T18:01:41.474Z,2026-09-27,2026-09-27T17:02:38Z,Kansas City Chiefs @ Miami Dolphins,ANYTIME_TD,Will Kacmarek,,,,,0.0588,false,5
2026-09-27T18:01:41.474Z,2026-09-27,2026-09-27T17:02:38Z,Kansas City Chiefs @ Miami Dolphins,ANYTIME_TD,DJ Herman,,,,,0.0141,false,4
2026-09-27T18:01:41.474Z,2026-09-27,2026-09-27T17:02:38Z,Kansas City Chiefs @ Miami Dolphins,ANYTIME_TD,Jalen Royals,,,,,0.0385,false,5
2026-09-27T18:01:41.474Z,2026-09-27,2026-09-27T17:02:38Z,Kansas City Chiefs @ Miami Dolphins,ANYTIME_TD,Brashard Smith,,,,,0.0345,false,5
2026-09-27T18:01:41.474Z,2026-09-27,2026-09-27T17:02:38Z,Kansas City Chiefs @ Miami Dolphins,ANYTIME_TD,Nikko Remigio,,,,,0.0244,false,5
2026-09-27T18:01:41.474Z,2026-09-27,2026-09-27T17:02:38Z,Kansas City Chiefs @ Miami Dolphins,ANYTIME_TD,Jake Briningstool,,,,,0.0357,false,5
2026-09-27T18:01:41.474Z,2026-09-27,2026-09-27T17:02:38Z,Kansas City Chiefs @ Miami Dolphins,ANYTIME_TD,Jalen Tolbert,,,,,0.0345,false,5
2026-09-27T18:01:41.474Z,2026-09-27,2026-09-27T17:02:38Z,Kansas City Chiefs @ Miami Dolphins,ANYTIME_TD,Ryan Miller,,,,,0.0345,false,5
2026-09-27T18:01:41.474Z,2026-09-27,2026-09-27T17:02:38Z,Kansas City Chiefs @ Miami Dolphins,ANYTIME_TD,Cyrus Allen,,,,,0.0278,false,5
2026-09-27T18:01:41.474Z,2026-09-27,2026-09-27T17:02:38Z,Kansas City Chiefs @ Miami Dolphins,ANYTIME_TD,Seydou Traore,,,,,0.0196,false,5
2026-09-27T18:01:41.474Z,2026-09-27,2026-09-27T17:02:38Z,Kansas City Chiefs @ Miami Dolphins,ANYTIME_TD,Justin Joly,,,,,0.0164,false,5
2026-09-27T18:01:41.474Z,2026-09-27,2026-09-27T17:02:38Z,Kansas City Chiefs @ Miami Dolphins,ANYTIME_TD,Ben VanSumeren,,,,,0.011,false,4
2026-09-27T18:01:41.474Z,2026-09-27,2026-09-27T17:02:38Z,Kansas City Chiefs @ Miami Dolphins,ANYTIME_TD,Kansas City Chiefs Defense,,,,,0.1053,false,1
2026-09-27T18:01:41.474Z,2026-09-27,2026-09-27T17:02:38Z,Kansas City Chiefs @ Miami Dolphins,ANYTIME_TD,Miami Dolphins Defense,,,,,0.0909,false,1
2026-09-27T18:01:41.474Z,2026-09-27,2026-09-27T17:02:40Z,New England Patriots @ Jacksonville Jaguars,QB_PASS_YARDS,Drake Maye,213.5,-114,-114,,,,5
2026-09-27T18:01:41.474Z,2026-09-27,2026-09-27T17:02:40Z,New England Patriots @ Jacksonville Jaguars,QB_PASS_YARDS,Trevor Lawrence,195.5,-115,-115,,,,3
2026-09-27T18:01:41.474Z,2026-09-27,2026-09-27T17:02:40Z,New England Patriots @ Jacksonville Jaguars,RB_RUSH_YARDS,TreVeyon Henderson,36.5,-120,-110,,,,5
2026-09-27T18:01:41.474Z,2026-09-27,2026-09-27T17:02:40Z,New England Patriots @ Jacksonville Jaguars,RB_RUSH_YARDS,Drake Maye,25.5,-118,-110,,,,5
2026-09-27T18:01:41.474Z,2026-09-27,2026-09-27T17:02:40Z,New England Patriots @ Jacksonville Jaguars,RB_RUSH_YARDS,Rhamondre Stevenson,25.5,-120,-110,,,,4
2026-09-27T18:01:41.474Z,2026-09-27,2026-09-27T17:02:40Z,New England Patriots @ Jacksonville Jaguars,RB_RUSH_YARDS,Chris Rodriguez Jr.,22.5,-120,-110,,,,3
2026-09-27T18:01:41.474Z,2026-09-27,2026-09-27T17:02:40Z,New England Patriots @ Jacksonville Jaguars,RB_RUSH_YARDS,Trevor Lawrence,16.5,-115,-115,,,,3
2026-09-27T18:01:41.474Z,2026-09-27,2026-09-27T17:02:40Z,New England Patriots @ Jacksonville Jaguars,RB_RUSH_YARDS,Bhayshul Tuten,65.5,-127,-117,,,,2
2026-09-27T18:01:41.474Z,2026-09-27,2026-09-27T17:02:40Z,New England Patriots @ Jacksonville Jaguars,WR_REC_YARDS,Mack Hollins,74.5,-115,-115,,,,5
2026-09-27T18:01:41.474Z,2026-09-27,2026-09-27T17:02:40Z,New England Patriots @ Jacksonville Jaguars,WR_REC_YARDS,Parker Washington,62.5,-120,-110,,,,3
2026-09-27T18:01:41.474Z,2026-09-27,2026-09-27T17:02:40Z,New England Patriots @ Jacksonville Jaguars,WR_REC_YARDS,Romeo Doubs,36.5,-110,-111,,,,5
2026-09-27T18:01:41.474Z,2026-09-27,2026-09-27T17:02:40Z,New England Patriots @ Jacksonville Jaguars,WR_REC_YARDS,Hunter Henry,29.5,-114,-110,,,,5
2026-09-27T18:01:41.474Z,2026-09-27,2026-09-27T17:02:40Z,New England Patriots @ Jacksonville Jaguars,WR_REC_YARDS,Brenton Strange,25.5,-114,-115,,,,3
2026-09-27T18:01:41.474Z,2026-09-27,2026-09-27T17:02:40Z,New England Patriots @ Jacksonville Jaguars,WR_REC_YARDS,Brian Thomas Jr,24.5,-120,-115,,,,2
2026-09-27T18:01:41.474Z,2026-09-27,2026-09-27T17:02:40Z,New England Patriots @ Jacksonville Jaguars,WR_REC_YARDS,Jakobi Meyers,24.5,-115,-115,,,,3
2026-09-27T18:01:41.474Z,2026-09-27,2026-09-27T17:02:40Z,New England Patriots @ Jacksonville Jaguars,WR_REC_YARDS,DeMario Douglas,20.5,-115,-115,,,,3
2026-09-27T18:01:41.474Z,2026-09-27,2026-09-27T17:02:40Z,New England Patriots @ Jacksonville Jaguars,WR_REC_YARDS,TreVeyon Henderson,12.5,-110,-115,,,,4
2026-09-27T18:01:41.474Z,2026-09-27,2026-09-27T17:02:40Z,New England Patriots @ Jacksonville Jaguars,WR_REC_YARDS,Rhamondre Stevenson,12.5,-110,-110,,,,4
2026-09-27T18:01:41.474Z,2026-09-27,2026-09-27T17:02:40Z,New England Patriots @ Jacksonville Jaguars,WR_REC_YARDS,Bhayshul Tuten,6.5,-110,-125,,,,2
2026-09-27T18:01:41.474Z,2026-09-27,2026-09-27T17:02:40Z,New England Patriots @ Jacksonville Jaguars,WR_REC_YARDS,Kyle Williams,3.5,-115,-115,,,,2
2026-09-27T18:01:41.474Z,2026-09-27,2026-09-27T17:02:40Z,New England Patriots @ Jacksonville Jaguars,WR_REC_YARDS,Travis Hunter,0.5,150,-200,,,,2
2026-09-27T18:01:41.474Z,2026-09-27,2026-09-27T17:02:40Z,New England Patriots @ Jacksonville Jaguars,ANYTIME_TD,Rhamondre Stevenson,,,,,0.3077,false,5
2026-09-27T18:01:41.474Z,2026-09-27,2026-09-27T17:02:40Z,New England Patriots @ Jacksonville Jaguars,ANYTIME_TD,Bhayshul Tuten,,,,,0.3125,false,5
2026-09-27T18:01:41.474Z,2026-09-27,2026-09-27T17:02:40Z,New England Patriots @ Jacksonville Jaguars,ANYTIME_TD,Parker Washington,,,,,0.2703,false,5
2026-09-27T18:01:41.474Z,2026-09-27,2026-09-27T17:02:40Z,New England Patriots @ Jacksonville Jaguars,ANYTIME_TD,TreVeyon Henderson,,,,,0.25,false,5
2026-09-27T18:01:41.474Z,2026-09-27,2026-09-27T17:02:40Z,New England Patriots @ Jacksonville Jaguars,ANYTIME_TD,Hunter Henry,,,,,0.2273,false,5
2026-09-27T18:01:41.474Z,2026-09-27,2026-09-27T17:02:40Z,New England Patriots @ Jacksonville Jaguars,ANYTIME_TD,Chris Rodriguez Jr.,,,,,0.2,false,5
2026-09-27T18:01:41.474Z,2026-09-27,2026-09-27T17:02:40Z,New England Patriots @ Jacksonville Jaguars,ANYTIME_TD,Romeo Doubs,,,,,0.1923,false,5
2026-09-27T18:01:41.474Z,2026-09-27,2026-09-27T17:02:40Z,New England Patriots @ Jacksonville Jaguars,ANYTIME_TD,Jakobi Meyers,,,,,0.1818,false,5
2026-09-27T18:01:41.474Z,2026-09-27,2026-09-27T17:02:40Z,New England Patriots @ Jacksonville Jaguars,ANYTIME_TD,Trevor Lawrence,,,,,0.1739,false,5
2026-09-27T18:01:41.474Z,2026-09-27,2026-09-27T17:02:40Z,New England Patriots @ Jacksonville Jaguars,ANYTIME_TD,Mack Hollins,,,,,0.1786,false,5
2026-09-27T18:01:41.474Z,2026-09-27,2026-09-27T17:02:40Z,New England Patriots @ Jacksonville Jaguars,ANYTIME_TD,Brian Thomas Jr,,,,,0.1724,false,5
2026-09-27T18:01:41.474Z,2026-09-27,2026-09-27T17:02:40Z,New England Patriots @ Jacksonville Jaguars,ANYTIME_TD,Drake Maye,,,,,0.1818,false,5
2026-09-27T18:01:41.474Z,2026-09-27,2026-09-27T17:02:40Z,New England Patriots @ Jacksonville Jaguars,ANYTIME_TD,Brenton Strange,,,,,0.1724,false,5
2026-09-27T18:01:41.474Z,2026-09-27,2026-09-27T17:02:40Z,New England Patriots @ Jacksonville Jaguars,ANYTIME_TD,DeMario Douglas,,,,,0.1333,false,5
2026-09-27T18:01:41.474Z,2026-09-27,2026-09-27T17:02:40Z,New England Patriots @ Jacksonville Jaguars,ANYTIME_TD,Jacksonville Jaguars D/ST,,,,,0.0833,false,3
2026-09-27T18:01:41.474Z,2026-09-27,2026-09-27T17:02:40Z,New England Patriots @ Jacksonville Jaguars,ANYTIME_TD,New England Patriots D/ST,,,,,0.0769,false,3
2026-09-27T18:01:41.474Z,2026-09-27,2026-09-27T17:02:40Z,New England Patriots @ Jacksonville Jaguars,ANYTIME_TD,Ameer Abdullah,,,,,0.0667,false,5
2026-09-27T18:01:41.474Z,2026-09-27,2026-09-27T17:02:40Z,New England Patriots @ Jacksonville Jaguars,ANYTIME_TD,Kyle Williams,,,,,0.0714,false,5
2026-09-27T18:01:41.474Z,2026-09-27,2026-09-27T17:02:40Z,New England Patriots @ Jacksonville Jaguars,ANYTIME_TD,Nate Boerkircher,,,,,0.0625,false,5
2026-09-27T18:01:41.474Z,2026-09-27,2026-09-27T17:02:40Z,New England Patriots @ Jacksonville Jaguars,ANYTIME_TD,Travis Hunter,,,,,0.0556,false,5
2026-09-27T18:01:41.474Z,2026-09-27,2026-09-27T17:02:40Z,New England Patriots @ Jacksonville Jaguars,ANYTIME_TD,LeQuint Allen Jr.,,,,,0.05,false,5
2026-09-27T18:01:41.474Z,2026-09-27,2026-09-27T17:02:40Z,New England Patriots @ Jacksonville Jaguars,ANYTIME_TD,Efton Chism III,,,,,0.0345,false,5
2026-09-27T18:01:41.474Z,2026-09-27,2026-09-27T17:02:40Z,New England Patriots @ Jacksonville Jaguars,ANYTIME_TD,Quintin Morris,,,,,0.0385,false,5
2026-09-27T18:01:41.474Z,2026-09-27,2026-09-27T17:02:40Z,New England Patriots @ Jacksonville Jaguars,ANYTIME_TD,Tanner Koziol,,,,,0.0278,false,4
2026-09-27T18:01:41.474Z,2026-09-27,2026-09-27T17:02:40Z,New England Patriots @ Jacksonville Jaguars,ANYTIME_TD,Corey Kiner,,,,,0.0345,false,5
2026-09-27T18:01:41.474Z,2026-09-27,2026-09-27T17:02:40Z,New England Patriots @ Jacksonville Jaguars,ANYTIME_TD,Tanner Arkin,,,,,0.0323,false,4
2026-09-27T18:01:41.474Z,2026-09-27,2026-09-27T17:02:40Z,New England Patriots @ Jacksonville Jaguars,ANYTIME_TD,Reggie Gilliam,,,,,0.0278,false,5
2026-09-27T18:01:41.474Z,2026-09-27,2026-09-27T17:02:40Z,New England Patriots @ Jacksonville Jaguars,ANYTIME_TD,Jacksonville Jaguars Defense,,,,,0.0909,false,1
2026-09-27T18:01:41.474Z,2026-09-27,2026-09-27T17:02:40Z,New England Patriots @ Jacksonville Jaguars,ANYTIME_TD,New England Patriots Defense,,,,,0.0833,false,1
2026-09-27T18:01:41.474Z,2026-09-27,2026-09-27T17:02:48Z,New York Jets @ Detroit Lions,QB_PASS_YARDS,Jared Goff,249.5,-115,-115,,,,4
2026-09-27T18:01:41.474Z,2026-09-27,2026-09-27T17:02:48Z,New York Jets @ Detroit Lions,QB_PASS_YARDS,Geno Smith,243.5,-114,-114,,,,5
2026-09-27T18:01:41.474Z,2026-09-27,2026-09-27T17:02:48Z,New York Jets @ Detroit Lions,RB_RUSH_YARDS,Jahmyr Gibbs,78.5,-115,-115,,,,5
2026-09-27T18:01:41.474Z,2026-09-27,2026-09-27T17:02:48Z,New York Jets @ Detroit Lions,RB_RUSH_YARDS,Breece Hall,40.5,-115,-111,,,,5
2026-09-27T18:01:41.474Z,2026-09-27,2026-09-27T17:02:48Z,New York Jets @ Detroit Lions,RB_RUSH_YARDS,Sione Vaki,23.5,-105,-130,,,,1
2026-09-27T18:01:41.474Z,2026-09-27,2026-09-27T17:02:48Z,New York Jets @ Detroit Lions,RB_RUSH_YARDS,Braelon Allen,6.5,-120,-110,,,,4
2026-09-27T18:01:41.474Z,2026-09-27,2026-09-27T17:02:48Z,New York Jets @ Detroit Lions,RB_RUSH_YARDS,Geno Smith,6.5,-108,-122,,,,3
2026-09-27T18:01:41.474Z,2026-09-27,2026-09-27T17:02:48Z,New York Jets @ Detroit Lions,RB_RUSH_YARDS,Jared Goff,-0.5,-205,150,,,,1
2026-09-27T18:01:41.474Z,2026-09-27,2026-09-27T17:02:48Z,New York Jets @ Detroit Lions,WR_REC_YARDS,Amon-Ra St. Brown,58.5,-114,-114,,,,4
2026-09-27T18:01:41.474Z,2026-09-27,2026-09-27T17:02:48Z,New York Jets @ Detroit Lions,WR_REC_YARDS,Garrett Wilson,54.5,-110,-115,,,,5
2026-09-27T18:01:41.474Z,2026-09-27,2026-09-27T17:02:48Z,New York Jets @ Detroit Lions,WR_REC_YARDS,Jahmyr Gibbs,50.5,-110,-110,,,,5
2026-09-27T18:01:41.474Z,2026-09-27,2026-09-27T17:02:48Z,New York Jets @ Detroit Lions,WR_REC_YARDS,Jameson Williams,49.5,-112,-115,,,,5
2026-09-27T18:01:41.474Z,2026-09-27,2026-09-27T17:02:48Z,New York Jets @ Detroit Lions,WR_REC_YARDS,Kenyon Sadiq,44.5,-120,-110,,,,2
2026-09-27T18:01:41.474Z,2026-09-27,2026-09-27T17:02:48Z,New York Jets @ Detroit Lions,WR_REC_YARDS,Sam LaPorta,41.5,-114,-114,,,,5
2026-09-27T18:01:41.474Z,2026-09-27,2026-09-27T17:02:48Z,New York Jets @ Detroit Lions,WR_REC_YARDS,Jeremy Ruckert,32.5,-120,-115,,,,3
2026-09-27T18:01:41.474Z,2026-09-27,2026-09-27T17:02:48Z,New York Jets @ Detroit Lions,WR_REC_YARDS,Breece Hall,30.5,-115,-112,,,,5
2026-09-27T18:01:41.474Z,2026-09-27,2026-09-27T17:02:48Z,New York Jets @ Detroit Lions,WR_REC_YARDS,Isaac TeSlaa,18.5,-115,-115,,,,4
2026-09-27T18:01:41.474Z,2026-09-27,2026-09-27T17:02:48Z,New York Jets @ Detroit Lions,WR_REC_YARDS,Isaiah Williams,18.5,-115,-110,,,,5
2026-09-27T18:01:41.474Z,2026-09-27,2026-09-27T17:02:48Z,New York Jets @ Detroit Lions,WR_REC_YARDS,Braelon Allen,0.5,135,-175,,,,1
2026-09-27T18:01:41.474Z,2026-09-27,2026-09-27T17:02:48Z,New York Jets @ Detroit Lions,WR_REC_YARDS,Sione Vaki,0.5,155,-205,,,,1
2026-09-27T18:01:41.474Z,2026-09-27,2026-09-27T17:02:48Z,New York Jets @ Detroit Lions,ANYTIME_TD,Jahmyr Gibbs,,,,,0.6154,false,5
2026-09-27T18:01:41.474Z,2026-09-27,2026-09-27T17:02:48Z,New York Jets @ Detroit Lions,ANYTIME_TD,Amon-Ra St. Brown,,,,,0.3846,false,5
2026-09-27T18:01:41.474Z,2026-09-27,2026-09-27T17:02:48Z,New York Jets @ Detroit Lions,ANYTIME_TD,Jameson Williams,,,,,0.2778,false,5
2026-09-27T18:01:41.474Z,2026-09-27,2026-09-27T17:02:48Z,New York Jets @ Detroit Lions,ANYTIME_TD,Breece Hall,,,,,0.2941,false,5
2026-09-27T18:01:41.474Z,2026-09-27,2026-09-27T17:02:48Z,New York Jets @ Detroit Lions,ANYTIME_TD,Sam LaPorta,,,,,0.2703,false,5
2026-09-27T18:01:41.474Z,2026-09-27,2026-09-27T17:02:48Z,New York Jets @ Detroit Lions,ANYTIME_TD,Garrett Wilson,,,,,0.2381,false,5
2026-09-27T18:01:41.474Z,2026-09-27,2026-09-27T17:02:48Z,New York Jets @ Detroit Lions,ANYTIME_TD,Braelon Allen,,,,,0.1429,false,5
2026-09-27T18:01:41.474Z,2026-09-27,2026-09-27T17:02:48Z,New York Jets @ Detroit Lions,ANYTIME_TD,Isaac TeSlaa,,,,,0.125,false,5
2026-09-27T18:01:41.474Z,2026-09-27,2026-09-27T17:02:48Z,New York Jets @ Detroit Lions,ANYTIME_TD,Isaiah Williams,,,,,0.1176,false,5
2026-09-27T18:01:41.474Z,2026-09-27,2026-09-27T17:02:48Z,New York Jets @ Detroit Lions,ANYTIME_TD,Jeremy Ruckert,,,,,0.1,false,4
2026-09-27T18:01:41.474Z,2026-09-27,2026-09-27T17:02:48Z,New York Jets @ Detroit Lions,ANYTIME_TD,Detroit Lions D/ST,,,,,0.1,false,3
2026-09-27T18:01:41.474Z,2026-09-27,2026-09-27T17:02:48Z,New York Jets @ Detroit Lions,ANYTIME_TD,Sione Vaki,,,,,0.0909,false,5
2026-09-27T18:01:41.474Z,2026-09-27,2026-09-27T17:02:48Z,New York Jets @ Detroit Lions,ANYTIME_TD,Brock Wright,,,,,0.0476,false,5
2026-09-27T18:01:41.474Z,2026-09-27,2026-09-27T17:02:48Z,New York Jets @ Detroit Lions,ANYTIME_TD,New York Jets D/ST,,,,,0.0769,false,3
2026-09-27T18:01:41.474Z,2026-09-27,2026-09-27T17:02:48Z,New York Jets @ Detroit Lions,ANYTIME_TD,Sterling Shepard,,,,,0.0667,false,5
2026-09-27T18:01:41.474Z,2026-09-27,2026-09-27T17:02:48Z,New York Jets @ Detroit Lions,ANYTIME_TD,Geno Smith,,,,,0.0556,false,5
2026-09-27T18:01:41.474Z,2026-09-27,2026-09-27T17:02:48Z,New York Jets @ Detroit Lions,ANYTIME_TD,Jelani Woods,,,,,0.0476,false,5
2026-09-27T18:01:41.474Z,2026-09-27,2026-09-27T17:02:48Z,New York Jets @ Detroit Lions,ANYTIME_TD,Tom Kennedy,,,,,0.0435,false,4
2026-09-27T18:01:41.474Z,2026-09-27,2026-09-27T17:02:48Z,New York Jets @ Detroit Lions,ANYTIME_TD,Jared Goff,,,,,0.0357,false,5
2026-09-27T18:01:41.474Z,2026-09-27,2026-09-27T17:02:48Z,New York Jets @ Detroit Lions,ANYTIME_TD,Tay Martin,,,,,0.0244,false,5
2026-09-27T18:01:41.474Z,2026-09-27,2026-09-27T17:02:48Z,New York Jets @ Detroit Lions,ANYTIME_TD,Jackson Meeks,,,,,0.0345,false,4
2026-09-27T18:01:41.474Z,2026-09-27,2026-09-27T17:02:48Z,New York Jets @ Detroit Lions,ANYTIME_TD,Isaiah Davis,,,,,0.0278,false,4
2026-09-27T18:01:41.474Z,2026-09-27,2026-09-27T17:02:48Z,New York Jets @ Detroit Lions,ANYTIME_TD,Jamaal Pritchett,,,,,0.0278,false,4
2026-09-27T18:01:41.474Z,2026-09-27,2026-09-27T17:02:48Z,New York Jets @ Detroit Lions,ANYTIME_TD,Malik McClain,,,,,0.0278,false,5
2026-09-27T18:01:41.474Z,2026-09-27,2026-09-27T17:02:48Z,New York Jets @ Detroit Lions,ANYTIME_TD,Jacob Saylors,,,,,0.0217,false,5
2026-09-27T18:01:41.474Z,2026-09-27,2026-09-27T17:02:48Z,New York Jets @ Detroit Lions,ANYTIME_TD,Andrew Beck,,,,,0.0179,false,5
2026-09-27T18:01:41.474Z,2026-09-27,2026-09-27T17:02:48Z,New York Jets @ Detroit Lions,ANYTIME_TD,Detroit Lions Defense,,,,,0.0909,false,1
2026-09-27T18:01:41.474Z,2026-09-27,2026-09-27T17:02:48Z,New York Jets @ Detroit Lions,ANYTIME_TD,New York Jets Defense,,,,,0.0769,false,1
2026-09-27T18:01:41.474Z,2026-09-27,2026-09-27T17:02:53Z,Los Angeles Chargers @ Buffalo Bills,QB_PASS_YARDS,Josh Allen,211.5,-114,-114,,,,5
2026-09-27T18:01:41.474Z,2026-09-27,2026-09-27T17:02:53Z,Los Angeles Chargers @ Buffalo Bills,QB_PASS_YARDS,Justin Herbert,201.5,-115,-115,,,,5
2026-09-27T18:01:41.474Z,2026-09-27,2026-09-27T17:02:53Z,Los Angeles Chargers @ Buffalo Bills,RB_RUSH_YARDS,James Cook,87.5,-115,-115,,,,3
2026-09-27T18:01:41.474Z,2026-09-27,2026-09-27T17:02:53Z,Los Angeles Chargers @ Buffalo Bills,RB_RUSH_YARDS,Omarion Hampton,62.5,-120,-115,,,,4
2026-09-27T18:01:41.474Z,2026-09-27,2026-09-27T17:02:53Z,Los Angeles Chargers @ Buffalo Bills,RB_RUSH_YARDS,Josh Allen,23.5,-110,-110,,,,5
2026-09-27T18:01:41.474Z,2026-09-27,2026-09-27T17:02:53Z,Los Angeles Chargers @ Buffalo Bills,RB_RUSH_YARDS,Justin Herbert,24.5,-108,-122,,,,5
2026-09-27T18:01:41.474Z,2026-09-27,2026-09-27T17:02:53Z,Los Angeles Chargers @ Buffalo Bills,RB_RUSH_YARDS,Keaton Mitchell,17.5,-118,-127,,,,1
2026-09-27T18:01:41.474Z,2026-09-27,2026-09-27T17:02:53Z,Los Angeles Chargers @ Buffalo Bills,WR_REC_YARDS,Dalton Kincaid,55.5,-115,-118,,,,5
2026-09-27T18:01:41.474Z,2026-09-27,2026-09-27T17:02:53Z,Los Angeles Chargers @ Buffalo Bills,WR_REC_YARDS,DJ Moore,40.5,-115,-112,,,,4
2026-09-27T18:01:41.474Z,2026-09-27,2026-09-27T17:02:53Z,Los Angeles Chargers @ Buffalo Bills,WR_REC_YARDS,Ladd McConkey,41.5,-114,-111,,,,5
2026-09-27T18:01:41.474Z,2026-09-27,2026-09-27T17:02:53Z,Los Angeles Chargers @ Buffalo Bills,WR_REC_YARDS,Quentin Johnston,39.5,-120,-111,,,,4
2026-09-27T18:01:41.474Z,2026-09-27,2026-09-27T17:02:53Z,Los Angeles Chargers @ Buffalo Bills,WR_REC_YARDS,Khalil Shakir,27.5,-115,-112,,,,5
2026-09-27T18:01:41.474Z,2026-09-27,2026-09-27T17:02:53Z,Los Angeles Chargers @ Buffalo Bills,WR_REC_YARDS,Tre Harris,29.5,-114,-111,,,,4
2026-09-27T18:01:41.474Z,2026-09-27,2026-09-27T17:02:53Z,Los Angeles Chargers @ Buffalo Bills,WR_REC_YARDS,Oronde Gadsden II,20.5,-114,-111,,,,5
2026-09-27T18:01:41.474Z,2026-09-27,2026-09-27T17:02:53Z,Los Angeles Chargers @ Buffalo Bills,WR_REC_YARDS,Keon Coleman,9.5,-120,-115,,,,2
2026-09-27T18:01:41.474Z,2026-09-27,2026-09-27T17:02:53Z,Los Angeles Chargers @ Buffalo Bills,WR_REC_YARDS,James Cook,7.5,-110,-110,,,,4
2026-09-27T18:01:41.474Z,2026-09-27,2026-09-27T17:02:53Z,Los Angeles Chargers @ Buffalo Bills,WR_REC_YARDS,Omarion Hampton,4.5,-120,-110,,,,3
2026-09-27T18:01:41.474Z,2026-09-27,2026-09-27T17:02:53Z,Los Angeles Chargers @ Buffalo Bills,WR_REC_YARDS,Dawson Knox,4.5,-110,-110,,,,4
2026-09-27T18:01:41.474Z,2026-09-27,2026-09-27T17:02:53Z,Los Angeles Chargers @ Buffalo Bills,ANYTIME_TD,James Cook,,,,,0.3846,false,5
2026-09-27T18:01:41.474Z,2026-09-27,2026-09-27T17:02:53Z,Los Angeles Chargers @ Buffalo Bills,ANYTIME_TD,Josh Allen,,,,,0.3846,false,5
2026-09-27T18:01:41.474Z,2026-09-27,2026-09-27T17:02:53Z,Los Angeles Chargers @ Buffalo Bills,ANYTIME_TD,Omarion Hampton,,,,,0.4,false,5
2026-09-27T18:01:41.474Z,2026-09-27,2026-09-27T17:02:53Z,Los Angeles Chargers @ Buffalo Bills,ANYTIME_TD,Dalton Kincaid,,,,,0.2941,false,5
2026-09-27T18:01:41.474Z,2026-09-27,2026-09-27T17:02:53Z,Los Angeles Chargers @ Buffalo Bills,ANYTIME_TD,Khalil Shakir,,,,,0.2353,false,5
2026-09-27T18:01:41.474Z,2026-09-27,2026-09-27T17:02:53Z,Los Angeles Chargers @ Buffalo Bills,ANYTIME_TD,DJ Moore,,,,,0.2632,false,4
2026-09-27T18:01:41.474Z,2026-09-27,2026-09-27T17:02:53Z,Los Angeles Chargers @ Buffalo Bills,ANYTIME_TD,Ladd McConkey,,,,,0.1905,false,5
2026-09-27T18:01:41.474Z,2026-09-27,2026-09-27T17:02:53Z,Los Angeles Chargers @ Buffalo Bills,ANYTIME_TD,Keon Coleman,,,,,0.1333,false,5
2026-09-27T18:01:41.474Z,2026-09-27,2026-09-27T17:02:53Z,Los Angeles Chargers @ Buffalo Bills,ANYTIME_TD,Joshua Palmer,,,,,0.1053,false,5
2026-09-27T18:01:41.474Z,2026-09-27,2026-09-27T17:02:53Z,Los Angeles Chargers @ Buffalo Bills,ANYTIME_TD,Quentin Johnston,,,,,0.1667,false,5
2026-09-27T18:01:41.474Z,2026-09-27,2026-09-27T17:02:53Z,Los Angeles Chargers @ Buffalo Bills,ANYTIME_TD,Oronde Gadsden II,,,,,0.1538,false,5
2026-09-27T18:01:41.474Z,2026-09-27,2026-09-27T17:02:53Z,Los Angeles Chargers @ Buffalo Bills,ANYTIME_TD,Ty Johnson,,,,,0.1111,false,5
2026-09-27T18:01:41.474Z,2026-09-27,2026-09-27T17:02:53Z,Los Angeles Chargers @ Buffalo Bills,ANYTIME_TD,Dawson Knox,,,,,0.1053,false,5
2026-09-27T18:01:41.474Z,2026-09-27,2026-09-27T17:02:53Z,Los Angeles Chargers @ Buffalo Bills,ANYTIME_TD,Justin Herbert,,,,,0.1053,false,5
2026-09-27T18:01:41.474Z,2026-09-27,2026-09-27T17:02:53Z,Los Angeles Chargers @ Buffalo Bills,ANYTIME_TD,Tre Harris,,,,,0.1,false,5
2026-09-27T18:01:41.474Z,2026-09-27,2026-09-27T17:02:53Z,Los Angeles Chargers @ Buffalo Bills,ANYTIME_TD,Buffalo Bills D/ST,,,,,0.1,false,3
2026-09-27T18:01:41.474Z,2026-09-27,2026-09-27T17:02:53Z,Los Angeles Chargers @ Buffalo Bills,ANYTIME_TD,Los Angeles Chargers D/ST,,,,,0.0909,false,3
2026-09-27T18:01:41.474Z,2026-09-27,2026-09-27T17:02:53Z,Los Angeles Chargers @ Buffalo Bills,ANYTIME_TD,Jackson Hawes,,,,,0.0667,false,5
2026-09-27T18:01:41.474Z,2026-09-27,2026-09-27T17:02:53Z,Los Angeles Chargers @ Buffalo Bills,ANYTIME_TD,Kimani Vidal,,,,,0.0435,false,5
2026-09-27T18:01:41.474Z,2026-09-27,2026-09-27T17:02:53Z,Los Angeles Chargers @ Buffalo Bills,ANYTIME_TD,Ray Davis,,,,,0.0476,false,5
2026-09-27T18:01:41.474Z,2026-09-27,2026-09-27T17:02:53Z,Los Angeles Chargers @ Buffalo Bills,ANYTIME_TD,Greg Dortch,,,,,0.0345,false,5
2026-09-27T18:01:41.474Z,2026-09-27,2026-09-27T17:02:53Z,Los Angeles Chargers @ Buffalo Bills,ANYTIME_TD,Keleki Latu,,,,,0.0278,false,4
2026-09-27T18:01:41.474Z,2026-09-27,2026-09-27T17:02:53Z,Los Angeles Chargers @ Buffalo Bills,ANYTIME_TD,Patrick Herbert,,,,,0.0294,false,5
2026-09-27T18:01:41.474Z,2026-09-27,2026-09-27T17:02:53Z,Los Angeles Chargers @ Buffalo Bills,ANYTIME_TD,Derius Davis,,,,,0.0345,false,5
2026-09-27T18:01:41.474Z,2026-09-27,2026-09-27T17:02:53Z,Los Angeles Chargers @ Buffalo Bills,ANYTIME_TD,Hayden Rucci,,,,,0.0278,false,5
2026-09-27T18:01:41.474Z,2026-09-27,2026-09-27T17:02:53Z,Los Angeles Chargers @ Buffalo Bills,ANYTIME_TD,Marquez Valdes-Scantling,,,,,0.0244,false,5
2026-09-27T18:01:41.474Z,2026-09-27,2026-09-27T17:02:53Z,Los Angeles Chargers @ Buffalo Bills,ANYTIME_TD,Alec Ingold,,,,,0.0244,false,5
2026-09-27T18:01:41.474Z,2026-09-27,2026-09-27T17:02:53Z,Los Angeles Chargers @ Buffalo Bills,ANYTIME_TD,Buffalo Bills Defense,,,,,0.0769,false,1
2026-09-27T18:01:41.474Z,2026-09-27,2026-09-27T17:02:53Z,Los Angeles Chargers @ Buffalo Bills,ANYTIME_TD,Los Angeles Chargers Defense,,,,,0.0667,false,1
2026-09-27T18:01:41.474Z,2026-09-27,2026-09-27T17:02:56Z,Tennessee Titans @ New York Giants,QB_PASS_YARDS,Jameis Winston,157.5,-115,-115,,,,3
2026-09-27T18:01:41.474Z,2026-09-27,2026-09-27T17:02:56Z,Tennessee Titans @ New York Giants,QB_PASS_YARDS,Cam Ward,125.5,-115,-115,,,,5
2026-09-27T18:01:41.474Z,2026-09-27,2026-09-27T17:02:56Z,Tennessee Titans @ New York Giants,RB_RUSH_YARDS,Najee Harris,49.5,-120,-115,,,,2
2026-09-27T18:01:41.474Z,2026-09-27,2026-09-27T17:02:56Z,Tennessee Titans @ New York Giants,RB_RUSH_YARDS,Cam Skattebo,42.5,-115,-120,,,,3
2026-09-27T18:01:41.474Z,2026-09-27,2026-09-27T17:02:56Z,Tennessee Titans @ New York Giants,RB_RUSH_YARDS,Tony Pollard,38.5,-115,-115,,,,4
2026-09-27T18:01:41.474Z,2026-09-27,2026-09-27T17:02:56Z,Tennessee Titans @ New York Giants,RB_RUSH_YARDS,Tyjae Spears,9.5,-115,-112,,,,3
2026-09-27T18:01:41.474Z,2026-09-27,2026-09-27T17:02:56Z,Tennessee Titans @ New York Giants,RB_RUSH_YARDS,Cam Ward,7.5,-111,-112,,,,4
2026-09-27T18:01:41.474Z,2026-09-27,2026-09-27T17:02:56Z,Tennessee Titans @ New York Giants,RB_RUSH_YARDS,Jameis Winston,1.5,-125,-110,,,,2
2026-09-27T18:01:41.474Z,2026-09-27,2026-09-27T17:02:56Z,Tennessee Titans @ New York Giants,WR_REC_YARDS,Cam Skattebo,36.5,-120,-110,,,,3
2026-09-27T18:01:41.474Z,2026-09-27,2026-09-27T17:02:56Z,Tennessee Titans @ New York Giants,WR_REC_YARDS,Malik Nabers,30.5,-121,-118,,,,3
2026-09-27T18:01:41.474Z,2026-09-27,2026-09-27T17:02:56Z,Tennessee Titans @ New York Giants,WR_REC_YARDS,Isaiah Likely,28.5,-120,-115,,,,3
2026-09-27T18:01:41.474Z,2026-09-27,2026-09-27T17:02:56Z,Tennessee Titans @ New York Giants,WR_REC_YARDS,Carnell Tate,24.5,-114,-111,,,,5
2026-09-27T18:01:41.474Z,2026-09-27,2026-09-27T17:02:56Z,Tennessee Titans @ New York Giants,WR_REC_YARDS,Wan'Dale Robinson,21.5,-115,-115,,,,5
2026-09-27T18:01:41.474Z,2026-09-27,2026-09-27T17:02:56Z,Tennessee Titans @ New York Giants,WR_REC_YARDS,Malachi Fields,19.5,-115,-120,,,,2
2026-09-27T18:01:41.474Z,2026-09-27,2026-09-27T17:02:56Z,Tennessee Titans @ New York Giants,WR_REC_YARDS,Gunnar Helm,13.5,-115,-110,,,,5
2026-09-27T18:01:41.474Z,2026-09-27,2026-09-27T17:02:56Z,Tennessee Titans @ New York Giants,WR_REC_YARDS,Calvin Ridley,8.5,-115,-110,,,,4
2026-09-27T18:01:41.474Z,2026-09-27,2026-09-27T17:02:56Z,Tennessee Titans @ New York Giants,WR_REC_YARDS,Elic Ayomanor,9.5,-110,-115,,,,4
2026-09-27T18:01:41.474Z,2026-09-27,2026-09-27T17:02:56Z,Tennessee Titans @ New York Giants,WR_REC_YARDS,Tyjae Spears,7.5,-110,-118,,,,2
2026-09-27T18:01:41.474Z,2026-09-27,2026-09-27T17:02:56Z,Tennessee Titans @ New York Giants,WR_REC_YARDS,Darnell Mooney,5.5,-110,-115,,,,2
2026-09-27T18:01:41.474Z,2026-09-27,2026-09-27T17:02:56Z,Tennessee Titans @ New York Giants,WR_REC_YARDS,Tony Pollard,2.5,-110,-120,,,,2
2026-09-27T18:01:41.474Z,2026-09-27,2026-09-27T17:02:56Z,Tennessee Titans @ New York Giants,WR_REC_YARDS,Najee Harris,0.5,190,-260,,,,1
2026-09-27T18:01:41.474Z,2026-09-27,2026-09-27T17:02:56Z,Tennessee Titans @ New York Giants,ANYTIME_TD,Cam Skattebo,,,,,0.3226,false,4
2026-09-27T18:01:41.474Z,2026-09-27,2026-09-27T17:02:56Z,Tennessee Titans @ New York Giants,ANYTIME_TD,Tony Pollard,,,,,0.2128,false,5
2026-09-27T18:01:41.474Z,2026-09-27,2026-09-27T17:02:56Z,Tennessee Titans @ New York Giants,ANYTIME_TD,Malik Nabers,,,,,0.1695,false,4
2026-09-27T18:01:41.474Z,2026-09-27,2026-09-27T17:02:56Z,Tennessee Titans @ New York Giants,ANYTIME_TD,Isaiah Likely,,,,,0.1333,false,4
2026-09-27T18:01:41.474Z,2026-09-27,2026-09-27T17:02:56Z,Tennessee Titans @ New York Giants,ANYTIME_TD,Carnell Tate,,,,,0.1538,false,5
2026-09-27T18:01:41.474Z,2026-09-27,2026-09-27T17:02:56Z,Tennessee Titans @ New York Giants,ANYTIME_TD,Wan'Dale Robinson,,,,,0.125,false,5
2026-09-27T18:01:41.474Z,2026-09-27,2026-09-27T17:02:56Z,Tennessee Titans @ New York Giants,ANYTIME_TD,New York Giants D/ST,,,,,0.1538,false,2
2026-09-27T18:01:41.474Z,2026-09-27,2026-09-27T17:02:56Z,Tennessee Titans @ New York Giants,ANYTIME_TD,Najee Harris,,,,,0.1333,false,2
2026-09-27T18:01:41.474Z,2026-09-27,2026-09-27T17:02:56Z,Tennessee Titans @ New York Giants,ANYTIME_TD,Tyjae Spears,,,,,0.0952,false,4
2026-09-27T18:01:41.474Z,2026-09-27,2026-09-27T17:02:56Z,Tennessee Titans @ New York Giants,ANYTIME_TD,Tennessee Titans D/ST,,,,,0.1176,false,2
2026-09-27T18:01:41.474Z,2026-09-27,2026-09-27T17:02:56Z,Tennessee Titans @ New York Giants,ANYTIME_TD,Gunnar Helm,,,,,0.1111,false,5
2026-09-27T18:01:41.474Z,2026-09-27,2026-09-27T17:02:56Z,Tennessee Titans @ New York Giants,ANYTIME_TD,Malachi Fields,,,,,0.1,false,3
2026-09-27T18:01:41.474Z,2026-09-27,2026-09-27T17:02:56Z,Tennessee Titans @ New York Giants,ANYTIME_TD,Cam Ward,,,,,0.1053,false,5
2026-09-27T18:01:41.474Z,2026-09-27,2026-09-27T17:02:56Z,Tennessee Titans @ New York Giants,ANYTIME_TD,Jameis Winston,,,,,0.0909,false,4
2026-09-27T18:01:41.474Z,2026-09-27,2026-09-27T17:02:56Z,Tennessee Titans @ New York Giants,ANYTIME_TD,Elic Ayomanor,,,,,0.0833,false,4
2026-09-27T18:01:41.474Z,2026-09-27,2026-09-27T17:02:56Z,Tennessee Titans @ New York Giants,ANYTIME_TD,Calvin Ridley,,,,,0.0714,false,4
2026-09-27T18:01:41.474Z,2026-09-27,2026-09-27T17:02:56Z,Tennessee Titans @ New York Giants,ANYTIME_TD,Darnell Mooney,,,,,0.0667,false,3
2026-09-27T18:01:41.474Z,2026-09-27,2026-09-27T17:02:56Z,Tennessee Titans @ New York Giants,ANYTIME_TD,Tyrone Tracy Jr.,,,,,0.0625,false,3
2026-09-27T18:01:41.474Z,2026-09-27,2026-09-27T17:02:56Z,Tennessee Titans @ New York Giants,ANYTIME_TD,Nicholas Singleton,,,,,0.0345,false,4
2026-09-27T18:01:41.474Z,2026-09-27,2026-09-27T17:02:56Z,Tennessee Titans @ New York Giants,ANYTIME_TD,Theo Johnson,,,,,0.0588,false,3
2026-09-27T18:01:41.474Z,2026-09-27,2026-09-27T17:02:56Z,Tennessee Titans @ New York Giants,ANYTIME_TD,Chimere Dike,,,,,0.05,false,4
2026-09-27T18:01:41.474Z,2026-09-27,2026-09-27T17:02:56Z,Tennessee Titans @ New York Giants,ANYTIME_TD,Braxton Berrios,,,,,0.0323,false,3
2026-09-27T18:01:41.474Z,2026-09-27,2026-09-27T17:02:56Z,Tennessee Titans @ New York Giants,ANYTIME_TD,Daniel Bellinger,,,,,0.0435,false,4
2026-09-27T18:01:41.474Z,2026-09-27,2026-09-27T17:02:56Z,Tennessee Titans @ New York Giants,ANYTIME_TD,Odell Beckham Jr.,,,,,0.0323,false,4
2026-09-27T18:01:41.474Z,2026-09-27,2026-09-27T17:02:56Z,Tennessee Titans @ New York Giants,ANYTIME_TD,Julius Chestnut,,,,,0.0179,false,3
2026-09-27T18:01:41.474Z,2026-09-27,2026-09-27T17:02:56Z,Tennessee Titans @ New York Giants,ANYTIME_TD,Patrick Ricard,,,,,0.0196,false,3
2026-09-27T18:01:41.474Z,2026-09-27,2026-09-27T17:02:56Z,Tennessee Titans @ New York Giants,ANYTIME_TD,David Martin-Robinson,,,,,0.0244,false,4
2026-09-27T18:01:41.474Z,2026-09-27,2026-09-27T17:02:56Z,Tennessee Titans @ New York Giants,ANYTIME_TD,Chris Manhertz,,,,,0.0164,false,3
2026-09-27T18:01:41.474Z,2026-09-27,2026-09-27T17:02:56Z,Tennessee Titans @ New York Giants,ANYTIME_TD,New York Giants Defense,,,,,0.1111,false,1
2026-09-27T18:01:41.474Z,2026-09-27,2026-09-27T17:02:56Z,Tennessee Titans @ New York Giants,ANYTIME_TD,Tennessee Titans Defense,,,,,0.0909,false,1
2026-09-27T18:01:41.474Z,2026-09-27,2026-09-27T17:02:57Z,Carolina Panthers @ Cleveland Browns,QB_PASS_YARDS,Deshaun Watson,170.5,-114,-114,,,,4
2026-09-27T18:01:41.474Z,2026-09-27,2026-09-27T17:02:57Z,Carolina Panthers @ Cleveland Browns,QB_PASS_YARDS,Bryce Young,211.5,-115,-115,,,,3
2026-09-27T18:01:41.474Z,2026-09-27,2026-09-27T17:02:57Z,Carolina Panthers @ Cleveland Browns,RB_RUSH_YARDS,Quinshon Judkins,63.5,-115,-110,,,,5
2026-09-27T18:01:41.474Z,2026-09-27,2026-09-27T17:02:57Z,Carolina Panthers @ Cleveland Browns,RB_RUSH_YARDS,Chuba Hubbard,45.5,-114,-110,,,,4
2026-09-27T18:01:41.474Z,2026-09-27,2026-09-27T17:02:57Z,Carolina Panthers @ Cleveland Browns,RB_RUSH_YARDS,Deshaun Watson,35.5,-108,-115,,,,3
2026-09-27T18:01:41.474Z,2026-09-27,2026-09-27T17:02:57Z,Carolina Panthers @ Cleveland Browns,RB_RUSH_YARDS,AJ Dillon,6.5,-115,-112,,,,3
2026-09-27T18:01:41.474Z,2026-09-27,2026-09-27T17:02:57Z,Carolina Panthers @ Cleveland Browns,RB_RUSH_YARDS,Raheim Sanders,5.5,-112,-118,,,,3
2026-09-27T18:01:41.474Z,2026-09-27,2026-09-27T17:02:57Z,Carolina Panthers @ Cleveland Browns,RB_RUSH_YARDS,Bryce Young,5.5,-114,-114,,,,1
2026-09-27T18:01:41.474Z,2026-09-27,2026-09-27T17:02:57Z,Carolina Panthers @ Cleveland Browns,RB_RUSH_YARDS,KC Concepcion,0.5,110,-145,,,,1
2026-09-27T18:01:41.474Z,2026-09-27,2026-09-27T17:02:57Z,Carolina Panthers @ Cleveland Browns,WR_REC_YARDS,Jalen Coker,55.5,-112,-118,,,,3
2026-09-27T18:01:41.474Z,2026-09-27,2026-09-27T17:02:57Z,Carolina Panthers @ Cleveland Browns,WR_REC_YARDS,Tetairoa McMillan,43.5,-118,-112,,,,4
2026-09-27T18:01:41.474Z,2026-09-27,2026-09-27T17:02:57Z,Carolina Panthers @ Cleveland Browns,WR_REC_YARDS,Harold Fannin Jr.,40.5,-114,-118,,,,5
2026-09-27T18:01:41.474Z,2026-09-27,2026-09-27T17:02:57Z,Carolina Panthers @ Cleveland Browns,WR_REC_YARDS,Tommy Tremble,31.5,-120,-110,,,,3
2026-09-27T18:01:41.474Z,2026-09-27,2026-09-27T17:02:57Z,Carolina Panthers @ Cleveland Browns,WR_REC_YARDS,Raheim Sanders,27.5,-125,-110,,,,2
2026-09-27T18:01:41.474Z,2026-09-27,2026-09-27T17:02:57Z,Carolina Panthers @ Cleveland Browns,WR_REC_YARDS,Denzel Boston,25.5,-110,-115,,,,5
2026-09-27T18:01:41.474Z,2026-09-27,2026-09-27T17:02:57Z,Carolina Panthers @ Cleveland Browns,WR_REC_YARDS,KC Concepcion,22.5,-110,-110,,,,4
2026-09-27T18:01:41.474Z,2026-09-27,2026-09-27T17:02:57Z,Carolina Panthers @ Cleveland Browns,WR_REC_YARDS,Quinshon Judkins,15.5,-110,-114,,,,5
2026-09-27T18:01:41.474Z,2026-09-27,2026-09-27T17:02:57Z,Carolina Panthers @ Cleveland Browns,WR_REC_YARDS,Darren Waller,11.5,-114,-114,,,,4
2026-09-27T18:01:41.474Z,2026-09-27,2026-09-27T17:02:57Z,Carolina Panthers @ Cleveland Browns,WR_REC_YARDS,Jerry Jeudy,10.5,-110,-115,,,,4
2026-09-27T18:01:41.474Z,2026-09-27,2026-09-27T17:02:57Z,Carolina Panthers @ Cleveland Browns,WR_REC_YARDS,Chuba Hubbard,8.5,-112,-110,,,,4
2026-09-27T18:01:41.474Z,2026-09-27,2026-09-27T17:02:57Z,Carolina Panthers @ Cleveland Browns,WR_REC_YARDS,Blake Whiteheart,0.5,140,-180,,,,2
2026-09-27T18:01:41.474Z,2026-09-27,2026-09-27T17:02:57Z,Carolina Panthers @ Cleveland Browns,WR_REC_YARDS,Mitchell Evans,11.5,-114,-114,,,,1
2026-09-27T18:01:41.474Z,2026-09-27,2026-09-27T17:02:57Z,Carolina Panthers @ Cleveland Browns,WR_REC_YARDS,John Metchie III,0.5,-115,-115,,,,1
2026-09-27T18:01:41.474Z,2026-09-27,2026-09-27T17:02:57Z,Carolina Panthers @ Cleveland Browns,ANYTIME_TD,Chuba Hubbard,,,,,0.3448,false,4
2026-09-27T18:01:41.474Z,2026-09-27,2026-09-27T17:02:57Z,Carolina Panthers @ Cleveland Browns,ANYTIME_TD,Quinshon Judkins,,,,,0.303,false,5
2026-09-27T18:01:41.474Z,2026-09-27,2026-09-27T17:02:57Z,Carolina Panthers @ Cleveland Browns,ANYTIME_TD,Tetairoa McMillan,,,,,0.2381,false,4
2026-09-27T18:01:41.474Z,2026-09-27,2026-09-27T17:02:57Z,Carolina Panthers @ Cleveland Browns,ANYTIME_TD,Jalen Coker,,,,,0.2083,false,4
2026-09-27T18:01:41.474Z,2026-09-27,2026-09-27T17:02:57Z,Carolina Panthers @ Cleveland Browns,ANYTIME_TD,Denzel Boston,,,,,0.1818,false,5
2026-09-27T18:01:41.474Z,2026-09-27,2026-09-27T17:02:57Z,Carolina Panthers @ Cleveland Browns,ANYTIME_TD,KC Concepcion,,,,,0.1667,false,5
2026-09-27T18:01:41.474Z,2026-09-27,2026-09-27T17:02:57Z,Carolina Panthers @ Cleveland Browns,ANYTIME_TD,Harold Fannin Jr.,,,,,0.1667,false,5
2026-09-27T18:01:41.474Z,2026-09-27,2026-09-27T17:02:57Z,Carolina Panthers @ Cleveland Browns,ANYTIME_TD,Darren Waller,,,,,0.1538,false,4
2026-09-27T18:01:41.474Z,2026-09-27,2026-09-27T17:02:57Z,Carolina Panthers @ Cleveland Browns,ANYTIME_TD,Deshaun Watson,,,,,0.125,false,5
2026-09-27T18:01:41.474Z,2026-09-27,2026-09-27T17:02:57Z,Carolina Panthers @ Cleveland Browns,ANYTIME_TD,Raheim Sanders,,,,,0.0909,false,5
2026-09-27T18:01:41.474Z,2026-09-27,2026-09-27T17:02:57Z,Carolina Panthers @ Cleveland Browns,ANYTIME_TD,Cleveland Browns D/ST,,,,,0.1176,false,3
2026-09-27T18:01:41.474Z,2026-09-27,2026-09-27T17:02:57Z,Carolina Panthers @ Cleveland Browns,ANYTIME_TD,Bryce Young,,,,,0.1,false,4
2026-09-27T18:01:41.474Z,2026-09-27,2026-09-27T17:02:57Z,Carolina Panthers @ Cleveland Browns,ANYTIME_TD,Carolina Panthers D/ST,,,,,0.1111,false,2
2026-09-27T18:01:41.474Z,2026-09-27,2026-09-27T17:02:57Z,Carolina Panthers @ Cleveland Browns,ANYTIME_TD,Jerry Jeudy,,,,,0.0909,false,5
2026-09-27T18:01:41.474Z,2026-09-27,2026-09-27T17:02:57Z,Carolina Panthers @ Cleveland Browns,ANYTIME_TD,Tommy Tremble,,,,,0.0909,false,4
2026-09-27T18:01:41.474Z,2026-09-27,2026-09-27T17:02:57Z,Carolina Panthers @ Cleveland Browns,ANYTIME_TD,John Metchie III,,,,,0.0769,false,4
2026-09-27T18:01:41.474Z,2026-09-27,2026-09-27T17:02:57Z,Carolina Panthers @ Cleveland Browns,ANYTIME_TD,AJ Dillon,,,,,0.0769,false,4
2026-09-27T18:01:41.474Z,2026-09-27,2026-09-27T17:02:57Z,Carolina Panthers @ Cleveland Browns,ANYTIME_TD,Brycen Tremayne,,,,,0.0667,false,4
2026-09-27T18:01:41.474Z,2026-09-27,2026-09-27T17:02:57Z,Carolina Panthers @ Cleveland Browns,ANYTIME_TD,Mitchell Evans,,,,,0.0625,false,4
2026-09-27T18:01:41.474Z,2026-09-27,2026-09-27T17:02:57Z,Carolina Panthers @ Cleveland Browns,ANYTIME_TD,Blake Whiteheart,,,,,0.0357,false,5
2026-09-27T18:01:41.474Z,2026-09-27,2026-09-27T17:02:57Z,Carolina Panthers @ Cleveland Browns,ANYTIME_TD,David Moore,,,,,0.0435,false,4
2026-09-27T18:01:41.474Z,2026-09-27,2026-09-27T17:02:57Z,Carolina Panthers @ Cleveland Browns,ANYTIME_TD,Tylan Wallace,,,,,0.0244,false,5
2026-09-27T18:01:41.474Z,2026-09-27,2026-09-27T17:02:57Z,Carolina Panthers @ Cleveland Browns,ANYTIME_TD,Malachi Corley,,,,,0.0278,false,5
2026-09-27T18:01:41.474Z,2026-09-27,2026-09-27T17:02:57Z,Carolina Panthers @ Cleveland Browns,ANYTIME_TD,Jaleel McLaughlin,,,,,0.0323,false,5
2026-09-27T18:01:41.474Z,2026-09-27,2026-09-27T17:02:57Z,Carolina Panthers @ Cleveland Browns,ANYTIME_TD,Isaiah Bond,,,,,0.0278,false,5
2026-09-27T18:01:41.474Z,2026-09-27,2026-09-27T17:02:57Z,Carolina Panthers @ Cleveland Browns,ANYTIME_TD,Feleipe Franks,,,,,0.0217,false,4
2026-09-27T18:01:41.474Z,2026-09-27,2026-09-27T17:02:57Z,Carolina Panthers @ Cleveland Browns,ANYTIME_TD,Anthony Tyus III,,,,,0.0179,false,4
2026-09-27T18:01:41.474Z,2026-09-27,2026-09-27T17:02:57Z,Carolina Panthers @ Cleveland Browns,ANYTIME_TD,Carsen Ryan,,,,,0.0132,false,5
2026-09-27T18:01:41.474Z,2026-09-27,2026-09-27T17:02:57Z,Carolina Panthers @ Cleveland Browns,ANYTIME_TD,Michael Burton,,,,,0.011,false,4
2026-09-27T18:01:41.474Z,2026-09-27,2026-09-27T17:02:57Z,Carolina Panthers @ Cleveland Browns,ANYTIME_TD,Cleveland Browns Defense,,,,,0.1,false,1
2026-09-27T18:01:41.474Z,2026-09-27,2026-09-27T17:02:57Z,Carolina Panthers @ Cleveland Browns,ANYTIME_TD,Carolina Panthers Defense,,,,,0.0769,false,1
2026-09-27T18:01:41.474Z,2026-09-27,2026-09-27T17:03:12Z,Seattle Seahawks @ Washington Commanders,QB_PASS_YARDS,Sam Darnold,266.5,-120,-120,,,,5
2026-09-27T18:01:41.474Z,2026-09-27,2026-09-27T17:03:12Z,Seattle Seahawks @ Washington Commanders,QB_PASS_YARDS,Marcus Mariota,143.5,-114,-114,,,,5
2026-09-27T18:01:41.474Z,2026-09-27,2026-09-27T17:03:12Z,Seattle Seahawks @ Washington Commanders,RB_RUSH_YARDS,Jacory Croskey-Merritt,43.5,-114,-114,,,,5
2026-09-27T18:01:41.474Z,2026-09-27,2026-09-27T17:03:12Z,Seattle Seahawks @ Washington Commanders,RB_RUSH_YARDS,Jadarian Price,39.5,-114,-114,,,,4
2026-09-27T18:01:41.474Z,2026-09-27,2026-09-27T17:03:12Z,Seattle Seahawks @ Washington Commanders,RB_RUSH_YARDS,Emanuel Wilson,34.5,-115,-120,,,,4
2026-09-27T18:01:41.474Z,2026-09-27,2026-09-27T17:03:12Z,Seattle Seahawks @ Washington Commanders,RB_RUSH_YARDS,Marcus Mariota,14.5,-110,-120,,,,4
2026-09-27T18:01:41.474Z,2026-09-27,2026-09-27T17:03:12Z,Seattle Seahawks @ Washington Commanders,RB_RUSH_YARDS,Rachaad White,14.5,-110,-110,,,,5
2026-09-27T18:01:41.474Z,2026-09-27,2026-09-27T17:03:12Z,Seattle Seahawks @ Washington Commanders,RB_RUSH_YARDS,Sam Darnold,3.5,-110,-106,,,,3
2026-09-27T18:01:41.474Z,2026-09-27,2026-09-27T17:03:12Z,Seattle Seahawks @ Washington Commanders,RB_RUSH_YARDS,George Holani,12.5,-120,-110,,,,1
2026-09-27T18:01:41.474Z,2026-09-27,2026-09-27T17:03:12Z,Seattle Seahawks @ Washington Commanders,WR_REC_YARDS,Jaxon Smith-Njigba,101.5,-115,-120,,,,5
2026-09-27T18:01:41.474Z,2026-09-27,2026-09-27T17:03:12Z,Seattle Seahawks @ Washington Commanders,WR_REC_YARDS,Terry McLaurin,37.5,-115,-112,,,,5
2026-09-27T18:01:41.474Z,2026-09-27,2026-09-27T17:03:12Z,Seattle Seahawks @ Washington Commanders,WR_REC_YARDS,Rashid Shaheed,29.5,-115,-110,,,,5
2026-09-27T18:01:41.474Z,2026-09-27,2026-09-27T17:03:12Z,Seattle Seahawks @ Washington Commanders,WR_REC_YARDS,Stefon Diggs,21.5,-115,-115,,,,5
2026-09-27T18:01:41.474Z,2026-09-27,2026-09-27T17:03:12Z,Seattle Seahawks @ Washington Commanders,WR_REC_YARDS,Rachaad White,15.5,-117,-115,,,,4
2026-09-27T18:01:41.474Z,2026-09-27,2026-09-27T17:03:12Z,Seattle Seahawks @ Washington Commanders,WR_REC_YARDS,Cooper Kupp,13.5,-110,-114,,,,4
2026-09-27T18:01:41.474Z,2026-09-27,2026-09-27T17:03:12Z,Seattle Seahawks @ Washington Commanders,WR_REC_YARDS,Antonio Williams,8.5,-110,-110,,,,4
2026-09-27T18:01:41.474Z,2026-09-27,2026-09-27T17:03:12Z,Seattle Seahawks @ Washington Commanders,WR_REC_YARDS,Jadarian Price,3.5,-125,-110,,,,2
2026-09-27T18:01:41.474Z,2026-09-27,2026-09-27T17:03:12Z,Seattle Seahawks @ Washington Commanders,WR_REC_YARDS,Dyami Brown,6.5,-114,-114,,,,3
2026-09-27T18:01:41.474Z,2026-09-27,2026-09-27T17:03:12Z,Seattle Seahawks @ Washington Commanders,WR_REC_YARDS,Elijah Arroyo,0.5,100,-130,,,,2
2026-09-27T18:01:41.474Z,2026-09-27,2026-09-27T17:03:12Z,Seattle Seahawks @ Washington Commanders,WR_REC_YARDS,AJ Barner,47.5,-110,-117,,,,4
2026-09-27T18:01:41.474Z,2026-09-27,2026-09-27T17:03:12Z,Seattle Seahawks @ Washington Commanders,WR_REC_YARDS,Tory Horton,0.5,180,-250,,,,1
2026-09-27T18:01:41.474Z,2026-09-27,2026-09-27T17:03:12Z,Seattle Seahawks @ Washington Commanders,WR_REC_YARDS,Jacory Croskey-Merritt,7.5,110,-145,,,,1
2026-09-27T18:01:41.474Z,2026-09-27,2026-09-27T17:03:12Z,Seattle Seahawks @ Washington Commanders,ANYTIME_TD,Emanuel Wilson,,,,,0.2381,false,5
2026-09-27T18:01:41.474Z,2026-09-27,2026-09-27T17:03:12Z,Seattle Seahawks @ Washington Commanders,ANYTIME_TD,Jadarian Price,,,,,0.2564,false,5
2026-09-27T18:01:41.474Z,2026-09-27,2026-09-27T17:03:12Z,Seattle Seahawks @ Washington Commanders,ANYTIME_TD,Rashid Shaheed,,,,,0.1786,false,5
2026-09-27T18:01:41.474Z,2026-09-27,2026-09-27T17:03:12Z,Seattle Seahawks @ Washington Commanders,ANYTIME_TD,AJ Barner,,,,,0.1739,false,5
2026-09-27T18:01:41.474Z,2026-09-27,2026-09-27T17:03:12Z,Seattle Seahawks @ Washington Commanders,ANYTIME_TD,Jacory Croskey-Merritt,,,,,0.1724,false,5
2026-09-27T18:01:41.474Z,2026-09-27,2026-09-27T17:03:12Z,Seattle Seahawks @ Washington Commanders,ANYTIME_TD,George Holani,,,,,0.1667,false,5
2026-09-27T18:01:41.474Z,2026-09-27,2026-09-27T17:03:12Z,Seattle Seahawks @ Washington Commanders,ANYTIME_TD,Cooper Kupp,,,,,0.1333,false,5
2026-09-27T18:01:41.474Z,2026-09-27,2026-09-27T17:03:12Z,Seattle Seahawks @ Washington Commanders,ANYTIME_TD,Terry McLaurin,,,,,0.1538,false,5
2026-09-27T18:01:41.474Z,2026-09-27,2026-09-27T17:03:12Z,Seattle Seahawks @ Washington Commanders,ANYTIME_TD,Seattle Seahawks D/ST,,,,,0.1429,false,3
2026-09-27T18:01:41.474Z,2026-09-27,2026-09-27T17:03:12Z,Seattle Seahawks @ Washington Commanders,ANYTIME_TD,Stefon Diggs,,,,,0.1176,false,5
2026-09-27T18:01:41.474Z,2026-09-27,2026-09-27T17:03:12Z,Seattle Seahawks @ Washington Commanders,ANYTIME_TD,Marcus Mariota,,,,,0.1053,false,5
2026-09-27T18:01:41.474Z,2026-09-27,2026-09-27T17:03:12Z,Seattle Seahawks @ Washington Commanders,ANYTIME_TD,Elijah Arroyo,,,,,0.087,false,5
2026-09-27T18:01:41.474Z,2026-09-27,2026-09-27T17:03:12Z,Seattle Seahawks @ Washington Commanders,ANYTIME_TD,Tory Horton,,,,,0.0606,false,5
2026-09-27T18:01:41.474Z,2026-09-27,2026-09-27T17:03:12Z,Seattle Seahawks @ Washington Commanders,ANYTIME_TD,Sam Darnold,,,,,0.0667,false,5
2026-09-27T18:01:41.474Z,2026-09-27,2026-09-27T17:03:12Z,Seattle Seahawks @ Washington Commanders,ANYTIME_TD,Washington Commanders D/ST,,,,,0.0833,false,3
2026-09-27T18:01:41.474Z,2026-09-27,2026-09-27T17:03:12Z,Seattle Seahawks @ Washington Commanders,ANYTIME_TD,Ben Sinnott,,,,,0.0625,false,5
2026-09-27T18:01:41.474Z,2026-09-27,2026-09-27T17:03:12Z,Seattle Seahawks @ Washington Commanders,ANYTIME_TD,Antonio Williams,,,,,0.0588,false,5
2026-09-27T18:01:41.474Z,2026-09-27,2026-09-27T17:03:12Z,Seattle Seahawks @ Washington Commanders,ANYTIME_TD,Dyami Brown,,,,,0.0526,false,5
2026-09-27T18:01:41.474Z,2026-09-27,2026-09-27T17:03:12Z,Seattle Seahawks @ Washington Commanders,ANYTIME_TD,Kaytron Allen,,,,,0.0385,false,5
2026-09-27T18:01:41.474Z,2026-09-27,2026-09-27T17:03:12Z,Seattle Seahawks @ Washington Commanders,ANYTIME_TD,John Bates,,,,,0.0385,false,5
2026-09-27T18:01:41.474Z,2026-09-27,2026-09-27T17:03:12Z,Seattle Seahawks @ Washington Commanders,ANYTIME_TD,Eric Saubert,,,,,0.0345,false,5
2026-09-27T18:01:41.474Z,2026-09-27,2026-09-27T17:03:12Z,Seattle Seahawks @ Washington Commanders,ANYTIME_TD,Velus Jones Jr.,,,,,0.0385,false,4
2026-09-27T18:01:41.474Z,2026-09-27,2026-09-27T17:03:12Z,Seattle Seahawks @ Washington Commanders,ANYTIME_TD,Nick Kallerup,,,,,0.0385,false,4
2026-09-27T18:01:41.474Z,2026-09-27,2026-09-27T17:03:12Z,Seattle Seahawks @ Washington Commanders,ANYTIME_TD,Jaylin Lane,,,,,0.0323,false,4
2026-09-27T18:01:41.474Z,2026-09-27,2026-09-27T17:03:12Z,Seattle Seahawks @ Washington Commanders,ANYTIME_TD,Treylon Burks,,,,,0.0323,false,5
2026-09-27T18:01:41.474Z,2026-09-27,2026-09-27T17:03:12Z,Seattle Seahawks @ Washington Commanders,ANYTIME_TD,Colson Yankoff,,,,,0.0323,false,4
2026-09-27T18:01:41.474Z,2026-09-27,2026-09-27T17:03:12Z,Seattle Seahawks @ Washington Commanders,ANYTIME_TD,Brady Russell,,,,,0.0196,false,5
2026-09-27T18:01:41.474Z,2026-09-27,2026-09-27T17:03:12Z,Seattle Seahawks @ Washington Commanders,ANYTIME_TD,Luke McCaffrey,,,,,0.0164,false,4
2026-09-27T18:01:41.474Z,2026-09-27,2026-09-27T17:03:12Z,Seattle Seahawks @ Washington Commanders,ANYTIME_TD,Washington Commanders Defense,,,,,0.0952,false,1
2026-09-27T18:01:41.474Z,2026-09-27,2026-09-27T17:03:23Z,Houston Texans @ Indianapolis Colts,QB_PASS_YARDS,Daniel Jones,250.5,-114,-114,,,,5
2026-09-27T18:01:41.474Z,2026-09-27,2026-09-27T17:03:23Z,Houston Texans @ Indianapolis Colts,QB_PASS_YARDS,C.J. Stroud,199.5,-115,-115,,,,4
2026-09-27T18:01:41.474Z,2026-09-27,2026-09-27T17:03:23Z,Houston Texans @ Indianapolis Colts,RB_RUSH_YARDS,Jonathan Taylor,64.5,-120,-110,,,,5
2026-09-27T18:01:41.474Z,2026-09-27,2026-09-27T17:03:23Z,Houston Texans @ Indianapolis Colts,RB_RUSH_YARDS,Woody Marks,16.5,-118,-112,,,,3
2026-09-27T18:01:41.474Z,2026-09-27,2026-09-27T17:03:23Z,Houston Texans @ Indianapolis Colts,RB_RUSH_YARDS,Daniel Jones,6.5,-108,-105,,,,5
2026-09-27T18:01:41.474Z,2026-09-27,2026-09-27T17:03:23Z,Houston Texans @ Indianapolis Colts,RB_RUSH_YARDS,David Montgomery,29.5,-118,-111,,,,3
2026-09-27T18:01:41.474Z,2026-09-27,2026-09-27T17:03:23Z,Houston Texans @ Indianapolis Colts,RB_RUSH_YARDS,C.J. Stroud,16.5,-108,-122,,,,2
2026-09-27T18:01:41.474Z,2026-09-27,2026-09-27T17:03:23Z,Houston Texans @ Indianapolis Colts,WR_REC_YARDS,Josh Downs,101.5,-118,-111,,,,5
2026-09-27T18:01:41.474Z,2026-09-27,2026-09-27T17:03:23Z,Houston Texans @ Indianapolis Colts,WR_REC_YARDS,Tyler Warren,68.5,-114,-114,,,,5
2026-09-27T18:01:41.474Z,2026-09-27,2026-09-27T17:03:23Z,Houston Texans @ Indianapolis Colts,WR_REC_YARDS,Dalton Schultz,36.5,-112,-118,,,,4
2026-09-27T18:01:41.474Z,2026-09-27,2026-09-27T17:03:23Z,Houston Texans @ Indianapolis Colts,WR_REC_YARDS,Jaylin Noel,33.5,-120,-115,,,,2
2026-09-27T18:01:41.474Z,2026-09-27,2026-09-27T17:03:23Z,Houston Texans @ Indianapolis Colts,WR_REC_YARDS,Kayshon Boutte,27.5,-115,-115,,,,5
2026-09-27T18:01:41.474Z,2026-09-27,2026-09-27T17:03:23Z,Houston Texans @ Indianapolis Colts,WR_REC_YARDS,Xavier Hutchinson,27.5,-115,-115,,,,4
2026-09-27T18:01:41.474Z,2026-09-27,2026-09-27T17:03:23Z,Houston Texans @ Indianapolis Colts,WR_REC_YARDS,Keenan Allen,23.5,-118,-112,,,,4
2026-09-27T18:01:41.474Z,2026-09-27,2026-09-27T17:03:23Z,Houston Texans @ Indianapolis Colts,WR_REC_YARDS,Jonathan Taylor,14.5,-114,-110,,,,5
2026-09-27T18:01:41.474Z,2026-09-27,2026-09-27T17:03:23Z,Houston Texans @ Indianapolis Colts,WR_REC_YARDS,Laquon Treadwell,11.5,-115,-115,,,,4
2026-09-27T18:01:41.474Z,2026-09-27,2026-09-27T17:03:23Z,Houston Texans @ Indianapolis Colts,WR_REC_YARDS,Jared Wayne,11.5,-114,-114,,,,2
2026-09-27T18:01:41.474Z,2026-09-27,2026-09-27T17:03:23Z,Houston Texans @ Indianapolis Colts,WR_REC_YARDS,Woody Marks,8.5,-125,-110,,,,4
2026-09-27T18:01:41.474Z,2026-09-27,2026-09-27T17:03:23Z,Houston Texans @ Indianapolis Colts,WR_REC_YARDS,Foster Moreau,6.5,-110,-120,,,,1
2026-09-27T18:01:41.474Z,2026-09-27,2026-09-27T17:03:23Z,Houston Texans @ Indianapolis Colts,ANYTIME_TD,Jonathan Taylor,,,,,0.4444,false,5
2026-09-27T18:01:41.474Z,2026-09-27,2026-09-27T17:03:23Z,Houston Texans @ Indianapolis Colts,ANYTIME_TD,David Montgomery,,,,,0.3448,false,5
2026-09-27T18:01:41.474Z,2026-09-27,2026-09-27T17:03:23Z,Houston Texans @ Indianapolis Colts,ANYTIME_TD,Dalton Schultz,,,,,0.25,false,5
2026-09-27T18:01:41.474Z,2026-09-27,2026-09-27T17:03:23Z,Houston Texans @ Indianapolis Colts,ANYTIME_TD,Tyler Warren,,,,,0.1923,false,5
2026-09-27T18:01:41.474Z,2026-09-27,2026-09-27T17:03:23Z,Houston Texans @ Indianapolis Colts,ANYTIME_TD,Josh Downs,,,,,0.1786,false,5
2026-09-27T18:01:41.474Z,2026-09-27,2026-09-27T17:03:23Z,Houston Texans @ Indianapolis Colts,ANYTIME_TD,Kayshon Boutte,,,,,0.2,false,5
2026-09-27T18:01:41.474Z,2026-09-27,2026-09-27T17:03:23Z,Houston Texans @ Indianapolis Colts,ANYTIME_TD,Xavier Hutchinson,,,,,0.1818,false,5
2026-09-27T18:01:41.474Z,2026-09-27,2026-09-27T17:03:23Z,Houston Texans @ Indianapolis Colts,ANYTIME_TD,Woody Marks,,,,,0.1739,false,5
2026-09-27T18:01:41.474Z,2026-09-27,2026-09-27T17:03:23Z,Houston Texans @ Indianapolis Colts,ANYTIME_TD,Laquon Treadwell,,,,,0.0909,false,5
2026-09-27T18:01:41.474Z,2026-09-27,2026-09-27T17:03:23Z,Houston Texans @ Indianapolis Colts,ANYTIME_TD,C.J. Stroud,,,,,0.08,false,5
2026-09-27T18:01:41.474Z,2026-09-27,2026-09-27T17:03:23Z,Houston Texans @ Indianapolis Colts,ANYTIME_TD,Indianapolis Colts D/ST,,,,,0.0952,false,3
2026-09-27T18:01:41.474Z,2026-09-27,2026-09-27T17:03:23Z,Houston Texans @ Indianapolis Colts,ANYTIME_TD,Jared Wayne,,,,,0.0909,false,5
2026-09-27T18:01:41.474Z,2026-09-27,2026-09-27T17:03:23Z,Houston Texans @ Indianapolis Colts,ANYTIME_TD,Daniel Jones,,,,,0.0833,false,5
2026-09-27T18:01:41.474Z,2026-09-27,2026-09-27T17:03:23Z,Houston Texans @ Indianapolis Colts,ANYTIME_TD,Foster Moreau,,,,,0.0769,false,5
2026-09-27T18:01:41.474Z,2026-09-27,2026-09-27T17:03:23Z,Houston Texans @ Indianapolis Colts,ANYTIME_TD,Houston Texans D/ST,,,,,0.0833,false,3
2026-09-27T18:01:41.474Z,2026-09-27,2026-09-27T17:03:23Z,Houston Texans @ Indianapolis Colts,ANYTIME_TD,Seth McGowan,,,,,0.0667,false,5
2026-09-27T18:01:41.474Z,2026-09-27,2026-09-27T17:03:23Z,Houston Texans @ Indianapolis Colts,ANYTIME_TD,Mo Alie-Cox,,,,,0.0385,false,5
2026-09-27T18:01:41.474Z,2026-09-27,2026-09-27T17:03:23Z,Houston Texans @ Indianapolis Colts,ANYTIME_TD,Cade Stover,,,,,0.0345,false,5
2026-09-27T18:01:41.474Z,2026-09-27,2026-09-27T17:03:23Z,Houston Texans @ Indianapolis Colts,ANYTIME_TD,Drew Ogletree,,,,,0.0323,false,5
2026-09-27T18:01:41.474Z,2026-09-27,2026-09-27T17:03:23Z,Houston Texans @ Indianapolis Colts,ANYTIME_TD,Deion Burks,,,,,0.0357,false,5
2026-09-27T18:01:41.474Z,2026-09-27,2026-09-27T17:03:23Z,Houston Texans @ Indianapolis Colts,ANYTIME_TD,Nick Westbrook-Ikhine,,,,,0.0323,false,4
2026-09-27T18:01:41.474Z,2026-09-27,2026-09-27T17:03:23Z,Houston Texans @ Indianapolis Colts,ANYTIME_TD,Marlin Klein,,,,,0.0323,false,5
2026-09-27T18:01:41.474Z,2026-09-27,2026-09-27T17:03:23Z,Houston Texans @ Indianapolis Colts,ANYTIME_TD,Anthony Gould,,,,,0.0278,false,4
2026-09-27T18:01:41.474Z,2026-09-27,2026-09-27T17:03:23Z,Houston Texans @ Indianapolis Colts,ANYTIME_TD,Lewis Bond,,,,,0.0217,false,4
2026-09-27T18:01:41.474Z,2026-09-27,2026-09-27T17:03:23Z,Houston Texans @ Indianapolis Colts,ANYTIME_TD,British Brooks,,,,,0.0179,false,5
2026-09-27T18:01:41.474Z,2026-09-27,2026-09-27T17:03:23Z,Houston Texans @ Indianapolis Colts,ANYTIME_TD,Indianapolis Colts Defense,,,,,0.1111,false,1
2026-09-27T18:01:41.474Z,2026-09-27,2026-09-27T17:03:23Z,Houston Texans @ Indianapolis Colts,ANYTIME_TD,Houston Texans Defense,,,,,0.0714,false,1
2026-09-27T18:01:41.474Z,2026-09-27,2026-09-27T20:05:00Z,Arizona Cardinals @ San Francisco 49ers,WR_REC_YARDS,Michael Wilson,46.5,-112,-112,,,,6
2026-09-27T18:01:41.474Z,2026-09-27,2026-09-27T20:05:00Z,Arizona Cardinals @ San Francisco 49ers,WR_REC_YARDS,Christian McCaffrey,39.5,-115,-114,,,,6
2026-09-27T18:01:41.474Z,2026-09-27,2026-09-27T20:05:00Z,Arizona Cardinals @ San Francisco 49ers,WR_REC_YARDS,Jeremiyah Love,14.5,-113,-107,,,,5
2026-09-27T18:01:41.474Z,2026-09-27,2026-09-27T20:05:00Z,Arizona Cardinals @ San Francisco 49ers,WR_REC_YARDS,Kyle Juszczyk,8.5,-107,-113,,,,3
2026-09-27T18:01:41.474Z,2026-09-27,2026-09-27T20:05:00Z,Arizona Cardinals @ San Francisco 49ers,ANYTIME_TD,George Kittle,,,,,0.3571,false,6
2026-09-27T18:01:41.474Z,2026-09-27,2026-09-27T20:05:00Z,Arizona Cardinals @ San Francisco 49ers,ANYTIME_TD,Trey McBride,,,,,0.3509,false,6
2026-09-27T18:01:41.474Z,2026-09-27,2026-09-27T20:05:00Z,Arizona Cardinals @ San Francisco 49ers,ANYTIME_TD,Michael Wilson,,,,,0.2703,false,6
2026-09-27T18:01:41.474Z,2026-09-27,2026-09-27T20:05:00Z,Arizona Cardinals @ San Francisco 49ers,ANYTIME_TD,Kaelon Black,,,,,0.2439,false,6
2026-09-27T18:01:41.474Z,2026-09-27,2026-09-27T20:05:00Z,Arizona Cardinals @ San Francisco 49ers,ANYTIME_TD,Arizona Cardinals D/ST,,,,,0.1176,false,3
2026-09-27T18:01:41.474Z,2026-09-27,2026-09-27T20:05:00Z,Arizona Cardinals @ San Francisco 49ers,ANYTIME_TD,Jacob Cowing,,,,,0.1053,false,6
2026-09-27T18:01:41.474Z,2026-09-27,2026-09-27T20:05:00Z,Arizona Cardinals @ San Francisco 49ers,ANYTIME_TD,Luke Farrell,,,,,0.0833,false,6
2026-09-27T18:01:41.474Z,2026-09-27,2026-09-27T20:05:00Z,Arizona Cardinals @ San Francisco 49ers,ANYTIME_TD,Jordan Watkins,,,,,0.0769,false,5
2026-09-27T18:01:41.474Z,2026-09-27,2026-09-27T20:05:00Z,Arizona Cardinals @ San Francisco 49ers,ANYTIME_TD,James Jordan,,,,,0.0435,false,5
2026-09-27T18:01:41.474Z,2026-09-27,2026-09-27T20:05:00Z,Arizona Cardinals @ San Francisco 49ers,ANYTIME_TD,Simi Fehoko,,,,,0.0179,false,6
2026-09-27T18:01:41.474Z,2026-09-27,2026-09-27T20:05:00Z,Arizona Cardinals @ San Francisco 49ers,ANYTIME_TD,Devin Duvernay,,,,,0.0244,false,6
2026-09-27T18:01:41.474Z,2026-09-27,2026-09-27T20:05:00Z,Arizona Cardinals @ San Francisco 49ers,ANYTIME_TD,Jalen Brooks,,,,,0.0179,false,6
2026-09-27T18:01:41.474Z,2026-09-27,2026-09-27T20:05:00Z,Arizona Cardinals @ San Francisco 49ers,ANYTIME_TD,Bam Knight,,,,,0.0294,false,2
2026-09-27T18:01:41.474Z,2026-09-27,2026-09-27T20:05:00Z,Minnesota Vikings @ Tampa Bay Buccaneers,QB_PASS_YARDS,Baker Mayfield,216.5,-112,-112,,,,6
2026-09-27T18:01:41.474Z,2026-09-27,2026-09-27T20:05:00Z,Minnesota Vikings @ Tampa Bay Buccaneers,RB_RUSH_YARDS,Bucky Irving,57.5,-113,-113,,,,6
2026-09-27T18:01:41.474Z,2026-09-27,2026-09-27T20:05:00Z,Minnesota Vikings @ Tampa Bay Buccaneers,WR_REC_YARDS,Justin Jefferson,75.5,-113,-111,,,,6
2026-09-27T18:01:41.474Z,2026-09-27,2026-09-27T20:05:00Z,Minnesota Vikings @ Tampa Bay Buccaneers,WR_REC_YARDS,Emeka Egbuka,48.5,-111,-113,,,,6
2026-09-27T18:01:41.474Z,2026-09-27,2026-09-27T20:05:00Z,Minnesota Vikings @ Tampa Bay Buccaneers,ANYTIME_TD,Ted Hurst III,,,,,0.1887,false,6
2026-09-27T18:01:41.474Z,2026-09-27,2026-09-27T20:05:00Z,Minnesota Vikings @ Tampa Bay Buccaneers,ANYTIME_TD,DeeJay Dallas,,,,,0.1053,false,6
2026-09-27T18:01:41.474Z,2026-09-27,2026-09-27T20:05:00Z,Minnesota Vikings @ Tampa Bay Buccaneers,ANYTIME_TD,Gavin Bartholomew,,,,,0.0278,false,6
2026-09-27T18:01:41.474Z,2026-09-27,2026-09-27T20:25:00Z,Baltimore Ravens @ Dallas Cowboys,WR_REC_YARDS,LaJohntay Wester,15.5,-120,-112,,,,1
2026-09-27T18:01:41.474Z,2026-09-27,2026-09-27T20:25:00Z,Baltimore Ravens @ Dallas Cowboys,ANYTIME_TD,LaJohntay Wester,,,,,0.1852,false,6
2026-09-27T18:01:41.474Z,2026-09-27,2026-09-27T20:25:00Z,Las Vegas Raiders @ New Orleans Saints,RB_RUSH_YARDS,Travis Etienne Jr.,38.5,-110,-113,,,,6
2026-09-27T18:01:41.474Z,2026-09-27,2026-09-27T20:25:00Z,Las Vegas Raiders @ New Orleans Saints,RB_RUSH_YARDS,Alvin Kamara,26.5,-114,-107,,,,5
2026-09-27T18:01:41.474Z,2026-09-27,2026-09-27T20:25:00Z,Las Vegas Raiders @ New Orleans Saints,WR_REC_YARDS,Noah Fant,12.5,-115,-109,,,,4
2026-09-27T18:01:41.474Z,2026-09-27,2026-09-27T20:25:00Z,Las Vegas Raiders @ New Orleans Saints,ANYTIME_TD,Oscar Delp,,,,,0.0588,false,6
2026-09-27T19:50:04.185Z,2026-09-27,2026-09-27T17:02:37Z,Cincinnati Bengals @ Pittsburgh Steelers,QB_PASS_YARDS,Joe Burrow,289.5,-112,-115,,,,4
2026-09-27T19:50:04.185Z,2026-09-27,2026-09-27T17:02:37Z,Cincinnati Bengals @ Pittsburgh Steelers,QB_PASS_YARDS,Aaron Rodgers,286.5,-115,-115,,,,4
2026-09-27T19:50:04.185Z,2026-09-27,2026-09-27T17:02:37Z,Cincinnati Bengals @ Pittsburgh Steelers,RB_RUSH_YARDS,Jaylen Warren,98.5,-114,-111,,,,4
2026-09-27T19:50:04.185Z,2026-09-27,2026-09-27T17:02:37Z,Cincinnati Bengals @ Pittsburgh Steelers,RB_RUSH_YARDS,Chase Brown,67.5,-110,-125,,,,3
2026-09-27T19:50:04.185Z,2026-09-27,2026-09-27T17:02:37Z,Cincinnati Bengals @ Pittsburgh Steelers,RB_RUSH_YARDS,Joe Burrow,13.5,310,-450,,,,1
2026-09-27T19:50:04.185Z,2026-09-27,2026-09-27T17:02:37Z,Cincinnati Bengals @ Pittsburgh Steelers,RB_RUSH_YARDS,Aaron Rodgers,12.5,295,-425,,,,1
2026-09-27T19:50:04.185Z,2026-09-27,2026-09-27T17:02:37Z,Cincinnati Bengals @ Pittsburgh Steelers,WR_REC_YARDS,Tee Higgins,93.5,-114,-114,,,,4
2026-09-27T19:50:04.185Z,2026-09-27,2026-09-27T17:02:37Z,Cincinnati Bengals @ Pittsburgh Steelers,WR_REC_YARDS,Ja'Marr Chase,76.5,-118,-112,,,,4
2026-09-27T19:50:04.185Z,2026-09-27,2026-09-27T17:02:37Z,Cincinnati Bengals @ Pittsburgh Steelers,WR_REC_YARDS,Roman Wilson,60.5,-105,-125,,,,3
2026-09-27T19:50:04.185Z,2026-09-27,2026-09-27T17:02:37Z,Cincinnati Bengals @ Pittsburgh Steelers,WR_REC_YARDS,Jaylen Warren,51.5,-114,-110,,,,4
2026-09-27T19:50:04.185Z,2026-09-27,2026-09-27T17:02:37Z,Cincinnati Bengals @ Pittsburgh Steelers,WR_REC_YARDS,Pat Freiermuth,35.5,-114,-110,,,,4
2026-09-27T19:50:04.185Z,2026-09-27,2026-09-27T17:02:37Z,Cincinnati Bengals @ Pittsburgh Steelers,WR_REC_YARDS,DK Metcalf,26.5,-110,-110,,,,4
2026-09-27T19:50:04.185Z,2026-09-27,2026-09-27T17:02:37Z,Cincinnati Bengals @ Pittsburgh Steelers,WR_REC_YARDS,Darnell Washington,20.5,182,-225,,,,2
2026-09-27T19:50:04.185Z,2026-09-27,2026-09-27T17:02:37Z,Cincinnati Bengals @ Pittsburgh Steelers,WR_REC_YARDS,Michael Pittman Jr.,16.5,-102,-125,,,,3
2026-09-27T19:50:04.185Z,2026-09-27,2026-09-27T17:02:37Z,Cincinnati Bengals @ Pittsburgh Steelers,WR_REC_YARDS,Chase Brown,12.5,112,-130,,,,2
2026-09-27T19:50:04.185Z,2026-09-27,2026-09-27T17:02:37Z,Cincinnati Bengals @ Pittsburgh Steelers,ANYTIME_TD,Chase Brown,,,,,0.125,false,5
2026-09-27T19:50:04.185Z,2026-09-27,2026-09-27T17:02:37Z,Cincinnati Bengals @ Pittsburgh Steelers,ANYTIME_TD,Jaylen Warren,,,,,0.0952,false,5
2026-09-27T19:50:04.185Z,2026-09-27,2026-09-27T17:02:37Z,Cincinnati Bengals @ Pittsburgh Steelers,ANYTIME_TD,Cincinnati Bengals D/ST,,,,,0.0435,false,3
2026-09-27T19:50:04.185Z,2026-09-27,2026-09-27T17:02:37Z,Cincinnati Bengals @ Pittsburgh Steelers,ANYTIME_TD,Pat Freiermuth,,,,,0.0435,false,5
2026-09-27T19:50:04.185Z,2026-09-27,2026-09-27T17:02:37Z,Cincinnati Bengals @ Pittsburgh Steelers,ANYTIME_TD,Michael Pittman Jr.,,,,,0.0385,false,5
2026-09-27T19:50:04.185Z,2026-09-27,2026-09-27T17:02:37Z,Cincinnati Bengals @ Pittsburgh Steelers,ANYTIME_TD,Pittsburgh Steelers D/ST,,,,,0.0385,false,3
2026-09-27T19:50:04.185Z,2026-09-27,2026-09-27T17:02:37Z,Cincinnati Bengals @ Pittsburgh Steelers,ANYTIME_TD,Samaje Perine,,,,,0.0345,false,3
2026-09-27T19:50:04.185Z,2026-09-27,2026-09-27T17:02:37Z,Cincinnati Bengals @ Pittsburgh Steelers,ANYTIME_TD,Aaron Rodgers,,,,,0.0278,false,5
2026-09-27T19:50:04.185Z,2026-09-27,2026-09-27T17:02:37Z,Cincinnati Bengals @ Pittsburgh Steelers,ANYTIME_TD,Dohnte Meyers,,,,,0.0217,false,5
2026-09-27T19:50:04.185Z,2026-09-27,2026-09-27T17:02:37Z,Cincinnati Bengals @ Pittsburgh Steelers,ANYTIME_TD,Darnell Washington,,,,,0.0278,false,5
2026-09-27T19:50:04.185Z,2026-09-27,2026-09-27T17:02:37Z,Cincinnati Bengals @ Pittsburgh Steelers,ANYTIME_TD,Joe Burrow,,,,,0.0278,false,5
2026-09-27T19:50:04.185Z,2026-09-27,2026-09-27T17:02:37Z,Cincinnati Bengals @ Pittsburgh Steelers,ANYTIME_TD,Tanner Hudson,,,,,0.0278,false,3
2026-09-27T19:50:04.185Z,2026-09-27,2026-09-27T17:02:37Z,Cincinnati Bengals @ Pittsburgh Steelers,ANYTIME_TD,Drew Sample,,,,,0.0217,false,5
2026-09-27T19:50:04.185Z,2026-09-27,2026-09-27T17:02:37Z,Cincinnati Bengals @ Pittsburgh Steelers,ANYTIME_TD,Germie Bernard,,,,,0.0217,false,4
2026-09-27T19:50:04.185Z,2026-09-27,2026-09-27T17:02:37Z,Cincinnati Bengals @ Pittsburgh Steelers,ANYTIME_TD,Lew Nichols,,,,,0.0179,false,5
2026-09-27T19:50:04.185Z,2026-09-27,2026-09-27T17:02:37Z,Cincinnati Bengals @ Pittsburgh Steelers,ANYTIME_TD,Ke'Shawn Williams,,,,,0.0179,false,4
2026-09-27T19:50:04.185Z,2026-09-27,2026-09-27T17:02:37Z,Cincinnati Bengals @ Pittsburgh Steelers,ANYTIME_TD,Travis Homer,,,,,0.0164,false,5
2026-09-27T19:50:04.185Z,2026-09-27,2026-09-27T17:02:37Z,Cincinnati Bengals @ Pittsburgh Steelers,ANYTIME_TD,Erick All,,,,,0.0164,false,5
2026-09-27T19:50:04.185Z,2026-09-27,2026-09-27T17:02:37Z,Cincinnati Bengals @ Pittsburgh Steelers,ANYTIME_TD,Tahj Brooks,,,,,0.0099,false,4
2026-09-27T19:50:04.185Z,2026-09-27,2026-09-27T17:02:37Z,Cincinnati Bengals @ Pittsburgh Steelers,ANYTIME_TD,Riley Nowakowski,,,,,0.009,false,3
2026-09-27T19:50:04.185Z,2026-09-27,2026-09-27T17:02:37Z,Cincinnati Bengals @ Pittsburgh Steelers,ANYTIME_TD,Kaden Wetjen,,,,,0.0083,false,4
2026-09-27T19:50:04.185Z,2026-09-27,2026-09-27T17:02:37Z,Cincinnati Bengals @ Pittsburgh Steelers,ANYTIME_TD,Robert Tonyan,,,,,0.0071,false,3
2026-09-27T19:50:04.185Z,2026-09-27,2026-09-27T17:02:37Z,Cincinnati Bengals @ Pittsburgh Steelers,ANYTIME_TD,Cincinnati Bengals Defense,,,,,0.0435,false,1
2026-09-27T19:50:04.185Z,2026-09-27,2026-09-27T17:02:37Z,Cincinnati Bengals @ Pittsburgh Steelers,ANYTIME_TD,Pittsburgh Steelers Defense,,,,,0.0278,false,1
2026-09-27T19:50:04.185Z,2026-09-27,2026-09-27T17:02:38Z,Kansas City Chiefs @ Miami Dolphins,QB_PASS_YARDS,Malik Willis,232.5,-115,-115,,,,4
2026-09-27T19:50:04.185Z,2026-09-27,2026-09-27T17:02:38Z,Kansas City Chiefs @ Miami Dolphins,RB_RUSH_YARDS,Kenneth Walker III,77.5,-120,-110,,,,3
2026-09-27T19:50:04.185Z,2026-09-27,2026-09-27T17:02:38Z,Kansas City Chiefs @ Miami Dolphins,RB_RUSH_YARDS,Emmett Johnson,14.5,-132,100,,,,1
2026-09-27T19:50:04.185Z,2026-09-27,2026-09-27T17:02:38Z,Kansas City Chiefs @ Miami Dolphins,RB_RUSH_YARDS,Malik Willis,49.5,-110,-120,,,,2
2026-09-27T19:50:04.185Z,2026-09-27,2026-09-27T17:02:38Z,Kansas City Chiefs @ Miami Dolphins,WR_REC_YARDS,Malik Washington,59.5,-115,-115,,,,3
2026-09-27T19:50:04.185Z,2026-09-27,2026-09-27T17:02:38Z,Kansas City Chiefs @ Miami Dolphins,WR_REC_YARDS,Chris Bell,67.5,165,-154,,,,3
2026-09-27T19:50:04.185Z,2026-09-27,2026-09-27T17:02:38Z,Kansas City Chiefs @ Miami Dolphins,WR_REC_YARDS,Greg Dulcich,49.5,150,-125,,,,3
2026-09-27T19:50:04.185Z,2026-09-27,2026-09-27T17:02:38Z,Kansas City Chiefs @ Miami Dolphins,WR_REC_YARDS,Kenneth Walker III,3.5,450,-750,,,,1
2026-09-27T19:50:04.185Z,2026-09-27,2026-09-27T17:02:38Z,Kansas City Chiefs @ Miami Dolphins,WR_REC_YARDS,Kevin Coleman Jr.,0.5,185,-250,,,,1
2026-09-27T19:50:04.185Z,2026-09-27,2026-09-27T17:02:38Z,Kansas City Chiefs @ Miami Dolphins,WR_REC_YARDS,Rashee Rice,73.5,400,-650,,,,1
2026-09-27T19:50:04.185Z,2026-09-27,2026-09-27T17:02:38Z,Kansas City Chiefs @ Miami Dolphins,WR_REC_YARDS,Travis Kelce,48.5,375,-600,,,,1
2026-09-27T19:50:04.185Z,2026-09-27,2026-09-27T17:02:38Z,Kansas City Chiefs @ Miami Dolphins,WR_REC_YARDS,Tyquan Thornton,22.5,1000,-2500,,,,1
2026-09-27T19:50:04.185Z,2026-09-27,2026-09-27T17:02:38Z,Kansas City Chiefs @ Miami Dolphins,ANYTIME_TD,Rashee Rice,,,,,0.0645,false,3
2026-09-27T19:50:04.185Z,2026-09-27,2026-09-27T17:02:38Z,Kansas City Chiefs @ Miami Dolphins,ANYTIME_TD,Travis Kelce,,,,,0.0667,false,3
2026-09-27T19:50:04.185Z,2026-09-27,2026-09-27T17:02:38Z,Kansas City Chiefs @ Miami Dolphins,ANYTIME_TD,Xavier Worthy,,,,,0.0556,false,3
2026-09-27T19:50:04.185Z,2026-09-27,2026-09-27T17:02:38Z,Kansas City Chiefs @ Miami Dolphins,ANYTIME_TD,Malik Washington,,,,,0.0625,false,4
2026-09-27T19:50:04.185Z,2026-09-27,2026-09-27T17:02:38Z,Kansas City Chiefs @ Miami Dolphins,ANYTIME_TD,Greg Dulcich,,,,,0.0526,false,4
2026-09-27T19:50:04.185Z,2026-09-27,2026-09-27T17:02:38Z,Kansas City Chiefs @ Miami Dolphins,ANYTIME_TD,Emmett Johnson,,,,,0.0625,false,3
2026-09-27T19:50:04.185Z,2026-09-27,2026-09-27T17:02:38Z,Kansas City Chiefs @ Miami Dolphins,ANYTIME_TD,Patrick Mahomes,,,,,0.0435,false,3
2026-09-27T19:50:04.185Z,2026-09-27,2026-09-27T17:02:38Z,Kansas City Chiefs @ Miami Dolphins,ANYTIME_TD,Malik Willis,,,,,0.0357,false,4
2026-09-27T19:50:04.185Z,2026-09-27,2026-09-27T17:02:38Z,Kansas City Chiefs @ Miami Dolphins,ANYTIME_TD,Chris Bell,,,,,0.0435,false,4
2026-09-27T19:50:04.185Z,2026-09-27,2026-09-27T17:02:38Z,Kansas City Chiefs @ Miami Dolphins,ANYTIME_TD,Tyquan Thornton,,,,,0.0385,false,3
2026-09-27T19:50:04.185Z,2026-09-27,2026-09-27T17:02:38Z,Kansas City Chiefs @ Miami Dolphins,ANYTIME_TD,Noah Gray,,,,,0.0323,false,3
2026-09-27T19:50:04.185Z,2026-09-27,2026-09-27T17:02:38Z,Kansas City Chiefs @ Miami Dolphins,ANYTIME_TD,Kansas City Chiefs D/ST,,,,,0.0323,false,3
2026-09-27T19:50:04.185Z,2026-09-27,2026-09-27T17:02:38Z,Kansas City Chiefs @ Miami Dolphins,ANYTIME_TD,Kevin Coleman Jr.,,,,,0.0217,false,4
2026-09-27T19:50:04.185Z,2026-09-27,2026-09-27T17:02:38Z,Kansas City Chiefs @ Miami Dolphins,ANYTIME_TD,Jake Briningstool,,,,,0.0196,false,3
2026-09-27T19:50:04.185Z,2026-09-27,2026-09-27T17:02:38Z,Kansas City Chiefs @ Miami Dolphins,ANYTIME_TD,Jalen Royals,,,,,0.0179,false,3
2026-09-27T19:50:04.185Z,2026-09-27,2026-09-27T17:02:38Z,Kansas City Chiefs @ Miami Dolphins,ANYTIME_TD,Brashard Smith,,,,,0.0164,false,3
2026-09-27T19:50:04.185Z,2026-09-27,2026-09-27T17:02:38Z,Kansas City Chiefs @ Miami Dolphins,ANYTIME_TD,Will Kacmarek,,,,,0.0152,false,4
2026-09-27T19:50:04.185Z,2026-09-27,2026-09-27T17:02:38Z,Kansas City Chiefs @ Miami Dolphins,ANYTIME_TD,DJ Herman,,,,,0.0123,false,2
2026-09-27T19:50:04.185Z,2026-09-27,2026-09-27T17:02:38Z,Kansas City Chiefs @ Miami Dolphins,ANYTIME_TD,Nikko Remigio,,,,,0.0123,false,2
2026-09-27T19:50:04.185Z,2026-09-27,2026-09-27T17:02:38Z,Kansas City Chiefs @ Miami Dolphins,ANYTIME_TD,Jalen Tolbert,,,,,0.0099,false,4
2026-09-27T19:50:04.185Z,2026-09-27,2026-09-27T17:02:38Z,Kansas City Chiefs @ Miami Dolphins,ANYTIME_TD,Ryan Miller,,,,,0.0079,false,4
2026-09-27T19:50:04.185Z,2026-09-27,2026-09-27T17:02:38Z,Kansas City Chiefs @ Miami Dolphins,ANYTIME_TD,Miami Dolphins D/ST,,,,,0.011,false,3
2026-09-27T19:50:04.185Z,2026-09-27,2026-09-27T17:02:38Z,Kansas City Chiefs @ Miami Dolphins,ANYTIME_TD,Seydou Traore,,,,,0.0066,false,3
2026-09-27T19:50:04.185Z,2026-09-27,2026-09-27T17:02:38Z,Kansas City Chiefs @ Miami Dolphins,ANYTIME_TD,Cyrus Allen,,,,,0.0066,false,2
2026-09-27T19:50:04.185Z,2026-09-27,2026-09-27T17:02:38Z,Kansas City Chiefs @ Miami Dolphins,ANYTIME_TD,Justin Joly,,,,,0.0062,false,2
2026-09-27T19:50:04.185Z,2026-09-27,2026-09-27T17:02:38Z,Kansas City Chiefs @ Miami Dolphins,ANYTIME_TD,Ben VanSumeren,,,,,0.005,false,2
2026-09-27T19:50:04.185Z,2026-09-27,2026-09-27T17:02:38Z,Kansas City Chiefs @ Miami Dolphins,ANYTIME_TD,Kansas City Chiefs Defense,,,,,0.0278,false,1
2026-09-27T19:50:04.185Z,2026-09-27,2026-09-27T17:02:40Z,New England Patriots @ Jacksonville Jaguars,QB_PASS_YARDS,Drake Maye,226.5,-112,-118,,,,1
2026-09-27T19:50:04.185Z,2026-09-27,2026-09-27T17:02:40Z,New England Patriots @ Jacksonville Jaguars,RB_RUSH_YARDS,Bhayshul Tuten,75.5,-114,-114,,,,1
2026-09-27T19:50:04.185Z,2026-09-27,2026-09-27T17:02:40Z,New England Patriots @ Jacksonville Jaguars,WR_REC_YARDS,Mack Hollins,87.5,130,-174,,,,1
2026-09-27T19:50:04.185Z,2026-09-27,2026-09-27T17:02:40Z,New England Patriots @ Jacksonville Jaguars,WR_REC_YARDS,Romeo Doubs,29.5,130,-174,,,,1
2026-09-27T19:50:04.185Z,2026-09-27,2026-09-27T17:02:40Z,New England Patriots @ Jacksonville Jaguars,ANYTIME_TD,Bhayshul Tuten,,,,,0.2326,false,1
2026-09-27T19:50:04.185Z,2026-09-27,2026-09-27T17:02:40Z,New England Patriots @ Jacksonville Jaguars,ANYTIME_TD,Ameer Abdullah,,,,,0.0217,false,2
2026-09-27T19:50:04.185Z,2026-09-27,2026-09-27T17:02:40Z,New England Patriots @ Jacksonville Jaguars,ANYTIME_TD,Trevor Lawrence,,,,,0.0132,false,3
2026-09-27T19:50:04.185Z,2026-09-27,2026-09-27T17:02:40Z,New England Patriots @ Jacksonville Jaguars,ANYTIME_TD,LeQuint Allen Jr.,,,,,0.0164,false,2
2026-09-27T19:50:04.185Z,2026-09-27,2026-09-27T17:02:40Z,New England Patriots @ Jacksonville Jaguars,ANYTIME_TD,Hunter Henry,,,,,0.0556,false,3
2026-09-27T19:50:04.185Z,2026-09-27,2026-09-27T17:02:40Z,New England Patriots @ Jacksonville Jaguars,ANYTIME_TD,Rhamondre Stevenson,,,,,0.0625,false,3
2026-09-27T19:50:04.185Z,2026-09-27,2026-09-27T17:02:40Z,New England Patriots @ Jacksonville Jaguars,ANYTIME_TD,TreVeyon Henderson,,,,,0.0588,false,3
2026-09-27T19:50:04.185Z,2026-09-27,2026-09-27T17:02:40Z,New England Patriots @ Jacksonville Jaguars,ANYTIME_TD,Mack Hollins,,,,,0.05,false,3
2026-09-27T19:50:04.185Z,2026-09-27,2026-09-27T17:02:40Z,New England Patriots @ Jacksonville Jaguars,ANYTIME_TD,DeMario Douglas,,,,,0.0435,false,3
2026-09-27T19:50:04.185Z,2026-09-27,2026-09-27T17:02:40Z,New England Patriots @ Jacksonville Jaguars,ANYTIME_TD,Romeo Doubs,,,,,0.0435,false,3
2026-09-27T19:50:04.185Z,2026-09-27,2026-09-27T17:02:40Z,New England Patriots @ Jacksonville Jaguars,ANYTIME_TD,Drake Maye,,,,,0.0556,false,1
2026-09-27T19:50:04.185Z,2026-09-27,2026-09-27T17:02:40Z,New England Patriots @ Jacksonville Jaguars,ANYTIME_TD,Efton Chism III,,,,,0.0323,false,3
2026-09-27T19:50:04.185Z,2026-09-27,2026-09-27T17:02:40Z,New England Patriots @ Jacksonville Jaguars,ANYTIME_TD,Brenton Strange,,,,,0.005,false,2
2026-09-27T19:50:04.185Z,2026-09-27,2026-09-27T17:02:40Z,New England Patriots @ Jacksonville Jaguars,ANYTIME_TD,Nate Boerkircher,,,,,0.0066,false,2
2026-09-27T19:50:04.185Z,2026-09-27,2026-09-27T17:02:40Z,New England Patriots @ Jacksonville Jaguars,ANYTIME_TD,Brian Thomas Jr,,,,,0.0066,false,2
2026-09-27T19:50:04.185Z,2026-09-27,2026-09-27T17:02:40Z,New England Patriots @ Jacksonville Jaguars,ANYTIME_TD,Kyle Williams,,,,,0.0217,false,3
2026-09-27T19:50:04.185Z,2026-09-27,2026-09-27T17:02:40Z,New England Patriots @ Jacksonville Jaguars,ANYTIME_TD,Corey Kiner,,,,,0.0196,false,3
2026-09-27T19:50:04.185Z,2026-09-27,2026-09-27T17:02:40Z,New England Patriots @ Jacksonville Jaguars,ANYTIME_TD,Quintin Morris,,,,,0.0099,false,2
2026-09-27T19:50:04.185Z,2026-09-27,2026-09-27T17:02:40Z,New England Patriots @ Jacksonville Jaguars,ANYTIME_TD,Cameron Latu,,,,,0.0141,false,4
2026-09-27T19:50:04.185Z,2026-09-27,2026-09-27T17:02:40Z,New England Patriots @ Jacksonville Jaguars,ANYTIME_TD,Jacksonville Jaguars D/ST,,,,,0.0278,false,2
2026-09-27T19:50:04.185Z,2026-09-27,2026-09-27T17:02:40Z,New England Patriots @ Jacksonville Jaguars,ANYTIME_TD,Travis Hunter,,,,,0.0057,false,2
2026-09-27T19:50:04.185Z,2026-09-27,2026-09-27T17:02:40Z,New England Patriots @ Jacksonville Jaguars,ANYTIME_TD,Tanner Koziol,,,,,0.005,false,2
2026-09-27T19:50:04.185Z,2026-09-27,2026-09-27T17:02:40Z,New England Patriots @ Jacksonville Jaguars,ANYTIME_TD,Tanner Arkin,,,,,0.0152,false,3
2026-09-27T19:50:04.185Z,2026-09-27,2026-09-27T17:02:40Z,New England Patriots @ Jacksonville Jaguars,ANYTIME_TD,New England Patriots D/ST,,,,,0.0132,false,2
2026-09-27T19:50:04.185Z,2026-09-27,2026-09-27T17:02:40Z,New England Patriots @ Jacksonville Jaguars,ANYTIME_TD,Reggie Gilliam,,,,,0.0099,false,3
2026-09-27T19:50:04.185Z,2026-09-27,2026-09-27T17:02:40Z,New England Patriots @ Jacksonville Jaguars,ANYTIME_TD,Jacksonville Jaguars Defense,,,,,0.0323,false,1
2026-09-27T19:50:04.185Z,2026-09-27,2026-09-27T17:02:40Z,New England Patriots @ Jacksonville Jaguars,ANYTIME_TD,Tommy DeVito,,,,,0.0435,false,1
2026-09-27T19:50:04.185Z,2026-09-27,2026-09-27T17:02:48Z,New York Jets @ Detroit Lions,QB_PASS_YARDS,Geno Smith,326.5,-115,-115,,,,2
2026-09-27T19:50:04.185Z,2026-09-27,2026-09-27T17:02:48Z,New York Jets @ Detroit Lions,QB_PASS_YARDS,Jared Goff,269.5,230,-320,,,,2
2026-09-27T19:50:04.185Z,2026-09-27,2026-09-27T17:02:48Z,New York Jets @ Detroit Lions,RB_RUSH_YARDS,Geno Smith,12.5,225,-320,,,,1
2026-09-27T19:50:04.185Z,2026-09-27,2026-09-27T17:02:48Z,New York Jets @ Detroit Lions,RB_RUSH_YARDS,Jared Goff,7.5,110,-150,,,,1
2026-09-27T19:50:04.185Z,2026-09-27,2026-09-27T17:02:48Z,New York Jets @ Detroit Lions,RB_RUSH_YARDS,Jahmyr Gibbs,109.5,-114,-111,,,,3
2026-09-27T19:50:04.185Z,2026-09-27,2026-09-27T17:02:48Z,New York Jets @ Detroit Lions,WR_REC_YARDS,Garrett Wilson,106.5,-120,-110,,,,3
2026-09-27T19:50:04.185Z,2026-09-27,2026-09-27T17:02:48Z,New York Jets @ Detroit Lions,WR_REC_YARDS,Kenyon Sadiq,83.5,146,-150,,,,3
2026-09-27T19:50:04.185Z,2026-09-27,2026-09-27T17:02:48Z,New York Jets @ Detroit Lions,WR_REC_YARDS,Jahmyr Gibbs,48.5,240,-125,,,,3
2026-09-27T19:50:04.185Z,2026-09-27,2026-09-27T17:02:48Z,New York Jets @ Detroit Lions,WR_REC_YARDS,Jeremy Ruckert,34.5,550,-475,,,,2
2026-09-27T19:50:04.185Z,2026-09-27,2026-09-27T17:02:48Z,New York Jets @ Detroit Lions,WR_REC_YARDS,Isaiah Williams,21.5,150,-165,,,,2
2026-09-27T19:50:04.185Z,2026-09-27,2026-09-27T17:02:48Z,New York Jets @ Detroit Lions,WR_REC_YARDS,Sam LaPorta,45.5,-114,-114,,,,2
2026-09-27T19:50:04.185Z,2026-09-27,2026-09-27T17:02:48Z,New York Jets @ Detroit Lions,WR_REC_YARDS,Jameson Williams,49.5,275,-132,,,,2
2026-09-27T19:50:04.185Z,2026-09-27,2026-09-27T17:02:48Z,New York Jets @ Detroit Lions,WR_REC_YARDS,Amon-Ra St. Brown,28.5,-106,-125,,,,2
2026-09-27T19:50:04.185Z,2026-09-27,2026-09-27T17:02:48Z,New York Jets @ Detroit Lions,WR_REC_YARDS,Isaac TeSlaa,66.5,750,-1600,,,,1
2026-09-27T19:50:04.185Z,2026-09-27,2026-09-27T17:02:48Z,New York Jets @ Detroit Lions,ANYTIME_TD,Braelon Allen,,,,,0.0556,false,3
2026-09-27T19:50:04.185Z,2026-09-27,2026-09-27T17:02:48Z,New York Jets @ Detroit Lions,ANYTIME_TD,Isaiah Williams,,,,,0.0435,false,4
2026-09-27T19:50:04.185Z,2026-09-27,2026-09-27T17:02:48Z,New York Jets @ Detroit Lions,ANYTIME_TD,Detroit Lions D/ST,,,,,0.0323,false,3
2026-09-27T19:50:04.185Z,2026-09-27,2026-09-27T17:02:48Z,New York Jets @ Detroit Lions,ANYTIME_TD,Sterling Shepard,,,,,0.0278,false,4
2026-09-27T19:50:04.185Z,2026-09-27,2026-09-27T17:02:48Z,New York Jets @ Detroit Lions,ANYTIME_TD,Geno Smith,,,,,0.0244,false,4
2026-09-27T19:50:04.185Z,2026-09-27,2026-09-27T17:02:48Z,New York Jets @ Detroit Lions,ANYTIME_TD,Jameson Williams,,,,,0.0152,false,4
2026-09-27T19:50:04.185Z,2026-09-27,2026-09-27T17:02:48Z,New York Jets @ Detroit Lions,ANYTIME_TD,Jelani Woods,,,,,0.0152,false,4
2026-09-27T19:50:04.185Z,2026-09-27,2026-09-27T17:02:48Z,New York Jets @ Detroit Lions,ANYTIME_TD,Malik McClain,,,,,0.0141,false,4
2026-09-27T19:50:04.185Z,2026-09-27,2026-09-27T17:02:48Z,New York Jets @ Detroit Lions,ANYTIME_TD,Andrew Beck,,,,,0.0152,false,2
2026-09-27T19:50:04.185Z,2026-09-27,2026-09-27T17:02:48Z,New York Jets @ Detroit Lions,ANYTIME_TD,Sam LaPorta,,,,,0.0141,false,3
2026-09-27T19:50:04.185Z,2026-09-27,2026-09-27T17:02:48Z,New York Jets @ Detroit Lions,ANYTIME_TD,Isaiah Davis,,,,,0.0132,false,3
2026-09-27T19:50:04.185Z,2026-09-27,2026-09-27T17:02:48Z,New York Jets @ Detroit Lions,ANYTIME_TD,Jamaal Pritchett,,,,,0.0123,false,3
2026-09-27T19:50:04.185Z,2026-09-27,2026-09-27T17:02:48Z,New York Jets @ Detroit Lions,ANYTIME_TD,New York Jets D/ST,,,,,0.009,false,3
2026-09-27T19:50:04.185Z,2026-09-27,2026-09-27T17:02:48Z,New York Jets @ Detroit Lions,ANYTIME_TD,Sione Vaki,,,,,0.0083,false,3
2026-09-27T19:50:04.185Z,2026-09-27,2026-09-27T17:02:48Z,New York Jets @ Detroit Lions,ANYTIME_TD,Isaac TeSlaa,,,,,0.0076,false,2
2026-09-27T19:50:04.185Z,2026-09-27,2026-09-27T17:02:48Z,New York Jets @ Detroit Lions,ANYTIME_TD,Brock Wright,,,,,0.0058,false,3
2026-09-27T19:50:04.185Z,2026-09-27,2026-09-27T17:02:48Z,New York Jets @ Detroit Lions,ANYTIME_TD,Tom Kennedy,,,,,0.0058,false,2
2026-09-27T19:50:04.185Z,2026-09-27,2026-09-27T17:02:48Z,New York Jets @ Detroit Lions,ANYTIME_TD,Jackson Meeks,,,,,0.0033,false,2
2026-09-27T19:50:04.185Z,2026-09-27,2026-09-27T17:02:48Z,New York Jets @ Detroit Lions,ANYTIME_TD,Tay Martin,,,,,0.0028,false,2
2026-09-27T19:50:04.185Z,2026-09-27,2026-09-27T17:02:48Z,New York Jets @ Detroit Lions,ANYTIME_TD,Jared Goff,,,,,0.0025,false,3
2026-09-27T19:50:04.185Z,2026-09-27,2026-09-27T17:02:48Z,New York Jets @ Detroit Lions,ANYTIME_TD,Jacob Saylors,,,,,0.0025,false,3
2026-09-27T19:50:04.185Z,2026-09-27,2026-09-27T17:02:48Z,New York Jets @ Detroit Lions,ANYTIME_TD,Detroit Lions Defense,,,,,0.0196,false,1
2026-09-27T19:50:04.185Z,2026-09-27,2026-09-27T17:02:53Z,Los Angeles Chargers @ Buffalo Bills,QB_PASS_YARDS,Josh Allen,207.5,-110,-120,,,,4
2026-09-27T19:50:04.185Z,2026-09-27,2026-09-27T17:02:53Z,Los Angeles Chargers @ Buffalo Bills,QB_PASS_YARDS,Justin Herbert,193.5,-114,-114,,,,5
2026-09-27T19:50:04.185Z,2026-09-27,2026-09-27T17:02:53Z,Los Angeles Chargers @ Buffalo Bills,RB_RUSH_YARDS,James Cook,122.5,-121,-125,,,,4
2026-09-27T19:50:04.185Z,2026-09-27,2026-09-27T17:02:53Z,Los Angeles Chargers @ Buffalo Bills,RB_RUSH_YARDS,Omarion Hampton,56.5,160,-215,,,,1
2026-09-27T19:50:04.185Z,2026-09-27,2026-09-27T17:02:53Z,Los Angeles Chargers @ Buffalo Bills,RB_RUSH_YARDS,Keaton Mitchell,52.5,390,-134,,,,3
2026-09-27T19:50:04.185Z,2026-09-27,2026-09-27T17:02:53Z,Los Angeles Chargers @ Buffalo Bills,RB_RUSH_YARDS,Josh Allen,17.5,-110,-115,,,,4
2026-09-27T19:50:04.185Z,2026-09-27,2026-09-27T17:02:53Z,Los Angeles Chargers @ Buffalo Bills,RB_RUSH_YARDS,Justin Herbert,17.5,180,-235,,,,2
2026-09-27T19:50:04.185Z,2026-09-27,2026-09-27T17:02:53Z,Los Angeles Chargers @ Buffalo Bills,WR_REC_YARDS,DJ Moore,51.5,270,-380,,,,1
2026-09-27T19:50:04.185Z,2026-09-27,2026-09-27T17:02:53Z,Los Angeles Chargers @ Buffalo Bills,WR_REC_YARDS,Tre Harris,50.5,180,-170,,,,4
2026-09-27T19:50:04.185Z,2026-09-27,2026-09-27T17:02:53Z,Los Angeles Chargers @ Buffalo Bills,WR_REC_YARDS,Quentin Johnston,40.5,150,-145,,,,4
2026-09-27T19:50:04.185Z,2026-09-27,2026-09-27T17:02:53Z,Los Angeles Chargers @ Buffalo Bills,WR_REC_YARDS,Dalton Kincaid,38.5,180,-220,,,,2
2026-09-27T19:50:04.185Z,2026-09-27,2026-09-27T17:02:53Z,Los Angeles Chargers @ Buffalo Bills,WR_REC_YARDS,Ladd McConkey,43.5,-115,-115,,,,5
2026-09-27T19:50:04.185Z,2026-09-27,2026-09-27T17:02:53Z,Los Angeles Chargers @ Buffalo Bills,WR_REC_YARDS,Keon Coleman,37.5,500,-800,,,,1
2026-09-27T19:50:04.185Z,2026-09-27,2026-09-27T17:02:53Z,Los Angeles Chargers @ Buffalo Bills,WR_REC_YARDS,Khalil Shakir,6.5,210,-285,,,,2
2026-09-27T19:50:04.185Z,2026-09-27,2026-09-27T17:02:53Z,Los Angeles Chargers @ Buffalo Bills,WR_REC_YARDS,Dawson Knox,5.5,650,-1100,,,,2
2026-09-27T19:50:04.185Z,2026-09-27,2026-09-27T17:02:53Z,Los Angeles Chargers @ Buffalo Bills,WR_REC_YARDS,Oronde Gadsden II,0.5,145,-135,,,,4
2026-09-27T19:50:04.185Z,2026-09-27,2026-09-27T17:02:53Z,Los Angeles Chargers @ Buffalo Bills,WR_REC_YARDS,James Cook,0.5,475,-500,,,,2
2026-09-27T19:50:04.185Z,2026-09-27,2026-09-27T17:02:53Z,Los Angeles Chargers @ Buffalo Bills,WR_REC_YARDS,Omarion Hampton,0.5,200,-275,,,,1
2026-09-27T19:50:04.185Z,2026-09-27,2026-09-27T17:02:53Z,Los Angeles Chargers @ Buffalo Bills,ANYTIME_TD,James Cook,,,,,0.1333,false,5
2026-09-27T19:50:04.185Z,2026-09-27,2026-09-27T17:02:53Z,Los Angeles Chargers @ Buffalo Bills,ANYTIME_TD,Ladd McConkey,,,,,0.0625,false,5
2026-09-27T19:50:04.185Z,2026-09-27,2026-09-27T17:02:53Z,Los Angeles Chargers @ Buffalo Bills,ANYTIME_TD,Dalton Kincaid,,,,,0.05,false,5
2026-09-27T19:50:04.185Z,2026-09-27,2026-09-27T17:02:53Z,Los Angeles Chargers @ Buffalo Bills,ANYTIME_TD,Omarion Hampton,,,,,0.0588,false,5
2026-09-27T19:50:04.185Z,2026-09-27,2026-09-27T17:02:53Z,Los Angeles Chargers @ Buffalo Bills,ANYTIME_TD,Quentin Johnston,,,,,0.0476,false,5
2026-09-27T19:50:04.185Z,2026-09-27,2026-09-27T17:02:53Z,Los Angeles Chargers @ Buffalo Bills,ANYTIME_TD,Oronde Gadsden II,,,,,0.0556,false,5
2026-09-27T19:50:04.185Z,2026-09-27,2026-09-27T17:02:53Z,Los Angeles Chargers @ Buffalo Bills,ANYTIME_TD,DJ Moore,,,,,0.0385,false,4
2026-09-27T19:50:04.185Z,2026-09-27,2026-09-27T17:02:53Z,Los Angeles Chargers @ Buffalo Bills,ANYTIME_TD,Tre Harris,,,,,0.0385,false,5
2026-09-27T19:50:04.185Z,2026-09-27,2026-09-27T17:02:53Z,Los Angeles Chargers @ Buffalo Bills,ANYTIME_TD,Khalil Shakir,,,,,0.0357,false,4
2026-09-27T19:50:04.185Z,2026-09-27,2026-09-27T17:02:53Z,Los Angeles Chargers @ Buffalo Bills,ANYTIME_TD,Ty Johnson,,,,,0.0323,false,5
2026-09-27T19:50:04.185Z,2026-09-27,2026-09-27T17:02:53Z,Los Angeles Chargers @ Buffalo Bills,ANYTIME_TD,Justin Herbert,,,,,0.0294,false,5
2026-09-27T19:50:04.185Z,2026-09-27,2026-09-27T17:02:53Z,Los Angeles Chargers @ Buffalo Bills,ANYTIME_TD,Buffalo Bills D/ST,,,,,0.0345,false,3
2026-09-27T19:50:04.185Z,2026-09-27,2026-09-27T17:02:53Z,Los Angeles Chargers @ Buffalo Bills,ANYTIME_TD,Dawson Knox,,,,,0.0141,false,5
2026-09-27T19:50:04.185Z,2026-09-27,2026-09-27T17:02:53Z,Los Angeles Chargers @ Buffalo Bills,ANYTIME_TD,Keon Coleman,,,,,0.0217,false,4
2026-09-27T19:50:04.185Z,2026-09-27,2026-09-27T17:02:53Z,Los Angeles Chargers @ Buffalo Bills,ANYTIME_TD,Joshua Palmer,,,,,0.0196,false,4
2026-09-27T19:50:04.185Z,2026-09-27,2026-09-27T17:02:53Z,Los Angeles Chargers @ Buffalo Bills,ANYTIME_TD,Jackson Hawes,,,,,0.0196,false,4
2026-09-27T19:50:04.185Z,2026-09-27,2026-09-27T17:02:53Z,Los Angeles Chargers @ Buffalo Bills,ANYTIME_TD,Ray Davis,,,,,0.0179,false,5
2026-09-27T19:50:04.185Z,2026-09-27,2026-09-27T17:02:53Z,Los Angeles Chargers @ Buffalo Bills,ANYTIME_TD,Los Angeles Chargers D/ST,,,,,0.0179,false,3
2026-09-27T19:50:04.185Z,2026-09-27,2026-09-27T17:02:53Z,Los Angeles Chargers @ Buffalo Bills,ANYTIME_TD,Keleki Latu,,,,,0.0149,false,3
2026-09-27T19:50:04.185Z,2026-09-27,2026-09-27T17:02:53Z,Los Angeles Chargers @ Buffalo Bills,ANYTIME_TD,Marquez Valdes-Scantling,,,,,0.0099,false,4
2026-09-27T19:50:04.185Z,2026-09-27,2026-09-27T17:02:53Z,Los Angeles Chargers @ Buffalo Bills,ANYTIME_TD,Hayden Rucci,,,,,0.011,false,4
2026-09-27T19:50:04.185Z,2026-09-27,2026-09-27T17:02:53Z,Los Angeles Chargers @ Buffalo Bills,ANYTIME_TD,Alec Ingold,,,,,0.0099,false,4
2026-09-27T19:50:04.185Z,2026-09-27,2026-09-27T17:02:53Z,Los Angeles Chargers @ Buffalo Bills,ANYTIME_TD,Patrick Herbert,,,,,0.009,false,4
2026-09-27T19:50:04.185Z,2026-09-27,2026-09-27T17:02:53Z,Los Angeles Chargers @ Buffalo Bills,ANYTIME_TD,Greg Dortch,,,,,0.0079,false,3
2026-09-27T19:50:04.185Z,2026-09-27,2026-09-27T17:02:53Z,Los Angeles Chargers @ Buffalo Bills,ANYTIME_TD,Kimani Vidal,,,,,0.0083,false,4
2026-09-27T19:50:04.185Z,2026-09-27,2026-09-27T17:02:53Z,Los Angeles Chargers @ Buffalo Bills,ANYTIME_TD,Derius Davis,,,,,0.0083,false,4
2026-09-27T19:50:04.185Z,2026-09-27,2026-09-27T17:02:53Z,Los Angeles Chargers @ Buffalo Bills,ANYTIME_TD,Buffalo Bills Defense,,,,,0.0244,false,1
2026-09-27T19:50:04.185Z,2026-09-27,2026-09-27T17:02:56Z,Tennessee Titans @ New York Giants,QB_PASS_YARDS,Cam Ward,148.5,-118,-112,,,,3
2026-09-27T19:50:04.185Z,2026-09-27,2026-09-27T17:02:56Z,Tennessee Titans @ New York Giants,RB_RUSH_YARDS,Cam Skattebo,64.5,-106,-110,,,,3
2026-09-27T19:50:04.185Z,2026-09-27,2026-09-27T17:02:56Z,Tennessee Titans @ New York Giants,RB_RUSH_YARDS,Najee Harris,52.5,200,-275,,,,1
2026-09-27T19:50:04.185Z,2026-09-27,2026-09-27T17:02:56Z,Tennessee Titans @ New York Giants,RB_RUSH_YARDS,Tony Pollard,68.5,125,-165,,,,1
2026-09-27T19:50:04.185Z,2026-09-27,2026-09-27T17:02:56Z,Tennessee Titans @ New York Giants,WR_REC_YARDS,Tony Pollard,21.5,360,-525,,,,1
2026-09-27T19:50:04.185Z,2026-09-27,2026-09-27T17:02:56Z,Tennessee Titans @ New York Giants,WR_REC_YARDS,Carnell Tate,52.5,220,-174,,,,2
2026-09-27T19:50:04.185Z,2026-09-27,2026-09-27T17:02:56Z,Tennessee Titans @ New York Giants,WR_REC_YARDS,Wan'Dale Robinson,36.5,175,-188,,,,2
2026-09-27T19:50:04.185Z,2026-09-27,2026-09-27T17:02:56Z,Tennessee Titans @ New York Giants,WR_REC_YARDS,Calvin Ridley,0.5,475,-800,,,,1
2026-09-27T19:50:04.185Z,2026-09-27,2026-09-27T17:02:56Z,Tennessee Titans @ New York Giants,WR_REC_YARDS,Darnell Mooney,20.5,800,-1800,,,,1
2026-09-27T19:50:04.185Z,2026-09-27,2026-09-27T17:02:56Z,Tennessee Titans @ New York Giants,WR_REC_YARDS,Elic Ayomanor,0.5,375,-600,,,,1
2026-09-27T19:50:04.185Z,2026-09-27,2026-09-27T17:02:56Z,Tennessee Titans @ New York Giants,WR_REC_YARDS,Gunnar Helm,13.5,290,-435,,,,1
2026-09-27T19:50:04.185Z,2026-09-27,2026-09-27T17:02:56Z,Tennessee Titans @ New York Giants,WR_REC_YARDS,Isaiah Likely,13.5,375,-600,,,,1
2026-09-27T19:50:04.185Z,2026-09-27,2026-09-27T17:02:56Z,Tennessee Titans @ New York Giants,WR_REC_YARDS,Malachi Fields,19.5,1100,-2800,,,,1
2026-09-27T19:50:04.185Z,2026-09-27,2026-09-27T17:02:56Z,Tennessee Titans @ New York Giants,WR_REC_YARDS,Malik Nabers,25.5,375,-600,,,,1
2026-09-27T19:50:04.185Z,2026-09-27,2026-09-27T17:02:56Z,Tennessee Titans @ New York Giants,ANYTIME_TD,Carnell Tate,,,,,0.0556,false,3
2026-09-27T19:50:04.185Z,2026-09-27,2026-09-27T17:02:56Z,Tennessee Titans @ New York Giants,ANYTIME_TD,Tony Pollard,,,,,0.0476,false,3
2026-09-27T19:50:04.185Z,2026-09-27,2026-09-27T17:02:56Z,Tennessee Titans @ New York Giants,ANYTIME_TD,Gunnar Helm,,,,,0.0385,false,3
2026-09-27T19:50:04.185Z,2026-09-27,2026-09-27T17:02:56Z,Tennessee Titans @ New York Giants,ANYTIME_TD,New York Giants D/ST,,,,,0.0385,false,2
2026-09-27T19:50:04.185Z,2026-09-27,2026-09-27T17:02:56Z,Tennessee Titans @ New York Giants,ANYTIME_TD,Cam Ward,,,,,0.0345,false,3
2026-09-27T19:50:04.185Z,2026-09-27,2026-09-27T17:02:56Z,Tennessee Titans @ New York Giants,ANYTIME_TD,Cam Skattebo,,,,,0.0323,false,2
2026-09-27T19:50:04.185Z,2026-09-27,2026-09-27T17:02:56Z,Tennessee Titans @ New York Giants,ANYTIME_TD,Tyjae Spears,,,,,0.0323,false,2
2026-09-27T19:50:04.185Z,2026-09-27,2026-09-27T17:02:56Z,Tennessee Titans @ New York Giants,ANYTIME_TD,Elic Ayomanor,,,,,0.0323,false,3
2026-09-27T19:50:04.185Z,2026-09-27,2026-09-27T17:02:56Z,Tennessee Titans @ New York Giants,ANYTIME_TD,Calvin Ridley,,,,,0.0294,false,3
2026-09-27T19:50:04.185Z,2026-09-27,2026-09-27T17:02:56Z,Tennessee Titans @ New York Giants,ANYTIME_TD,Nicholas Singleton,,,,,0.0152,false,3
2026-09-27T19:50:04.185Z,2026-09-27,2026-09-27T17:02:56Z,Tennessee Titans @ New York Giants,ANYTIME_TD,Najee Harris,,,,,0.0132,false,2
2026-09-27T19:50:04.185Z,2026-09-27,2026-09-27T17:02:56Z,Tennessee Titans @ New York Giants,ANYTIME_TD,Tennessee Titans D/ST,,,,,0.0123,false,2
2026-09-27T19:50:04.185Z,2026-09-27,2026-09-27T17:02:56Z,Tennessee Titans @ New York Giants,ANYTIME_TD,Malik Nabers,,,,,0.011,false,2
2026-09-27T19:50:04.185Z,2026-09-27,2026-09-27T17:02:56Z,Tennessee Titans @ New York Giants,ANYTIME_TD,Daniel Bellinger,,,,,0.011,false,3
2026-09-27T19:50:04.185Z,2026-09-27,2026-09-27T17:02:56Z,Tennessee Titans @ New York Giants,ANYTIME_TD,David Martin-Robinson,,,,,0.0099,false,3
2026-09-27T19:50:04.185Z,2026-09-27,2026-09-27T17:02:56Z,Tennessee Titans @ New York Giants,ANYTIME_TD,Jameis Winston,,,,,0.009,false,2
2026-09-27T19:50:04.185Z,2026-09-27,2026-09-27T17:02:56Z,Tennessee Titans @ New York Giants,ANYTIME_TD,Chimere Dike,,,,,0.009,false,3
2026-09-27T19:50:04.185Z,2026-09-27,2026-09-27T17:02:56Z,Tennessee Titans @ New York Giants,ANYTIME_TD,Isaiah Likely,,,,,0.0071,false,2
2026-09-27T19:50:04.185Z,2026-09-27,2026-09-27T17:02:56Z,Tennessee Titans @ New York Giants,ANYTIME_TD,Tyrone Tracy Jr.,,,,,0.0071,false,2
2026-09-27T19:50:04.185Z,2026-09-27,2026-09-27T17:02:56Z,Tennessee Titans @ New York Giants,ANYTIME_TD,Julius Chestnut,,,,,0.0066,false,2
2026-09-27T19:50:04.185Z,2026-09-27,2026-09-27T17:02:56Z,Tennessee Titans @ New York Giants,ANYTIME_TD,Darnell Mooney,,,,,0.0062,false,2
2026-09-27T19:50:04.185Z,2026-09-27,2026-09-27T17:02:56Z,Tennessee Titans @ New York Giants,ANYTIME_TD,Malachi Fields,,,,,0.0055,false,1
2026-09-27T19:50:04.185Z,2026-09-27,2026-09-27T17:02:56Z,Tennessee Titans @ New York Giants,ANYTIME_TD,Braxton Berrios,,,,,0.0055,false,2
2026-09-27T19:50:04.185Z,2026-09-27,2026-09-27T17:02:56Z,Tennessee Titans @ New York Giants,ANYTIME_TD,Theo Johnson,,,,,0.004,false,1
2026-09-27T19:50:04.185Z,2026-09-27,2026-09-27T17:02:56Z,Tennessee Titans @ New York Giants,ANYTIME_TD,Odell Beckham Jr.,,,,,0.0028,false,2
2026-09-27T19:50:04.185Z,2026-09-27,2026-09-27T17:02:56Z,Tennessee Titans @ New York Giants,ANYTIME_TD,Patrick Ricard,,,,,0.0028,false,2
2026-09-27T19:50:04.185Z,2026-09-27,2026-09-27T17:02:56Z,Tennessee Titans @ New York Giants,ANYTIME_TD,Chris Manhertz,,,,,0.002,false,2
2026-09-27T19:50:04.185Z,2026-09-27,2026-09-27T17:02:56Z,Tennessee Titans @ New York Giants,ANYTIME_TD,New York Giants Defense,,,,,0.0152,false,1
2026-09-27T19:50:04.185Z,2026-09-27,2026-09-27T17:02:57Z,Carolina Panthers @ Cleveland Browns,QB_PASS_YARDS,Bryce Young,252.5,-120,-110,,,,4
2026-09-27T19:50:04.185Z,2026-09-27,2026-09-27T17:02:57Z,Carolina Panthers @ Cleveland Browns,QB_PASS_YARDS,Deshaun Watson,128.5,-114,-114,,,,4
2026-09-27T19:50:04.185Z,2026-09-27,2026-09-27T17:02:57Z,Carolina Panthers @ Cleveland Browns,RB_RUSH_YARDS,Quinshon Judkins,65.5,-110,-110,,,,5
2026-09-27T19:50:04.185Z,2026-09-27,2026-09-27T17:02:57Z,Carolina Panthers @ Cleveland Browns,RB_RUSH_YARDS,Chuba Hubbard,60.5,-115,-120,,,,4
2026-09-27T19:50:04.185Z,2026-09-27,2026-09-27T17:02:57Z,Carolina Panthers @ Cleveland Browns,RB_RUSH_YARDS,AJ Dillon,16.5,-105,-125,,,,1
2026-09-27T19:50:04.185Z,2026-09-27,2026-09-27T17:02:57Z,Carolina Panthers @ Cleveland Browns,RB_RUSH_YARDS,Bryce Young,0.5,165,-220,,,,1
2026-09-27T19:50:04.185Z,2026-09-27,2026-09-27T17:02:57Z,Carolina Panthers @ Cleveland Browns,WR_REC_YARDS,Raheim Sanders,34.5,475,-750,,,,1
2026-09-27T19:50:04.185Z,2026-09-27,2026-09-27T17:02:57Z,Carolina Panthers @ Cleveland Browns,WR_REC_YARDS,Darren Waller,32.5,160,-175,,,,2
2026-09-27T19:50:04.185Z,2026-09-27,2026-09-27T17:02:57Z,Carolina Panthers @ Cleveland Browns,WR_REC_YARDS,Harold Fannin Jr.,30.5,185,-155,,,,4
2026-09-27T19:50:04.185Z,2026-09-27,2026-09-27T17:02:57Z,Carolina Panthers @ Cleveland Browns,WR_REC_YARDS,Chuba Hubbard,28.5,190,-200,,,,3
2026-09-27T19:50:04.185Z,2026-09-27,2026-09-27T17:02:57Z,Carolina Panthers @ Cleveland Browns,WR_REC_YARDS,Denzel Boston,28.5,210,-175,,,,4
2026-09-27T19:50:04.185Z,2026-09-27,2026-09-27T17:02:57Z,Carolina Panthers @ Cleveland Browns,WR_REC_YARDS,Tommy Tremble,26.5,220,-285,,,,2
2026-09-27T19:50:04.185Z,2026-09-27,2026-09-27T17:02:57Z,Carolina Panthers @ Cleveland Browns,WR_REC_YARDS,Tetairoa McMillan,23.5,-120,-115,,,,4
2026-09-27T19:50:04.185Z,2026-09-27,2026-09-27T17:02:57Z,Carolina Panthers @ Cleveland Browns,WR_REC_YARDS,KC Concepcion,9.5,210,-170,,,,4
2026-09-27T19:50:04.185Z,2026-09-27,2026-09-27T17:02:57Z,Carolina Panthers @ Cleveland Browns,WR_REC_YARDS,Quinshon Judkins,9.5,340,-375,,,,2
2026-09-27T19:50:04.185Z,2026-09-27,2026-09-27T17:02:57Z,Carolina Panthers @ Cleveland Browns,WR_REC_YARDS,Jerry Jeudy,0.5,450,-375,,,,2
2026-09-27T19:50:04.185Z,2026-09-27,2026-09-27T17:02:57Z,Carolina Panthers @ Cleveland Browns,WR_REC_YARDS,Blake Whiteheart,0.5,900,-1600,,,,1
2026-09-27T19:50:04.185Z,2026-09-27,2026-09-27T17:02:57Z,Carolina Panthers @ Cleveland Browns,WR_REC_YARDS,John Metchie III,11.5,155,-205,,,,1
2026-09-27T19:50:04.185Z,2026-09-27,2026-09-27T17:02:57Z,Carolina Panthers @ Cleveland Browns,ANYTIME_TD,Chuba Hubbard,,,,,0.1,false,5
2026-09-27T19:50:04.185Z,2026-09-27,2026-09-27T17:02:57Z,Carolina Panthers @ Cleveland Browns,ANYTIME_TD,Tetairoa McMillan,,,,,0.0769,false,5
2026-09-27T19:50:04.185Z,2026-09-27,2026-09-27T17:02:57Z,Carolina Panthers @ Cleveland Browns,ANYTIME_TD,Darren Waller,,,,,0.0476,false,4
2026-09-27T19:50:04.185Z,2026-09-27,2026-09-27T17:02:57Z,Carolina Panthers @ Cleveland Browns,ANYTIME_TD,Quinshon Judkins,,,,,0.0526,false,5
2026-09-27T19:50:04.185Z,2026-09-27,2026-09-27T17:02:57Z,Carolina Panthers @ Cleveland Browns,ANYTIME_TD,Carolina Panthers D/ST,,,,,0.0435,false,3
2026-09-27T19:50:04.185Z,2026-09-27,2026-09-27T17:02:57Z,Carolina Panthers @ Cleveland Browns,ANYTIME_TD,Tommy Tremble,,,,,0.0323,false,4
2026-09-27T19:50:04.185Z,2026-09-27,2026-09-27T17:02:57Z,Carolina Panthers @ Cleveland Browns,ANYTIME_TD,Cleveland Browns D/ST,,,,,0.0345,false,3
2026-09-27T19:50:04.185Z,2026-09-27,2026-09-27T17:02:57Z,Carolina Panthers @ Cleveland Browns,ANYTIME_TD,Denzel Boston,,,,,0.0323,false,5
2026-09-27T19:50:04.185Z,2026-09-27,2026-09-27T17:02:57Z,Carolina Panthers @ Cleveland Browns,ANYTIME_TD,Bryce Young,,,,,0.0244,false,5
2026-09-27T19:50:04.185Z,2026-09-27,2026-09-27T17:02:57Z,Carolina Panthers @ Cleveland Browns,ANYTIME_TD,John Metchie III,,,,,0.0278,false,4
2026-09-27T19:50:04.185Z,2026-09-27,2026-09-27T17:02:57Z,Carolina Panthers @ Cleveland Browns,ANYTIME_TD,AJ Dillon,,,,,0.0217,false,5
2026-09-27T19:50:04.185Z,2026-09-27,2026-09-27T17:02:57Z,Carolina Panthers @ Cleveland Browns,ANYTIME_TD,KC Concepcion,,,,,0.0244,false,5
2026-09-27T19:50:04.185Z,2026-09-27,2026-09-27T17:02:57Z,Carolina Panthers @ Cleveland Browns,ANYTIME_TD,Deshaun Watson,,,,,0.0244,false,5
2026-09-27T19:50:04.185Z,2026-09-27,2026-09-27T17:02:57Z,Carolina Panthers @ Cleveland Browns,ANYTIME_TD,Raheim Sanders,,,,,0.0244,false,4
2026-09-27T19:50:04.185Z,2026-09-27,2026-09-27T17:02:57Z,Carolina Panthers @ Cleveland Browns,ANYTIME_TD,Mitchell Evans,,,,,0.0217,false,5
2026-09-27T19:50:04.185Z,2026-09-27,2026-09-27T17:02:57Z,Carolina Panthers @ Cleveland Browns,ANYTIME_TD,Brycen Tremayne,,,,,0.0217,false,5
2026-09-27T19:50:04.185Z,2026-09-27,2026-09-27T17:02:57Z,Carolina Panthers @ Cleveland Browns,ANYTIME_TD,Jerry Jeudy,,,,,0.0164,false,5
2026-09-27T19:50:04.185Z,2026-09-27,2026-09-27T17:02:57Z,Carolina Panthers @ Cleveland Browns,ANYTIME_TD,David Moore,,,,,0.0123,false,5
2026-09-27T19:50:04.185Z,2026-09-27,2026-09-27T17:02:57Z,Carolina Panthers @ Cleveland Browns,ANYTIME_TD,Tylan Wallace,,,,,0.0076,false,3
2026-09-27T19:50:04.185Z,2026-09-27,2026-09-27T17:02:57Z,Carolina Panthers @ Cleveland Browns,ANYTIME_TD,Blake Whiteheart,,,,,0.0071,false,3
2026-09-27T19:50:04.185Z,2026-09-27,2026-09-27T17:02:57Z,Carolina Panthers @ Cleveland Browns,ANYTIME_TD,Isaiah Bond,,,,,0.0062,false,3
2026-09-27T19:50:04.185Z,2026-09-27,2026-09-27T17:02:57Z,Carolina Panthers @ Cleveland Browns,ANYTIME_TD,Malachi Corley,,,,,0.0062,false,3
2026-09-27T19:50:04.185Z,2026-09-27,2026-09-27T17:02:57Z,Carolina Panthers @ Cleveland Browns,ANYTIME_TD,Jaleel McLaughlin,,,,,0.0062,false,4
2026-09-27T19:50:04.185Z,2026-09-27,2026-09-27T17:02:57Z,Carolina Panthers @ Cleveland Browns,ANYTIME_TD,Carsen Ryan,,,,,0.005,false,3
2026-09-27T19:50:04.185Z,2026-09-27,2026-09-27T17:02:57Z,Carolina Panthers @ Cleveland Browns,ANYTIME_TD,Michael Burton,,,,,0.0028,false,3
2026-09-27T19:50:04.185Z,2026-09-27,2026-09-27T17:02:57Z,Carolina Panthers @ Cleveland Browns,ANYTIME_TD,Cleveland Browns Defense,,,,,0.0357,false,1
2026-09-27T19:50:04.185Z,2026-09-27,2026-09-27T17:02:57Z,Carolina Panthers @ Cleveland Browns,ANYTIME_TD,Carolina Panthers Defense,,,,,0.0244,false,1
2026-09-27T19:50:04.185Z,2026-09-27,2026-09-27T17:02:57Z,Carolina Panthers @ Cleveland Browns,ANYTIME_TD,Feleipe Franks,,,,,0.0179,false,1
2026-09-27T19:50:04.185Z,2026-09-27,2026-09-27T17:02:57Z,Carolina Panthers @ Cleveland Browns,ANYTIME_TD,Jalen Coker,,,,,0.087,false,1
2026-09-27T19:50:04.185Z,2026-09-27,2026-09-27T17:03:12Z,Seattle Seahawks @ Washington Commanders,QB_PASS_YARDS,Sam Darnold,335.5,-115,-120,,,,2
2026-09-27T19:50:04.185Z,2026-09-27,2026-09-27T17:03:12Z,Seattle Seahawks @ Washington Commanders,QB_PASS_YARDS,Marcus Mariota,192.5,-114,-114,,,,4
2026-09-27T19:50:04.185Z,2026-09-27,2026-09-27T17:03:12Z,Seattle Seahawks @ Washington Commanders,RB_RUSH_YARDS,Jacory Croskey-Merritt,40.5,-120,-111,,,,4
2026-09-27T19:50:04.185Z,2026-09-27,2026-09-27T17:03:12Z,Seattle Seahawks @ Washington Commanders,RB_RUSH_YARDS,Rachaad White,15.5,100,-128,,,,2
2026-09-27T19:50:04.185Z,2026-09-27,2026-09-27T17:03:12Z,Seattle Seahawks @ Washington Commanders,RB_RUSH_YARDS,Marcus Mariota,3.5,-114,-114,,,,1
2026-09-27T19:50:04.185Z,2026-09-27,2026-09-27T17:03:12Z,Seattle Seahawks @ Washington Commanders,RB_RUSH_YARDS,Jadarian Price,20.5,-125,-118,,,,2
2026-09-27T19:50:04.185Z,2026-09-27,2026-09-27T17:03:12Z,Seattle Seahawks @ Washington Commanders,WR_REC_YARDS,AJ Barner,69.5,115,-155,,,,3
2026-09-27T19:50:04.185Z,2026-09-27,2026-09-27T17:03:12Z,Seattle Seahawks @ Washington Commanders,WR_REC_YARDS,Jaxon Smith-Njigba,69.5,-115,-124,,,,3
2026-09-27T19:50:04.185Z,2026-09-27,2026-09-27T17:03:12Z,Seattle Seahawks @ Washington Commanders,WR_REC_YARDS,Terry McLaurin,65.5,100,-121,,,,4
2026-09-27T19:50:04.185Z,2026-09-27,2026-09-27T17:03:12Z,Seattle Seahawks @ Washington Commanders,WR_REC_YARDS,Cooper Kupp,39.5,105,-140,,,,1
2026-09-27T19:50:04.185Z,2026-09-27,2026-09-27T17:03:12Z,Seattle Seahawks @ Washington Commanders,WR_REC_YARDS,Stefon Diggs,21.5,-117,-115,,,,4
2026-09-27T19:50:04.185Z,2026-09-27,2026-09-27T17:03:12Z,Seattle Seahawks @ Washington Commanders,WR_REC_YARDS,Rachaad White,6.5,165,-180,,,,2
2026-09-27T19:50:04.185Z,2026-09-27,2026-09-27T17:03:12Z,Seattle Seahawks @ Washington Commanders,WR_REC_YARDS,Antonio Williams,15.5,174,-240,,,,1
2026-09-27T19:50:04.185Z,2026-09-27,2026-09-27T17:03:12Z,Seattle Seahawks @ Washington Commanders,WR_REC_YARDS,Rashid Shaheed,14.5,105,-140,,,,1
2026-09-27T19:50:04.185Z,2026-09-27,2026-09-27T17:03:12Z,Seattle Seahawks @ Washington Commanders,ANYTIME_TD,AJ Barner,,,,,0.125,false,5
2026-09-27T19:50:04.185Z,2026-09-27,2026-09-27T17:03:12Z,Seattle Seahawks @ Washington Commanders,ANYTIME_TD,Emanuel Wilson,,,,,0.1695,false,5
2026-09-27T19:50:04.185Z,2026-09-27,2026-09-27T17:03:12Z,Seattle Seahawks @ Washington Commanders,ANYTIME_TD,Jadarian Price,,,,,0.1333,false,5
2026-09-27T19:50:04.185Z,2026-09-27,2026-09-27T17:03:12Z,Seattle Seahawks @ Washington Commanders,ANYTIME_TD,Cooper Kupp,,,,,0.0952,false,5
2026-09-27T19:50:04.185Z,2026-09-27,2026-09-27T17:03:12Z,Seattle Seahawks @ Washington Commanders,ANYTIME_TD,George Holani,,,,,0.1333,false,5
2026-09-27T19:50:04.185Z,2026-09-27,2026-09-27T17:03:12Z,Seattle Seahawks @ Washington Commanders,ANYTIME_TD,Rashid Shaheed,,,,,0.1176,false,5
2026-09-27T19:50:04.185Z,2026-09-27,2026-09-27T17:03:12Z,Seattle Seahawks @ Washington Commanders,ANYTIME_TD,Jacory Croskey-Merritt,,,,,0.0833,false,5
2026-09-27T19:50:04.185Z,2026-09-27,2026-09-27T17:03:12Z,Seattle Seahawks @ Washington Commanders,ANYTIME_TD,Tory Horton,,,,,0.0476,false,5
2026-09-27T19:50:04.185Z,2026-09-27,2026-09-27T17:03:12Z,Seattle Seahawks @ Washington Commanders,ANYTIME_TD,Elijah Arroyo,,,,,0.0625,false,5
2026-09-27T19:50:04.185Z,2026-09-27,2026-09-27T17:03:12Z,Seattle Seahawks @ Washington Commanders,ANYTIME_TD,Sam Darnold,,,,,0.0541,false,5
2026-09-27T19:50:04.185Z,2026-09-27,2026-09-27T17:03:12Z,Seattle Seahawks @ Washington Commanders,ANYTIME_TD,Seattle Seahawks D/ST,,,,,0.0556,false,3
2026-09-27T19:50:04.185Z,2026-09-27,2026-09-27T17:03:12Z,Seattle Seahawks @ Washington Commanders,ANYTIME_TD,Stefon Diggs,,,,,0.0385,false,5
2026-09-27T19:50:04.185Z,2026-09-27,2026-09-27T17:03:12Z,Seattle Seahawks @ Washington Commanders,ANYTIME_TD,Marcus Mariota,,,,,0.0357,false,5
2026-09-27T19:50:04.185Z,2026-09-27,2026-09-27T17:03:12Z,Seattle Seahawks @ Washington Commanders,ANYTIME_TD,Washington Commanders D/ST,,,,,0.0385,false,3
2026-09-27T19:50:04.185Z,2026-09-27,2026-09-27T17:03:12Z,Seattle Seahawks @ Washington Commanders,ANYTIME_TD,Antonio Williams,,,,,0.0244,false,5
2026-09-27T19:50:04.185Z,2026-09-27,2026-09-27T17:03:12Z,Seattle Seahawks @ Washington Commanders,ANYTIME_TD,Ben Sinnott,,,,,0.0164,false,5
2026-09-27T19:50:04.185Z,2026-09-27,2026-09-27T17:03:12Z,Seattle Seahawks @ Washington Commanders,ANYTIME_TD,Nick Kallerup,,,,,0.0217,false,4
2026-09-27T19:50:04.185Z,2026-09-27,2026-09-27T17:03:12Z,Seattle Seahawks @ Washington Commanders,ANYTIME_TD,Brady Russell,,,,,0.0164,false,4
2026-09-27T19:50:04.185Z,2026-09-27,2026-09-27T17:03:12Z,Seattle Seahawks @ Washington Commanders,ANYTIME_TD,Kaytron Allen,,,,,0.0164,false,3
2026-09-27T19:50:04.185Z,2026-09-27,2026-09-27T17:03:12Z,Seattle Seahawks @ Washington Commanders,ANYTIME_TD,Dyami Brown,,,,,0.0123,false,5
2026-09-27T19:50:04.185Z,2026-09-27,2026-09-27T17:03:12Z,Seattle Seahawks @ Washington Commanders,ANYTIME_TD,John Bates,,,,,0.0123,false,4
2026-09-27T19:50:04.185Z,2026-09-27,2026-09-27T17:03:12Z,Seattle Seahawks @ Washington Commanders,ANYTIME_TD,Jaylin Lane,,,,,0.011,false,3
2026-09-27T19:50:04.185Z,2026-09-27,2026-09-27T17:03:12Z,Seattle Seahawks @ Washington Commanders,ANYTIME_TD,Colson Yankoff,,,,,0.0099,false,3
2026-09-27T19:50:04.185Z,2026-09-27,2026-09-27T17:03:12Z,Seattle Seahawks @ Washington Commanders,ANYTIME_TD,Luke McCaffrey,,,,,0.0066,false,2
2026-09-27T19:50:04.185Z,2026-09-27,2026-09-27T17:03:12Z,Seattle Seahawks @ Washington Commanders,ANYTIME_TD,Washington Commanders Defense,,,,,0.0435,false,1
2026-09-27T19:50:04.185Z,2026-09-27,2026-09-27T17:03:12Z,Seattle Seahawks @ Washington Commanders,ANYTIME_TD,Seattle Seahawks Defense,,,,,0.0385,false,1
2026-09-27T19:50:04.185Z,2026-09-27,2026-09-27T17:03:12Z,Seattle Seahawks @ Washington Commanders,ANYTIME_TD,Velus Jones Jr.,,,,,0.0278,false,2
2026-09-27T19:50:04.185Z,2026-09-27,2026-09-27T17:03:23Z,Houston Texans @ Indianapolis Colts,QB_PASS_YARDS,C.J. Stroud,152.5,-115,-115,,,,4
2026-09-27T19:50:04.185Z,2026-09-27,2026-09-27T17:03:23Z,Houston Texans @ Indianapolis Colts,QB_PASS_YARDS,Daniel Jones,218.5,-115,-115,,,,1
2026-09-27T19:50:04.185Z,2026-09-27,2026-09-27T17:03:23Z,Houston Texans @ Indianapolis Colts,RB_RUSH_YARDS,Jonathan Taylor,72.5,-120,-115,,,,3
2026-09-27T19:50:04.185Z,2026-09-27,2026-09-27T17:03:23Z,Houston Texans @ Indianapolis Colts,RB_RUSH_YARDS,C.J. Stroud,10.5,210,-285,,,,1
2026-09-27T19:50:04.185Z,2026-09-27,2026-09-27T17:03:23Z,Houston Texans @ Indianapolis Colts,RB_RUSH_YARDS,David Montgomery,36.5,-110,-120,,,,1
2026-09-27T19:50:04.185Z,2026-09-27,2026-09-27T17:03:23Z,Houston Texans @ Indianapolis Colts,RB_RUSH_YARDS,Woody Marks,0.5,125,-165,,,,1
2026-09-27T19:50:04.185Z,2026-09-27,2026-09-27T17:03:23Z,Houston Texans @ Indianapolis Colts,WR_REC_YARDS,Dalton Schultz,18.5,-110,-110,,,,4
2026-09-27T19:50:04.185Z,2026-09-27,2026-09-27T17:03:23Z,Houston Texans @ Indianapolis Colts,WR_REC_YARDS,Xavier Hutchinson,34.5,125,-150,,,,2
2026-09-27T19:50:04.185Z,2026-09-27,2026-09-27T17:03:23Z,Houston Texans @ Indianapolis Colts,WR_REC_YARDS,Jaylin Noel,17.5,160,-220,,,,1
2026-09-27T19:50:04.185Z,2026-09-27,2026-09-27T17:03:23Z,Houston Texans @ Indianapolis Colts,WR_REC_YARDS,Kayshon Boutte,0.5,155,-200,,,,2
2026-09-27T19:50:04.185Z,2026-09-27,2026-09-27T17:03:23Z,Houston Texans @ Indianapolis Colts,WR_REC_YARDS,David Montgomery,15.5,280,-410,,,,1
2026-09-27T19:50:04.185Z,2026-09-27,2026-09-27T17:03:23Z,Houston Texans @ Indianapolis Colts,WR_REC_YARDS,Foster Moreau,7.5,550,-1000,,,,1
2026-09-27T19:50:04.185Z,2026-09-27,2026-09-27T17:03:23Z,Houston Texans @ Indianapolis Colts,WR_REC_YARDS,Jonathan Taylor,4.5,425,-700,,,,1
2026-09-27T19:50:04.185Z,2026-09-27,2026-09-27T17:03:23Z,Houston Texans @ Indianapolis Colts,WR_REC_YARDS,Josh Downs,77.5,220,-300,,,,1
2026-09-27T19:50:04.185Z,2026-09-27,2026-09-27T17:03:23Z,Houston Texans @ Indianapolis Colts,WR_REC_YARDS,Keenan Allen,58.5,290,-435,,,,1
2026-09-27T19:50:04.185Z,2026-09-27,2026-09-27T17:03:23Z,Houston Texans @ Indianapolis Colts,WR_REC_YARDS,Tyler Warren,55.5,225,-310,,,,1
2026-09-27T19:50:04.185Z,2026-09-27,2026-09-27T17:03:23Z,Houston Texans @ Indianapolis Colts,WR_REC_YARDS,Woody Marks,6.5,210,-285,,,,1
2026-09-27T19:50:04.185Z,2026-09-27,2026-09-27T17:03:23Z,Houston Texans @ Indianapolis Colts,ANYTIME_TD,David Montgomery,,,,,0.1176,false,5
2026-09-27T19:50:04.185Z,2026-09-27,2026-09-27T17:03:23Z,Houston Texans @ Indianapolis Colts,ANYTIME_TD,Dalton Schultz,,,,,0.0909,false,5
2026-09-27T19:50:04.185Z,2026-09-27,2026-09-27T17:03:23Z,Houston Texans @ Indianapolis Colts,ANYTIME_TD,Woody Marks,,,,,0.0526,false,5
2026-09-27T19:50:04.185Z,2026-09-27,2026-09-27T17:03:23Z,Houston Texans @ Indianapolis Colts,ANYTIME_TD,Jaylin Noel,,,,,0.0476,false,5
2026-09-27T19:50:04.185Z,2026-09-27,2026-09-27T17:03:23Z,Houston Texans @ Indianapolis Colts,ANYTIME_TD,Kayshon Boutte,,,,,0.0714,false,5
2026-09-27T19:50:04.185Z,2026-09-27,2026-09-27T17:03:23Z,Houston Texans @ Indianapolis Colts,ANYTIME_TD,C.J. Stroud,,,,,0.0294,false,5
2026-09-27T19:50:04.185Z,2026-09-27,2026-09-27T17:03:23Z,Houston Texans @ Indianapolis Colts,ANYTIME_TD,Xavier Hutchinson,,,,,0.0556,false,5
2026-09-27T19:50:04.185Z,2026-09-27,2026-09-27T17:03:23Z,Houston Texans @ Indianapolis Colts,ANYTIME_TD,Jared Wayne,,,,,0.0323,false,5
2026-09-27T19:50:04.185Z,2026-09-27,2026-09-27T17:03:23Z,Houston Texans @ Indianapolis Colts,ANYTIME_TD,Jonathan Taylor,,,,,0.0278,false,5
2026-09-27T19:50:04.185Z,2026-09-27,2026-09-27T17:03:23Z,Houston Texans @ Indianapolis Colts,ANYTIME_TD,Cade Stover,,,,,0.0179,false,5
2026-09-27T19:50:04.185Z,2026-09-27,2026-09-27T17:03:23Z,Houston Texans @ Indianapolis Colts,ANYTIME_TD,Marlin Klein,,,,,0.0132,false,5
2026-09-27T19:50:04.185Z,2026-09-27,2026-09-27T17:03:23Z,Houston Texans @ Indianapolis Colts,ANYTIME_TD,Houston Texans D/ST,,,,,0.0152,false,3
2026-09-27T19:50:04.185Z,2026-09-27,2026-09-27T17:03:23Z,Houston Texans @ Indianapolis Colts,ANYTIME_TD,Josh Downs,,,,,0.0132,false,5
2026-09-27T19:50:04.185Z,2026-09-27,2026-09-27T17:03:23Z,Houston Texans @ Indianapolis Colts,ANYTIME_TD,British Brooks,,,,,0.0123,false,3
2026-09-27T19:50:04.185Z,2026-09-27,2026-09-27T17:03:23Z,Houston Texans @ Indianapolis Colts,ANYTIME_TD,Tyler Warren,,,,,0.0123,false,5
2026-09-27T19:50:04.185Z,2026-09-27,2026-09-27T17:03:23Z,Houston Texans @ Indianapolis Colts,ANYTIME_TD,Lewis Bond,,,,,0.0099,false,3
2026-09-27T19:50:04.185Z,2026-09-27,2026-09-27T17:03:23Z,Houston Texans @ Indianapolis Colts,ANYTIME_TD,Indianapolis Colts D/ST,,,,,0.0123,false,3
2026-09-27T19:50:04.185Z,2026-09-27,2026-09-27T17:03:23Z,Houston Texans @ Indianapolis Colts,ANYTIME_TD,Laquon Treadwell,,,,,0.0071,false,4
2026-09-27T19:50:04.185Z,2026-09-27,2026-09-27T17:03:23Z,Houston Texans @ Indianapolis Colts,ANYTIME_TD,Seth McGowan,,,,,0.0062,false,4
2026-09-27T19:50:04.185Z,2026-09-27,2026-09-27T17:03:23Z,Houston Texans @ Indianapolis Colts,ANYTIME_TD,Daniel Jones,,,,,0.0058,false,4
2026-09-27T19:50:04.185Z,2026-09-27,2026-09-27T17:03:23Z,Houston Texans @ Indianapolis Colts,ANYTIME_TD,Mo Alie-Cox,,,,,0.0033,false,4
2026-09-27T19:50:04.185Z,2026-09-27,2026-09-27T17:03:23Z,Houston Texans @ Indianapolis Colts,ANYTIME_TD,Drew Ogletree,,,,,0.0025,false,3
2026-09-27T19:50:04.185Z,2026-09-27,2026-09-27T17:03:23Z,Houston Texans @ Indianapolis Colts,ANYTIME_TD,Nick Westbrook-Ikhine,,,,,0.0033,false,3
2026-09-27T19:50:04.185Z,2026-09-27,2026-09-27T17:03:23Z,Houston Texans @ Indianapolis Colts,ANYTIME_TD,Deion Burks,,,,,0.0028,false,4
2026-09-27T19:50:04.185Z,2026-09-27,2026-09-27T17:03:23Z,Houston Texans @ Indianapolis Colts,ANYTIME_TD,Anthony Gould,,,,,0.0025,false,3
2026-09-27T19:50:04.185Z,2026-09-27,2026-09-27T17:03:23Z,Houston Texans @ Indianapolis Colts,ANYTIME_TD,Indianapolis Colts Defense,,,,,0.0278,false,1
2026-09-27T19:50:04.185Z,2026-09-27,2026-09-27T17:03:23Z,Houston Texans @ Indianapolis Colts,ANYTIME_TD,Houston Texans Defense,,,,,0.0132,false,1
2026-09-27T19:50:04.185Z,2026-09-27,2026-09-27T20:05:00Z,Arizona Cardinals @ San Francisco 49ers,QB_PASS_YARDS,Brock Purdy,242.5,-110,-120,,,,6
2026-09-27T19:50:04.185Z,2026-09-27,2026-09-27T20:05:00Z,Arizona Cardinals @ San Francisco 49ers,QB_PASS_YARDS,Jacoby Brissett,225.5,-113,-112,,,,6
2026-09-27T19:50:04.185Z,2026-09-27,2026-09-27T20:05:00Z,Arizona Cardinals @ San Francisco 49ers,RB_RUSH_YARDS,Christian McCaffrey,58.5,-114,-114,,,,6
2026-09-27T19:50:04.185Z,2026-09-27,2026-09-27T20:05:00Z,Arizona Cardinals @ San Francisco 49ers,RB_RUSH_YARDS,Tyler Allgeier,34.5,-110,-113,,,,6
2026-09-27T19:50:04.185Z,2026-09-27,2026-09-27T20:05:00Z,Arizona Cardinals @ San Francisco 49ers,RB_RUSH_YARDS,Kaelon Black,32.5,-111,-110,,,,6
2026-09-27T19:50:04.185Z,2026-09-27,2026-09-27T20:05:00Z,Arizona Cardinals @ San Francisco 49ers,RB_RUSH_YARDS,Brock Purdy,17.5,-111,-113,,,,6
2026-09-27T19:50:04.185Z,2026-09-27,2026-09-27T20:05:00Z,Arizona Cardinals @ San Francisco 49ers,WR_REC_YARDS,Trey McBride,68.5,-115,-111,,,,6
2026-09-27T19:50:04.185Z,2026-09-27,2026-09-27T20:05:00Z,Arizona Cardinals @ San Francisco 49ers,WR_REC_YARDS,George Kittle,47.5,-110,-112,,,,6
2026-09-27T19:50:04.185Z,2026-09-27,2026-09-27T20:05:00Z,Arizona Cardinals @ San Francisco 49ers,WR_REC_YARDS,Michael Wilson,47.5,-111,-113,,,,6
2026-09-27T19:50:04.185Z,2026-09-27,2026-09-27T20:05:00Z,Arizona Cardinals @ San Francisco 49ers,WR_REC_YARDS,Christian McCaffrey,39.5,-117,-111,,,,6
2026-09-27T19:50:04.185Z,2026-09-27,2026-09-27T20:05:00Z,Arizona Cardinals @ San Francisco 49ers,WR_REC_YARDS,Marvin Harrison Jr.,32.5,-113,-113,,,,5
2026-09-27T19:50:04.185Z,2026-09-27,2026-09-27T20:05:00Z,Arizona Cardinals @ San Francisco 49ers,WR_REC_YARDS,Kendrick Bourne,23.5,-113,-111,,,,5
2026-09-27T19:50:04.185Z,2026-09-27,2026-09-27T20:05:00Z,Arizona Cardinals @ San Francisco 49ers,WR_REC_YARDS,Jeremiyah Love,15.5,-107,-115,,,,5
2026-09-27T19:50:04.185Z,2026-09-27,2026-09-27T20:05:00Z,Arizona Cardinals @ San Francisco 49ers,ANYTIME_TD,Mike Evans,,,,,0.3774,false,6
2026-09-27T19:50:04.185Z,2026-09-27,2026-09-27T20:05:00Z,Arizona Cardinals @ San Francisco 49ers,ANYTIME_TD,Tyler Allgeier,,,,,0.3509,false,6
2026-09-27T19:50:04.185Z,2026-09-27,2026-09-27T20:05:00Z,Arizona Cardinals @ San Francisco 49ers,ANYTIME_TD,Deebo Samuel,,,,,0.3509,false,6
2026-09-27T19:50:04.185Z,2026-09-27,2026-09-27T20:05:00Z,Arizona Cardinals @ San Francisco 49ers,ANYTIME_TD,Michael Wilson,,,,,0.2632,false,6
2026-09-27T19:50:04.185Z,2026-09-27,2026-09-27T20:05:00Z,Arizona Cardinals @ San Francisco 49ers,ANYTIME_TD,Marvin Harrison Jr.,,,,,0.1905,false,6
2026-09-27T19:50:04.185Z,2026-09-27,2026-09-27T20:05:00Z,Arizona Cardinals @ San Francisco 49ers,ANYTIME_TD,San Francisco 49ers D/ST,,,,,0.1429,false,3
2026-09-27T19:50:04.185Z,2026-09-27,2026-09-27T20:05:00Z,Arizona Cardinals @ San Francisco 49ers,ANYTIME_TD,Arizona Cardinals D/ST,,,,,0.1111,false,3
2026-09-27T19:50:04.185Z,2026-09-27,2026-09-27T20:05:00Z,Arizona Cardinals @ San Francisco 49ers,ANYTIME_TD,KhaDarel Hodge,,,,,0.0833,false,6
2026-09-27T19:50:04.185Z,2026-09-27,2026-09-27T20:05:00Z,Arizona Cardinals @ San Francisco 49ers,ANYTIME_TD,Jacob Cowing,,,,,0.0833,false,6
2026-09-27T19:50:04.185Z,2026-09-27,2026-09-27T20:05:00Z,Arizona Cardinals @ San Francisco 49ers,ANYTIME_TD,Brayden Willis,,,,,0.0435,false,6
2026-09-27T19:50:04.185Z,2026-09-27,2026-09-27T20:05:00Z,Arizona Cardinals @ San Francisco 49ers,ANYTIME_TD,Devin Duvernay,,,,,0.0278,false,6
2026-09-27T19:50:04.185Z,2026-09-27,2026-09-27T20:05:00Z,Arizona Cardinals @ San Francisco 49ers,ANYTIME_TD,Elijah Higgins,,,,,0.0323,false,6
2026-09-27T19:50:04.185Z,2026-09-27,2026-09-27T20:05:00Z,Arizona Cardinals @ San Francisco 49ers,ANYTIME_TD,Jalen Brooks,,,,,0.0164,false,6
2026-09-27T19:50:04.185Z,2026-09-27,2026-09-27T20:05:00Z,Minnesota Vikings @ Tampa Bay Buccaneers,RB_RUSH_YARDS,Kenny Gainwell,18.5,-111,-109,,,,6
2026-09-27T19:50:04.185Z,2026-09-27,2026-09-27T20:05:00Z,Minnesota Vikings @ Tampa Bay Buccaneers,RB_RUSH_YARDS,Baker Mayfield,18.5,-113,-110,,,,5
2026-09-27T19:50:04.185Z,2026-09-27,2026-09-27T20:05:00Z,Minnesota Vikings @ Tampa Bay Buccaneers,WR_REC_YARDS,Justin Jefferson,75.5,-112,-112,,,,6
2026-09-27T19:50:04.185Z,2026-09-27,2026-09-27T20:05:00Z,Minnesota Vikings @ Tampa Bay Buccaneers,WR_REC_YARDS,Emeka Egbuka,49.5,-115,-112,,,,6
2026-09-27T19:50:04.185Z,2026-09-27,2026-09-27T20:05:00Z,Minnesota Vikings @ Tampa Bay Buccaneers,WR_REC_YARDS,Cade Otton,28.5,-110,-114,,,,6
2026-09-27T19:50:04.185Z,2026-09-27,2026-09-27T20:05:00Z,Minnesota Vikings @ Tampa Bay Buccaneers,WR_REC_YARDS,Ted Hurst III,24.5,-113,-112,,,,6
2026-09-27T19:50:04.185Z,2026-09-27,2026-09-27T20:05:00Z,Minnesota Vikings @ Tampa Bay Buccaneers,WR_REC_YARDS,Jauan Jennings,14.5,-109,-113,,,,6
2026-09-27T19:50:04.185Z,2026-09-27,2026-09-27T20:05:00Z,Minnesota Vikings @ Tampa Bay Buccaneers,WR_REC_YARDS,Aaron Jones,13.5,-107,-115,,,,6
2026-09-27T19:50:04.185Z,2026-09-27,2026-09-27T20:05:00Z,Minnesota Vikings @ Tampa Bay Buccaneers,ANYTIME_TD,Jordan Addison,,,,,0.25,false,6
2026-09-27T19:50:04.185Z,2026-09-27,2026-09-27T20:05:00Z,Minnesota Vikings @ Tampa Bay Buccaneers,ANYTIME_TD,Kenny Gainwell,,,,,0.2273,false,6
2026-09-27T19:50:04.185Z,2026-09-27,2026-09-27T20:05:00Z,Minnesota Vikings @ Tampa Bay Buccaneers,ANYTIME_TD,Cade Otton,,,,,0.2,false,6
2026-09-27T19:50:04.185Z,2026-09-27,2026-09-27T20:05:00Z,Minnesota Vikings @ Tampa Bay Buccaneers,ANYTIME_TD,Kyler Murray,,,,,0.2,false,6
2026-09-27T19:50:04.185Z,2026-09-27,2026-09-27T20:05:00Z,Minnesota Vikings @ Tampa Bay Buccaneers,ANYTIME_TD,Baker Mayfield,,,,,0.1538,false,6
2026-09-27T19:50:04.185Z,2026-09-27,2026-09-27T20:05:00Z,Minnesota Vikings @ Tampa Bay Buccaneers,ANYTIME_TD,Minnesota Vikings D/ST,,,,,0.1429,false,3
2026-09-27T19:50:04.185Z,2026-09-27,2026-09-27T20:05:00Z,Minnesota Vikings @ Tampa Bay Buccaneers,ANYTIME_TD,Jalen McMillan,,,,,0.1333,false,6
2026-09-27T19:50:04.185Z,2026-09-27,2026-09-27T20:05:00Z,Minnesota Vikings @ Tampa Bay Buccaneers,ANYTIME_TD,Josh Oliver,,,,,0.125,false,6
2026-09-27T19:50:04.185Z,2026-09-27,2026-09-27T20:05:00Z,Minnesota Vikings @ Tampa Bay Buccaneers,ANYTIME_TD,Demond Claiborne,,,,,0.0556,false,6
2026-09-27T19:50:04.185Z,2026-09-27,2026-09-27T20:05:00Z,Minnesota Vikings @ Tampa Bay Buccaneers,ANYTIME_TD,Kameron Johnson,,,,,0.0435,false,4
2026-09-27T19:50:04.185Z,2026-09-27,2026-09-27T20:05:00Z,Minnesota Vikings @ Tampa Bay Buccaneers,ANYTIME_TD,Max Bredeson,,,,,0.0385,false,6
2026-09-27T19:50:04.185Z,2026-09-27,2026-09-27T20:05:00Z,Minnesota Vikings @ Tampa Bay Buccaneers,ANYTIME_TD,Bauer Sharp,,,,,0.0278,false,6
2026-09-27T19:50:04.185Z,2026-09-27,2026-09-27T20:05:00Z,Minnesota Vikings @ Tampa Bay Buccaneers,ANYTIME_TD,Tai Felton,,,,,0.0217,false,6
2026-09-27T19:50:04.185Z,2026-09-27,2026-09-27T20:25:00Z,Baltimore Ravens @ Dallas Cowboys,QB_PASS_YARDS,Dak Prescott,265.5,-115,-112,,,,6
2026-09-27T19:50:04.185Z,2026-09-27,2026-09-27T20:25:00Z,Baltimore Ravens @ Dallas Cowboys,QB_PASS_YARDS,Lamar Jackson,240.5,-111,-113,,,,6
2026-09-27T19:50:04.185Z,2026-09-27,2026-09-27T20:25:00Z,Baltimore Ravens @ Dallas Cowboys,RB_RUSH_YARDS,Javonte Williams,56.5,-111,-113,,,,6
2026-09-27T19:50:04.185Z,2026-09-27,2026-09-27T20:25:00Z,Baltimore Ravens @ Dallas Cowboys,RB_RUSH_YARDS,Justice Hill,13.5,-113,-109,,,,5
2026-09-27T19:50:04.185Z,2026-09-27,2026-09-27T20:25:00Z,Baltimore Ravens @ Dallas Cowboys,RB_RUSH_YARDS,Dak Prescott,12.5,-109,-110,,,,6
2026-09-27T19:50:04.185Z,2026-09-27,2026-09-27T20:25:00Z,Baltimore Ravens @ Dallas Cowboys,RB_RUSH_YARDS,Emari Demercado,7.5,-102,-120,,,,2
2026-09-27T19:50:04.185Z,2026-09-27,2026-09-27T20:25:00Z,Baltimore Ravens @ Dallas Cowboys,WR_REC_YARDS,CeeDee Lamb,82.5,-113,-112,,,,6
2026-09-27T19:50:04.185Z,2026-09-27,2026-09-27T20:25:00Z,Baltimore Ravens @ Dallas Cowboys,WR_REC_YARDS,George Pickens,66.5,-109,-114,,,,6
2026-09-27T19:50:04.185Z,2026-09-27,2026-09-27T20:25:00Z,Baltimore Ravens @ Dallas Cowboys,WR_REC_YARDS,Zay Flowers,46.5,-114,-110,,,,2
2026-09-27T19:50:04.185Z,2026-09-27,2026-09-27T20:25:00Z,Baltimore Ravens @ Dallas Cowboys,WR_REC_YARDS,Mark Andrews,44.5,-113,-111,,,,6
2026-09-27T19:50:04.185Z,2026-09-27,2026-09-27T20:25:00Z,Baltimore Ravens @ Dallas Cowboys,WR_REC_YARDS,Rashod Bateman,39.5,-113,-113,,,,6
2026-09-27T19:50:04.185Z,2026-09-27,2026-09-27T20:25:00Z,Baltimore Ravens @ Dallas Cowboys,WR_REC_YARDS,Jake Ferguson,28.5,-111,-110,,,,6
2026-09-27T19:50:04.185Z,2026-09-27,2026-09-27T20:25:00Z,Baltimore Ravens @ Dallas Cowboys,WR_REC_YARDS,Chris Moore,16.5,-109,-113,,,,2
2026-09-27T19:50:04.185Z,2026-09-27,2026-09-27T20:25:00Z,Baltimore Ravens @ Dallas Cowboys,WR_REC_YARDS,Justice Hill,13.5,-113,-111,,,,6
2026-09-27T19:50:04.185Z,2026-09-27,2026-09-27T20:25:00Z,Baltimore Ravens @ Dallas Cowboys,WR_REC_YARDS,Javonte Williams,14.5,-111,-114,,,,6
2026-09-27T19:50:04.185Z,2026-09-27,2026-09-27T20:25:00Z,Baltimore Ravens @ Dallas Cowboys,WR_REC_YARDS,LaJohntay Wester,12.5,-113,-111,,,,2
2026-09-27T19:50:04.185Z,2026-09-27,2026-09-27T20:25:00Z,Baltimore Ravens @ Dallas Cowboys,WR_REC_YARDS,Derrick Henry,10.5,-113,-110,,,,6
2026-09-27T19:50:04.185Z,2026-09-27,2026-09-27T20:25:00Z,Baltimore Ravens @ Dallas Cowboys,ANYTIME_TD,Derrick Henry,,,,,0.7015,false,6
2026-09-27T19:50:04.185Z,2026-09-27,2026-09-27T20:25:00Z,Baltimore Ravens @ Dallas Cowboys,ANYTIME_TD,Mark Andrews,,,,,0.4032,false,6
2026-09-27T19:50:04.185Z,2026-09-27,2026-09-27T20:25:00Z,Baltimore Ravens @ Dallas Cowboys,ANYTIME_TD,Rashod Bateman,,,,,0.3226,false,6
2026-09-27T19:50:04.185Z,2026-09-27,2026-09-27T20:25:00Z,Baltimore Ravens @ Dallas Cowboys,ANYTIME_TD,Zay Flowers,,,,,0.2817,false,6
2026-09-27T19:50:04.185Z,2026-09-27,2026-09-27T20:25:00Z,Baltimore Ravens @ Dallas Cowboys,ANYTIME_TD,Ryan Flournoy,,,,,0.1923,false,6
2026-09-27T19:50:04.185Z,2026-09-27,2026-09-27T20:25:00Z,Baltimore Ravens @ Dallas Cowboys,ANYTIME_TD,LaJohntay Wester,,,,,0.1739,false,6
2026-09-27T19:50:04.185Z,2026-09-27,2026-09-27T20:25:00Z,Baltimore Ravens @ Dallas Cowboys,ANYTIME_TD,Justice Hill,,,,,0.1563,false,6
2026-09-27T19:50:04.185Z,2026-09-27,2026-09-27T20:25:00Z,Baltimore Ravens @ Dallas Cowboys,ANYTIME_TD,Chris Moore,,,,,0.1333,false,5
2026-09-27T19:50:04.185Z,2026-09-27,2026-09-27T20:25:00Z,Baltimore Ravens @ Dallas Cowboys,ANYTIME_TD,Dak Prescott,,,,,0.1212,false,6
2026-09-27T19:50:04.185Z,2026-09-27,2026-09-27T20:25:00Z,Baltimore Ravens @ Dallas Cowboys,ANYTIME_TD,Durham Smythe,,,,,0.1,false,6
2026-09-27T19:50:04.185Z,2026-09-27,2026-09-27T20:25:00Z,Baltimore Ravens @ Dallas Cowboys,ANYTIME_TD,KaVontae Turpin,,,,,0.0952,false,6
2026-09-27T19:50:04.185Z,2026-09-27,2026-09-27T20:25:00Z,Baltimore Ravens @ Dallas Cowboys,ANYTIME_TD,Tyler Goodson,,,,,0.1,false,3
2026-09-27T19:50:04.185Z,2026-09-27,2026-09-27T20:25:00Z,Baltimore Ravens @ Dallas Cowboys,ANYTIME_TD,Devontez Walker,,,,,0.0909,false,6
2026-09-27T19:50:04.185Z,2026-09-27,2026-09-27T20:25:00Z,Baltimore Ravens @ Dallas Cowboys,ANYTIME_TD,Jonathan Mingo,,,,,0.0357,false,6
2026-09-27T19:50:04.185Z,2026-09-27,2026-09-27T20:25:00Z,Baltimore Ravens @ Dallas Cowboys,ANYTIME_TD,Emari Demercado,,,,,0.1333,false,2
2026-09-27T19:50:04.185Z,2026-09-27,2026-09-27T20:25:00Z,Baltimore Ravens @ Dallas Cowboys,ANYTIME_TD,Camden Brown,,,,,0.05,false,1
2026-09-27T19:50:04.185Z,2026-09-27,2026-09-27T20:25:00Z,Baltimore Ravens @ Dallas Cowboys,ANYTIME_TD,Elijah Sarratt,,,,,0.1176,false,1
2026-09-27T19:50:04.185Z,2026-09-27,2026-09-27T20:25:00Z,Las Vegas Raiders @ New Orleans Saints,RB_RUSH_YARDS,Ashton Jeanty,68.5,-113,-113,,,,6
2026-09-27T19:50:04.185Z,2026-09-27,2026-09-27T20:25:00Z,Las Vegas Raiders @ New Orleans Saints,RB_RUSH_YARDS,Travis Etienne Jr.,39.5,-108,-113,,,,6
2026-09-27T19:50:04.185Z,2026-09-27,2026-09-27T20:25:00Z,Las Vegas Raiders @ New Orleans Saints,RB_RUSH_YARDS,Alvin Kamara,24.5,-110,-109,,,,5
2026-09-27T19:50:04.185Z,2026-09-27,2026-09-27T20:25:00Z,Las Vegas Raiders @ New Orleans Saints,RB_RUSH_YARDS,Tyler Shough,14.5,-113,-110,,,,6
2026-09-27T19:50:04.185Z,2026-09-27,2026-09-27T20:25:00Z,Las Vegas Raiders @ New Orleans Saints,RB_RUSH_YARDS,Kirk Cousins,0.5,-122,-103,,,,3
2026-09-27T19:50:04.185Z,2026-09-27,2026-09-27T20:25:00Z,Las Vegas Raiders @ New Orleans Saints,WR_REC_YARDS,Chris Olave,76.5,-113,-110,,,,6
2026-09-27T19:50:04.185Z,2026-09-27,2026-09-27T20:25:00Z,Las Vegas Raiders @ New Orleans Saints,WR_REC_YARDS,Devaughn Vele,50.5,-112,-112,,,,6
2026-09-27T19:50:04.185Z,2026-09-27,2026-09-27T20:25:00Z,Las Vegas Raiders @ New Orleans Saints,WR_REC_YARDS,Brock Bowers,46.5,-113,-112,,,,6
2026-09-27T19:50:04.185Z,2026-09-27,2026-09-27T20:25:00Z,Las Vegas Raiders @ New Orleans Saints,WR_REC_YARDS,Tre Tucker,41.5,-113,-113,,,,6
2026-09-27T19:50:04.185Z,2026-09-27,2026-09-27T20:25:00Z,Las Vegas Raiders @ New Orleans Saints,WR_REC_YARDS,Juwan Johnson,35.5,-113,-111,,,,6
2026-09-27T19:50:04.185Z,2026-09-27,2026-09-27T20:25:00Z,Las Vegas Raiders @ New Orleans Saints,WR_REC_YARDS,Ashton Jeanty,22.5,-109,-111,,,,6
2026-09-27T19:50:04.185Z,2026-09-27,2026-09-27T20:25:00Z,Las Vegas Raiders @ New Orleans Saints,WR_REC_YARDS,Bryce Lance,15.5,-113,-109,,,,5
2026-09-27T19:50:04.185Z,2026-09-27,2026-09-27T20:25:00Z,Las Vegas Raiders @ New Orleans Saints,WR_REC_YARDS,Alvin Kamara,12.5,-113,-111,,,,5
2026-09-27T19:50:04.185Z,2026-09-27,2026-09-27T20:25:00Z,Las Vegas Raiders @ New Orleans Saints,WR_REC_YARDS,Noah Fant,12.5,-106,-118,,,,4
2026-09-27T19:50:04.185Z,2026-09-27,2026-09-27T20:25:00Z,Las Vegas Raiders @ New Orleans Saints,ANYTIME_TD,Travis Etienne Jr.,,,,,0.4,false,6
2026-09-27T19:50:04.185Z,2026-09-27,2026-09-27T20:25:00Z,Las Vegas Raiders @ New Orleans Saints,ANYTIME_TD,Alvin Kamara,,,,,0.2941,false,6
2026-09-27T19:50:04.185Z,2026-09-27,2026-09-27T20:25:00Z,Las Vegas Raiders @ New Orleans Saints,ANYTIME_TD,Brock Bowers,,,,,0.2857,false,6
2026-09-27T19:50:04.185Z,2026-09-27,2026-09-27T20:25:00Z,Las Vegas Raiders @ New Orleans Saints,ANYTIME_TD,Tyler Shough,,,,,0.2326,false,6
2026-09-27T19:50:04.185Z,2026-09-27,2026-09-27T20:25:00Z,Las Vegas Raiders @ New Orleans Saints,ANYTIME_TD,Juwan Johnson,,,,,0.2299,false,6
2026-09-27T19:50:04.185Z,2026-09-27,2026-09-27T20:25:00Z,Las Vegas Raiders @ New Orleans Saints,ANYTIME_TD,Devaughn Vele,,,,,0.2532,false,6
2026-09-27T19:50:04.185Z,2026-09-27,2026-09-27T20:25:00Z,Las Vegas Raiders @ New Orleans Saints,ANYTIME_TD,Tre Tucker,,,,,0.2222,false,6
2026-09-27T19:50:04.185Z,2026-09-27,2026-09-27T20:25:00Z,Las Vegas Raiders @ New Orleans Saints,ANYTIME_TD,Michael Mayer,,,,,0.1818,false,6
2026-09-27T19:50:04.185Z,2026-09-27,2026-09-27T20:25:00Z,Las Vegas Raiders @ New Orleans Saints,ANYTIME_TD,Jalen Nailor,,,,,0.1667,false,6
2026-09-27T19:50:04.185Z,2026-09-27,2026-09-27T20:25:00Z,Las Vegas Raiders @ New Orleans Saints,ANYTIME_TD,Noah Fant,,,,,0.1176,false,6
2026-09-27T19:50:04.185Z,2026-09-27,2026-09-27T20:25:00Z,Las Vegas Raiders @ New Orleans Saints,ANYTIME_TD,CJ Donaldson,,,,,0.0588,false,4
2026-09-27T19:50:04.185Z,2026-09-27,2026-09-27T20:25:00Z,Las Vegas Raiders @ New Orleans Saints,ANYTIME_TD,Malik Benson,,,,,0.0556,false,6
2026-09-27T19:50:04.185Z,2026-09-27,2026-09-27T20:25:00Z,Las Vegas Raiders @ New Orleans Saints,ANYTIME_TD,Kendre Miller,,,,,0.0526,false,6
2026-09-27T19:50:04.185Z,2026-09-27,2026-09-27T20:25:00Z,Las Vegas Raiders @ New Orleans Saints,ANYTIME_TD,Dareke Young,,,,,0.0476,false,5
2026-09-27T19:50:04.185Z,2026-09-27,2026-09-27T20:25:00Z,Las Vegas Raiders @ New Orleans Saints,ANYTIME_TD,Dylan Laube,,,,,0.0385,false,6
2026-09-27T19:50:04.185Z,2026-09-27,2026-09-27T20:25:00Z,Las Vegas Raiders @ New Orleans Saints,ANYTIME_TD,Treyton Welch,,,,,0.0294,false,2
2026-09-27T19:50:04.185Z,2026-09-27,2026-09-28T00:20:00Z,Los Angeles Rams @ Denver Broncos,QB_PASS_YARDS,Matthew Stafford,236.5,-113,-113,,,,6
2026-09-27T19:50:04.185Z,2026-09-27,2026-09-28T00:20:00Z,Los Angeles Rams @ Denver Broncos,WR_REC_YARDS,Pat Bryant,26.5,-111,-113,,,,6
2026-09-27T19:50:04.185Z,2026-09-27,2026-09-28T00:20:00Z,Los Angeles Rams @ Denver Broncos,ANYTIME_TD,Matthew Stafford,,,,,0.0435,false,6
2026-09-27T21:11:04.925Z,2026-09-27,2026-09-27T20:05:20Z,Arizona Cardinals @ San Francisco 49ers,QB_PASS_YARDS,Brock Purdy,297.5,-115,-115,,,,5
2026-09-27T21:11:04.925Z,2026-09-27,2026-09-27T20:05:20Z,Arizona Cardinals @ San Francisco 49ers,QB_PASS_YARDS,Jacoby Brissett,239.5,-115,-115,,,,4
2026-09-27T21:11:04.925Z,2026-09-27,2026-09-27T20:05:20Z,Arizona Cardinals @ San Francisco 49ers,RB_RUSH_YARDS,Jeremiyah Love,67.5,-120,-115,,,,4
2026-09-27T21:11:04.925Z,2026-09-27,2026-09-27T20:05:20Z,Arizona Cardinals @ San Francisco 49ers,RB_RUSH_YARDS,Christian McCaffrey,48.5,-118,-110,,,,4
2026-09-27T21:11:04.925Z,2026-09-27,2026-09-27T20:05:20Z,Arizona Cardinals @ San Francisco 49ers,RB_RUSH_YARDS,Kaelon Black,17.5,-115,-120,,,,2
2026-09-27T21:11:04.925Z,2026-09-27,2026-09-27T20:05:20Z,Arizona Cardinals @ San Francisco 49ers,RB_RUSH_YARDS,Brock Purdy,7.5,-115,-110,,,,5
2026-09-27T21:11:04.925Z,2026-09-27,2026-09-27T20:05:20Z,Arizona Cardinals @ San Francisco 49ers,RB_RUSH_YARDS,Jacoby Brissett,4.5,-122,-108,,,,3
2026-09-27T21:11:04.925Z,2026-09-27,2026-09-27T20:05:20Z,Arizona Cardinals @ San Francisco 49ers,RB_RUSH_YARDS,Tyler Allgeier,4.5,-105,-118,,,,4
2026-09-27T21:11:04.925Z,2026-09-27,2026-09-27T20:05:20Z,Arizona Cardinals @ San Francisco 49ers,RB_RUSH_YARDS,Deebo Samuel,3.5,120,-130,,,,3
2026-09-27T21:11:04.925Z,2026-09-27,2026-09-27T20:05:20Z,Arizona Cardinals @ San Francisco 49ers,WR_REC_YARDS,Deebo Samuel,100.5,-114,-114,,,,5
2026-09-27T21:11:04.925Z,2026-09-27,2026-09-27T20:05:20Z,Arizona Cardinals @ San Francisco 49ers,WR_REC_YARDS,Trey McBride,69.5,-115,-115,,,,4
2026-09-27T21:11:04.925Z,2026-09-27,2026-09-27T20:05:20Z,Arizona Cardinals @ San Francisco 49ers,WR_REC_YARDS,Mike Evans,53.5,-118,-112,,,,5
2026-09-27T21:11:04.925Z,2026-09-27,2026-09-27T20:05:20Z,Arizona Cardinals @ San Francisco 49ers,WR_REC_YARDS,Michael Wilson,46.5,-115,-115,,,,4
2026-09-27T21:11:04.925Z,2026-09-27,2026-09-27T20:05:20Z,Arizona Cardinals @ San Francisco 49ers,WR_REC_YARDS,Christian McCaffrey,38.5,-120,-115,,,,4
2026-09-27T21:11:04.925Z,2026-09-27,2026-09-27T20:05:20Z,Arizona Cardinals @ San Francisco 49ers,WR_REC_YARDS,George Kittle,36.5,-120,-110,,,,5
2026-09-27T21:11:04.925Z,2026-09-27,2026-09-27T20:05:20Z,Arizona Cardinals @ San Francisco 49ers,WR_REC_YARDS,Marvin Harrison Jr.,25.5,-114,-114,,,,3
2026-09-27T21:11:04.925Z,2026-09-27,2026-09-27T20:05:20Z,Arizona Cardinals @ San Francisco 49ers,WR_REC_YARDS,Tyler Allgeier,17.5,-115,-105,,,,4
2026-09-27T21:11:04.925Z,2026-09-27,2026-09-27T20:05:20Z,Arizona Cardinals @ San Francisco 49ers,WR_REC_YARDS,Jeremiyah Love,15.5,-114,-114,,,,4
2026-09-27T21:11:04.925Z,2026-09-27,2026-09-27T20:05:20Z,Arizona Cardinals @ San Francisco 49ers,WR_REC_YARDS,Kendrick Bourne,13.5,-120,-110,,,,3
2026-09-27T21:11:04.925Z,2026-09-27,2026-09-27T20:05:20Z,Arizona Cardinals @ San Francisco 49ers,WR_REC_YARDS,Kyle Juszczyk,0.5,100,-114,,,,2
2026-09-27T21:11:04.925Z,2026-09-27,2026-09-27T20:05:20Z,Arizona Cardinals @ San Francisco 49ers,ANYTIME_TD,Christian McCaffrey,,,,,0.5,false,5
2026-09-27T21:11:04.925Z,2026-09-27,2026-09-27T20:05:20Z,Arizona Cardinals @ San Francisco 49ers,ANYTIME_TD,Trey McBride,,,,,0.303,false,4
2026-09-27T21:11:04.925Z,2026-09-27,2026-09-27T20:05:20Z,Arizona Cardinals @ San Francisco 49ers,ANYTIME_TD,Jeremiyah Love,,,,,0.25,false,4
2026-09-27T21:11:04.925Z,2026-09-27,2026-09-27T20:05:20Z,Arizona Cardinals @ San Francisco 49ers,ANYTIME_TD,Michael Wilson,,,,,0.2273,false,4
2026-09-27T21:11:04.925Z,2026-09-27,2026-09-27T20:05:20Z,Arizona Cardinals @ San Francisco 49ers,ANYTIME_TD,George Kittle,,,,,0.2381,false,5
2026-09-27T21:11:04.925Z,2026-09-27,2026-09-27T20:05:20Z,Arizona Cardinals @ San Francisco 49ers,ANYTIME_TD,Tyler Allgeier,,,,,0.2,false,3
2026-09-27T21:11:04.925Z,2026-09-27,2026-09-27T20:05:20Z,Arizona Cardinals @ San Francisco 49ers,ANYTIME_TD,Brock Purdy,,,,,0.16,false,5
2026-09-27T21:11:04.925Z,2026-09-27,2026-09-27T20:05:20Z,Arizona Cardinals @ San Francisco 49ers,ANYTIME_TD,Kaelon Black,,,,,0.1667,false,5
2026-09-27T21:11:04.925Z,2026-09-27,2026-09-27T20:05:20Z,Arizona Cardinals @ San Francisco 49ers,ANYTIME_TD,Marvin Harrison Jr.,,,,,0.1538,false,4
2026-09-27T21:11:04.925Z,2026-09-27,2026-09-27T20:05:20Z,Arizona Cardinals @ San Francisco 49ers,ANYTIME_TD,Jacoby Brissett,,,,,0.1053,false,4
2026-09-27T21:11:04.925Z,2026-09-27,2026-09-27T20:05:20Z,Arizona Cardinals @ San Francisco 49ers,ANYTIME_TD,San Francisco 49ers D/ST,,,,,0.1176,false,2
2026-09-27T21:11:04.925Z,2026-09-27,2026-09-27T20:05:20Z,Arizona Cardinals @ San Francisco 49ers,ANYTIME_TD,Kendrick Bourne,,,,,0.0909,false,4
2026-09-27T21:11:04.925Z,2026-09-27,2026-09-27T20:05:20Z,Arizona Cardinals @ San Francisco 49ers,ANYTIME_TD,Kyle Juszczyk,,,,,0.0833,false,5
2026-09-27T21:11:04.925Z,2026-09-27,2026-09-27T20:05:20Z,Arizona Cardinals @ San Francisco 49ers,ANYTIME_TD,Jordan Watkins,,,,,0.0606,false,5
2026-09-27T21:11:04.925Z,2026-09-27,2026-09-27T20:05:20Z,Arizona Cardinals @ San Francisco 49ers,ANYTIME_TD,Hunter Long,,,,,0.0667,false,4
2026-09-27T21:11:04.925Z,2026-09-27,2026-09-27T20:05:20Z,Arizona Cardinals @ San Francisco 49ers,ANYTIME_TD,Arizona Cardinals D/ST,,,,,0.0769,false,2
2026-09-27T21:11:04.925Z,2026-09-27,2026-09-27T20:05:20Z,Arizona Cardinals @ San Francisco 49ers,ANYTIME_TD,Jacob Cowing,,,,,0.0588,false,5
2026-09-27T21:11:04.925Z,2026-09-27,2026-09-27T20:05:20Z,Arizona Cardinals @ San Francisco 49ers,ANYTIME_TD,KhaDarel Hodge,,,,,0.0476,false,5
2026-09-27T21:11:04.925Z,2026-09-27,2026-09-27T20:05:20Z,Arizona Cardinals @ San Francisco 49ers,ANYTIME_TD,Luke Farrell,,,,,0.0588,false,5
2026-09-27T21:11:04.925Z,2026-09-27,2026-09-27T20:05:20Z,Arizona Cardinals @ San Francisco 49ers,ANYTIME_TD,James Jordan,,,,,0.0476,false,4
2026-09-27T21:11:04.925Z,2026-09-27,2026-09-27T20:05:20Z,Arizona Cardinals @ San Francisco 49ers,ANYTIME_TD,Simi Fehoko,,,,,0.0244,false,4
2026-09-27T21:11:04.925Z,2026-09-27,2026-09-27T20:05:20Z,Arizona Cardinals @ San Francisco 49ers,ANYTIME_TD,Devin Duvernay,,,,,0.0323,false,4
2026-09-27T21:11:04.925Z,2026-09-27,2026-09-27T20:05:20Z,Arizona Cardinals @ San Francisco 49ers,ANYTIME_TD,Zonovan Knight,,,,,0.0217,false,2
2026-09-27T21:11:04.925Z,2026-09-27,2026-09-27T20:05:20Z,Arizona Cardinals @ San Francisco 49ers,ANYTIME_TD,Jalen Brooks,,,,,0.0141,false,4
2026-09-27T21:11:04.925Z,2026-09-27,2026-09-27T20:05:20Z,Arizona Cardinals @ San Francisco 49ers,ANYTIME_TD,Arizona Cardinals Defense,,,,,0.0833,false,1
2026-09-27T21:11:04.925Z,2026-09-27,2026-09-27T20:05:20Z,Arizona Cardinals @ San Francisco 49ers,ANYTIME_TD,San Francisco 49ers Defense,,,,,0.0833,false,1
2026-09-27T21:11:04.925Z,2026-09-27,2026-09-27T20:05:20Z,Arizona Cardinals @ San Francisco 49ers,ANYTIME_TD,Bam Knight,,,,,0.0217,false,2
2026-09-27T21:11:04.925Z,2026-09-27,2026-09-27T20:05:20Z,Arizona Cardinals @ San Francisco 49ers,ANYTIME_TD,Brayden Willis,,,,,0.0278,false,3
2026-09-27T21:11:04.925Z,2026-09-27,2026-09-27T20:05:41Z,Minnesota Vikings @ Tampa Bay Buccaneers,QB_PASS_YARDS,Baker Mayfield,263.5,-115,-115,,,,4
2026-09-27T21:11:04.925Z,2026-09-27,2026-09-27T20:05:41Z,Minnesota Vikings @ Tampa Bay Buccaneers,QB_PASS_YARDS,Kyler Murray,173.5,-114,-114,,,,5
2026-09-27T21:11:04.925Z,2026-09-27,2026-09-27T20:05:41Z,Minnesota Vikings @ Tampa Bay Buccaneers,RB_RUSH_YARDS,Bucky Irving,61.5,-120,-110,,,,5
2026-09-27T21:11:04.925Z,2026-09-27,2026-09-27T20:05:41Z,Minnesota Vikings @ Tampa Bay Buccaneers,RB_RUSH_YARDS,Aaron Jones,56.5,-114,-114,,,,5
2026-09-27T21:11:04.925Z,2026-09-27,2026-09-27T20:05:41Z,Minnesota Vikings @ Tampa Bay Buccaneers,RB_RUSH_YARDS,Kyler Murray,28.5,-118,-110,,,,5
2026-09-27T21:11:04.925Z,2026-09-27,2026-09-27T20:05:41Z,Minnesota Vikings @ Tampa Bay Buccaneers,RB_RUSH_YARDS,Baker Mayfield,10.5,-114,-110,,,,3
2026-09-27T21:11:04.925Z,2026-09-27,2026-09-27T20:05:41Z,Minnesota Vikings @ Tampa Bay Buccaneers,RB_RUSH_YARDS,Kenny Gainwell,10.5,-115,-112,,,,4
2026-09-27T21:11:04.925Z,2026-09-27,2026-09-27T20:05:41Z,Minnesota Vikings @ Tampa Bay Buccaneers,WR_REC_YARDS,Cade Otton,69.5,-115,-115,,,,5
2026-09-27T21:11:04.925Z,2026-09-27,2026-09-27T20:05:41Z,Minnesota Vikings @ Tampa Bay Buccaneers,WR_REC_YARDS,Ted Hurst III,58.5,-110,-115,,,,4
2026-09-27T21:11:04.925Z,2026-09-27,2026-09-27T20:05:41Z,Minnesota Vikings @ Tampa Bay Buccaneers,WR_REC_YARDS,Emeka Egbuka,50.5,-115,-115,,,,4
2026-09-27T21:11:04.925Z,2026-09-27,2026-09-27T20:05:41Z,Minnesota Vikings @ Tampa Bay Buccaneers,WR_REC_YARDS,Jordan Addison,40.5,-118,-112,,,,5
2026-09-27T21:11:04.925Z,2026-09-27,2026-09-27T20:05:41Z,Minnesota Vikings @ Tampa Bay Buccaneers,WR_REC_YARDS,Chris Godwin,35.5,-111,-120,,,,5
2026-09-27T21:11:04.925Z,2026-09-27,2026-09-27T20:05:41Z,Minnesota Vikings @ Tampa Bay Buccaneers,WR_REC_YARDS,T.J. Hockenson,29.5,-111,-120,,,,5
2026-09-27T21:11:04.925Z,2026-09-27,2026-09-27T20:05:41Z,Minnesota Vikings @ Tampa Bay Buccaneers,WR_REC_YARDS,Jauan Jennings,20.5,-111,-120,,,,4
2026-09-27T21:11:04.925Z,2026-09-27,2026-09-27T20:05:41Z,Minnesota Vikings @ Tampa Bay Buccaneers,WR_REC_YARDS,Bucky Irving,12.5,-114,-110,,,,5
2026-09-27T21:11:04.925Z,2026-09-27,2026-09-27T20:05:41Z,Minnesota Vikings @ Tampa Bay Buccaneers,WR_REC_YARDS,Aaron Jones,8.5,-110,-120,,,,4
2026-09-27T21:11:04.925Z,2026-09-27,2026-09-27T20:05:41Z,Minnesota Vikings @ Tampa Bay Buccaneers,WR_REC_YARDS,Josh Oliver,5.5,-110,-110,,,,3
2026-09-27T21:11:04.925Z,2026-09-27,2026-09-27T20:05:41Z,Minnesota Vikings @ Tampa Bay Buccaneers,WR_REC_YARDS,Kenny Gainwell,4.5,-115,-115,,,,2
2026-09-27T21:11:04.925Z,2026-09-27,2026-09-27T20:05:41Z,Minnesota Vikings @ Tampa Bay Buccaneers,WR_REC_YARDS,Justin Jefferson,76.5,-121,-118,,,,1
2026-09-27T21:11:04.925Z,2026-09-27,2026-09-27T20:05:41Z,Minnesota Vikings @ Tampa Bay Buccaneers,ANYTIME_TD,Aaron Jones,,,,,0.3125,false,5
2026-09-27T21:11:04.925Z,2026-09-27,2026-09-27T20:05:41Z,Minnesota Vikings @ Tampa Bay Buccaneers,ANYTIME_TD,Bucky Irving,,,,,0.2778,false,5
2026-09-27T21:11:04.925Z,2026-09-27,2026-09-27T20:05:41Z,Minnesota Vikings @ Tampa Bay Buccaneers,ANYTIME_TD,Jordan Addison,,,,,0.2128,false,5
2026-09-27T21:11:04.925Z,2026-09-27,2026-09-27T20:05:41Z,Minnesota Vikings @ Tampa Bay Buccaneers,ANYTIME_TD,Emeka Egbuka,,,,,0.2083,false,5
2026-09-27T21:11:04.925Z,2026-09-27,2026-09-27T20:05:41Z,Minnesota Vikings @ Tampa Bay Buccaneers,ANYTIME_TD,T.J. Hockenson,,,,,0.1739,false,5
2026-09-27T21:11:04.925Z,2026-09-27,2026-09-27T20:05:41Z,Minnesota Vikings @ Tampa Bay Buccaneers,ANYTIME_TD,Chris Godwin,,,,,0.1538,false,5
2026-09-27T21:11:04.925Z,2026-09-27,2026-09-27T20:05:41Z,Minnesota Vikings @ Tampa Bay Buccaneers,ANYTIME_TD,Cade Otton,,,,,0.1429,false,5
2026-09-27T21:11:04.925Z,2026-09-27,2026-09-27T20:05:41Z,Minnesota Vikings @ Tampa Bay Buccaneers,ANYTIME_TD,Jauan Jennings,,,,,0.1333,false,5
2026-09-27T21:11:04.925Z,2026-09-27,2026-09-27T20:05:41Z,Minnesota Vikings @ Tampa Bay Buccaneers,ANYTIME_TD,Kenny Gainwell,,,,,0.1538,false,5
2026-09-27T21:11:04.925Z,2026-09-27,2026-09-27T20:05:41Z,Minnesota Vikings @ Tampa Bay Buccaneers,ANYTIME_TD,Kyler Murray,,,,,0.1333,false,5
2026-09-27T21:11:04.925Z,2026-09-27,2026-09-27T20:05:41Z,Minnesota Vikings @ Tampa Bay Buccaneers,ANYTIME_TD,Baker Mayfield,,,,,0.1053,false,5
2026-09-27T21:11:04.925Z,2026-09-27,2026-09-27T20:05:41Z,Minnesota Vikings @ Tampa Bay Buccaneers,ANYTIME_TD,Josh Oliver,,,,,0.1,false,5
2026-09-27T21:11:04.925Z,2026-09-27,2026-09-27T20:05:41Z,Minnesota Vikings @ Tampa Bay Buccaneers,ANYTIME_TD,Tampa Bay Buccaneers D/ST,,,,,0.0952,false,3
2026-09-27T21:11:04.925Z,2026-09-27,2026-09-27T20:05:41Z,Minnesota Vikings @ Tampa Bay Buccaneers,ANYTIME_TD,Tez Johnson,,,,,0.0769,false,5
2026-09-27T21:11:04.925Z,2026-09-27,2026-09-27T20:05:41Z,Minnesota Vikings @ Tampa Bay Buccaneers,ANYTIME_TD,DeeJay Dallas,,,,,0.05,false,5
2026-09-27T21:11:04.925Z,2026-09-27,2026-09-27T20:05:41Z,Minnesota Vikings @ Tampa Bay Buccaneers,ANYTIME_TD,Demond Claiborne,,,,,0.0625,false,5
2026-09-27T21:11:04.925Z,2026-09-27,2026-09-27T20:05:41Z,Minnesota Vikings @ Tampa Bay Buccaneers,ANYTIME_TD,Sean Tucker,,,,,0.0588,false,5
2026-09-27T21:11:04.925Z,2026-09-27,2026-09-27T20:05:41Z,Minnesota Vikings @ Tampa Bay Buccaneers,ANYTIME_TD,Payne Durham,,,,,0.0278,false,5
2026-09-27T21:11:04.925Z,2026-09-27,2026-09-27T20:05:41Z,Minnesota Vikings @ Tampa Bay Buccaneers,ANYTIME_TD,Tai Felton,,,,,0.0345,false,3
2026-09-27T21:11:04.925Z,2026-09-27,2026-09-27T20:05:41Z,Minnesota Vikings @ Tampa Bay Buccaneers,ANYTIME_TD,Kameron Johnson,,,,,0.0278,false,3
2026-09-27T21:11:04.925Z,2026-09-27,2026-09-27T20:05:41Z,Minnesota Vikings @ Tampa Bay Buccaneers,ANYTIME_TD,Bauer Sharp,,,,,0.0217,false,5
2026-09-27T21:11:04.925Z,2026-09-27,2026-09-27T20:05:41Z,Minnesota Vikings @ Tampa Bay Buccaneers,ANYTIME_TD,Max Bredeson,,,,,0.0217,false,5
2026-09-27T21:11:04.925Z,2026-09-27,2026-09-27T20:05:41Z,Minnesota Vikings @ Tampa Bay Buccaneers,ANYTIME_TD,Ko Kieft,,,,,0.0244,false,4
2026-09-27T21:11:04.925Z,2026-09-27,2026-09-27T20:05:41Z,Minnesota Vikings @ Tampa Bay Buccaneers,ANYTIME_TD,Gavin Bartholomew,,,,,0.0244,false,4
2026-09-27T21:11:04.925Z,2026-09-27,2026-09-27T20:05:41Z,Minnesota Vikings @ Tampa Bay Buccaneers,ANYTIME_TD,Tampa Bay Buccaneers Defense,,,,,0.0909,false,1
2026-09-27T21:11:04.925Z,2026-09-27,2026-09-27T20:05:41Z,Minnesota Vikings @ Tampa Bay Buccaneers,ANYTIME_TD,Minnesota Vikings Defense,,,,,0.0769,false,1
2026-09-27T21:11:04.925Z,2026-09-27,2026-09-27T20:05:41Z,Minnesota Vikings @ Tampa Bay Buccaneers,ANYTIME_TD,Justin Jefferson,,,,,0.3125,false,1
2026-09-27T21:11:04.925Z,2026-09-27,2026-09-27T20:25:32Z,Las Vegas Raiders @ New Orleans Saints,QB_PASS_YARDS,Kirk Cousins,244.5,-115,-115,,,,5
2026-09-27T21:11:04.925Z,2026-09-27,2026-09-27T20:25:32Z,Las Vegas Raiders @ New Orleans Saints,QB_PASS_YARDS,Tyler Shough,212.5,-112,-115,,,,5
2026-09-27T21:11:04.925Z,2026-09-27,2026-09-27T20:25:32Z,Las Vegas Raiders @ New Orleans Saints,RB_RUSH_YARDS,Ashton Jeanty,65.5,-115,-115,,,,5
2026-09-27T21:11:04.925Z,2026-09-27,2026-09-27T20:25:32Z,Las Vegas Raiders @ New Orleans Saints,RB_RUSH_YARDS,Tyler Shough,44.5,-115,-110,,,,5
2026-09-27T21:11:04.925Z,2026-09-27,2026-09-27T20:25:32Z,Las Vegas Raiders @ New Orleans Saints,RB_RUSH_YARDS,Travis Etienne Jr.,37.5,-110,-118,,,,5
2026-09-27T21:11:04.925Z,2026-09-27,2026-09-27T20:25:32Z,Las Vegas Raiders @ New Orleans Saints,RB_RUSH_YARDS,Mike Washington Jr.,20.5,-110,-120,,,,3
2026-09-27T21:11:04.925Z,2026-09-27,2026-09-27T20:25:32Z,Las Vegas Raiders @ New Orleans Saints,RB_RUSH_YARDS,Alvin Kamara,9.5,-106,-125,,,,3
2026-09-27T21:11:04.925Z,2026-09-27,2026-09-27T20:25:32Z,Las Vegas Raiders @ New Orleans Saints,RB_RUSH_YARDS,Kirk Cousins,0.5,124,-150,,,,3
2026-09-27T21:11:04.925Z,2026-09-27,2026-09-27T20:25:32Z,Las Vegas Raiders @ New Orleans Saints,WR_REC_YARDS,Brock Bowers,85.5,-120,-111,,,,5
2026-09-27T21:11:04.925Z,2026-09-27,2026-09-27T20:25:32Z,Las Vegas Raiders @ New Orleans Saints,WR_REC_YARDS,Chris Olave,63.5,-115,-112,,,,5
2026-09-27T21:11:04.925Z,2026-09-27,2026-09-27T20:25:32Z,Las Vegas Raiders @ New Orleans Saints,WR_REC_YARDS,Devaughn Vele,43.5,-115,-112,,,,5
2026-09-27T21:11:04.925Z,2026-09-27,2026-09-27T20:25:32Z,Las Vegas Raiders @ New Orleans Saints,WR_REC_YARDS,Tre Tucker,32.5,-115,-115,,,,5
2026-09-27T21:11:04.925Z,2026-09-27,2026-09-27T20:25:32Z,Las Vegas Raiders @ New Orleans Saints,WR_REC_YARDS,Juwan Johnson,31.5,-112,-110,,,,5
2026-09-27T21:11:04.925Z,2026-09-27,2026-09-27T20:25:32Z,Las Vegas Raiders @ New Orleans Saints,WR_REC_YARDS,Jalen Nailor,31.5,-110,-110,,,,5
2026-09-27T21:11:04.925Z,2026-09-27,2026-09-27T20:25:32Z,Las Vegas Raiders @ New Orleans Saints,WR_REC_YARDS,Michael Mayer,31.5,-110,-112,,,,3
2026-09-27T21:11:04.925Z,2026-09-27,2026-09-27T20:25:32Z,Las Vegas Raiders @ New Orleans Saints,WR_REC_YARDS,Ashton Jeanty,19.5,-112,-115,,,,5
2026-09-27T21:11:04.925Z,2026-09-27,2026-09-27T20:25:32Z,Las Vegas Raiders @ New Orleans Saints,WR_REC_YARDS,Alvin Kamara,13.5,-110,-118,,,,4
2026-09-27T21:11:04.925Z,2026-09-27,2026-09-27T20:25:32Z,Las Vegas Raiders @ New Orleans Saints,WR_REC_YARDS,Bryce Lance,10.5,-110,-120,,,,4
2026-09-27T21:11:04.925Z,2026-09-27,2026-09-27T20:25:32Z,Las Vegas Raiders @ New Orleans Saints,WR_REC_YARDS,Noah Fant,6.5,-112,-115,,,,4
2026-09-27T21:11:04.925Z,2026-09-27,2026-09-27T20:25:32Z,Las Vegas Raiders @ New Orleans Saints,WR_REC_YARDS,Jack Bech,5.5,-114,-114,,,,3
2026-09-27T21:11:04.925Z,2026-09-27,2026-09-27T20:25:32Z,Las Vegas Raiders @ New Orleans Saints,WR_REC_YARDS,Travis Etienne Jr.,6.5,-110,-120,,,,4
2026-09-27T21:11:04.925Z,2026-09-27,2026-09-27T20:25:32Z,Las Vegas Raiders @ New Orleans Saints,ANYTIME_TD,Ashton Jeanty,,,,,0.4348,false,5
2026-09-27T21:11:04.925Z,2026-09-27,2026-09-27T20:25:32Z,Las Vegas Raiders @ New Orleans Saints,ANYTIME_TD,Travis Etienne Jr.,,,,,0.303,false,5
2026-09-27T21:11:04.925Z,2026-09-27,2026-09-27T20:25:32Z,Las Vegas Raiders @ New Orleans Saints,ANYTIME_TD,Chris Olave,,,,,0.2941,false,5
2026-09-27T21:11:04.925Z,2026-09-27,2026-09-27T20:25:32Z,Las Vegas Raiders @ New Orleans Saints,ANYTIME_TD,Alvin Kamara,,,,,0.2,false,4
2026-09-27T21:11:04.925Z,2026-09-27,2026-09-27T20:25:32Z,Las Vegas Raiders @ New Orleans Saints,ANYTIME_TD,Tyler Shough,,,,,0.16,false,5
2026-09-27T21:11:04.925Z,2026-09-27,2026-09-27T20:25:32Z,Las Vegas Raiders @ New Orleans Saints,ANYTIME_TD,Devaughn Vele,,,,,0.1923,false,5
2026-09-27T21:11:04.925Z,2026-09-27,2026-09-27T20:25:32Z,Las Vegas Raiders @ New Orleans Saints,ANYTIME_TD,Tre Tucker,,,,,0.1695,false,5
2026-09-27T21:11:04.925Z,2026-09-27,2026-09-27T20:25:32Z,Las Vegas Raiders @ New Orleans Saints,ANYTIME_TD,Michael Mayer,,,,,0.125,false,4
2026-09-27T21:11:04.925Z,2026-09-27,2026-09-27T20:25:32Z,Las Vegas Raiders @ New Orleans Saints,ANYTIME_TD,Mike Washington Jr.,,,,,0.1111,false,4
2026-09-27T21:11:04.925Z,2026-09-27,2026-09-27T20:25:32Z,Las Vegas Raiders @ New Orleans Saints,ANYTIME_TD,Jalen Nailor,,,,,0.1111,false,5
2026-09-27T21:11:04.925Z,2026-09-27,2026-09-27T20:25:32Z,Las Vegas Raiders @ New Orleans Saints,ANYTIME_TD,Bryce Lance,,,,,0.1053,false,4
2026-09-27T21:11:04.925Z,2026-09-27,2026-09-27T20:25:32Z,Las Vegas Raiders @ New Orleans Saints,ANYTIME_TD,Las Vegas Raiders D/ST,,,,,0.0909,false,3
2026-09-27T21:11:04.925Z,2026-09-27,2026-09-27T20:25:32Z,Las Vegas Raiders @ New Orleans Saints,ANYTIME_TD,Noah Fant,,,,,0.0909,false,4
2026-09-27T21:11:04.925Z,2026-09-27,2026-09-27T20:25:32Z,Las Vegas Raiders @ New Orleans Saints,ANYTIME_TD,Jack Bech,,,,,0.0909,false,4
2026-09-27T21:11:04.925Z,2026-09-27,2026-09-27T20:25:32Z,Las Vegas Raiders @ New Orleans Saints,ANYTIME_TD,New Orleans Saints D/ST,,,,,0.0909,false,3
2026-09-27T21:11:04.925Z,2026-09-27,2026-09-27T20:25:32Z,Las Vegas Raiders @ New Orleans Saints,ANYTIME_TD,Connor Heyward,,,,,0.0435,false,4
2026-09-27T21:11:04.925Z,2026-09-27,2026-09-27T20:25:32Z,Las Vegas Raiders @ New Orleans Saints,ANYTIME_TD,Oscar Delp,,,,,0.0435,false,4
2026-09-27T21:11:04.925Z,2026-09-27,2026-09-27T20:25:32Z,Las Vegas Raiders @ New Orleans Saints,ANYTIME_TD,Kevin Austin,,,,,0.0385,false,4
2026-09-27T21:11:04.925Z,2026-09-27,2026-09-27T20:25:32Z,Las Vegas Raiders @ New Orleans Saints,ANYTIME_TD,Malik Benson,,,,,0.0357,false,4
2026-09-27T21:11:04.925Z,2026-09-27,2026-09-27T20:25:32Z,Las Vegas Raiders @ New Orleans Saints,ANYTIME_TD,Cody White,,,,,0.0476,false,3
2026-09-27T21:11:04.925Z,2026-09-27,2026-09-27T20:25:32Z,Las Vegas Raiders @ New Orleans Saints,ANYTIME_TD,CJ Donaldson,,,,,0.0435,false,4
2026-09-27T21:11:04.925Z,2026-09-27,2026-09-27T20:25:32Z,Las Vegas Raiders @ New Orleans Saints,ANYTIME_TD,Kendre Miller,,,,,0.0357,false,4
2026-09-27T21:11:04.925Z,2026-09-27,2026-09-27T20:25:32Z,Las Vegas Raiders @ New Orleans Saints,ANYTIME_TD,Ian Thomas,,,,,0.0323,false,4
2026-09-27T21:11:04.925Z,2026-09-27,2026-09-27T20:25:32Z,Las Vegas Raiders @ New Orleans Saints,ANYTIME_TD,Kirk Cousins,,,,,0.0385,false,5
2026-09-27T21:11:04.925Z,2026-09-27,2026-09-27T20:25:32Z,Las Vegas Raiders @ New Orleans Saints,ANYTIME_TD,Dareke Young,,,,,0.0385,false,3
2026-09-27T21:11:04.925Z,2026-09-27,2026-09-27T20:25:32Z,Las Vegas Raiders @ New Orleans Saints,ANYTIME_TD,Dylan Laube,,,,,0.0217,false,4
2026-09-27T21:11:04.925Z,2026-09-27,2026-09-27T20:25:32Z,Las Vegas Raiders @ New Orleans Saints,ANYTIME_TD,Las Vegas Raiders Defense,,,,,0.0909,false,1
2026-09-27T21:11:04.925Z,2026-09-27,2026-09-27T20:25:32Z,Las Vegas Raiders @ New Orleans Saints,ANYTIME_TD,New Orleans Saints Defense,,,,,0.0909,false,1
2026-09-27T21:11:04.925Z,2026-09-27,2026-09-27T20:25:38Z,Baltimore Ravens @ Dallas Cowboys,QB_PASS_YARDS,Dak Prescott,254.5,-114,-114,,,,5
2026-09-27T21:11:04.925Z,2026-09-27,2026-09-27T20:25:38Z,Baltimore Ravens @ Dallas Cowboys,QB_PASS_YARDS,Lamar Jackson,201.5,-114,-114,,,,5
2026-09-27T21:11:04.925Z,2026-09-27,2026-09-27T20:25:38Z,Baltimore Ravens @ Dallas Cowboys,RB_RUSH_YARDS,Derrick Henry,95.5,-120,-110,,,,5
2026-09-27T21:11:04.925Z,2026-09-27,2026-09-27T20:25:38Z,Baltimore Ravens @ Dallas Cowboys,RB_RUSH_YARDS,Javonte Williams,92.5,-114,-114,,,,5
2026-09-27T21:11:04.925Z,2026-09-27,2026-09-27T20:25:38Z,Baltimore Ravens @ Dallas Cowboys,RB_RUSH_YARDS,Lamar Jackson,48.5,-110,-115,,,,5
2026-09-27T21:11:04.925Z,2026-09-27,2026-09-27T20:25:38Z,Baltimore Ravens @ Dallas Cowboys,RB_RUSH_YARDS,Justice Hill,18.5,-110,-108,,,,3
2026-09-27T21:11:04.925Z,2026-09-27,2026-09-27T20:25:38Z,Baltimore Ravens @ Dallas Cowboys,RB_RUSH_YARDS,Dak Prescott,8.5,-114,-110,,,,4
2026-09-27T21:11:04.925Z,2026-09-27,2026-09-27T20:25:38Z,Baltimore Ravens @ Dallas Cowboys,RB_RUSH_YARDS,Emari Demercado,4.5,-114,-114,,,,1
2026-09-27T21:11:04.925Z,2026-09-27,2026-09-27T20:25:38Z,Baltimore Ravens @ Dallas Cowboys,WR_REC_YARDS,CeeDee Lamb,75.5,-114,-114,,,,5
2026-09-27T21:11:04.925Z,2026-09-27,2026-09-27T20:25:38Z,Baltimore Ravens @ Dallas Cowboys,WR_REC_YARDS,George Pickens,66.5,-118,-112,,,,5
2026-09-27T21:11:04.925Z,2026-09-27,2026-09-27T20:25:38Z,Baltimore Ravens @ Dallas Cowboys,WR_REC_YARDS,Zay Flowers,59.5,-118,-112,,,,3
2026-09-27T21:11:04.925Z,2026-09-27,2026-09-27T20:25:38Z,Baltimore Ravens @ Dallas Cowboys,WR_REC_YARDS,Mark Andrews,35.5,-110,-114,,,,5
2026-09-27T21:11:04.925Z,2026-09-27,2026-09-27T20:25:38Z,Baltimore Ravens @ Dallas Cowboys,WR_REC_YARDS,Rashod Bateman,26.5,-115,-114,,,,5
2026-09-27T21:11:04.925Z,2026-09-27,2026-09-27T20:25:38Z,Baltimore Ravens @ Dallas Cowboys,WR_REC_YARDS,Ryan Flournoy,22.5,-110,-115,,,,4
2026-09-27T21:11:04.925Z,2026-09-27,2026-09-27T20:25:38Z,Baltimore Ravens @ Dallas Cowboys,WR_REC_YARDS,Jake Ferguson,20.5,-110,-118,,,,4
2026-09-27T21:11:04.925Z,2026-09-27,2026-09-27T20:25:38Z,Baltimore Ravens @ Dallas Cowboys,WR_REC_YARDS,Javonte Williams,13.5,-112,-111,,,,4
2026-09-27T21:11:04.925Z,2026-09-27,2026-09-27T20:25:38Z,Baltimore Ravens @ Dallas Cowboys,WR_REC_YARDS,Justice Hill,7.5,-110,-108,,,,5
2026-09-27T21:11:04.925Z,2026-09-27,2026-09-27T20:25:38Z,Baltimore Ravens @ Dallas Cowboys,WR_REC_YARDS,Derrick Henry,5.5,-115,-115,,,,4
2026-09-27T21:11:04.925Z,2026-09-27,2026-09-27T20:25:38Z,Baltimore Ravens @ Dallas Cowboys,WR_REC_YARDS,Chris Moore,7.5,-115,-115,,,,3
2026-09-27T21:11:04.925Z,2026-09-27,2026-09-27T20:25:38Z,Baltimore Ravens @ Dallas Cowboys,WR_REC_YARDS,LaJohntay Wester,4.5,-115,-110,,,,2
2026-09-27T21:11:04.925Z,2026-09-27,2026-09-27T20:25:38Z,Baltimore Ravens @ Dallas Cowboys,ANYTIME_TD,CeeDee Lamb,,,,,0.3846,false,5
2026-09-27T21:11:04.925Z,2026-09-27,2026-09-27T20:25:38Z,Baltimore Ravens @ Dallas Cowboys,ANYTIME_TD,Mark Andrews,,,,,0.3509,false,3
2026-09-27T21:11:04.925Z,2026-09-27,2026-09-27T20:25:38Z,Baltimore Ravens @ Dallas Cowboys,ANYTIME_TD,George Pickens,,,,,0.3125,false,5
2026-09-27T21:11:04.925Z,2026-09-27,2026-09-27T20:25:38Z,Baltimore Ravens @ Dallas Cowboys,ANYTIME_TD,Rashod Bateman,,,,,0.3175,false,3
2026-09-27T21:11:04.925Z,2026-09-27,2026-09-27T20:25:38Z,Baltimore Ravens @ Dallas Cowboys,ANYTIME_TD,Lamar Jackson,,,,,0.2899,false,3
2026-09-27T21:11:04.925Z,2026-09-27,2026-09-27T20:25:38Z,Baltimore Ravens @ Dallas Cowboys,ANYTIME_TD,Zay Flowers,,,,,0.25,false,3
2026-09-27T21:11:04.925Z,2026-09-27,2026-09-27T20:25:38Z,Baltimore Ravens @ Dallas Cowboys,ANYTIME_TD,Jake Ferguson,,,,,0.2041,false,5
2026-09-27T21:11:04.925Z,2026-09-27,2026-09-27T20:25:38Z,Baltimore Ravens @ Dallas Cowboys,ANYTIME_TD,Ryan Flournoy,,,,,0.1667,false,5
2026-09-27T21:11:04.925Z,2026-09-27,2026-09-27T20:25:38Z,Baltimore Ravens @ Dallas Cowboys,ANYTIME_TD,LaJohntay Wester,,,,,0.1429,false,3
2026-09-27T21:11:04.925Z,2026-09-27,2026-09-27T20:25:38Z,Baltimore Ravens @ Dallas Cowboys,ANYTIME_TD,Justice Hill,,,,,0.1429,false,3
2026-09-27T21:11:04.925Z,2026-09-27,2026-09-27T20:25:38Z,Baltimore Ravens @ Dallas Cowboys,ANYTIME_TD,Dak Prescott,,,,,0.125,false,5
2026-09-27T21:11:04.925Z,2026-09-27,2026-09-27T20:25:38Z,Baltimore Ravens @ Dallas Cowboys,ANYTIME_TD,Baltimore Ravens D/ST,,,,,0.1111,false,2
2026-09-27T21:11:04.925Z,2026-09-27,2026-09-27T20:25:38Z,Baltimore Ravens @ Dallas Cowboys,ANYTIME_TD,Chris Moore,,,,,0.1,false,3
2026-09-27T21:11:04.925Z,2026-09-27,2026-09-27T20:25:38Z,Baltimore Ravens @ Dallas Cowboys,ANYTIME_TD,Dallas Cowboys D/ST,,,,,0.1,false,2
2026-09-27T21:11:04.925Z,2026-09-27,2026-09-27T20:25:38Z,Baltimore Ravens @ Dallas Cowboys,ANYTIME_TD,Tyler Goodson,,,,,0.0909,false,3
2026-09-27T21:11:04.925Z,2026-09-27,2026-09-27T20:25:38Z,Baltimore Ravens @ Dallas Cowboys,ANYTIME_TD,KaVontae Turpin,,,,,0.0769,false,5
2026-09-27T21:11:04.925Z,2026-09-27,2026-09-27T20:25:38Z,Baltimore Ravens @ Dallas Cowboys,ANYTIME_TD,Brevyn Spann-Ford,,,,,0.0476,false,5
2026-09-27T21:11:04.925Z,2026-09-27,2026-09-27T20:25:38Z,Baltimore Ravens @ Dallas Cowboys,ANYTIME_TD,Matthew Hibner,,,,,0.0476,false,3
2026-09-27T21:11:04.925Z,2026-09-27,2026-09-27T20:25:38Z,Baltimore Ravens @ Dallas Cowboys,ANYTIME_TD,Josh Cuevas,,,,,0.0476,false,3
2026-09-27T21:11:04.925Z,2026-09-27,2026-09-27T20:25:38Z,Baltimore Ravens @ Dallas Cowboys,ANYTIME_TD,Luke Schoonmaker,,,,,0.0385,false,5
2026-09-27T21:11:04.925Z,2026-09-27,2026-09-27T20:25:38Z,Baltimore Ravens @ Dallas Cowboys,ANYTIME_TD,Rasheen Ali,,,,,0.0323,false,3
2026-09-27T21:11:04.925Z,2026-09-27,2026-09-27T20:25:38Z,Baltimore Ravens @ Dallas Cowboys,ANYTIME_TD,Jonathan Mingo,,,,,0.0278,false,5
2026-09-27T21:11:04.925Z,2026-09-27,2026-09-27T20:25:38Z,Baltimore Ravens @ Dallas Cowboys,ANYTIME_TD,Emari Demercado,,,,,0.1053,false,1
2026-09-27T21:11:04.925Z,2026-09-27,2026-09-27T20:25:38Z,Baltimore Ravens @ Dallas Cowboys,ANYTIME_TD,Dallas Cowboys Defense,,,,,0.0909,false,1
2026-09-27T21:11:04.925Z,2026-09-27,2026-09-28T00:20:00Z,Los Angeles Rams @ Denver Broncos,RB_RUSH_YARDS,Kyren Williams,53.5,-110,-111,,,,6
2026-09-27T21:11:04.925Z,2026-09-27,2026-09-28T00:20:00Z,Los Angeles Rams @ Denver Broncos,WR_REC_YARDS,Jaylen Waddle,59.5,-113,-110,,,,6
2026-09-27T21:11:04.925Z,2026-09-27,2026-09-28T00:20:00Z,Los Angeles Rams @ Denver Broncos,WR_REC_YARDS,Courtland Sutton,36.5,-111,-112,,,,5
2026-09-28T00:03:12.333Z,2026-09-27,2026-09-28T00:20:00Z,Los Angeles Rams @ Denver Broncos,QB_PASS_YARDS,Matthew Stafford,236.5,-111,-113,,,,6
2026-09-28T00:03:12.333Z,2026-09-27,2026-09-28T00:20:00Z,Los Angeles Rams @ Denver Broncos,QB_PASS_YARDS,Bo Nix,211.5,-113,-106,,,,6
2026-09-28T00:03:12.333Z,2026-09-27,2026-09-28T00:20:00Z,Los Angeles Rams @ Denver Broncos,RB_RUSH_YARDS,Kyren Williams,52.5,-114,-109,,,,6
2026-09-28T00:03:12.333Z,2026-09-27,2026-09-28T00:20:00Z,Los Angeles Rams @ Denver Broncos,RB_RUSH_YARDS,Blake Corum,48.5,-113,-113,,,,6
2026-09-28T00:03:12.333Z,2026-09-27,2026-09-28T00:20:00Z,Los Angeles Rams @ Denver Broncos,RB_RUSH_YARDS,RJ Harvey,20.5,-110,-114,,,,6
2026-09-28T00:03:12.333Z,2026-09-27,2026-09-28T00:20:00Z,Los Angeles Rams @ Denver Broncos,RB_RUSH_YARDS,Bo Nix,16.5,-110,-113,,,,6
2026-09-28T00:03:12.333Z,2026-09-27,2026-09-28T00:20:00Z,Los Angeles Rams @ Denver Broncos,RB_RUSH_YARDS,Matthew Stafford,0.5,120,-150,,,,3
2026-09-28T00:03:12.333Z,2026-09-27,2026-09-28T00:20:00Z,Los Angeles Rams @ Denver Broncos,WR_REC_YARDS,Davante Adams,71.5,-113,-113,,,,6
2026-09-28T00:03:12.333Z,2026-09-27,2026-09-28T00:20:00Z,Los Angeles Rams @ Denver Broncos,WR_REC_YARDS,Jaylen Waddle,59.5,-113,-111,,,,6
2026-09-28T00:03:12.333Z,2026-09-27,2026-09-28T00:20:00Z,Los Angeles Rams @ Denver Broncos,WR_REC_YARDS,Terrance Ferguson,50.5,-111,-113,,,,6
2026-09-28T00:03:12.333Z,2026-09-27,2026-09-28T00:20:00Z,Los Angeles Rams @ Denver Broncos,WR_REC_YARDS,Courtland Sutton,36.5,-110,-113,,,,5
2026-09-28T00:03:12.333Z,2026-09-27,2026-09-28T00:20:00Z,Los Angeles Rams @ Denver Broncos,WR_REC_YARDS,Pat Bryant,26.5,-114,-111,,,,6
2026-09-28T00:03:12.333Z,2026-09-27,2026-09-28T00:20:00Z,Los Angeles Rams @ Denver Broncos,WR_REC_YARDS,Evan Engram,21.5,-110,-109,,,,6
2026-09-28T00:03:12.333Z,2026-09-27,2026-09-28T00:20:00Z,Los Angeles Rams @ Denver Broncos,WR_REC_YARDS,RJ Harvey,17.5,-112,-112,,,,5
2026-09-28T00:03:12.333Z,2026-09-27,2026-09-28T00:20:00Z,Los Angeles Rams @ Denver Broncos,WR_REC_YARDS,Colby Parkinson,17.5,-108,-113,,,,4
2026-09-28T00:03:12.333Z,2026-09-27,2026-09-28T00:20:00Z,Los Angeles Rams @ Denver Broncos,WR_REC_YARDS,Jordan Whittington,14.5,-113,-110,,,,3
2026-09-28T00:03:12.333Z,2026-09-27,2026-09-28T00:20:00Z,Los Angeles Rams @ Denver Broncos,WR_REC_YARDS,Kyren Williams,12.5,-110,-111,,,,6
2026-09-28T00:03:12.333Z,2026-09-27,2026-09-28T00:20:00Z,Los Angeles Rams @ Denver Broncos,WR_REC_YARDS,Konata Mumpfield,10.5,-107,-117,,,,2
2026-09-28T00:03:12.333Z,2026-09-27,2026-09-28T00:20:00Z,Los Angeles Rams @ Denver Broncos,WR_REC_YARDS,Adam Trautman,5.5,-118,-106,,,,4
2026-09-28T00:03:12.333Z,2026-09-27,2026-09-28T00:20:00Z,Los Angeles Rams @ Denver Broncos,WR_REC_YARDS,J.K. Dobbins,1.5,-102,-114,,,,2
2026-09-28T00:03:12.333Z,2026-09-27,2026-09-28T00:20:00Z,Los Angeles Rams @ Denver Broncos,WR_REC_YARDS,Blake Corum,0.5,124,-155,,,,2
2026-09-28T00:03:12.333Z,2026-09-27,2026-09-28T00:20:00Z,Los Angeles Rams @ Denver Broncos,ANYTIME_TD,Kyren Williams,,,,,0.4878,false,6
2026-09-28T00:03:12.333Z,2026-09-27,2026-09-28T00:20:00Z,Los Angeles Rams @ Denver Broncos,ANYTIME_TD,Davante Adams,,,,,0.4444,false,6
2026-09-28T00:03:12.333Z,2026-09-27,2026-09-28T00:20:00Z,Los Angeles Rams @ Denver Broncos,ANYTIME_TD,J.K. Dobbins,,,,,0.4,false,6
2026-09-28T00:03:12.333Z,2026-09-27,2026-09-28T00:20:00Z,Los Angeles Rams @ Denver Broncos,ANYTIME_TD,Jaylen Waddle,,,,,0.3175,false,6
2026-09-28T00:03:12.333Z,2026-09-27,2026-09-28T00:20:00Z,Los Angeles Rams @ Denver Broncos,ANYTIME_TD,Terrance Ferguson,,,,,0.2857,false,6
2026-09-28T00:03:12.333Z,2026-09-27,2026-09-28T00:20:00Z,Los Angeles Rams @ Denver Broncos,ANYTIME_TD,Courtland Sutton,,,,,0.2703,false,6
2026-09-28T00:03:12.333Z,2026-09-27,2026-09-28T00:20:00Z,Los Angeles Rams @ Denver Broncos,ANYTIME_TD,RJ Harvey,,,,,0.2326,false,6
2026-09-28T00:03:12.333Z,2026-09-27,2026-09-28T00:20:00Z,Los Angeles Rams @ Denver Broncos,ANYTIME_TD,Colby Parkinson,,,,,0.2083,false,6
2026-09-28T00:03:12.333Z,2026-09-27,2026-09-28T00:20:00Z,Los Angeles Rams @ Denver Broncos,ANYTIME_TD,Pat Bryant,,,,,0.1905,false,6
2026-09-28T00:03:12.333Z,2026-09-27,2026-09-28T00:20:00Z,Los Angeles Rams @ Denver Broncos,ANYTIME_TD,Bo Nix,,,,,0.1724,false,6
2026-09-28T00:03:12.333Z,2026-09-27,2026-09-28T00:20:00Z,Los Angeles Rams @ Denver Broncos,ANYTIME_TD,Adam Trautman,,,,,0.0952,false,6
2026-09-28T00:03:12.333Z,2026-09-27,2026-09-28T00:20:00Z,Los Angeles Rams @ Denver Broncos,ANYTIME_TD,Konata Mumpfield,,,,,0.1176,false,6
2026-09-28T00:03:12.333Z,2026-09-27,2026-09-28T00:20:00Z,Los Angeles Rams @ Denver Broncos,ANYTIME_TD,Los Angeles Rams D/ST,,,,,0.1111,false,3
2026-09-28T00:03:12.333Z,2026-09-27,2026-09-28T00:20:00Z,Los Angeles Rams @ Denver Broncos,ANYTIME_TD,Tyler Higbee,,,,,0.1053,false,6
2026-09-28T00:03:12.333Z,2026-09-27,2026-09-28T00:20:00Z,Los Angeles Rams @ Denver Broncos,ANYTIME_TD,Jordan Whittington,,,,,0.0909,false,5
2026-09-28T00:03:12.333Z,2026-09-27,2026-09-28T00:20:00Z,Los Angeles Rams @ Denver Broncos,ANYTIME_TD,Troy Franklin,,,,,0.0909,false,6
2026-09-28T00:03:12.333Z,2026-09-27,2026-09-28T00:20:00Z,Los Angeles Rams @ Denver Broncos,ANYTIME_TD,Xavier Smith,,,,,0.087,false,6
2026-09-28T00:03:12.333Z,2026-09-27,2026-09-28T00:20:00Z,Los Angeles Rams @ Denver Broncos,ANYTIME_TD,Tyler Badie,,,,,0.0714,false,5
2026-09-28T00:03:12.333Z,2026-09-27,2026-09-28T00:20:00Z,Los Angeles Rams @ Denver Broncos,ANYTIME_TD,Davis Allen,,,,,0.0526,false,6
2026-09-28T00:03:12.333Z,2026-09-27,2026-09-28T00:20:00Z,Los Angeles Rams @ Denver Broncos,ANYTIME_TD,Kolbe Katsis,,,,,0.05,false,3
2026-09-28T00:03:12.333Z,2026-09-27,2026-09-28T00:20:00Z,Los Angeles Rams @ Denver Broncos,ANYTIME_TD,Nate Adkins,,,,,0.0435,false,6
2026-09-28T00:03:12.333Z,2026-09-27,2026-09-28T00:20:00Z,Los Angeles Rams @ Denver Broncos,ANYTIME_TD,Dean Connors,,,,,0.0323,false,4
2026-09-28T00:03:12.333Z,2026-09-27,2026-09-28T00:20:00Z,Los Angeles Rams @ Denver Broncos,ANYTIME_TD,Matthew Stafford,,,,,0.0385,false,6
2026-09-28T00:03:12.333Z,2026-09-27,2026-09-28T00:20:00Z,Los Angeles Rams @ Denver Broncos,ANYTIME_TD,Los Angeles Rams Defense,,,,,0.0952,false,1
2026-09-28T00:03:12.333Z,2026-09-27,2026-09-28T00:20:00Z,Los Angeles Rams @ Denver Broncos,ANYTIME_TD,Tutu Atwell,,,,,0.0556,false,1
2026-09-28T00:03:12.333Z,2026-09-27,2026-09-28T00:20:00Z,Los Angeles Rams @ Denver Broncos,ANYTIME_TD,Marvin Mims Jr.,,,,,0.1111,false,1
2026-09-28T00:03:12.333Z,2026-09-27,2026-09-28T00:20:00Z,Los Angeles Rams @ Denver Broncos,ANYTIME_TD,Dallen Bentley,,,,,0.04,false,1
2026-09-28T00:03:12.333Z,2026-09-27,2026-09-28T00:20:00Z,Los Angeles Rams @ Denver Broncos,ANYTIME_TD,CJ Daniels,,,,,0.04,false,1
2026-09-28T00:03:12.333Z,2026-09-27,2026-09-28T00:20:00Z,Los Angeles Rams @ Denver Broncos,ANYTIME_TD,Lil'Jordan Humphrey,,,,,0.05,false,1
2026-09-28T19:53:25.271Z,2026-09-28,2026-09-29T00:15:00Z,Philadelphia Eagles @ Chicago Bears,QB_PASS_YARDS,Jalen Hurts,216.5,-111,-112,,,,6
2026-09-28T19:53:25.271Z,2026-09-28,2026-09-29T00:15:00Z,Philadelphia Eagles @ Chicago Bears,QB_PASS_YARDS,Case Keenum,171.5,-114,-112,,,,5
2026-09-28T19:53:25.271Z,2026-09-28,2026-09-29T00:15:00Z,Philadelphia Eagles @ Chicago Bears,RB_RUSH_YARDS,Saquon Barkley,72.5,-113,-110,,,,6
2026-09-28T19:53:25.271Z,2026-09-28,2026-09-29T00:15:00Z,Philadelphia Eagles @ Chicago Bears,RB_RUSH_YARDS,D'Andre Swift,62.5,-111,-113,,,,6
2026-09-28T19:53:25.271Z,2026-09-28,2026-09-29T00:15:00Z,Philadelphia Eagles @ Chicago Bears,RB_RUSH_YARDS,Kyle Monangai,39.5,-114,-110,,,,6
2026-09-28T19:53:25.271Z,2026-09-28,2026-09-29T00:15:00Z,Philadelphia Eagles @ Chicago Bears,RB_RUSH_YARDS,Jalen Hurts,24.5,-110,-113,,,,6
2026-09-28T19:53:25.271Z,2026-09-28,2026-09-29T00:15:00Z,Philadelphia Eagles @ Chicago Bears,RB_RUSH_YARDS,Tank Bigsby,12.5,-110,-111,,,,6
2026-09-28T19:53:25.271Z,2026-09-28,2026-09-29T00:15:00Z,Philadelphia Eagles @ Chicago Bears,RB_RUSH_YARDS,Case Keenum,3.5,-110,-108,,,,5
2026-09-28T19:53:25.271Z,2026-09-28,2026-09-29T00:15:00Z,Philadelphia Eagles @ Chicago Bears,WR_REC_YARDS,DeVonta Smith,72.5,-111,-113,,,,6
2026-09-28T19:53:25.271Z,2026-09-28,2026-09-29T00:15:00Z,Philadelphia Eagles @ Chicago Bears,WR_REC_YARDS,Dontayvion Wicks,42.5,-114,-110,,,,6
2026-09-28T19:53:25.271Z,2026-09-28,2026-09-29T00:15:00Z,Philadelphia Eagles @ Chicago Bears,WR_REC_YARDS,Luther Burden III,36.5,-106,-118,,,,6
2026-09-28T19:53:25.271Z,2026-09-28,2026-09-29T00:15:00Z,Philadelphia Eagles @ Chicago Bears,WR_REC_YARDS,Colston Loveland,32.5,-113,-111,,,,6
2026-09-28T19:53:25.271Z,2026-09-28,2026-09-29T00:15:00Z,Philadelphia Eagles @ Chicago Bears,WR_REC_YARDS,Makai Lemon,27.5,-115,-112,,,,6
2026-09-28T19:53:25.271Z,2026-09-28,2026-09-29T00:15:00Z,Philadelphia Eagles @ Chicago Bears,WR_REC_YARDS,Rome Odunze,26.5,-109,-115,,,,6
2026-09-28T19:53:25.271Z,2026-09-28,2026-09-29T00:15:00Z,Philadelphia Eagles @ Chicago Bears,WR_REC_YARDS,Kalif Raymond,23.5,-115,-109,,,,6
2026-09-28T19:53:25.271Z,2026-09-28,2026-09-29T00:15:00Z,Philadelphia Eagles @ Chicago Bears,WR_REC_YARDS,D'Andre Swift,13.5,-113,-113,,,,6
2026-09-28T19:53:25.271Z,2026-09-28,2026-09-29T00:15:00Z,Philadelphia Eagles @ Chicago Bears,WR_REC_YARDS,Saquon Barkley,13.5,-116,-109,,,,6
2026-09-28T19:53:25.271Z,2026-09-28,2026-09-29T00:15:00Z,Philadelphia Eagles @ Chicago Bears,WR_REC_YARDS,Zach Ertz,10.5,-113,-110,,,,6
2026-09-28T19:53:25.271Z,2026-09-28,2026-09-29T00:15:00Z,Philadelphia Eagles @ Chicago Bears,WR_REC_YARDS,Johnny Mundt,10.5,-113,-111,,,,4
2026-09-28T19:53:25.271Z,2026-09-28,2026-09-29T00:15:00Z,Philadelphia Eagles @ Chicago Bears,WR_REC_YARDS,Kyle Monangai,8.5,-113,-110,,,,4
2026-09-28T19:53:25.271Z,2026-09-28,2026-09-29T00:15:00Z,Philadelphia Eagles @ Chicago Bears,WR_REC_YARDS,Cole Kmet,8.5,-109,-113,,,,5
2026-09-28T19:53:25.271Z,2026-09-28,2026-09-29T00:15:00Z,Philadelphia Eagles @ Chicago Bears,ANYTIME_TD,Saquon Barkley,,,,,0.5122,false,6
2026-09-28T19:53:25.271Z,2026-09-28,2026-09-29T00:15:00Z,Philadelphia Eagles @ Chicago Bears,ANYTIME_TD,D'Andre Swift,,,,,0.4717,false,6
2026-09-28T19:53:25.271Z,2026-09-28,2026-09-29T00:15:00Z,Philadelphia Eagles @ Chicago Bears,ANYTIME_TD,Jalen Hurts,,,,,0.3774,false,6
2026-09-28T19:53:25.271Z,2026-09-28,2026-09-29T00:15:00Z,Philadelphia Eagles @ Chicago Bears,ANYTIME_TD,DeVonta Smith,,,,,0.3509,false,6
2026-09-28T19:53:25.271Z,2026-09-28,2026-09-29T00:15:00Z,Philadelphia Eagles @ Chicago Bears,ANYTIME_TD,Kyle Monangai,,,,,0.3226,false,6
2026-09-28T19:53:25.271Z,2026-09-28,2026-09-29T00:15:00Z,Philadelphia Eagles @ Chicago Bears,ANYTIME_TD,Dontayvion Wicks,,,,,0.2273,false,6
2026-09-28T19:53:25.271Z,2026-09-28,2026-09-29T00:15:00Z,Philadelphia Eagles @ Chicago Bears,ANYTIME_TD,Colston Loveland,,,,,0.2222,false,6
2026-09-28T19:53:25.271Z,2026-09-28,2026-09-29T00:15:00Z,Philadelphia Eagles @ Chicago Bears,ANYTIME_TD,Luther Burden III,,,,,0.1818,false,6
2026-09-28T19:53:25.271Z,2026-09-28,2026-09-29T00:15:00Z,Philadelphia Eagles @ Chicago Bears,ANYTIME_TD,Rome Odunze,,,,,0.1818,false,6
2026-09-28T19:53:25.271Z,2026-09-28,2026-09-29T00:15:00Z,Philadelphia Eagles @ Chicago Bears,ANYTIME_TD,Makai Lemon,,,,,0.1739,false,6
2026-09-28T19:53:25.271Z,2026-09-28,2026-09-29T00:15:00Z,Philadelphia Eagles @ Chicago Bears,ANYTIME_TD,Zach Ertz,,,,,0.1481,false,6
2026-09-28T19:53:25.271Z,2026-09-28,2026-09-29T00:15:00Z,Philadelphia Eagles @ Chicago Bears,ANYTIME_TD,Cole Kmet,,,,,0.125,false,6
2026-09-28T19:53:25.271Z,2026-09-28,2026-09-29T00:15:00Z,Philadelphia Eagles @ Chicago Bears,ANYTIME_TD,Philadelphia Eagles D/ST,,,,,0.1429,false,3
2026-09-28T19:53:25.271Z,2026-09-28,2026-09-29T00:15:00Z,Philadelphia Eagles @ Chicago Bears,ANYTIME_TD,Kalif Raymond,,,,,0.1429,false,6
2026-09-28T19:53:25.271Z,2026-09-28,2026-09-29T00:15:00Z,Philadelphia Eagles @ Chicago Bears,ANYTIME_TD,Chicago Bears D/ST,,,,,0.1429,false,3
2026-09-28T19:53:25.271Z,2026-09-28,2026-09-29T00:15:00Z,Philadelphia Eagles @ Chicago Bears,ANYTIME_TD,Tank Bigsby,,,,,0.1143,false,6
2026-09-28T19:53:25.271Z,2026-09-28,2026-09-29T00:15:00Z,Philadelphia Eagles @ Chicago Bears,ANYTIME_TD,Will Shipley,,,,,0.1111,false,6
2026-09-28T19:53:25.271Z,2026-09-28,2026-09-29T00:15:00Z,Philadelphia Eagles @ Chicago Bears,ANYTIME_TD,Johnny Mundt,,,,,0.1053,false,6
2026-09-28T19:53:25.271Z,2026-09-28,2026-09-29T00:15:00Z,Philadelphia Eagles @ Chicago Bears,ANYTIME_TD,Darius Cooper,,,,,0.0909,false,6
2026-09-28T19:53:25.271Z,2026-09-28,2026-09-29T00:15:00Z,Philadelphia Eagles @ Chicago Bears,ANYTIME_TD,Case Keenum,,,,,0.0588,false,6
2026-09-28T19:53:25.271Z,2026-09-28,2026-09-29T00:15:00Z,Philadelphia Eagles @ Chicago Bears,ANYTIME_TD,Roschon Johnson,,,,,0.0357,false,6
2026-09-28T19:53:25.271Z,2026-09-28,2026-09-29T00:15:00Z,Philadelphia Eagles @ Chicago Bears,ANYTIME_TD,Jahdae Walker,,,,,0.0385,false,6
2026-09-28T19:53:25.271Z,2026-09-28,2026-09-29T00:15:00Z,Philadelphia Eagles @ Chicago Bears,ANYTIME_TD,E.J. Jenkins,,,,,0.0385,false,6
2026-09-28T19:53:25.271Z,2026-09-28,2026-09-29T00:15:00Z,Philadelphia Eagles @ Chicago Bears,ANYTIME_TD,Britain Covey,,,,,0.0345,false,6
2026-09-28T19:53:25.271Z,2026-09-28,2026-09-29T00:15:00Z,Philadelphia Eagles @ Chicago Bears,ANYTIME_TD,Elijah Moore,,,,,0.0435,false,5
2026-09-28T19:53:25.271Z,2026-09-28,2026-09-29T00:15:00Z,Philadelphia Eagles @ Chicago Bears,ANYTIME_TD,Sam Roush,,,,,0.0323,false,6
2026-09-28T19:53:25.271Z,2026-09-28,2026-09-29T00:15:00Z,Philadelphia Eagles @ Chicago Bears,ANYTIME_TD,Zavion Thomas,,,,,0.0244,false,6
2026-09-28T19:53:25.271Z,2026-09-28,2026-09-29T00:15:00Z,Philadelphia Eagles @ Chicago Bears,ANYTIME_TD,Chicago Bears Defense,,,,,0.1333,false,1
2026-09-28T19:53:25.271Z,2026-09-28,2026-09-29T00:15:00Z,Philadelphia Eagles @ Chicago Bears,ANYTIME_TD,Philadelphia Eagles Defense,,,,,0.125,false,1
2026-09-28T19:53:25.271Z,2026-09-28,2026-09-29T00:15:00Z,Philadelphia Eagles @ Chicago Bears,ANYTIME_TD,Hollywood Brown,,,,,0.0667,false,1
2026-09-29T00:46:58.554Z,2026-09-28,2026-09-29T00:16:16Z,Philadelphia Eagles @ Chicago Bears,QB_PASS_YARDS,Jalen Hurts,226.5,-120,-120,,,,5
2026-09-29T00:46:58.554Z,2026-09-28,2026-09-29T00:16:16Z,Philadelphia Eagles @ Chicago Bears,QB_PASS_YARDS,Case Keenum,184.5,-115,-115,,,,5
2026-09-29T00:46:58.554Z,2026-09-28,2026-09-29T00:16:16Z,Philadelphia Eagles @ Chicago Bears,RB_RUSH_YARDS,Saquon Barkley,67.5,-110,-115,,,,5
2026-09-29T00:46:58.554Z,2026-09-28,2026-09-29T00:16:16Z,Philadelphia Eagles @ Chicago Bears,RB_RUSH_YARDS,D'Andre Swift,70.5,-125,-121,,,,5
2026-09-29T00:46:58.554Z,2026-09-28,2026-09-29T00:16:16Z,Philadelphia Eagles @ Chicago Bears,RB_RUSH_YARDS,Kyle Monangai,34.5,-115,-115,,,,5
2026-09-29T00:46:58.554Z,2026-09-28,2026-09-29T00:16:16Z,Philadelphia Eagles @ Chicago Bears,RB_RUSH_YARDS,Jalen Hurts,21.5,-112,-115,,,,5
2026-09-29T00:46:58.554Z,2026-09-28,2026-09-29T00:16:16Z,Philadelphia Eagles @ Chicago Bears,RB_RUSH_YARDS,Tank Bigsby,8.5,-110,-120,,,,4
2026-09-29T00:46:58.554Z,2026-09-28,2026-09-29T00:16:16Z,Philadelphia Eagles @ Chicago Bears,RB_RUSH_YARDS,Case Keenum,0.5,116,-120,,,,3
2026-09-29T00:46:58.554Z,2026-09-28,2026-09-29T00:16:16Z,Philadelphia Eagles @ Chicago Bears,RB_RUSH_YARDS,Will Shipley,1.5,-110,-120,,,,1
2026-09-29T00:46:58.554Z,2026-09-28,2026-09-29T00:16:16Z,Philadelphia Eagles @ Chicago Bears,WR_REC_YARDS,DeVonta Smith,67.5,-110,-115,,,,5
2026-09-29T00:46:58.554Z,2026-09-28,2026-09-29T00:16:16Z,Philadelphia Eagles @ Chicago Bears,WR_REC_YARDS,Luther Burden III,52.5,-115,-110,,,,5
2026-09-29T00:46:58.554Z,2026-09-28,2026-09-29T00:16:16Z,Philadelphia Eagles @ Chicago Bears,WR_REC_YARDS,Makai Lemon,40.5,-120,-110,,,,5
2026-09-29T00:46:58.554Z,2026-09-28,2026-09-29T00:16:16Z,Philadelphia Eagles @ Chicago Bears,WR_REC_YARDS,Dontayvion Wicks,37.5,-114,-114,,,,5
2026-09-29T00:46:58.554Z,2026-09-28,2026-09-29T00:16:16Z,Philadelphia Eagles @ Chicago Bears,WR_REC_YARDS,Colston Loveland,26.5,-110,-115,,,,5
2026-09-29T00:46:58.554Z,2026-09-28,2026-09-29T00:16:16Z,Philadelphia Eagles @ Chicago Bears,WR_REC_YARDS,Kalif Raymond,24.5,-115,-115,,,,5
2026-09-29T00:46:58.554Z,2026-09-28,2026-09-29T00:16:16Z,Philadelphia Eagles @ Chicago Bears,WR_REC_YARDS,Rome Odunze,16.5,-112,-110,,,,5
2026-09-29T00:46:58.554Z,2026-09-28,2026-09-29T00:16:16Z,Philadelphia Eagles @ Chicago Bears,WR_REC_YARDS,Johnny Mundt,13.5,-110,-114,,,,4
2026-09-29T00:46:58.554Z,2026-09-28,2026-09-29T00:16:16Z,Philadelphia Eagles @ Chicago Bears,WR_REC_YARDS,D'Andre Swift,12.5,-115,-110,,,,4
2026-09-29T00:46:58.554Z,2026-09-28,2026-09-29T00:16:16Z,Philadelphia Eagles @ Chicago Bears,WR_REC_YARDS,Saquon Barkley,11.5,-115,-110,,,,4
2026-09-29T00:46:58.554Z,2026-09-28,2026-09-29T00:16:16Z,Philadelphia Eagles @ Chicago Bears,WR_REC_YARDS,Zach Ertz,10.5,-110,-110,,,,4
2026-09-29T00:46:58.554Z,2026-09-28,2026-09-29T00:16:16Z,Philadelphia Eagles @ Chicago Bears,WR_REC_YARDS,Cole Kmet,5.5,-115,-110,,,,4
2026-09-29T00:46:58.554Z,2026-09-28,2026-09-29T00:16:16Z,Philadelphia Eagles @ Chicago Bears,WR_REC_YARDS,Kyle Monangai,4.5,-105,-110,,,,3
2026-09-29T00:46:58.554Z,2026-09-28,2026-09-29T00:16:16Z,Philadelphia Eagles @ Chicago Bears,WR_REC_YARDS,Darius Cooper,4.5,-118,-112,,,,3
2026-09-29T00:46:58.554Z,2026-09-28,2026-09-29T00:16:16Z,Philadelphia Eagles @ Chicago Bears,WR_REC_YARDS,Will Shipley,1.5,-114,-114,,,,3
2026-09-29T00:46:58.554Z,2026-09-28,2026-09-29T00:16:16Z,Philadelphia Eagles @ Chicago Bears,WR_REC_YARDS,Tank Bigsby,0.5,350,-550,,,,1
2026-09-29T00:46:58.554Z,2026-09-28,2026-09-29T00:16:16Z,Philadelphia Eagles @ Chicago Bears,ANYTIME_TD,Saquon Barkley,,,,,0.4651,false,5
2026-09-29T00:46:58.554Z,2026-09-28,2026-09-29T00:16:16Z,Philadelphia Eagles @ Chicago Bears,ANYTIME_TD,D'Andre Swift,,,,,0.4082,false,5
2026-09-29T00:46:58.554Z,2026-09-28,2026-09-29T00:16:16Z,Philadelphia Eagles @ Chicago Bears,ANYTIME_TD,DeVonta Smith,,,,,0.3333,false,5
2026-09-29T00:46:58.554Z,2026-09-28,2026-09-29T00:16:16Z,Philadelphia Eagles @ Chicago Bears,ANYTIME_TD,Jalen Hurts,,,,,0.339,false,5
2026-09-29T00:46:58.554Z,2026-09-28,2026-09-29T00:16:16Z,Philadelphia Eagles @ Chicago Bears,ANYTIME_TD,Kyle Monangai,,,,,0.2778,false,5
2026-09-29T00:46:58.554Z,2026-09-28,2026-09-29T00:16:16Z,Philadelphia Eagles @ Chicago Bears,ANYTIME_TD,Dontayvion Wicks,,,,,0.2041,false,5
2026-09-29T00:46:58.554Z,2026-09-28,2026-09-29T00:16:16Z,Philadelphia Eagles @ Chicago Bears,ANYTIME_TD,Makai Lemon,,,,,0.1667,false,5
2026-09-29T00:46:58.554Z,2026-09-28,2026-09-29T00:16:16Z,Philadelphia Eagles @ Chicago Bears,ANYTIME_TD,Colston Loveland,,,,,0.1667,false,5
2026-09-29T00:46:58.554Z,2026-09-28,2026-09-29T00:16:16Z,Philadelphia Eagles @ Chicago Bears,ANYTIME_TD,Zach Ertz,,,,,0.1176,false,5
2026-09-29T00:46:58.554Z,2026-09-28,2026-09-29T00:16:16Z,Philadelphia Eagles @ Chicago Bears,ANYTIME_TD,Rome Odunze,,,,,0.1429,false,5
2026-09-29T00:46:58.554Z,2026-09-28,2026-09-29T00:16:16Z,Philadelphia Eagles @ Chicago Bears,ANYTIME_TD,Chicago Bears D/ST,,,,,0.125,false,3
2026-09-29T00:46:58.554Z,2026-09-28,2026-09-29T00:16:16Z,Philadelphia Eagles @ Chicago Bears,ANYTIME_TD,Darius Cooper,,,,,0.0769,false,5
2026-09-29T00:46:58.554Z,2026-09-28,2026-09-29T00:16:16Z,Philadelphia Eagles @ Chicago Bears,ANYTIME_TD,Philadelphia Eagles D/ST,,,,,0.1081,false,3
2026-09-29T00:46:58.554Z,2026-09-28,2026-09-29T00:16:16Z,Philadelphia Eagles @ Chicago Bears,ANYTIME_TD,Kalif Raymond,,,,,0.1111,false,5
2026-09-29T00:46:58.554Z,2026-09-28,2026-09-29T00:16:16Z,Philadelphia Eagles @ Chicago Bears,ANYTIME_TD,Johnny Mundt,,,,,0.1081,false,5
2026-09-29T00:46:58.554Z,2026-09-28,2026-09-29T00:16:16Z,Philadelphia Eagles @ Chicago Bears,ANYTIME_TD,Cole Kmet,,,,,0.0909,false,5
2026-09-29T00:46:58.554Z,2026-09-28,2026-09-29T00:16:16Z,Philadelphia Eagles @ Chicago Bears,ANYTIME_TD,Tank Bigsby,,,,,0.0952,false,5
2026-09-29T00:46:58.554Z,2026-09-28,2026-09-29T00:16:16Z,Philadelphia Eagles @ Chicago Bears,ANYTIME_TD,Will Shipley,,,,,0.087,false,5
2026-09-29T00:46:58.554Z,2026-09-28,2026-09-29T00:16:16Z,Philadelphia Eagles @ Chicago Bears,ANYTIME_TD,Case Keenum,,,,,0.0385,false,5
2026-09-29T00:46:58.554Z,2026-09-28,2026-09-29T00:16:16Z,Philadelphia Eagles @ Chicago Bears,ANYTIME_TD,Roschon Johnson,,,,,0.0278,false,5
2026-09-29T00:46:58.554Z,2026-09-28,2026-09-29T00:16:16Z,Philadelphia Eagles @ Chicago Bears,ANYTIME_TD,Zavion Thomas,,,,,0.0323,false,5
2026-09-29T00:46:58.554Z,2026-09-28,2026-09-29T00:16:16Z,Philadelphia Eagles @ Chicago Bears,ANYTIME_TD,Elijah Moore,,,,,0.0385,false,5
2026-09-29T00:46:58.554Z,2026-09-28,2026-09-29T00:16:16Z,Philadelphia Eagles @ Chicago Bears,ANYTIME_TD,Jahdae Walker,,,,,0.0323,false,5
2026-09-29T00:46:58.554Z,2026-09-28,2026-09-29T00:16:16Z,Philadelphia Eagles @ Chicago Bears,ANYTIME_TD,Sam Roush,,,,,0.0278,false,5
2026-09-29T00:46:58.554Z,2026-09-28,2026-09-29T00:16:16Z,Philadelphia Eagles @ Chicago Bears,ANYTIME_TD,Chicago Bears Defense,,,,,0.1429,false,1
2026-09-29T00:46:58.554Z,2026-09-28,2026-09-29T00:16:16Z,Philadelphia Eagles @ Chicago Bears,ANYTIME_TD,Philadelphia Eagles Defense,,,,,0.1053,false,1
2026-10-01T18:36:47.781Z,2026-10-01,2026-10-02T00:15:00Z,Pittsburgh Steelers @ Cleveland Browns,QB_PASS_YARDS,Aaron Rodgers,215.5,-113,-111,,,,6
2026-10-01T18:36:47.781Z,2026-10-01,2026-10-02T00:15:00Z,Pittsburgh Steelers @ Cleveland Browns,QB_PASS_YARDS,Deshaun Watson,185.5,-113,-111,,,,5
2026-10-01T18:36:47.781Z,2026-10-01,2026-10-02T00:15:00Z,Pittsburgh Steelers @ Cleveland Browns,RB_RUSH_YARDS,Jaylen Warren,75.5,-110,-111,,,,6
2026-10-01T18:36:47.781Z,2026-10-01,2026-10-02T00:15:00Z,Pittsburgh Steelers @ Cleveland Browns,RB_RUSH_YARDS,Quinshon Judkins,55.5,-110,-111,,,,6
2026-10-01T18:36:47.781Z,2026-10-01,2026-10-02T00:15:00Z,Pittsburgh Steelers @ Cleveland Browns,RB_RUSH_YARDS,Deshaun Watson,29.5,-113,-113,,,,5
2026-10-01T18:36:47.781Z,2026-10-01,2026-10-02T00:15:00Z,Pittsburgh Steelers @ Cleveland Browns,RB_RUSH_YARDS,Travis Homer,6.5,-113,-104,,,,5
2026-10-01T18:36:47.781Z,2026-10-01,2026-10-02T00:15:00Z,Pittsburgh Steelers @ Cleveland Browns,RB_RUSH_YARDS,Raheim Sanders,5.5,-113,-111,,,,6
2026-10-01T18:36:47.781Z,2026-10-01,2026-10-02T00:15:00Z,Pittsburgh Steelers @ Cleveland Browns,RB_RUSH_YARDS,Aaron Rodgers,1.5,-121,-104,,,,3
2026-10-01T18:36:47.781Z,2026-10-01,2026-10-02T00:15:00Z,Pittsburgh Steelers @ Cleveland Browns,RB_RUSH_YARDS,KC Concepcion,0.5,102,-122,,,,3
2026-10-01T18:36:47.781Z,2026-10-01,2026-10-02T00:15:00Z,Pittsburgh Steelers @ Cleveland Browns,WR_REC_YARDS,DK Metcalf,45.5,-113,-113,,,,6
2026-10-01T18:36:47.781Z,2026-10-01,2026-10-02T00:15:00Z,Pittsburgh Steelers @ Cleveland Browns,WR_REC_YARDS,Harold Fannin Jr.,40.5,-113,-111,,,,6
2026-10-01T18:36:47.781Z,2026-10-01,2026-10-02T00:15:00Z,Pittsburgh Steelers @ Cleveland Browns,WR_REC_YARDS,Denzel Boston,37.5,-113,-110,,,,6
2026-10-01T18:36:47.781Z,2026-10-01,2026-10-02T00:15:00Z,Pittsburgh Steelers @ Cleveland Browns,WR_REC_YARDS,KC Concepcion,37.5,-113,-111,,,,6
2026-10-01T18:36:47.781Z,2026-10-01,2026-10-02T00:15:00Z,Pittsburgh Steelers @ Cleveland Browns,WR_REC_YARDS,Michael Pittman Jr.,34.5,-113,-113,,,,6
2026-10-01T18:36:47.781Z,2026-10-01,2026-10-02T00:15:00Z,Pittsburgh Steelers @ Cleveland Browns,WR_REC_YARDS,Jaylen Warren,25.5,-113,-113,,,,6
2026-10-01T18:36:47.781Z,2026-10-01,2026-10-02T00:15:00Z,Pittsburgh Steelers @ Cleveland Browns,WR_REC_YARDS,Pat Freiermuth,26.5,-111,-111,,,,6
2026-10-01T18:36:47.781Z,2026-10-01,2026-10-02T00:15:00Z,Pittsburgh Steelers @ Cleveland Browns,WR_REC_YARDS,Roman Wilson,19.5,-113,-110,,,,6
2026-10-01T18:36:47.781Z,2026-10-01,2026-10-02T00:15:00Z,Pittsburgh Steelers @ Cleveland Browns,WR_REC_YARDS,Darnell Washington,16.5,-113,-110,,,,6
2026-10-01T18:36:47.781Z,2026-10-01,2026-10-02T00:15:00Z,Pittsburgh Steelers @ Cleveland Browns,WR_REC_YARDS,Jerry Jeudy,14.5,-113,-111,,,,6
2026-10-01T18:36:47.781Z,2026-10-01,2026-10-02T00:15:00Z,Pittsburgh Steelers @ Cleveland Browns,WR_REC_YARDS,Quinshon Judkins,11.5,-112,-107,,,,6
2026-10-01T18:36:47.781Z,2026-10-01,2026-10-02T00:15:00Z,Pittsburgh Steelers @ Cleveland Browns,WR_REC_YARDS,Raheim Sanders,11.5,-109,-108,,,,6
2026-10-01T18:36:47.781Z,2026-10-01,2026-10-02T00:15:00Z,Pittsburgh Steelers @ Cleveland Browns,WR_REC_YARDS,Germie Bernard,9.5,-104,-111,,,,6
2026-10-01T18:36:47.781Z,2026-10-01,2026-10-02T00:15:00Z,Pittsburgh Steelers @ Cleveland Browns,WR_REC_YARDS,Blake Whiteheart,3.5,-113,-111,,,,3
2026-10-01T18:36:47.781Z,2026-10-01,2026-10-02T00:15:00Z,Pittsburgh Steelers @ Cleveland Browns,ANYTIME_TD,Jaylen Warren,,,,,0.5,false,6
2026-10-01T18:36:47.781Z,2026-10-01,2026-10-02T00:15:00Z,Pittsburgh Steelers @ Cleveland Browns,ANYTIME_TD,Quinshon Judkins,,,,,0.4348,false,6
2026-10-01T18:36:47.781Z,2026-10-01,2026-10-02T00:15:00Z,Pittsburgh Steelers @ Cleveland Browns,ANYTIME_TD,DK Metcalf,,,,,0.2941,false,6
2026-10-01T18:36:47.781Z,2026-10-01,2026-10-02T00:15:00Z,Pittsburgh Steelers @ Cleveland Browns,ANYTIME_TD,Harold Fannin Jr.,,,,,0.2532,false,6
2026-10-01T18:36:47.781Z,2026-10-01,2026-10-02T00:15:00Z,Pittsburgh Steelers @ Cleveland Browns,ANYTIME_TD,Denzel Boston,,,,,0.2326,false,6
2026-10-01T18:36:47.781Z,2026-10-01,2026-10-02T00:15:00Z,Pittsburgh Steelers @ Cleveland Browns,ANYTIME_TD,KC Concepcion,,,,,0.2222,false,6
2026-10-01T18:36:47.781Z,2026-10-01,2026-10-02T00:15:00Z,Pittsburgh Steelers @ Cleveland Browns,ANYTIME_TD,Michael Pittman Jr.,,,,,0.2041,false,6
2026-10-01T18:36:47.781Z,2026-10-01,2026-10-02T00:15:00Z,Pittsburgh Steelers @ Cleveland Browns,ANYTIME_TD,Deshaun Watson,,,,,0.1852,false,6
2026-10-01T18:36:47.781Z,2026-10-01,2026-10-02T00:15:00Z,Pittsburgh Steelers @ Cleveland Browns,ANYTIME_TD,Pat Freiermuth,,,,,0.2,false,6
2026-10-01T18:36:47.781Z,2026-10-01,2026-10-02T00:15:00Z,Pittsburgh Steelers @ Cleveland Browns,ANYTIME_TD,Roman Wilson,,,,,0.1639,false,6
2026-10-01T18:36:47.781Z,2026-10-01,2026-10-02T00:15:00Z,Pittsburgh Steelers @ Cleveland Browns,ANYTIME_TD,Cleveland Browns D/ST,,,,,0.1429,false,3
2026-10-01T18:36:47.781Z,2026-10-01,2026-10-02T00:15:00Z,Pittsburgh Steelers @ Cleveland Browns,ANYTIME_TD,Pittsburgh Steelers D/ST,,,,,0.1667,false,3
2026-10-01T18:36:47.781Z,2026-10-01,2026-10-02T00:15:00Z,Pittsburgh Steelers @ Cleveland Browns,ANYTIME_TD,Darnell Washington,,,,,0.1429,false,6
2026-10-01T18:36:47.781Z,2026-10-01,2026-10-02T00:15:00Z,Pittsburgh Steelers @ Cleveland Browns,ANYTIME_TD,Raheim Sanders,,,,,0.125,false,6
2026-10-01T18:36:47.781Z,2026-10-01,2026-10-02T00:15:00Z,Pittsburgh Steelers @ Cleveland Browns,ANYTIME_TD,Germie Bernard,,,,,0.0909,false,6
2026-10-01T18:36:47.781Z,2026-10-01,2026-10-02T00:15:00Z,Pittsburgh Steelers @ Cleveland Browns,ANYTIME_TD,Jerry Jeudy,,,,,0.0833,false,6
2026-10-01T18:36:47.781Z,2026-10-01,2026-10-02T00:15:00Z,Pittsburgh Steelers @ Cleveland Browns,ANYTIME_TD,Blake Whiteheart,,,,,0.069,false,6
2026-10-01T18:36:47.781Z,2026-10-01,2026-10-02T00:15:00Z,Pittsburgh Steelers @ Cleveland Browns,ANYTIME_TD,Aaron Rodgers,,,,,0.0588,false,6
2026-10-01T18:36:47.781Z,2026-10-01,2026-10-02T00:15:00Z,Pittsburgh Steelers @ Cleveland Browns,ANYTIME_TD,Ben Skowronek,,,,,0.0556,false,6
2026-10-01T18:36:47.781Z,2026-10-01,2026-10-02T00:15:00Z,Pittsburgh Steelers @ Cleveland Browns,ANYTIME_TD,Travis Homer,,,,,0.0556,false,6
2026-10-01T18:36:47.781Z,2026-10-01,2026-10-02T00:15:00Z,Pittsburgh Steelers @ Cleveland Browns,ANYTIME_TD,Jaleel McLaughlin,,,,,0.0476,false,6
2026-10-01T18:36:47.781Z,2026-10-01,2026-10-02T00:15:00Z,Pittsburgh Steelers @ Cleveland Browns,ANYTIME_TD,Kaden Wetjen,,,,,0.0345,false,6
2026-10-01T18:36:47.781Z,2026-10-01,2026-10-02T00:15:00Z,Pittsburgh Steelers @ Cleveland Browns,ANYTIME_TD,Isaiah Bond,,,,,0.0385,false,6
2026-10-01T18:36:47.781Z,2026-10-01,2026-10-02T00:15:00Z,Pittsburgh Steelers @ Cleveland Browns,ANYTIME_TD,Eli Heidenreich,,,,,0.0345,false,5
2026-10-01T18:36:47.781Z,2026-10-01,2026-10-02T00:15:00Z,Pittsburgh Steelers @ Cleveland Browns,ANYTIME_TD,Malachi Corley,,,,,0.0323,false,6
2026-10-01T18:36:47.781Z,2026-10-01,2026-10-02T00:15:00Z,Pittsburgh Steelers @ Cleveland Browns,ANYTIME_TD,Robert Tonyan,,,,,0.0323,false,6
2026-10-01T18:36:47.781Z,2026-10-01,2026-10-02T00:15:00Z,Pittsburgh Steelers @ Cleveland Browns,ANYTIME_TD,Riley Nowakowski,,,,,0.0323,false,6
2026-10-01T18:36:47.781Z,2026-10-01,2026-10-02T00:15:00Z,Pittsburgh Steelers @ Cleveland Browns,ANYTIME_TD,Carsen Ryan,,,,,0.0179,false,6
2026-10-01T18:36:47.781Z,2026-10-01,2026-10-02T00:15:00Z,Pittsburgh Steelers @ Cleveland Browns,ANYTIME_TD,Michael Burton,,,,,0.0196,false,5
2026-10-01T18:36:47.781Z,2026-10-01,2026-10-02T00:15:00Z,Pittsburgh Steelers @ Cleveland Browns,ANYTIME_TD,Pittsburgh Steelers Defense,,,,,0.125,false,1
2026-10-01T18:36:47.781Z,2026-10-01,2026-10-02T00:15:00Z,Pittsburgh Steelers @ Cleveland Browns,ANYTIME_TD,Cleveland Browns Defense,,,,,0.125,false,1
2026-10-01T18:36:47.781Z,2026-10-01,2026-10-02T00:15:00Z,Pittsburgh Steelers @ Cleveland Browns,ANYTIME_TD,Tylan Wallace,,,,,0.0667,false,1
2026-10-01T18:36:47.781Z,2026-10-01,2026-10-02T00:15:00Z,Pittsburgh Steelers @ Cleveland Browns,ANYTIME_TD,Lew Nichols,,,,,0.1081,false,1
