captured_at,date,game_id,matchup,kickoff_utc,team,opponent,player,position,depth,market,model_version,projection,rate_used,expected_volume,opp_adjustment,games_played
2026-09-20T16:36:00.000Z,2026-09-20,2026_02_CAR_ATL,CAR @ ATL,2026-09-20T17:00:00.000Z,CAR,ATL,Bryce Young,QB,QB1,QB_PASS_YARDS,leo-nflprop-v1,277,8,33.7,0.997,1
2026-09-20T16:36:00.000Z,2026-09-20,2026_02_CAR_ATL,CAR @ ATL,2026-09-20T17:00:00.000Z,CAR,ATL,Chuba Hubbard,RB,RB1,RB_RUSH_YARDS,leo-nflprop-v1,41,4.4,9.6,0.8959999999999999,1
2026-09-20T16:36:00.000Z,2026-09-20,2026_02_CAR_ATL,CAR @ ATL,2026-09-20T17:00:00.000Z,CAR,ATL,Chuba Hubbard,RB,RB1,ANYTIME_TD,leo-nflprop-v1,0.296,,,0.8959999999999999,1
2026-09-20T16:36:00.000Z,2026-09-20,2026_02_CAR_ATL,CAR @ ATL,2026-09-20T17:00:00.000Z,CAR,ATL,AJ Dillon,RB,RB2,RB_RUSH_YARDS,leo-nflprop-v1,18,4.7,3.5,0.8959999999999999,1
2026-09-20T16:36:00.000Z,2026-09-20,2026_02_CAR_ATL,CAR @ ATL,2026-09-20T17:00:00.000Z,CAR,ATL,AJ Dillon,RB,RB2,ANYTIME_TD,leo-nflprop-v1,0.127,,,0.8959999999999999,1
2026-09-20T16:36:00.000Z,2026-09-20,2026_02_CAR_ATL,CAR @ ATL,2026-09-20T17:00:00.000Z,CAR,ATL,Jalen Coker,WR,WR1,WR_REC_YARDS,leo-nflprop-v1,83,12.1,6.8,0.997,1
2026-09-20T16:36:00.000Z,2026-09-20,2026_02_CAR_ATL,CAR @ ATL,2026-09-20T17:00:00.000Z,CAR,ATL,Jalen Coker,WR,WR1,ANYTIME_TD,leo-nflprop-v1,0.481,,,0.997,1
2026-09-20T16:36:00.000Z,2026-09-20,2026_02_CAR_ATL,CAR @ ATL,2026-09-20T17:00:00.000Z,CAR,ATL,Tetairoa McMillan,WR,WR2,WR_REC_YARDS,leo-nflprop-v1,69,9,7.6,0.997,1
2026-09-20T16:36:00.000Z,2026-09-20,2026_02_CAR_ATL,CAR @ ATL,2026-09-20T17:00:00.000Z,CAR,ATL,Tetairoa McMillan,WR,WR2,ANYTIME_TD,leo-nflprop-v1,0.254,,,0.997,1
2026-09-20T16:36:00.000Z,2026-09-20,2026_02_CAR_ATL,CAR @ ATL,2026-09-20T17:00:00.000Z,CAR,ATL,Xavier Legette,WR,WR3,WR_REC_YARDS,leo-nflprop-v1,9,2.5,3.1,0.997,1
2026-09-20T16:36:00.000Z,2026-09-20,2026_02_CAR_ATL,CAR @ ATL,2026-09-20T17:00:00.000Z,CAR,ATL,Xavier Legette,WR,WR3,ANYTIME_TD,leo-nflprop-v1,0.16,,,0.997,1
2026-09-20T16:36:00.000Z,2026-09-20,2026_02_CAR_ATL,CAR @ ATL,2026-09-20T17:00:00.000Z,ATL,CAR,Cooper Rush,QB,QB1,QB_PASS_YARDS,leo-nflprop-v1,106,5.3,17.5,1.04,1
2026-09-20T16:36:00.000Z,2026-09-20,2026_02_CAR_ATL,CAR @ ATL,2026-09-20T17:00:00.000Z,ATL,CAR,Bijan Robinson,RB,RB1,RB_RUSH_YARDS,leo-nflprop-v1,99,4.4,18.9,1.15,1
2026-09-20T16:36:00.000Z,2026-09-20,2026_02_CAR_ATL,CAR @ ATL,2026-09-20T17:00:00.000Z,ATL,CAR,Bijan Robinson,RB,RB1,ANYTIME_TD,leo-nflprop-v1,0.31,,,1.15,1
2026-09-20T16:36:00.000Z,2026-09-20,2026_02_CAR_ATL,CAR @ ATL,2026-09-20T17:00:00.000Z,ATL,CAR,Brian Robinson,RB,RB2,RB_RUSH_YARDS,leo-nflprop-v1,33,3.7,7,1.15,1
2026-09-20T16:36:00.000Z,2026-09-20,2026_02_CAR_ATL,CAR @ ATL,2026-09-20T17:00:00.000Z,ATL,CAR,Brian Robinson,RB,RB2,ANYTIME_TD,leo-nflprop-v1,0.146,,,1.15,1
2026-09-20T16:36:00.000Z,2026-09-20,2026_02_CAR_ATL,CAR @ ATL,2026-09-20T17:00:00.000Z,ATL,CAR,Drake London,WR,WR1,WR_REC_YARDS,leo-nflprop-v1,54,7.7,6.7,1.04,1
2026-09-20T16:36:00.000Z,2026-09-20,2026_02_CAR_ATL,CAR @ ATL,2026-09-20T17:00:00.000Z,ATL,CAR,Drake London,WR,WR1,ANYTIME_TD,leo-nflprop-v1,0.334,,,1.04,1
2026-09-20T16:36:00.000Z,2026-09-20,2026_02_CAR_ATL,CAR @ ATL,2026-09-20T17:00:00.000Z,ATL,CAR,Jahan Dotson,WR,WR2,WR_REC_YARDS,leo-nflprop-v1,18,6.2,2.7,1.04,1
2026-09-20T16:36:00.000Z,2026-09-20,2026_02_CAR_ATL,CAR @ ATL,2026-09-20T17:00:00.000Z,ATL,CAR,Jahan Dotson,WR,WR2,ANYTIME_TD,leo-nflprop-v1,0.1,,,1.04,1
2026-09-20T16:36:00.000Z,2026-09-20,2026_02_CAR_ATL,CAR @ ATL,2026-09-20T17:00:00.000Z,ATL,CAR,Olamide Zaccheaus,WR,WR3,WR_REC_YARDS,leo-nflprop-v1,14,4.7,2.7,1.04,1
2026-09-20T16:36:00.000Z,2026-09-20,2026_02_CAR_ATL,CAR @ ATL,2026-09-20T17:00:00.000Z,ATL,CAR,Olamide Zaccheaus,WR,WR3,ANYTIME_TD,leo-nflprop-v1,0.166,,,1.04,1
2026-09-20T16:36:00.000Z,2026-09-20,2026_02_NO_BAL,NO @ BAL,2026-09-20T17:00:00.000Z,NO,BAL,Tyler Shough,QB,QB1,QB_PASS_YARDS,leo-nflprop-v1,297,7.1,42.9,0.948,1
2026-09-20T16:36:00.000Z,2026-09-20,2026_02_NO_BAL,NO @ BAL,2026-09-20T17:00:00.000Z,NO,BAL,Travis Etienne,RB,RB1,RB_RUSH_YARDS,leo-nflprop-v1,58,4.7,12,0.968,1
2026-09-20T16:36:00.000Z,2026-09-20,2026_02_NO_BAL,NO @ BAL,2026-09-20T17:00:00.000Z,NO,BAL,Travis Etienne,RB,RB1,ANYTIME_TD,leo-nflprop-v1,0.259,,,0.968,1
2026-09-20T16:36:00.000Z,2026-09-20,2026_02_NO_BAL,NO @ BAL,2026-09-20T17:00:00.000Z,NO,BAL,Kendre Miller,RB,RB2,RB_RUSH_YARDS,leo-nflprop-v1,32,3.8,7.9,0.968,1
2026-09-20T16:36:00.000Z,2026-09-20,2026_02_NO_BAL,NO @ BAL,2026-09-20T17:00:00.000Z,NO,BAL,Kendre Miller,RB,RB2,ANYTIME_TD,leo-nflprop-v1,0.322,,,0.968,1
2026-09-20T16:36:00.000Z,2026-09-20,2026_02_NO_BAL,NO @ BAL,2026-09-20T17:00:00.000Z,NO,BAL,Chris Olave,WR,WR1,WR_REC_YARDS,leo-nflprop-v1,119,10.9,11.4,0.948,1
2026-09-20T16:36:00.000Z,2026-09-20,2026_02_NO_BAL,NO @ BAL,2026-09-20T17:00:00.000Z,NO,BAL,Chris Olave,WR,WR1,ANYTIME_TD,leo-nflprop-v1,0.311,,,0.948,1
2026-09-20T16:36:00.000Z,2026-09-20,2026_02_NO_BAL,NO @ BAL,2026-09-20T17:00:00.000Z,NO,BAL,Devaughn Vele,WR,WR2,WR_REC_YARDS,leo-nflprop-v1,46,7.1,6.7,0.948,1
2026-09-20T16:36:00.000Z,2026-09-20,2026_02_NO_BAL,NO @ BAL,2026-09-20T17:00:00.000Z,NO,BAL,Devaughn Vele,WR,WR2,ANYTIME_TD,leo-nflprop-v1,0.317,,,0.948,1
2026-09-20T16:36:00.000Z,2026-09-20,2026_02_NO_BAL,NO @ BAL,2026-09-20T17:00:00.000Z,NO,BAL,Bryce Lance,WR,WR3,WR_REC_YARDS,leo-nflprop-v1,41,10.5,4,0.948,1
2026-09-20T16:36:00.000Z,2026-09-20,2026_02_NO_BAL,NO @ BAL,2026-09-20T17:00:00.000Z,NO,BAL,Bryce Lance,WR,WR3,ANYTIME_TD,leo-nflprop-v1,0.204,,,0.948,1
2026-09-20T16:36:00.000Z,2026-09-20,2026_02_NO_BAL,NO @ BAL,2026-09-20T17:00:00.000Z,BAL,NO,Lamar Jackson,QB,QB1,QB_PASS_YARDS,leo-nflprop-v1,268,10.9,24.1,0.9840000000000001,1
2026-09-20T16:36:00.000Z,2026-09-20,2026_02_NO_BAL,NO @ BAL,2026-09-20T17:00:00.000Z,BAL,NO,Derrick Henry,RB,RB1,RB_RUSH_YARDS,leo-nflprop-v1,130,5.6,21,1.072,1
2026-09-20T16:36:00.000Z,2026-09-20,2026_02_NO_BAL,NO @ BAL,2026-09-20T17:00:00.000Z,BAL,NO,Derrick Henry,RB,RB1,ANYTIME_TD,leo-nflprop-v1,0.72,,,1.072,1
2026-09-20T16:36:00.000Z,2026-09-20,2026_02_NO_BAL,NO @ BAL,2026-09-20T17:00:00.000Z,BAL,NO,Justice Hill,RB,RB2,RB_RUSH_YARDS,leo-nflprop-v1,16,3.1,3.9,1.072,1
2026-09-20T16:36:00.000Z,2026-09-20,2026_02_NO_BAL,NO @ BAL,2026-09-20T17:00:00.000Z,BAL,NO,Justice Hill,RB,RB2,ANYTIME_TD,leo-nflprop-v1,0.205,,,1.072,1
2026-09-20T16:36:00.000Z,2026-09-20,2026_02_NO_BAL,NO @ BAL,2026-09-20T17:00:00.000Z,BAL,NO,Zay Flowers,WR,WR1,WR_REC_YARDS,leo-nflprop-v1,114,17.8,6.5,0.9840000000000001,1
2026-09-20T16:36:00.000Z,2026-09-20,2026_02_NO_BAL,NO @ BAL,2026-09-20T17:00:00.000Z,BAL,NO,Zay Flowers,WR,WR1,ANYTIME_TD,leo-nflprop-v1,0.349,,,0.9840000000000001,1
2026-09-20T16:36:00.000Z,2026-09-20,2026_02_NO_BAL,NO @ BAL,2026-09-20T17:00:00.000Z,BAL,NO,Chris Moore,WR,WR2,WR_REC_YARDS,leo-nflprop-v1,38,17.7,2.2,0.9840000000000001,1
2026-09-20T16:36:00.000Z,2026-09-20,2026_02_NO_BAL,NO @ BAL,2026-09-20T17:00:00.000Z,BAL,NO,Chris Moore,WR,WR2,ANYTIME_TD,leo-nflprop-v1,0.129,,,0.9840000000000001,1
2026-09-20T16:36:00.000Z,2026-09-20,2026_02_NO_BAL,NO @ BAL,2026-09-20T17:00:00.000Z,BAL,NO,LaJohntay Wester,WR,WR3,WR_REC_YARDS,leo-nflprop-v1,5,3.8,1,0.9840000000000001,1
2026-09-20T16:36:00.000Z,2026-09-20,2026_02_NO_BAL,NO @ BAL,2026-09-20T17:00:00.000Z,BAL,NO,LaJohntay Wester,WR,WR3,ANYTIME_TD,leo-nflprop-v1,0.068,,,0.9840000000000001,1
2026-09-20T16:36:00.000Z,2026-09-20,2026_02_MIN_CHI,MIN @ CHI,2026-09-20T17:00:00.000Z,MIN,CHI,Carson Wentz,QB,QB1,QB_PASS_YARDS,leo-nflprop-v1,219,7.1,26.4,1.122,1
2026-09-20T16:36:00.000Z,2026-09-20,2026_02_MIN_CHI,MIN @ CHI,2026-09-20T17:00:00.000Z,MIN,CHI,Aaron Jones,RB,RB1,RB_RUSH_YARDS,leo-nflprop-v1,46,3.7,11.5,1.006,1
2026-09-20T16:36:00.000Z,2026-09-20,2026_02_MIN_CHI,MIN @ CHI,2026-09-20T17:00:00.000Z,MIN,CHI,Aaron Jones,RB,RB1,ANYTIME_TD,leo-nflprop-v1,0.325,,,1.006,1
2026-09-20T16:36:00.000Z,2026-09-20,2026_02_MIN_CHI,MIN @ CHI,2026-09-20T17:00:00.000Z,MIN,CHI,Justin Jefferson,WR,WR1,WR_REC_YARDS,leo-nflprop-v1,86,8.7,8.6,1.122,1
2026-09-20T16:36:00.000Z,2026-09-20,2026_02_MIN_CHI,MIN @ CHI,2026-09-20T17:00:00.000Z,MIN,CHI,Justin Jefferson,WR,WR1,ANYTIME_TD,leo-nflprop-v1,0.45,,,1.122,1
2026-09-20T16:36:00.000Z,2026-09-20,2026_02_MIN_CHI,MIN @ CHI,2026-09-20T17:00:00.000Z,MIN,CHI,Jordan Addison,WR,WR2,WR_REC_YARDS,leo-nflprop-v1,18,4,3.8,1.122,1
2026-09-20T16:36:00.000Z,2026-09-20,2026_02_MIN_CHI,MIN @ CHI,2026-09-20T17:00:00.000Z,MIN,CHI,Jordan Addison,WR,WR2,ANYTIME_TD,leo-nflprop-v1,0.194,,,1.122,1
2026-09-20T16:36:00.000Z,2026-09-20,2026_02_MIN_CHI,MIN @ CHI,2026-09-20T17:00:00.000Z,MIN,CHI,Jauan Jennings,WR,WR3,WR_REC_YARDS,leo-nflprop-v1,15,3.6,3.4,1.122,1
2026-09-20T16:36:00.000Z,2026-09-20,2026_02_MIN_CHI,MIN @ CHI,2026-09-20T17:00:00.000Z,MIN,CHI,Jauan Jennings,WR,WR3,ANYTIME_TD,leo-nflprop-v1,0.344,,,1.122,1
2026-09-20T16:36:00.000Z,2026-09-20,2026_02_MIN_CHI,MIN @ CHI,2026-09-20T17:00:00.000Z,CHI,MIN,Caleb Williams,QB,QB1,QB_PASS_YARDS,leo-nflprop-v1,305,8.1,31.8,1.145,1
2026-09-20T16:36:00.000Z,2026-09-20,2026_02_MIN_CHI,MIN @ CHI,2026-09-20T17:00:00.000Z,CHI,MIN,D'Andre Swift,RB,RB1,RB_RUSH_YARDS,leo-nflprop-v1,88,5.8,16.1,0.909,1
2026-09-20T16:36:00.000Z,2026-09-20,2026_02_MIN_CHI,MIN @ CHI,2026-09-20T17:00:00.000Z,CHI,MIN,D'Andre Swift,RB,RB1,ANYTIME_TD,leo-nflprop-v1,0.6,,,0.909,1
2026-09-20T16:36:00.000Z,2026-09-20,2026_02_MIN_CHI,MIN @ CHI,2026-09-20T17:00:00.000Z,CHI,MIN,Kyle Monangai,RB,RB2,RB_RUSH_YARDS,leo-nflprop-v1,66,6.9,10,0.909,1
2026-09-20T16:36:00.000Z,2026-09-20,2026_02_MIN_CHI,MIN @ CHI,2026-09-20T17:00:00.000Z,CHI,MIN,Kyle Monangai,RB,RB2,ANYTIME_TD,leo-nflprop-v1,0.325,,,0.909,1
2026-09-20T16:36:00.000Z,2026-09-20,2026_02_MIN_CHI,MIN @ CHI,2026-09-20T17:00:00.000Z,CHI,MIN,Kalif Raymond,WR,WR1,WR_REC_YARDS,leo-nflprop-v1,55,8.5,5.5,1.145,1
2026-09-20T16:36:00.000Z,2026-09-20,2026_02_MIN_CHI,MIN @ CHI,2026-09-20T17:00:00.000Z,CHI,MIN,Kalif Raymond,WR,WR1,ANYTIME_TD,leo-nflprop-v1,0.115,,,1.145,1
2026-09-20T16:36:00.000Z,2026-09-20,2026_02_MIN_CHI,MIN @ CHI,2026-09-20T17:00:00.000Z,CHI,MIN,Luther Burden III,WR,WR2,WR_REC_YARDS,leo-nflprop-v1,58,10.6,4.7,1.145,1
2026-09-20T16:36:00.000Z,2026-09-20,2026_02_MIN_CHI,MIN @ CHI,2026-09-20T17:00:00.000Z,CHI,MIN,Luther Burden III,WR,WR2,ANYTIME_TD,leo-nflprop-v1,0.14,,,1.145,1
2026-09-20T16:36:00.000Z,2026-09-20,2026_02_MIN_CHI,MIN @ CHI,2026-09-20T17:00:00.000Z,CHI,MIN,Rome Odunze,WR,WR3,WR_REC_YARDS,leo-nflprop-v1,72,12,5.1,1.145,1
2026-09-20T16:36:00.000Z,2026-09-20,2026_02_MIN_CHI,MIN @ CHI,2026-09-20T17:00:00.000Z,CHI,MIN,Rome Odunze,WR,WR3,ANYTIME_TD,leo-nflprop-v1,0.3,,,1.145,1
2026-09-20T16:36:00.000Z,2026-09-20,2026_02_CIN_HOU,CIN @ HOU,2026-09-20T17:00:00.000Z,CIN,HOU,Joe Burrow,QB,QB1,QB_PASS_YARDS,leo-nflprop-v1,271,7.1,33.7,1.0979999999999999,1
2026-09-20T16:36:00.000Z,2026-09-20,2026_02_CIN_HOU,CIN @ HOU,2026-09-20T17:00:00.000Z,CIN,HOU,Chase Brown,RB,RB1,RB_RUSH_YARDS,leo-nflprop-v1,58,3.9,14.8,0.9420000000000001,1
2026-09-20T16:36:00.000Z,2026-09-20,2026_02_CIN_HOU,CIN @ HOU,2026-09-20T17:00:00.000Z,CIN,HOU,Chase Brown,RB,RB1,ANYTIME_TD,leo-nflprop-v1,0.369,,,0.9420000000000001,1
2026-09-20T16:36:00.000Z,2026-09-20,2026_02_CIN_HOU,CIN @ HOU,2026-09-20T17:00:00.000Z,CIN,HOU,Samaje Perine,RB,RB2,RB_RUSH_YARDS,leo-nflprop-v1,23,4,5.3,0.9420000000000001,1
2026-09-20T16:36:00.000Z,2026-09-20,2026_02_CIN_HOU,CIN @ HOU,2026-09-20T17:00:00.000Z,CIN,HOU,Samaje Perine,RB,RB2,ANYTIME_TD,leo-nflprop-v1,0.173,,,0.9420000000000001,1
2026-09-20T16:36:00.000Z,2026-09-20,2026_02_CIN_HOU,CIN @ HOU,2026-09-20T17:00:00.000Z,CIN,HOU,Tee Higgins,WR,WR1,WR_REC_YARDS,leo-nflprop-v1,68,9.7,6.3,1.0979999999999999,1
2026-09-20T16:36:00.000Z,2026-09-20,2026_02_CIN_HOU,CIN @ HOU,2026-09-20T17:00:00.000Z,CIN,HOU,Tee Higgins,WR,WR1,ANYTIME_TD,leo-nflprop-v1,0.415,,,1.0979999999999999,1
2026-09-20T16:36:00.000Z,2026-09-20,2026_02_CIN_HOU,CIN @ HOU,2026-09-20T17:00:00.000Z,CIN,HOU,Ja'Marr Chase,WR,WR2,WR_REC_YARDS,leo-nflprop-v1,46,5.3,7.8,1.0979999999999999,1
2026-09-20T16:36:00.000Z,2026-09-20,2026_02_CIN_HOU,CIN @ HOU,2026-09-20T17:00:00.000Z,CIN,HOU,Ja'Marr Chase,WR,WR2,ANYTIME_TD,leo-nflprop-v1,0.324,,,1.0979999999999999,1
2026-09-20T16:36:00.000Z,2026-09-20,2026_02_CIN_HOU,CIN @ HOU,2026-09-20T17:00:00.000Z,CIN,HOU,Andrei Iosivas,WR,WR3,WR_REC_YARDS,leo-nflprop-v1,24,6.1,3.4,1.0979999999999999,1
2026-09-20T16:36:00.000Z,2026-09-20,2026_02_CIN_HOU,CIN @ HOU,2026-09-20T17:00:00.000Z,CIN,HOU,Andrei Iosivas,WR,WR3,ANYTIME_TD,leo-nflprop-v1,0.147,,,1.0979999999999999,1
2026-09-20T16:36:00.000Z,2026-09-20,2026_02_CIN_HOU,CIN @ HOU,2026-09-20T17:00:00.000Z,HOU,CIN,C.J. Stroud,QB,QB1,QB_PASS_YARDS,leo-nflprop-v1,258,7.2,34.7,0.993,1
2026-09-20T16:36:00.000Z,2026-09-20,2026_02_CIN_HOU,CIN @ HOU,2026-09-20T17:00:00.000Z,HOU,CIN,David Montgomery,RB,RB1,RB_RUSH_YARDS,leo-nflprop-v1,56,3.8,14.6,0.9470000000000001,1
2026-09-20T16:36:00.000Z,2026-09-20,2026_02_CIN_HOU,CIN @ HOU,2026-09-20T17:00:00.000Z,HOU,CIN,David Montgomery,RB,RB1,ANYTIME_TD,leo-nflprop-v1,0.512,,,0.9470000000000001,1
2026-09-20T16:36:00.000Z,2026-09-20,2026_02_CIN_HOU,CIN @ HOU,2026-09-20T17:00:00.000Z,HOU,CIN,Woody Marks,RB,RB2,RB_RUSH_YARDS,leo-nflprop-v1,46,4.1,10.9,0.9470000000000001,1
2026-09-20T16:36:00.000Z,2026-09-20,2026_02_CIN_HOU,CIN @ HOU,2026-09-20T17:00:00.000Z,HOU,CIN,Woody Marks,RB,RB2,ANYTIME_TD,leo-nflprop-v1,0.154,,,0.9470000000000001,1
2026-09-20T16:36:00.000Z,2026-09-20,2026_02_CIN_HOU,CIN @ HOU,2026-09-20T17:00:00.000Z,HOU,CIN,Nico Collins,WR,WR1,WR_REC_YARDS,leo-nflprop-v1,79,8.7,9,0.993,1
2026-09-20T16:36:00.000Z,2026-09-20,2026_02_CIN_HOU,CIN @ HOU,2026-09-20T17:00:00.000Z,HOU,CIN,Nico Collins,WR,WR1,ANYTIME_TD,leo-nflprop-v1,0.381,,,0.993,1
2026-09-20T16:36:00.000Z,2026-09-20,2026_02_CIN_HOU,CIN @ HOU,2026-09-20T17:00:00.000Z,HOU,CIN,Xavier Hutchinson,WR,WR2,WR_REC_YARDS,leo-nflprop-v1,30,5.8,5.1,0.993,1
2026-09-20T16:36:00.000Z,2026-09-20,2026_02_CIN_HOU,CIN @ HOU,2026-09-20T17:00:00.000Z,HOU,CIN,Xavier Hutchinson,WR,WR2,ANYTIME_TD,leo-nflprop-v1,0.147,,,0.993,1
2026-09-20T16:36:00.000Z,2026-09-20,2026_02_CIN_HOU,CIN @ HOU,2026-09-20T17:00:00.000Z,HOU,CIN,Kayshon Boutte,WR,WR3,WR_REC_YARDS,leo-nflprop-v1,32,11.1,2.8,0.993,1
2026-09-20T16:36:00.000Z,2026-09-20,2026_02_CIN_HOU,CIN @ HOU,2026-09-20T17:00:00.000Z,HOU,CIN,Kayshon Boutte,WR,WR3,ANYTIME_TD,leo-nflprop-v1,0.253,,,0.993,1
2026-09-20T16:36:00.000Z,2026-09-20,2026_02_PIT_NE,PIT @ NE,2026-09-20T17:00:00.000Z,PIT,NE,Aaron Rodgers,QB,QB1,QB_PASS_YARDS,leo-nflprop-v1,221,6.1,35.6,0.9790000000000001,1
2026-09-20T16:36:00.000Z,2026-09-20,2026_02_PIT_NE,PIT @ NE,2026-09-20T17:00:00.000Z,PIT,NE,Jaylen Warren,RB,RB1,RB_RUSH_YARDS,leo-nflprop-v1,54,4.5,11.6,0.96,1
2026-09-20T16:36:00.000Z,2026-09-20,2026_02_PIT_NE,PIT @ NE,2026-09-20T17:00:00.000Z,PIT,NE,Jaylen Warren,RB,RB1,ANYTIME_TD,leo-nflprop-v1,0.242,,,0.96,1
2026-09-20T16:36:00.000Z,2026-09-20,2026_02_PIT_NE,PIT @ NE,2026-09-20T17:00:00.000Z,PIT,NE,Rico Dowdle,RB,RB2,RB_RUSH_YARDS,leo-nflprop-v1,34,3,10.7,0.96,1
2026-09-20T16:36:00.000Z,2026-09-20,2026_02_PIT_NE,PIT @ NE,2026-09-20T17:00:00.000Z,PIT,NE,Rico Dowdle,RB,RB2,ANYTIME_TD,leo-nflprop-v1,0.233,,,0.96,1
2026-09-20T16:36:00.000Z,2026-09-20,2026_02_PIT_NE,PIT @ NE,2026-09-20T17:00:00.000Z,PIT,NE,DK Metcalf,WR,WR1,WR_REC_YARDS,leo-nflprop-v1,53,6.4,8.3,0.9790000000000001,1
2026-09-20T16:36:00.000Z,2026-09-20,2026_02_PIT_NE,PIT @ NE,2026-09-20T17:00:00.000Z,PIT,NE,DK Metcalf,WR,WR1,ANYTIME_TD,leo-nflprop-v1,0.242,,,0.9790000000000001,1
2026-09-20T16:36:00.000Z,2026-09-20,2026_02_PIT_NE,PIT @ NE,2026-09-20T17:00:00.000Z,PIT,NE,Roman Wilson,WR,WR2,WR_REC_YARDS,leo-nflprop-v1,24,5.6,4.2,0.9790000000000001,1
2026-09-20T16:36:00.000Z,2026-09-20,2026_02_PIT_NE,PIT @ NE,2026-09-20T17:00:00.000Z,PIT,NE,Roman Wilson,WR,WR2,ANYTIME_TD,leo-nflprop-v1,0.18,,,0.9790000000000001,1
2026-09-20T16:36:00.000Z,2026-09-20,2026_02_PIT_NE,PIT @ NE,2026-09-20T17:00:00.000Z,PIT,NE,Michael Pittman,WR,WR3,WR_REC_YARDS,leo-nflprop-v1,62,13.1,4.8,0.9790000000000001,1
2026-09-20T16:36:00.000Z,2026-09-20,2026_02_PIT_NE,PIT @ NE,2026-09-20T17:00:00.000Z,PIT,NE,Michael Pittman,WR,WR3,ANYTIME_TD,leo-nflprop-v1,0.259,,,0.9790000000000001,1
2026-09-20T16:36:00.000Z,2026-09-20,2026_02_PIT_NE,PIT @ NE,2026-09-20T17:00:00.000Z,NE,PIT,Drake Maye,QB,QB1,QB_PASS_YARDS,leo-nflprop-v1,213,7.1,31.1,0.9279999999999999,1
2026-09-20T16:36:00.000Z,2026-09-20,2026_02_PIT_NE,PIT @ NE,2026-09-20T17:00:00.000Z,NE,PIT,Rhamondre Stevenson,RB,RB1,RB_RUSH_YARDS,leo-nflprop-v1,57,3.8,14.2,0.998,1
2026-09-20T16:36:00.000Z,2026-09-20,2026_02_PIT_NE,PIT @ NE,2026-09-20T17:00:00.000Z,NE,PIT,Rhamondre Stevenson,RB,RB1,ANYTIME_TD,leo-nflprop-v1,0.266,,,0.998,1
2026-09-20T16:36:00.000Z,2026-09-20,2026_02_PIT_NE,PIT @ NE,2026-09-20T17:00:00.000Z,NE,PIT,Corey Kiner,RB,RB2,RB_RUSH_YARDS,leo-nflprop-v1,17,3.1,4.5,0.998,1
2026-09-20T16:36:00.000Z,2026-09-20,2026_02_PIT_NE,PIT @ NE,2026-09-20T17:00:00.000Z,NE,PIT,Corey Kiner,RB,RB2,ANYTIME_TD,leo-nflprop-v1,0.166,,,0.998,1
2026-09-20T16:36:00.000Z,2026-09-20,2026_02_PIT_NE,PIT @ NE,2026-09-20T17:00:00.000Z,NE,PIT,DeMario Douglas,WR,WR1,WR_REC_YARDS,leo-nflprop-v1,33,6.9,5,0.9279999999999999,1
2026-09-20T16:36:00.000Z,2026-09-20,2026_02_PIT_NE,PIT @ NE,2026-09-20T17:00:00.000Z,NE,PIT,DeMario Douglas,WR,WR1,ANYTIME_TD,leo-nflprop-v1,0.153,,,0.9279999999999999,1
2026-09-20T16:36:00.000Z,2026-09-20,2026_02_PIT_NE,PIT @ NE,2026-09-20T17:00:00.000Z,NE,PIT,Mack Hollins,WR,WR2,WR_REC_YARDS,leo-nflprop-v1,45,9.8,4.8,0.9279999999999999,1
2026-09-20T16:36:00.000Z,2026-09-20,2026_02_PIT_NE,PIT @ NE,2026-09-20T17:00:00.000Z,NE,PIT,Mack Hollins,WR,WR2,ANYTIME_TD,leo-nflprop-v1,0.149,,,0.9279999999999999,1
2026-09-20T16:36:00.000Z,2026-09-20,2026_02_PIT_NE,PIT @ NE,2026-09-20T17:00:00.000Z,NE,PIT,Romeo Doubs,WR,WR3,WR_REC_YARDS,leo-nflprop-v1,19,4.5,4.3,0.9279999999999999,1
2026-09-20T16:36:00.000Z,2026-09-20,2026_02_PIT_NE,PIT @ NE,2026-09-20T17:00:00.000Z,NE,PIT,Romeo Doubs,WR,WR3,ANYTIME_TD,leo-nflprop-v1,0.247,,,0.9279999999999999,1
2026-09-20T16:36:00.000Z,2026-09-20,2026_02_GB_NYJ,GB @ NYJ,2026-09-20T17:00:00.000Z,GB,NYJ,Jordan Love,QB,QB1,QB_PASS_YARDS,leo-nflprop-v1,290,8.4,36.2,0.925,1
2026-09-20T16:36:00.000Z,2026-09-20,2026_02_GB_NYJ,GB @ NYJ,2026-09-20T17:00:00.000Z,GB,NYJ,MarShawn Lloyd,RB,RB1,RB_RUSH_YARDS,leo-nflprop-v1,37,2.8,13,0.912,1
2026-09-20T16:36:00.000Z,2026-09-20,2026_02_GB_NYJ,GB @ NYJ,2026-09-20T17:00:00.000Z,GB,NYJ,MarShawn Lloyd,RB,RB1,ANYTIME_TD,leo-nflprop-v1,0.242,,,0.912,1
2026-09-20T16:36:00.000Z,2026-09-20,2026_02_GB_NYJ,GB @ NYJ,2026-09-20T17:00:00.000Z,GB,NYJ,Chris Brooks,RB,RB2,RB_RUSH_YARDS,leo-nflprop-v1,16,3.2,4.3,0.912,1
2026-09-20T16:36:00.000Z,2026-09-20,2026_02_GB_NYJ,GB @ NYJ,2026-09-20T17:00:00.000Z,GB,NYJ,Chris Brooks,RB,RB2,ANYTIME_TD,leo-nflprop-v1,0.067,,,0.912,1
2026-09-20T16:36:00.000Z,2026-09-20,2026_02_GB_NYJ,GB @ NYJ,2026-09-20T17:00:00.000Z,GB,NYJ,Matthew Golden,WR,WR1,WR_REC_YARDS,leo-nflprop-v1,54,7.5,7.6,0.925,1
2026-09-20T16:36:00.000Z,2026-09-20,2026_02_GB_NYJ,GB @ NYJ,2026-09-20T17:00:00.000Z,GB,NYJ,Matthew Golden,WR,WR1,ANYTIME_TD,leo-nflprop-v1,0.094,,,0.925,1
2026-09-20T16:36:00.000Z,2026-09-20,2026_02_GB_NYJ,GB @ NYJ,2026-09-20T17:00:00.000Z,GB,NYJ,Christian Watson,WR,WR2,WR_REC_YARDS,leo-nflprop-v1,95,14.9,6.8,0.925,1
2026-09-20T16:36:00.000Z,2026-09-20,2026_02_GB_NYJ,GB @ NYJ,2026-09-20T17:00:00.000Z,GB,NYJ,Christian Watson,WR,WR2,ANYTIME_TD,leo-nflprop-v1,0.529,,,0.925,1
2026-09-20T16:36:00.000Z,2026-09-20,2026_02_GB_NYJ,GB @ NYJ,2026-09-20T17:00:00.000Z,GB,NYJ,Jayden Reed,WR,WR3,WR_REC_YARDS,leo-nflprop-v1,34,5.9,5.9,0.925,1
2026-09-20T16:36:00.000Z,2026-09-20,2026_02_GB_NYJ,GB @ NYJ,2026-09-20T17:00:00.000Z,GB,NYJ,Jayden Reed,WR,WR3,ANYTIME_TD,leo-nflprop-v1,0.209,,,0.925,1
2026-09-20T16:36:00.000Z,2026-09-20,2026_02_GB_NYJ,GB @ NYJ,2026-09-20T17:00:00.000Z,NYJ,GB,Geno Smith,QB,QB1,QB_PASS_YARDS,leo-nflprop-v1,206,7.8,26.9,0.935,1
2026-09-20T16:36:00.000Z,2026-09-20,2026_02_GB_NYJ,GB @ NYJ,2026-09-20T17:00:00.000Z,NYJ,GB,Breece Hall,RB,RB1,RB_RUSH_YARDS,leo-nflprop-v1,85,4.5,18.6,0.977,1
2026-09-20T16:36:00.000Z,2026-09-20,2026_02_GB_NYJ,GB @ NYJ,2026-09-20T17:00:00.000Z,NYJ,GB,Breece Hall,RB,RB1,ANYTIME_TD,leo-nflprop-v1,0.342,,,0.977,1
2026-09-20T16:36:00.000Z,2026-09-20,2026_02_GB_NYJ,GB @ NYJ,2026-09-20T17:00:00.000Z,NYJ,GB,Braelon Allen,RB,RB2,RB_RUSH_YARDS,leo-nflprop-v1,34,4.3,7.3,0.977,1
2026-09-20T16:36:00.000Z,2026-09-20,2026_02_GB_NYJ,GB @ NYJ,2026-09-20T17:00:00.000Z,NYJ,GB,Braelon Allen,RB,RB2,ANYTIME_TD,leo-nflprop-v1,0.226,,,0.977,1
2026-09-20T16:36:00.000Z,2026-09-20,2026_02_GB_NYJ,GB @ NYJ,2026-09-20T17:00:00.000Z,NYJ,GB,Garrett Wilson,WR,WR1,WR_REC_YARDS,leo-nflprop-v1,64,8.7,7.7,0.935,1
2026-09-20T16:36:00.000Z,2026-09-20,2026_02_GB_NYJ,GB @ NYJ,2026-09-20T17:00:00.000Z,NYJ,GB,Garrett Wilson,WR,WR1,ANYTIME_TD,leo-nflprop-v1,0.284,,,0.935,1
2026-09-20T16:36:00.000Z,2026-09-20,2026_02_GB_NYJ,GB @ NYJ,2026-09-20T17:00:00.000Z,NYJ,GB,Adonai Mitchell,WR,WR2,WR_REC_YARDS,leo-nflprop-v1,47,12.8,3.8,0.935,1
2026-09-20T16:36:00.000Z,2026-09-20,2026_02_GB_NYJ,GB @ NYJ,2026-09-20T17:00:00.000Z,NYJ,GB,Adonai Mitchell,WR,WR2,ANYTIME_TD,leo-nflprop-v1,0.121,,,0.935,1
2026-09-20T16:36:00.000Z,2026-09-20,2026_02_GB_NYJ,GB @ NYJ,2026-09-20T17:00:00.000Z,NYJ,GB,Isaiah Williams,WR,WR3,WR_REC_YARDS,leo-nflprop-v1,9,5,1.7,0.935,1
2026-09-20T16:36:00.000Z,2026-09-20,2026_02_GB_NYJ,GB @ NYJ,2026-09-20T17:00:00.000Z,NYJ,GB,Isaiah Williams,WR,WR3,ANYTIME_TD,leo-nflprop-v1,0.062,,,0.935,1
2026-09-20T16:36:00.000Z,2026-09-20,2026_02_CLE_TB,CLE @ TB,2026-09-20T17:00:00.000Z,CLE,TB,Deshaun Watson,QB,QB1,QB_PASS_YARDS,leo-nflprop-v1,219,9.3,22,1.0270000000000001,1
2026-09-20T16:36:00.000Z,2026-09-20,2026_02_CLE_TB,CLE @ TB,2026-09-20T17:00:00.000Z,CLE,TB,Quinshon Judkins,RB,RB1,RB_RUSH_YARDS,leo-nflprop-v1,47,3.1,14.2,0.975,1
2026-09-20T16:36:00.000Z,2026-09-20,2026_02_CLE_TB,CLE @ TB,2026-09-20T17:00:00.000Z,CLE,TB,Quinshon Judkins,RB,RB1,ANYTIME_TD,leo-nflprop-v1,0.304,,,0.975,1
2026-09-20T16:36:00.000Z,2026-09-20,2026_02_CLE_TB,CLE @ TB,2026-09-20T17:00:00.000Z,CLE,TB,Raheim Sanders,RB,RB2,RB_RUSH_YARDS,leo-nflprop-v1,11,2.1,3.9,0.975,1
2026-09-20T16:36:00.000Z,2026-09-20,2026_02_CLE_TB,CLE @ TB,2026-09-20T17:00:00.000Z,CLE,TB,Raheim Sanders,RB,RB2,ANYTIME_TD,leo-nflprop-v1,0.226,,,0.975,1
2026-09-20T16:36:00.000Z,2026-09-20,2026_02_CLE_TB,CLE @ TB,2026-09-20T17:00:00.000Z,CLE,TB,KC Concepcion,WR,WR1,WR_REC_YARDS,leo-nflprop-v1,45,8.6,5,1.0270000000000001,1
2026-09-20T16:36:00.000Z,2026-09-20,2026_02_CLE_TB,CLE @ TB,2026-09-20T17:00:00.000Z,CLE,TB,KC Concepcion,WR,WR1,ANYTIME_TD,leo-nflprop-v1,0.218,,,1.0270000000000001,1
2026-09-20T16:36:00.000Z,2026-09-20,2026_02_CLE_TB,CLE @ TB,2026-09-20T17:00:00.000Z,CLE,TB,Jerry Jeudy,WR,WR2,WR_REC_YARDS,leo-nflprop-v1,33,6.1,5.1,1.0270000000000001,1
2026-09-20T16:36:00.000Z,2026-09-20,2026_02_CLE_TB,CLE @ TB,2026-09-20T17:00:00.000Z,CLE,TB,Jerry Jeudy,WR,WR2,ANYTIME_TD,leo-nflprop-v1,0.127,,,1.0270000000000001,1
2026-09-20T16:36:00.000Z,2026-09-20,2026_02_CLE_TB,CLE @ TB,2026-09-20T17:00:00.000Z,CLE,TB,Denzel Boston,WR,WR3,WR_REC_YARDS,leo-nflprop-v1,62,14.8,4,1.0270000000000001,1
2026-09-20T16:36:00.000Z,2026-09-20,2026_02_CLE_TB,CLE @ TB,2026-09-20T17:00:00.000Z,CLE,TB,Denzel Boston,WR,WR3,ANYTIME_TD,leo-nflprop-v1,0.363,,,1.0270000000000001,1
2026-09-20T16:36:00.000Z,2026-09-20,2026_02_CLE_TB,CLE @ TB,2026-09-20T17:00:00.000Z,TB,CLE,Baker Mayfield,QB,QB1,QB_PASS_YARDS,leo-nflprop-v1,230,7.3,30,1.0190000000000001,1
2026-09-20T16:36:00.000Z,2026-09-20,2026_02_CLE_TB,CLE @ TB,2026-09-20T17:00:00.000Z,TB,CLE,Bucky Irving,RB,RB1,RB_RUSH_YARDS,leo-nflprop-v1,61,4.5,12.7,1.008,1
2026-09-20T16:36:00.000Z,2026-09-20,2026_02_CLE_TB,CLE @ TB,2026-09-20T17:00:00.000Z,TB,CLE,Bucky Irving,RB,RB1,ANYTIME_TD,leo-nflprop-v1,0.307,,,1.008,1
2026-09-20T16:36:00.000Z,2026-09-20,2026_02_CLE_TB,CLE @ TB,2026-09-20T17:00:00.000Z,TB,CLE,Kenny Gainwell,RB,RB2,RB_RUSH_YARDS,leo-nflprop-v1,24,3.5,5.8,1.008,1
2026-09-20T16:36:00.000Z,2026-09-20,2026_02_CLE_TB,CLE @ TB,2026-09-20T17:00:00.000Z,TB,CLE,Kenny Gainwell,RB,RB2,ANYTIME_TD,leo-nflprop-v1,0.217,,,1.008,1
2026-09-20T16:36:00.000Z,2026-09-20,2026_02_CLE_TB,CLE @ TB,2026-09-20T17:00:00.000Z,TB,CLE,Emeka Egbuka,WR,WR1,WR_REC_YARDS,leo-nflprop-v1,64,9.2,6.7,1.0190000000000001,1
2026-09-20T16:36:00.000Z,2026-09-20,2026_02_CLE_TB,CLE @ TB,2026-09-20T17:00:00.000Z,TB,CLE,Emeka Egbuka,WR,WR1,ANYTIME_TD,leo-nflprop-v1,0.241,,,1.0190000000000001,1
2026-09-20T16:36:00.000Z,2026-09-20,2026_02_CLE_TB,CLE @ TB,2026-09-20T17:00:00.000Z,TB,CLE,Chris Godwin Jr.,WR,WR2,WR_REC_YARDS,leo-nflprop-v1,43,8.6,4.8,1.0190000000000001,1
2026-09-20T16:36:00.000Z,2026-09-20,2026_02_CLE_TB,CLE @ TB,2026-09-20T17:00:00.000Z,TB,CLE,Chris Godwin Jr.,WR,WR2,ANYTIME_TD,leo-nflprop-v1,0.187,,,1.0190000000000001,1
2026-09-20T16:36:00.000Z,2026-09-20,2026_02_CLE_TB,CLE @ TB,2026-09-20T17:00:00.000Z,TB,CLE,Ted Hurst III,WR,WR3,WR_REC_YARDS,leo-nflprop-v1,38,12,3,1.0190000000000001,1
2026-09-20T16:36:00.000Z,2026-09-20,2026_02_CLE_TB,CLE @ TB,2026-09-20T17:00:00.000Z,TB,CLE,Ted Hurst III,WR,WR3,ANYTIME_TD,leo-nflprop-v1,0.217,,,1.0190000000000001,1
2026-09-20T16:36:00.000Z,2026-09-20,2026_02_PHI_TEN,PHI @ TEN,2026-09-20T17:00:00.000Z,PHI,TEN,Jalen Hurts,QB,QB1,QB_PASS_YARDS,leo-nflprop-v1,212,7.6,26.9,0.992,1
2026-09-20T16:36:00.000Z,2026-09-20,2026_02_PHI_TEN,PHI @ TEN,2026-09-20T17:00:00.000Z,PHI,TEN,Saquon Barkley,RB,RB1,RB_RUSH_YARDS,leo-nflprop-v1,88,4.9,16.5,1.051,1
2026-09-20T16:36:00.000Z,2026-09-20,2026_02_PHI_TEN,PHI @ TEN,2026-09-20T17:00:00.000Z,PHI,TEN,Saquon Barkley,RB,RB1,ANYTIME_TD,leo-nflprop-v1,0.288,,,1.051,1
2026-09-20T16:36:00.000Z,2026-09-20,2026_02_PHI_TEN,PHI @ TEN,2026-09-20T17:00:00.000Z,PHI,TEN,Will Shipley,RB,RB2,RB_RUSH_YARDS,leo-nflprop-v1,6,1.6,1.5,1.051,1
2026-09-20T16:36:00.000Z,2026-09-20,2026_02_PHI_TEN,PHI @ TEN,2026-09-20T17:00:00.000Z,PHI,TEN,Will Shipley,RB,RB2,ANYTIME_TD,leo-nflprop-v1,0.087,,,1.051,1
2026-09-20T16:36:00.000Z,2026-09-20,2026_02_PHI_TEN,PHI @ TEN,2026-09-20T17:00:00.000Z,PHI,TEN,DeVonta Smith,WR,WR1,WR_REC_YARDS,leo-nflprop-v1,59,9.1,6.4,0.992,1
2026-09-20T16:36:00.000Z,2026-09-20,2026_02_PHI_TEN,PHI @ TEN,2026-09-20T17:00:00.000Z,PHI,TEN,DeVonta Smith,WR,WR1,ANYTIME_TD,leo-nflprop-v1,0.175,,,0.992,1
2026-09-20T16:36:00.000Z,2026-09-20,2026_02_PHI_TEN,PHI @ TEN,2026-09-20T17:00:00.000Z,PHI,TEN,Dontayvion Wicks,WR,WR2,WR_REC_YARDS,leo-nflprop-v1,48,12.5,3.8,0.992,1
2026-09-20T16:36:00.000Z,2026-09-20,2026_02_PHI_TEN,PHI @ TEN,2026-09-20T17:00:00.000Z,PHI,TEN,Dontayvion Wicks,WR,WR2,ANYTIME_TD,leo-nflprop-v1,0.3,,,0.992,1
2026-09-20T16:36:00.000Z,2026-09-20,2026_02_PHI_TEN,PHI @ TEN,2026-09-20T17:00:00.000Z,PHI,TEN,Makai Lemon,WR,WR3,WR_REC_YARDS,leo-nflprop-v1,0,-1.2,4,0.992,1
2026-09-20T16:36:00.000Z,2026-09-20,2026_02_PHI_TEN,PHI @ TEN,2026-09-20T17:00:00.000Z,PHI,TEN,Makai Lemon,WR,WR3,ANYTIME_TD,leo-nflprop-v1,0.212,,,0.992,1
2026-09-20T16:36:00.000Z,2026-09-20,2026_02_PHI_TEN,PHI @ TEN,2026-09-20T17:00:00.000Z,TEN,PHI,Cam Ward,QB,QB1,QB_PASS_YARDS,leo-nflprop-v1,172,5.4,31.9,0.946,1
2026-09-20T16:36:00.000Z,2026-09-20,2026_02_PHI_TEN,PHI @ TEN,2026-09-20T17:00:00.000Z,TEN,PHI,Tony Pollard,RB,RB1,RB_RUSH_YARDS,leo-nflprop-v1,54,4.6,10.6,1.018,1
2026-09-20T16:36:00.000Z,2026-09-20,2026_02_PHI_TEN,PHI @ TEN,2026-09-20T17:00:00.000Z,TEN,PHI,Tony Pollard,RB,RB1,ANYTIME_TD,leo-nflprop-v1,0.227,,,1.018,1
2026-09-20T16:36:00.000Z,2026-09-20,2026_02_PHI_TEN,PHI @ TEN,2026-09-20T17:00:00.000Z,TEN,PHI,Tyjae Spears,RB,RB2,RB_RUSH_YARDS,leo-nflprop-v1,20,3.9,4.3,1.018,1
2026-09-20T16:36:00.000Z,2026-09-20,2026_02_PHI_TEN,PHI @ TEN,2026-09-20T17:00:00.000Z,TEN,PHI,Tyjae Spears,RB,RB2,ANYTIME_TD,leo-nflprop-v1,0.168,,,1.018,1
2026-09-20T16:36:00.000Z,2026-09-20,2026_02_PHI_TEN,PHI @ TEN,2026-09-20T17:00:00.000Z,TEN,PHI,Wan'Dale Robinson,WR,WR1,WR_REC_YARDS,leo-nflprop-v1,48,6.7,7.4,0.946,1
2026-09-20T16:36:00.000Z,2026-09-20,2026_02_PHI_TEN,PHI @ TEN,2026-09-20T17:00:00.000Z,TEN,PHI,Wan'Dale Robinson,WR,WR1,ANYTIME_TD,leo-nflprop-v1,0.181,,,0.946,1
2026-09-20T16:36:00.000Z,2026-09-20,2026_02_PHI_TEN,PHI @ TEN,2026-09-20T17:00:00.000Z,TEN,PHI,Carnell Tate,WR,WR2,WR_REC_YARDS,leo-nflprop-v1,37,6.3,6,0.946,1
2026-09-20T16:36:00.000Z,2026-09-20,2026_02_PHI_TEN,PHI @ TEN,2026-09-20T17:00:00.000Z,TEN,PHI,Carnell Tate,WR,WR2,ANYTIME_TD,leo-nflprop-v1,0.203,,,0.946,1
2026-09-20T16:36:00.000Z,2026-09-20,2026_02_PHI_TEN,PHI @ TEN,2026-09-20T17:00:00.000Z,TEN,PHI,Elic Ayomanor,WR,WR3,WR_REC_YARDS,leo-nflprop-v1,22,5.1,4.3,0.946,1
2026-09-20T16:36:00.000Z,2026-09-20,2026_02_PHI_TEN,PHI @ TEN,2026-09-20T17:00:00.000Z,TEN,PHI,Elic Ayomanor,WR,WR3,ANYTIME_TD,leo-nflprop-v1,0.322,,,0.946,1
2026-09-20T16:36:00.000Z,2026-09-20,2026_02_JAX_DEN,JAX @ DEN,2026-09-20T20:05:00.000Z,JAX,DEN,Trevor Lawrence,QB,QB1,QB_PASS_YARDS,leo-nflprop-v1,249,9,27.9,0.9640000000000001,1
2026-09-20T16:36:00.000Z,2026-09-20,2026_02_JAX_DEN,JAX @ DEN,2026-09-20T20:05:00.000Z,JAX,DEN,Bhayshul Tuten,RB,RB1,RB_RUSH_YARDS,leo-nflprop-v1,55,4.4,10.2,1.15,1
2026-09-20T16:36:00.000Z,2026-09-20,2026_02_JAX_DEN,JAX @ DEN,2026-09-20T20:05:00.000Z,JAX,DEN,Bhayshul Tuten,RB,RB1,ANYTIME_TD,leo-nflprop-v1,0.262,,,1.15,1
2026-09-20T16:36:00.000Z,2026-09-20,2026_02_JAX_DEN,JAX @ DEN,2026-09-20T20:05:00.000Z,JAX,DEN,Chris Rodriguez Jr.,RB,RB2,RB_RUSH_YARDS,leo-nflprop-v1,39,4,7.7,1.15,1
2026-09-20T16:36:00.000Z,2026-09-20,2026_02_JAX_DEN,JAX @ DEN,2026-09-20T20:05:00.000Z,JAX,DEN,Chris Rodriguez Jr.,RB,RB2,ANYTIME_TD,leo-nflprop-v1,0.345,,,1.15,1
2026-09-20T16:36:00.000Z,2026-09-20,2026_02_JAX_DEN,JAX @ DEN,2026-09-20T20:05:00.000Z,JAX,DEN,Parker Washington,WR,WR1,WR_REC_YARDS,leo-nflprop-v1,67,11.1,6.1,0.9640000000000001,1
2026-09-20T16:36:00.000Z,2026-09-20,2026_02_JAX_DEN,JAX @ DEN,2026-09-20T20:05:00.000Z,JAX,DEN,Parker Washington,WR,WR1,ANYTIME_TD,leo-nflprop-v1,0.365,,,0.9640000000000001,1
2026-09-20T16:36:00.000Z,2026-09-20,2026_02_JAX_DEN,JAX @ DEN,2026-09-20T20:05:00.000Z,JAX,DEN,Brian Thomas Jr.,WR,WR2,WR_REC_YARDS,leo-nflprop-v1,49,10.8,4.6,0.9640000000000001,1
2026-09-20T16:36:00.000Z,2026-09-20,2026_02_JAX_DEN,JAX @ DEN,2026-09-20T20:05:00.000Z,JAX,DEN,Brian Thomas Jr.,WR,WR2,ANYTIME_TD,leo-nflprop-v1,0.162,,,0.9640000000000001,1
2026-09-20T16:36:00.000Z,2026-09-20,2026_02_JAX_DEN,JAX @ DEN,2026-09-20T20:05:00.000Z,JAX,DEN,Jakobi Meyers,WR,WR3,WR_REC_YARDS,leo-nflprop-v1,60,14,4.4,0.9640000000000001,1
2026-09-20T16:36:00.000Z,2026-09-20,2026_02_JAX_DEN,JAX @ DEN,2026-09-20T20:05:00.000Z,JAX,DEN,Jakobi Meyers,WR,WR3,ANYTIME_TD,leo-nflprop-v1,0.298,,,0.9640000000000001,1
2026-09-20T16:36:00.000Z,2026-09-20,2026_02_JAX_DEN,JAX @ DEN,2026-09-20T20:05:00.000Z,DEN,JAX,Bo Nix,QB,QB1,QB_PASS_YARDS,leo-nflprop-v1,184,5.5,32.3,0.983,1
2026-09-20T16:36:00.000Z,2026-09-20,2026_02_JAX_DEN,JAX @ DEN,2026-09-20T20:05:00.000Z,DEN,JAX,J.K. Dobbins,RB,RB1,RB_RUSH_YARDS,leo-nflprop-v1,56,4.8,11.7,0.9440000000000001,1
2026-09-20T16:36:00.000Z,2026-09-20,2026_02_JAX_DEN,JAX @ DEN,2026-09-20T20:05:00.000Z,DEN,JAX,J.K. Dobbins,RB,RB1,ANYTIME_TD,leo-nflprop-v1,0.256,,,0.9440000000000001,1
2026-09-20T16:36:00.000Z,2026-09-20,2026_02_JAX_DEN,JAX @ DEN,2026-09-20T20:05:00.000Z,DEN,JAX,RJ Harvey,RB,RB2,RB_RUSH_YARDS,leo-nflprop-v1,30,4.7,5.8,0.9440000000000001,1
2026-09-20T16:36:00.000Z,2026-09-20,2026_02_JAX_DEN,JAX @ DEN,2026-09-20T20:05:00.000Z,DEN,JAX,RJ Harvey,RB,RB2,ANYTIME_TD,leo-nflprop-v1,0.244,,,0.9440000000000001,1
2026-09-20T16:36:00.000Z,2026-09-20,2026_02_JAX_DEN,JAX @ DEN,2026-09-20T20:05:00.000Z,DEN,JAX,Pat Bryant,WR,WR1,WR_REC_YARDS,leo-nflprop-v1,34,7.1,4.8,0.983,1
2026-09-20T16:36:00.000Z,2026-09-20,2026_02_JAX_DEN,JAX @ DEN,2026-09-20T20:05:00.000Z,DEN,JAX,Pat Bryant,WR,WR1,ANYTIME_TD,leo-nflprop-v1,0.1,,,0.983,1
2026-09-20T16:36:00.000Z,2026-09-20,2026_02_JAX_DEN,JAX @ DEN,2026-09-20T20:05:00.000Z,DEN,JAX,Courtland Sutton,WR,WR2,WR_REC_YARDS,leo-nflprop-v1,30,4.8,6.1,0.983,1
2026-09-20T16:36:00.000Z,2026-09-20,2026_02_JAX_DEN,JAX @ DEN,2026-09-20T20:05:00.000Z,DEN,JAX,Courtland Sutton,WR,WR2,ANYTIME_TD,leo-nflprop-v1,0.265,,,0.983,1
2026-09-20T16:36:00.000Z,2026-09-20,2026_02_JAX_DEN,JAX @ DEN,2026-09-20T20:05:00.000Z,DEN,JAX,Jaylen Waddle,WR,WR3,WR_REC_YARDS,leo-nflprop-v1,22,4.5,4.6,0.983,1
2026-09-20T16:36:00.000Z,2026-09-20,2026_02_JAX_DEN,JAX @ DEN,2026-09-20T20:05:00.000Z,DEN,JAX,Jaylen Waddle,WR,WR3,ANYTIME_TD,leo-nflprop-v1,0.243,,,0.983,1
2026-09-20T16:36:00.000Z,2026-09-20,2026_02_LV_LAC,LV @ LAC,2026-09-20T20:05:00.000Z,LV,LAC,Kirk Cousins,QB,QB1,QB_PASS_YARDS,leo-nflprop-v1,178,5.7,28.5,1.047,1
2026-09-20T16:36:00.000Z,2026-09-20,2026_02_LV_LAC,LV @ LAC,2026-09-20T20:05:00.000Z,LV,LAC,Ashton Jeanty,RB,RB1,RB_RUSH_YARDS,leo-nflprop-v1,79,4,19.3,0.991,1
2026-09-20T16:36:00.000Z,2026-09-20,2026_02_LV_LAC,LV @ LAC,2026-09-20T20:05:00.000Z,LV,LAC,Ashton Jeanty,RB,RB1,ANYTIME_TD,leo-nflprop-v1,0.222,,,0.991,1
2026-09-20T16:36:00.000Z,2026-09-20,2026_02_LV_LAC,LV @ LAC,2026-09-20T20:05:00.000Z,LV,LAC,Mike Washington Jr.,RB,RB2,RB_RUSH_YARDS,leo-nflprop-v1,44,5.9,7,0.991,1
2026-09-20T16:36:00.000Z,2026-09-20,2026_02_LV_LAC,LV @ LAC,2026-09-20T20:05:00.000Z,LV,LAC,Mike Washington Jr.,RB,RB2,ANYTIME_TD,leo-nflprop-v1,0.26,,,0.991,1
2026-09-20T16:36:00.000Z,2026-09-20,2026_02_LV_LAC,LV @ LAC,2026-09-20T20:05:00.000Z,LV,LAC,Jalen Nailor,WR,WR1,WR_REC_YARDS,leo-nflprop-v1,27,6.1,4.1,1.047,1
2026-09-20T16:36:00.000Z,2026-09-20,2026_02_LV_LAC,LV @ LAC,2026-09-20T20:05:00.000Z,LV,LAC,Jalen Nailor,WR,WR1,ANYTIME_TD,leo-nflprop-v1,0.19,,,1.047,1
2026-09-20T16:36:00.000Z,2026-09-20,2026_02_LV_LAC,LV @ LAC,2026-09-20T20:05:00.000Z,LV,LAC,Tre Tucker,WR,WR2,WR_REC_YARDS,leo-nflprop-v1,37,7.3,4.7,1.047,1
2026-09-20T16:36:00.000Z,2026-09-20,2026_02_LV_LAC,LV @ LAC,2026-09-20T20:05:00.000Z,LV,LAC,Tre Tucker,WR,WR2,ANYTIME_TD,leo-nflprop-v1,0.219,,,1.047,1
2026-09-20T16:36:00.000Z,2026-09-20,2026_02_LV_LAC,LV @ LAC,2026-09-20T20:05:00.000Z,LV,LAC,Jack Bech,WR,WR3,WR_REC_YARDS,leo-nflprop-v1,22,6.4,3,1.047,1
2026-09-20T16:36:00.000Z,2026-09-20,2026_02_LV_LAC,LV @ LAC,2026-09-20T20:05:00.000Z,LV,LAC,Jack Bech,WR,WR3,ANYTIME_TD,leo-nflprop-v1,0.248,,,1.047,1
2026-09-20T16:36:00.000Z,2026-09-20,2026_02_LV_LAC,LV @ LAC,2026-09-20T20:05:00.000Z,LAC,LV,Justin Herbert,QB,QB1,QB_PASS_YARDS,leo-nflprop-v1,227,7.5,29.5,0.996,1
2026-09-20T16:36:00.000Z,2026-09-20,2026_02_LV_LAC,LV @ LAC,2026-09-20T20:05:00.000Z,LAC,LV,Omarion Hampton,RB,RB1,RB_RUSH_YARDS,leo-nflprop-v1,46,3.7,12.3,0.922,1
2026-09-20T16:36:00.000Z,2026-09-20,2026_02_LV_LAC,LV @ LAC,2026-09-20T20:05:00.000Z,LAC,LV,Omarion Hampton,RB,RB1,ANYTIME_TD,leo-nflprop-v1,0.377,,,0.922,1
2026-09-20T16:36:00.000Z,2026-09-20,2026_02_LV_LAC,LV @ LAC,2026-09-20T20:05:00.000Z,LAC,LV,Keaton Mitchell,RB,RB2,RB_RUSH_YARDS,leo-nflprop-v1,18,3.8,4.3,0.922,1
2026-09-20T16:36:00.000Z,2026-09-20,2026_02_LV_LAC,LV @ LAC,2026-09-20T20:05:00.000Z,LAC,LV,Keaton Mitchell,RB,RB2,ANYTIME_TD,leo-nflprop-v1,0.12,,,0.922,1
2026-09-20T16:36:00.000Z,2026-09-20,2026_02_LV_LAC,LV @ LAC,2026-09-20T20:05:00.000Z,LAC,LV,Ladd McConkey,WR,WR1,WR_REC_YARDS,leo-nflprop-v1,66,9.7,6.7,0.996,1
2026-09-20T16:36:00.000Z,2026-09-20,2026_02_LV_LAC,LV @ LAC,2026-09-20T20:05:00.000Z,LAC,LV,Ladd McConkey,WR,WR1,ANYTIME_TD,leo-nflprop-v1,0.375,,,0.996,1
2026-09-20T16:36:00.000Z,2026-09-20,2026_02_LV_LAC,LV @ LAC,2026-09-20T20:05:00.000Z,LAC,LV,Quentin Johnston,WR,WR2,WR_REC_YARDS,leo-nflprop-v1,35,5.5,6.2,0.996,1
2026-09-20T16:36:00.000Z,2026-09-20,2026_02_LV_LAC,LV @ LAC,2026-09-20T20:05:00.000Z,LAC,LV,Quentin Johnston,WR,WR2,ANYTIME_TD,leo-nflprop-v1,0.323,,,0.996,1
2026-09-20T16:36:00.000Z,2026-09-20,2026_02_LV_LAC,LV @ LAC,2026-09-20T20:05:00.000Z,LAC,LV,Tre Harris,WR,WR3,WR_REC_YARDS,leo-nflprop-v1,24,5.3,4.4,0.996,1
2026-09-20T16:36:00.000Z,2026-09-20,2026_02_LV_LAC,LV @ LAC,2026-09-20T20:05:00.000Z,LAC,LV,Tre Harris,WR,WR3,ANYTIME_TD,leo-nflprop-v1,0.092,,,0.996,1
2026-09-20T16:36:00.000Z,2026-09-20,2026_02_SEA_ARI,SEA @ ARI,2026-09-20T20:25:00.000Z,SEA,ARI,Drew Lock,QB,QB1,QB_PASS_YARDS,leo-nflprop-v1,66,5.1,11.5,0.987,1
2026-09-20T16:36:00.000Z,2026-09-20,2026_02_SEA_ARI,SEA @ ARI,2026-09-20T20:25:00.000Z,SEA,ARI,Jadarian Price,RB,RB1,RB_RUSH_YARDS,leo-nflprop-v1,52,5.2,10,0.934,1
2026-09-20T16:36:00.000Z,2026-09-20,2026_02_SEA_ARI,SEA @ ARI,2026-09-20T20:25:00.000Z,SEA,ARI,Jadarian Price,RB,RB1,ANYTIME_TD,leo-nflprop-v1,0.247,,,0.934,1
2026-09-20T16:36:00.000Z,2026-09-20,2026_02_SEA_ARI,SEA @ ARI,2026-09-20T20:25:00.000Z,SEA,ARI,George Holani,RB,RB2,RB_RUSH_YARDS,leo-nflprop-v1,16,2.5,5.1,0.934,1
2026-09-20T16:36:00.000Z,2026-09-20,2026_02_SEA_ARI,SEA @ ARI,2026-09-20T20:25:00.000Z,SEA,ARI,George Holani,RB,RB2,ANYTIME_TD,leo-nflprop-v1,0.127,,,0.934,1
2026-09-20T16:36:00.000Z,2026-09-20,2026_02_SEA_ARI,SEA @ ARI,2026-09-20T20:25:00.000Z,SEA,ARI,Jaxon Smith-Njigba,WR,WR1,WR_REC_YARDS,leo-nflprop-v1,111,10.9,10.2,0.987,1
2026-09-20T16:36:00.000Z,2026-09-20,2026_02_SEA_ARI,SEA @ ARI,2026-09-20T20:25:00.000Z,SEA,ARI,Jaxon Smith-Njigba,WR,WR1,ANYTIME_TD,leo-nflprop-v1,0.46,,,0.987,1
2026-09-20T16:36:00.000Z,2026-09-20,2026_02_SEA_ARI,SEA @ ARI,2026-09-20T20:25:00.000Z,SEA,ARI,Cooper Kupp,WR,WR2,WR_REC_YARDS,leo-nflprop-v1,44,11,3.9,0.987,1
2026-09-20T16:36:00.000Z,2026-09-20,2026_02_SEA_ARI,SEA @ ARI,2026-09-20T20:25:00.000Z,SEA,ARI,Cooper Kupp,WR,WR2,ANYTIME_TD,leo-nflprop-v1,0.141,,,0.987,1
2026-09-20T16:36:00.000Z,2026-09-20,2026_02_SEA_ARI,SEA @ ARI,2026-09-20T20:25:00.000Z,SEA,ARI,Rashid Shaheed,WR,WR3,WR_REC_YARDS,leo-nflprop-v1,17,4.1,3.9,0.987,1
2026-09-20T16:36:00.000Z,2026-09-20,2026_02_SEA_ARI,SEA @ ARI,2026-09-20T20:25:00.000Z,SEA,ARI,Rashid Shaheed,WR,WR3,ANYTIME_TD,leo-nflprop-v1,0.105,,,0.987,1
2026-09-20T16:36:00.000Z,2026-09-20,2026_02_SEA_ARI,SEA @ ARI,2026-09-20T20:25:00.000Z,ARI,SEA,Jacoby Brissett,QB,QB1,QB_PASS_YARDS,leo-nflprop-v1,240,6.7,35.8,0.9590000000000001,1
2026-09-20T16:36:00.000Z,2026-09-20,2026_02_SEA_ARI,SEA @ ARI,2026-09-20T20:25:00.000Z,ARI,SEA,Tyler Allgeier,RB,RB1,RB_RUSH_YARDS,leo-nflprop-v1,48,3.6,12.7,0.98,1
2026-09-20T16:36:00.000Z,2026-09-20,2026_02_SEA_ARI,SEA @ ARI,2026-09-20T20:25:00.000Z,ARI,SEA,Tyler Allgeier,RB,RB1,ANYTIME_TD,leo-nflprop-v1,0.296,,,0.98,1
2026-09-20T16:36:00.000Z,2026-09-20,2026_02_SEA_ARI,SEA @ ARI,2026-09-20T20:25:00.000Z,ARI,SEA,Jeremiyah Love,RB,RB2,RB_RUSH_YARDS,leo-nflprop-v1,44,3.7,11,0.98,1
2026-09-20T16:36:00.000Z,2026-09-20,2026_02_SEA_ARI,SEA @ ARI,2026-09-20T20:25:00.000Z,ARI,SEA,Jeremiyah Love,RB,RB2,ANYTIME_TD,leo-nflprop-v1,0.39,,,0.98,1
2026-09-20T16:36:00.000Z,2026-09-20,2026_02_SEA_ARI,SEA @ ARI,2026-09-20T20:25:00.000Z,ARI,SEA,Kendrick Bourne,WR,WR1,WR_REC_YARDS,leo-nflprop-v1,53,9.4,5.8,0.9590000000000001,1
2026-09-20T16:36:00.000Z,2026-09-20,2026_02_SEA_ARI,SEA @ ARI,2026-09-20T20:25:00.000Z,ARI,SEA,Kendrick Bourne,WR,WR1,ANYTIME_TD,leo-nflprop-v1,0.064,,,0.9590000000000001,1
2026-09-20T16:36:00.000Z,2026-09-20,2026_02_SEA_ARI,SEA @ ARI,2026-09-20T20:25:00.000Z,ARI,SEA,Michael Wilson,WR,WR2,WR_REC_YARDS,leo-nflprop-v1,55,7.8,7.2,0.9590000000000001,1
2026-09-20T16:36:00.000Z,2026-09-20,2026_02_SEA_ARI,SEA @ ARI,2026-09-20T20:25:00.000Z,ARI,SEA,Michael Wilson,WR,WR2,ANYTIME_TD,leo-nflprop-v1,0.254,,,0.9590000000000001,1
2026-09-20T16:36:00.000Z,2026-09-20,2026_02_SEA_ARI,SEA @ ARI,2026-09-20T20:25:00.000Z,ARI,SEA,Marvin Harrison Jr.,WR,WR3,WR_REC_YARDS,leo-nflprop-v1,44,9.8,4.5,0.9590000000000001,1
2026-09-20T16:36:00.000Z,2026-09-20,2026_02_SEA_ARI,SEA @ ARI,2026-09-20T20:25:00.000Z,ARI,SEA,Marvin Harrison Jr.,WR,WR3,ANYTIME_TD,leo-nflprop-v1,0.219,,,0.9590000000000001,1
2026-09-20T16:36:00.000Z,2026-09-20,2026_02_WAS_DAL,WAS @ DAL,2026-09-20T20:25:00.000Z,WAS,DAL,Jayden Daniels,QB,QB1,QB_PASS_YARDS,leo-nflprop-v1,186,5.8,30.4,1.005,1
2026-09-20T16:36:00.000Z,2026-09-20,2026_02_WAS_DAL,WAS @ DAL,2026-09-20T20:25:00.000Z,WAS,DAL,Jacory Croskey-Merritt,RB,RB1,RB_RUSH_YARDS,leo-nflprop-v1,64,4.3,13.1,1.072,1
2026-09-20T16:36:00.000Z,2026-09-20,2026_02_WAS_DAL,WAS @ DAL,2026-09-20T20:25:00.000Z,WAS,DAL,Jacory Croskey-Merritt,RB,RB1,ANYTIME_TD,leo-nflprop-v1,0.45,,,1.072,1
2026-09-20T16:36:00.000Z,2026-09-20,2026_02_WAS_DAL,WAS @ DAL,2026-09-20T20:25:00.000Z,WAS,DAL,Rachaad White,RB,RB2,RB_RUSH_YARDS,leo-nflprop-v1,37,4.3,7.4,1.072,1
2026-09-20T16:36:00.000Z,2026-09-20,2026_02_WAS_DAL,WAS @ DAL,2026-09-20T20:25:00.000Z,WAS,DAL,Rachaad White,RB,RB2,ANYTIME_TD,leo-nflprop-v1,0.209,,,1.072,1
2026-09-20T16:36:00.000Z,2026-09-20,2026_02_WAS_DAL,WAS @ DAL,2026-09-20T20:25:00.000Z,WAS,DAL,Stefon Diggs,WR,WR1,WR_REC_YARDS,leo-nflprop-v1,57,7.5,7.4,1.005,1
2026-09-20T16:36:00.000Z,2026-09-20,2026_02_WAS_DAL,WAS @ DAL,2026-09-20T20:25:00.000Z,WAS,DAL,Stefon Diggs,WR,WR1,ANYTIME_TD,leo-nflprop-v1,0.332,,,1.005,1
2026-09-20T16:36:00.000Z,2026-09-20,2026_02_WAS_DAL,WAS @ DAL,2026-09-20T20:25:00.000Z,WAS,DAL,Terry McLaurin,WR,WR2,WR_REC_YARDS,leo-nflprop-v1,38,7.3,5,1.005,1
2026-09-20T16:36:00.000Z,2026-09-20,2026_02_WAS_DAL,WAS @ DAL,2026-09-20T20:25:00.000Z,WAS,DAL,Terry McLaurin,WR,WR2,ANYTIME_TD,leo-nflprop-v1,0.214,,,1.005,1
2026-09-20T16:36:00.000Z,2026-09-20,2026_02_WAS_DAL,WAS @ DAL,2026-09-20T20:25:00.000Z,WAS,DAL,Antonio Williams,WR,WR3,WR_REC_YARDS,leo-nflprop-v1,65,16,4,1.005,1
2026-09-20T16:36:00.000Z,2026-09-20,2026_02_WAS_DAL,WAS @ DAL,2026-09-20T20:25:00.000Z,WAS,DAL,Antonio Williams,WR,WR3,ANYTIME_TD,leo-nflprop-v1,0.357,,,1.005,1
2026-09-20T16:36:00.000Z,2026-09-20,2026_02_WAS_DAL,WAS @ DAL,2026-09-20T20:25:00.000Z,DAL,WAS,Dak Prescott,QB,QB1,QB_PASS_YARDS,leo-nflprop-v1,224,6.4,34.6,0.981,1
2026-09-20T16:36:00.000Z,2026-09-20,2026_02_WAS_DAL,WAS @ DAL,2026-09-20T20:25:00.000Z,DAL,WAS,Javonte Williams,RB,RB1,RB_RUSH_YARDS,leo-nflprop-v1,62,4.1,13.9,1.024,1
2026-09-20T16:36:00.000Z,2026-09-20,2026_02_WAS_DAL,WAS @ DAL,2026-09-20T20:25:00.000Z,DAL,WAS,Javonte Williams,RB,RB1,ANYTIME_TD,leo-nflprop-v1,0.503,,,1.024,1
2026-09-20T16:36:00.000Z,2026-09-20,2026_02_WAS_DAL,WAS @ DAL,2026-09-20T20:25:00.000Z,DAL,WAS,Emari Demercado,RB,RB2,RB_RUSH_YARDS,leo-nflprop-v1,18,5,2.8,1.024,1
2026-09-20T16:36:00.000Z,2026-09-20,2026_02_WAS_DAL,WAS @ DAL,2026-09-20T20:25:00.000Z,DAL,WAS,Emari Demercado,RB,RB2,ANYTIME_TD,leo-nflprop-v1,0.099,,,1.024,1
2026-09-20T16:36:00.000Z,2026-09-20,2026_02_WAS_DAL,WAS @ DAL,2026-09-20T20:25:00.000Z,DAL,WAS,CeeDee Lamb,WR,WR1,WR_REC_YARDS,leo-nflprop-v1,62,7.3,8.5,0.981,1
2026-09-20T16:36:00.000Z,2026-09-20,2026_02_WAS_DAL,WAS @ DAL,2026-09-20T20:25:00.000Z,DAL,WAS,CeeDee Lamb,WR,WR1,ANYTIME_TD,leo-nflprop-v1,0.326,,,0.981,1
2026-09-20T16:36:00.000Z,2026-09-20,2026_02_WAS_DAL,WAS @ DAL,2026-09-20T20:25:00.000Z,DAL,WAS,George Pickens,WR,WR2,WR_REC_YARDS,leo-nflprop-v1,53,7.5,7,0.981,1
2026-09-20T16:36:00.000Z,2026-09-20,2026_02_WAS_DAL,WAS @ DAL,2026-09-20T20:25:00.000Z,DAL,WAS,George Pickens,WR,WR2,ANYTIME_TD,leo-nflprop-v1,0.308,,,0.981,1
2026-09-20T16:36:00.000Z,2026-09-20,2026_02_WAS_DAL,WAS @ DAL,2026-09-20T20:25:00.000Z,DAL,WAS,Ryan Flournoy,WR,WR3,WR_REC_YARDS,leo-nflprop-v1,23,5.8,3.9,0.981,1
2026-09-20T16:36:00.000Z,2026-09-20,2026_02_WAS_DAL,WAS @ DAL,2026-09-20T20:25:00.000Z,DAL,WAS,Ryan Flournoy,WR,WR3,ANYTIME_TD,leo-nflprop-v1,0.195,,,0.981,1
2026-09-20T16:36:00.000Z,2026-09-20,2026_02_MIA_SF,MIA @ SF,2026-09-20T20:25:00.000Z,MIA,SF,Malik Willis,QB,QB1,QB_PASS_YARDS,leo-nflprop-v1,151,8.4,17.9,0.95,1
2026-09-20T16:36:00.000Z,2026-09-20,2026_02_MIA_SF,MIA @ SF,2026-09-20T20:25:00.000Z,MIA,SF,De'Von Achane,RB,RB1,RB_RUSH_YARDS,leo-nflprop-v1,62,4.5,12.9,1.001,1
2026-09-20T16:36:00.000Z,2026-09-20,2026_02_MIA_SF,MIA @ SF,2026-09-20T20:25:00.000Z,MIA,SF,De'Von Achane,RB,RB1,ANYTIME_TD,leo-nflprop-v1,0.312,,,1.001,1
2026-09-20T16:36:00.000Z,2026-09-20,2026_02_MIA_SF,MIA @ SF,2026-09-20T20:25:00.000Z,MIA,SF,Jaylen Wright,RB,RB2,RB_RUSH_YARDS,leo-nflprop-v1,11,1.7,4.4,1.001,1
2026-09-20T16:36:00.000Z,2026-09-20,2026_02_MIA_SF,MIA @ SF,2026-09-20T20:25:00.000Z,MIA,SF,Jaylen Wright,RB,RB2,ANYTIME_TD,leo-nflprop-v1,0.204,,,1.001,1
2026-09-20T16:36:00.000Z,2026-09-20,2026_02_MIA_SF,MIA @ SF,2026-09-20T20:25:00.000Z,MIA,SF,Malik Washington,WR,WR1,WR_REC_YARDS,leo-nflprop-v1,37,6.4,5.9,0.95,1
2026-09-20T16:36:00.000Z,2026-09-20,2026_02_MIA_SF,MIA @ SF,2026-09-20T20:25:00.000Z,MIA,SF,Malik Washington,WR,WR1,ANYTIME_TD,leo-nflprop-v1,0.147,,,0.95,1
2026-09-20T16:36:00.000Z,2026-09-20,2026_02_MIA_SF,MIA @ SF,2026-09-20T20:25:00.000Z,MIA,SF,Caleb Douglas,WR,WR2,WR_REC_YARDS,leo-nflprop-v1,90,13.4,7,0.95,1
2026-09-20T16:36:00.000Z,2026-09-20,2026_02_MIA_SF,MIA @ SF,2026-09-20T20:25:00.000Z,MIA,SF,Caleb Douglas,WR,WR2,ANYTIME_TD,leo-nflprop-v1,0.204,,,0.95,1
2026-09-20T16:36:00.000Z,2026-09-20,2026_02_MIA_SF,MIA @ SF,2026-09-20T20:25:00.000Z,MIA,SF,Chris Bell,WR,WR3,WR_REC_YARDS,leo-nflprop-v1,25,12.5,2,0.95,1
2026-09-20T16:36:00.000Z,2026-09-20,2026_02_MIA_SF,MIA @ SF,2026-09-20T20:25:00.000Z,MIA,SF,Chris Bell,WR,WR3,ANYTIME_TD,leo-nflprop-v1,0.204,,,0.95,1
2026-09-20T16:36:00.000Z,2026-09-20,2026_02_MIA_SF,MIA @ SF,2026-09-20T20:25:00.000Z,SF,MIA,Brock Purdy,QB,QB1,QB_PASS_YARDS,leo-nflprop-v1,215,6.7,32.5,0.943,1
2026-09-20T16:36:00.000Z,2026-09-20,2026_02_MIA_SF,MIA @ SF,2026-09-20T20:25:00.000Z,SF,MIA,Kaelon Black,RB,RB1,RB_RUSH_YARDS,leo-nflprop-v1,69,4.6,14,1.015,1
2026-09-20T16:36:00.000Z,2026-09-20,2026_02_MIA_SF,MIA @ SF,2026-09-20T20:25:00.000Z,SF,MIA,Kaelon Black,RB,RB1,ANYTIME_TD,leo-nflprop-v1,0.265,,,1.015,1
2026-09-20T16:36:00.000Z,2026-09-20,2026_02_MIA_SF,MIA @ SF,2026-09-20T20:25:00.000Z,SF,MIA,Christian McCaffrey,RB,RB2,RB_RUSH_YARDS,leo-nflprop-v1,77,5.3,13.9,1.015,1
2026-09-20T16:36:00.000Z,2026-09-20,2026_02_MIA_SF,MIA @ SF,2026-09-20T20:25:00.000Z,SF,MIA,Christian McCaffrey,RB,RB2,ANYTIME_TD,leo-nflprop-v1,0.329,,,1.015,1
2026-09-20T16:36:00.000Z,2026-09-20,2026_02_MIA_SF,MIA @ SF,2026-09-20T20:25:00.000Z,SF,MIA,Mike Evans,WR,WR1,WR_REC_YARDS,leo-nflprop-v1,48,6.7,7.4,0.943,1
2026-09-20T16:36:00.000Z,2026-09-20,2026_02_MIA_SF,MIA @ SF,2026-09-20T20:25:00.000Z,SF,MIA,Mike Evans,WR,WR1,ANYTIME_TD,leo-nflprop-v1,0.361,,,0.943,1
2026-09-20T16:36:00.000Z,2026-09-20,2026_02_MIA_SF,MIA @ SF,2026-09-20T20:25:00.000Z,SF,MIA,Deebo Samuel Sr.,WR,WR2,WR_REC_YARDS,leo-nflprop-v1,45,7.1,6.6,0.943,1
2026-09-20T16:36:00.000Z,2026-09-20,2026_02_MIA_SF,MIA @ SF,2026-09-20T20:25:00.000Z,SF,MIA,Deebo Samuel Sr.,WR,WR2,ANYTIME_TD,leo-nflprop-v1,0.344,,,0.943,1
2026-09-20T16:36:00.000Z,2026-09-20,2026_02_MIA_SF,MIA @ SF,2026-09-20T20:25:00.000Z,SF,MIA,Demarcus Robinson,WR,WR3,WR_REC_YARDS,leo-nflprop-v1,34,12.2,2.8,0.943,1
2026-09-20T16:36:00.000Z,2026-09-20,2026_02_MIA_SF,MIA @ SF,2026-09-20T20:25:00.000Z,SF,MIA,Demarcus Robinson,WR,WR3,ANYTIME_TD,leo-nflprop-v1,0.273,,,0.943,1
2026-09-20T16:36:00.000Z,2026-09-20,2026_02_IND_KC,IND @ KC,2026-09-21T00:20:00.000Z,IND,KC,Daniel Jones,QB,QB1,QB_PASS_YARDS,leo-nflprop-v1,196,6.8,30.3,0.917,1
2026-09-20T16:36:00.000Z,2026-09-20,2026_02_IND_KC,IND @ KC,2026-09-21T00:20:00.000Z,IND,KC,Jonathan Taylor,RB,RB1,RB_RUSH_YARDS,leo-nflprop-v1,89,5,19,0.9009999999999999,1
2026-09-20T16:36:00.000Z,2026-09-20,2026_02_IND_KC,IND @ KC,2026-09-21T00:20:00.000Z,IND,KC,Jonathan Taylor,RB,RB1,ANYTIME_TD,leo-nflprop-v1,0.63,,,0.9009999999999999,1
2026-09-20T16:36:00.000Z,2026-09-20,2026_02_IND_KC,IND @ KC,2026-09-21T00:20:00.000Z,IND,KC,Keenan Allen,WR,WR1,WR_REC_YARDS,leo-nflprop-v1,36,5.8,6.6,0.917,1
2026-09-20T16:36:00.000Z,2026-09-20,2026_02_IND_KC,IND @ KC,2026-09-21T00:20:00.000Z,IND,KC,Keenan Allen,WR,WR1,ANYTIME_TD,leo-nflprop-v1,0.162,,,0.917,1
2026-09-20T16:36:00.000Z,2026-09-20,2026_02_IND_KC,IND @ KC,2026-09-21T00:20:00.000Z,IND,KC,Alec Pierce,WR,WR2,WR_REC_YARDS,leo-nflprop-v1,62,11.4,5.8,0.917,1
2026-09-20T16:36:00.000Z,2026-09-20,2026_02_IND_KC,IND @ KC,2026-09-21T00:20:00.000Z,IND,KC,Alec Pierce,WR,WR2,ANYTIME_TD,leo-nflprop-v1,0.238,,,0.917,1
2026-09-20T16:36:00.000Z,2026-09-20,2026_02_IND_KC,IND @ KC,2026-09-21T00:20:00.000Z,IND,KC,Josh Downs,WR,WR3,WR_REC_YARDS,leo-nflprop-v1,36,7.9,4.8,0.917,1
2026-09-20T16:36:00.000Z,2026-09-20,2026_02_IND_KC,IND @ KC,2026-09-21T00:20:00.000Z,IND,KC,Josh Downs,WR,WR3,ANYTIME_TD,leo-nflprop-v1,0.176,,,0.917,1
2026-09-20T16:36:00.000Z,2026-09-20,2026_02_IND_KC,IND @ KC,2026-09-21T00:20:00.000Z,KC,IND,Patrick Mahomes,QB,QB1,QB_PASS_YARDS,leo-nflprop-v1,247,7,31.4,1.089,1
2026-09-20T16:36:00.000Z,2026-09-20,2026_02_IND_KC,IND @ KC,2026-09-21T00:20:00.000Z,KC,IND,Kenneth Walker III,RB,RB1,RB_RUSH_YARDS,leo-nflprop-v1,132,6.1,18.7,1.133,1
2026-09-20T16:36:00.000Z,2026-09-20,2026_02_IND_KC,IND @ KC,2026-09-21T00:20:00.000Z,KC,IND,Kenneth Walker III,RB,RB1,ANYTIME_TD,leo-nflprop-v1,0.462,,,1.133,1
2026-09-20T16:36:00.000Z,2026-09-20,2026_02_IND_KC,IND @ KC,2026-09-21T00:20:00.000Z,KC,IND,Emmett Johnson,RB,RB2,RB_RUSH_YARDS,leo-nflprop-v1,31,3,8,1.133,1
2026-09-20T16:36:00.000Z,2026-09-20,2026_02_IND_KC,IND @ KC,2026-09-21T00:20:00.000Z,KC,IND,Emmett Johnson,RB,RB2,ANYTIME_TD,leo-nflprop-v1,0.291,,,1.133,1
2026-09-20T16:36:00.000Z,2026-09-20,2026_02_IND_KC,IND @ KC,2026-09-21T00:20:00.000Z,KC,IND,Xavier Worthy,WR,WR1,WR_REC_YARDS,leo-nflprop-v1,32,5,5.6,1.089,1
2026-09-20T16:36:00.000Z,2026-09-20,2026_02_IND_KC,IND @ KC,2026-09-21T00:20:00.000Z,KC,IND,Xavier Worthy,WR,WR1,ANYTIME_TD,leo-nflprop-v1,0.115,,,1.089,1
2026-09-20T16:36:00.000Z,2026-09-20,2026_02_IND_KC,IND @ KC,2026-09-21T00:20:00.000Z,KC,IND,Rashee Rice,WR,WR2,WR_REC_YARDS,leo-nflprop-v1,55,8.4,5.9,1.089,1
2026-09-20T16:36:00.000Z,2026-09-20,2026_02_IND_KC,IND @ KC,2026-09-21T00:20:00.000Z,KC,IND,Rashee Rice,WR,WR2,ANYTIME_TD,leo-nflprop-v1,0.473,,,1.089,1
2026-09-20T16:36:00.000Z,2026-09-20,2026_02_IND_KC,IND @ KC,2026-09-21T00:20:00.000Z,KC,IND,Tyquan Thornton,WR,WR3,WR_REC_YARDS,leo-nflprop-v1,13,5.2,2,1.089,1
2026-09-20T16:36:00.000Z,2026-09-20,2026_02_IND_KC,IND @ KC,2026-09-21T00:20:00.000Z,KC,IND,Tyquan Thornton,WR,WR3,ANYTIME_TD,leo-nflprop-v1,0.207,,,1.089,1
2026-09-21T12:50:42.752Z,2026-09-21,2026_02_NYG_LA,NYG @ LA,2026-09-22T00:15:00.000Z,NYG,LA,Jaxson Dart,QB,QB1,QB_PASS_YARDS,leo-nflprop-v1,185,6.8,26.6,0.981,1
2026-09-21T12:50:42.752Z,2026-09-21,2026_02_NYG_LA,NYG @ LA,2026-09-22T00:15:00.000Z,NYG,LA,Cam Skattebo,RB,RB1,RB_RUSH_YARDS,leo-nflprop-v1,72,4,15.3,1.1079999999999999,1
2026-09-21T12:50:42.752Z,2026-09-21,2026_02_NYG_LA,NYG @ LA,2026-09-22T00:15:00.000Z,NYG,LA,Cam Skattebo,RB,RB1,ANYTIME_TD,leo-nflprop-v1,0.495,,,1.1079999999999999,1
2026-09-21T12:50:42.752Z,2026-09-21,2026_02_NYG_LA,NYG @ LA,2026-09-22T00:15:00.000Z,NYG,LA,Devin Singletary,RB,RB2,RB_RUSH_YARDS,leo-nflprop-v1,25,3,6.5,1.1079999999999999,1
2026-09-21T12:50:42.752Z,2026-09-21,2026_02_NYG_LA,NYG @ LA,2026-09-22T00:15:00.000Z,NYG,LA,Devin Singletary,RB,RB2,ANYTIME_TD,leo-nflprop-v1,0.245,,,1.1079999999999999,1
2026-09-21T12:50:42.752Z,2026-09-21,2026_02_NYG_LA,NYG @ LA,2026-09-22T00:15:00.000Z,NYG,LA,Malik Nabers,WR,WR1,WR_REC_YARDS,leo-nflprop-v1,64,7.2,8.9,0.981,1
2026-09-21T12:50:42.752Z,2026-09-21,2026_02_NYG_LA,NYG @ LA,2026-09-22T00:15:00.000Z,NYG,LA,Malik Nabers,WR,WR1,ANYTIME_TD,leo-nflprop-v1,0.258,,,0.981,1
2026-09-21T12:50:42.752Z,2026-09-21,2026_02_NYG_LA,NYG @ LA,2026-09-22T00:15:00.000Z,NYG,LA,Malachi Fields,WR,WR2,WR_REC_YARDS,leo-nflprop-v1,26,6.3,4,0.981,1
2026-09-21T12:50:42.752Z,2026-09-21,2026_02_NYG_LA,NYG @ LA,2026-09-22T00:15:00.000Z,NYG,LA,Malachi Fields,WR,WR2,ANYTIME_TD,leo-nflprop-v1,0.21,,,0.981,1
2026-09-21T12:50:42.752Z,2026-09-21,2026_02_NYG_LA,NYG @ LA,2026-09-22T00:15:00.000Z,NYG,LA,Darnell Mooney,WR,WR3,WR_REC_YARDS,leo-nflprop-v1,37,10.7,3.4,0.981,1
2026-09-21T12:50:42.752Z,2026-09-21,2026_02_NYG_LA,NYG @ LA,2026-09-22T00:15:00.000Z,NYG,LA,Darnell Mooney,WR,WR3,ANYTIME_TD,leo-nflprop-v1,0.099,,,0.981,1
2026-09-21T12:50:42.752Z,2026-09-21,2026_02_NYG_LA,NYG @ LA,2026-09-22T00:15:00.000Z,LA,NYG,Matthew Stafford,QB,QB1,QB_PASS_YARDS,leo-nflprop-v1,212,7,30.4,0.955,1
2026-09-21T12:50:42.752Z,2026-09-21,2026_02_NYG_LA,NYG @ LA,2026-09-22T00:15:00.000Z,LA,NYG,Kyren Williams,RB,RB1,RB_RUSH_YARDS,leo-nflprop-v1,55,4.3,13.1,0.922,1
2026-09-21T12:50:42.752Z,2026-09-21,2026_02_NYG_LA,NYG @ LA,2026-09-22T00:15:00.000Z,LA,NYG,Kyren Williams,RB,RB1,ANYTIME_TD,leo-nflprop-v1,0.445,,,0.922,1
2026-09-21T12:50:42.752Z,2026-09-21,2026_02_NYG_LA,NYG @ LA,2026-09-22T00:15:00.000Z,LA,NYG,Blake Corum,RB,RB2,RB_RUSH_YARDS,leo-nflprop-v1,49,5.4,9.3,0.922,1
2026-09-21T12:50:42.752Z,2026-09-21,2026_02_NYG_LA,NYG @ LA,2026-09-22T00:15:00.000Z,LA,NYG,Blake Corum,RB,RB2,ANYTIME_TD,leo-nflprop-v1,0.209,,,0.922,1
2026-09-21T12:50:42.752Z,2026-09-21,2026_02_NYG_LA,NYG @ LA,2026-09-22T00:15:00.000Z,LA,NYG,Puka Nacua,WR,WR1,WR_REC_YARDS,leo-nflprop-v1,87,9,10,0.955,1
2026-09-21T12:50:42.752Z,2026-09-21,2026_02_NYG_LA,NYG @ LA,2026-09-22T00:15:00.000Z,LA,NYG,Puka Nacua,WR,WR1,ANYTIME_TD,leo-nflprop-v1,0.344,,,0.955,1
2026-09-21T12:50:42.752Z,2026-09-21,2026_02_NYG_LA,NYG @ LA,2026-09-22T00:15:00.000Z,LA,NYG,Davante Adams,WR,WR2,WR_REC_YARDS,leo-nflprop-v1,40,5.8,7.1,0.955,1
2026-09-21T12:50:42.752Z,2026-09-21,2026_02_NYG_LA,NYG @ LA,2026-09-22T00:15:00.000Z,LA,NYG,Davante Adams,WR,WR2,ANYTIME_TD,leo-nflprop-v1,0.428,,,0.955,1
2026-09-21T12:50:42.752Z,2026-09-21,2026_02_NYG_LA,NYG @ LA,2026-09-22T00:15:00.000Z,LA,NYG,Jordan Whittington,WR,WR3,WR_REC_YARDS,leo-nflprop-v1,10,7.1,1.3,0.955,1
2026-09-21T12:50:42.752Z,2026-09-21,2026_02_NYG_LA,NYG @ LA,2026-09-22T00:15:00.000Z,LA,NYG,Jordan Whittington,WR,WR3,ANYTIME_TD,leo-nflprop-v1,0.058,,,0.955,1
2026-09-24T17:37:11.712Z,2026-09-24,2026_03_ATL_GB,ATL @ GB,2026-09-25T00:15:00.000Z,ATL,GB,Cooper Rush,QB,QB1,QB_PASS_YARDS,leo-nflprop-v2,154,6.6,25.5,0.9590000000000001,2
2026-09-24T17:37:11.712Z,2026-09-24,2026_03_ATL_GB,ATL @ GB,2026-09-25T00:15:00.000Z,ATL,GB,Bijan Robinson,RB,RB1,RB_RUSH_YARDS,leo-nflprop-v1,78,4.5,17.7,0.924,2
2026-09-24T17:37:11.712Z,2026-09-24,2026_03_ATL_GB,ATL @ GB,2026-09-25T00:15:00.000Z,ATL,GB,Bijan Robinson,RB,RB1,ANYTIME_TD,leo-nflprop-v1,0.22,,,0.924,2
2026-09-24T17:37:11.712Z,2026-09-24,2026_03_ATL_GB,ATL @ GB,2026-09-25T00:15:00.000Z,ATL,GB,Brian Robinson,RB,RB2,RB_RUSH_YARDS,leo-nflprop-v1,33,4.2,7.7,0.924,2
2026-09-24T17:37:11.712Z,2026-09-24,2026_03_ATL_GB,ATL @ GB,2026-09-25T00:15:00.000Z,ATL,GB,Brian Robinson,RB,RB2,ANYTIME_TD,leo-nflprop-v1,0.108,,,0.924,2
2026-09-24T17:37:11.712Z,2026-09-24,2026_03_ATL_GB,ATL @ GB,2026-09-25T00:15:00.000Z,ATL,GB,Drake London,WR,WR1,WR_REC_YARDS,leo-nflprop-v2,57,8.4,7.2,0.9590000000000001,2
2026-09-24T17:37:11.712Z,2026-09-24,2026_03_ATL_GB,ATL @ GB,2026-09-25T00:15:00.000Z,ATL,GB,Drake London,WR,WR1,ANYTIME_TD,leo-nflprop-v1,0.268,,,0.9590000000000001,2
2026-09-24T17:37:11.712Z,2026-09-24,2026_03_ATL_GB,ATL @ GB,2026-09-25T00:15:00.000Z,ATL,GB,Jahan Dotson,WR,WR2,WR_REC_YARDS,leo-nflprop-v2,15,5.5,3,0.9590000000000001,2
2026-09-24T17:37:11.712Z,2026-09-24,2026_03_ATL_GB,ATL @ GB,2026-09-25T00:15:00.000Z,ATL,GB,Jahan Dotson,WR,WR2,ANYTIME_TD,leo-nflprop-v1,0.082,,,0.9590000000000001,2
2026-09-24T17:37:11.712Z,2026-09-24,2026_03_ATL_GB,ATL @ GB,2026-09-25T00:15:00.000Z,ATL,GB,Olamide Zaccheaus,WR,WR3,WR_REC_YARDS,leo-nflprop-v2,11,3.7,3.4,0.9590000000000001,2
2026-09-24T17:37:11.712Z,2026-09-24,2026_03_ATL_GB,ATL @ GB,2026-09-25T00:15:00.000Z,ATL,GB,Olamide Zaccheaus,WR,WR3,ANYTIME_TD,leo-nflprop-v1,0.114,,,0.9590000000000001,2
2026-09-24T17:37:11.712Z,2026-09-24,2026_03_ATL_GB,ATL @ GB,2026-09-25T00:15:00.000Z,GB,ATL,Jordan Love,QB,QB1,QB_PASS_YARDS,leo-nflprop-v2,254,7.6,33,1.0390000000000001,2
2026-09-24T17:37:11.712Z,2026-09-24,2026_03_ATL_GB,ATL @ GB,2026-09-25T00:15:00.000Z,GB,ATL,MarShawn Lloyd,RB,RB1,RB_RUSH_YARDS,leo-nflprop-v1,28,3.1,9.5,0.853,2
2026-09-24T17:37:11.712Z,2026-09-24,2026_03_ATL_GB,ATL @ GB,2026-09-25T00:15:00.000Z,GB,ATL,MarShawn Lloyd,RB,RB1,ANYTIME_TD,leo-nflprop-v1,0.194,,,0.853,2
2026-09-24T17:37:11.712Z,2026-09-24,2026_03_ATL_GB,ATL @ GB,2026-09-25T00:15:00.000Z,GB,ATL,Chris Brooks,RB,RB2,RB_RUSH_YARDS,leo-nflprop-v1,11,2.5,3.5,0.853,2
2026-09-24T17:37:11.712Z,2026-09-24,2026_03_ATL_GB,ATL @ GB,2026-09-25T00:15:00.000Z,GB,ATL,Chris Brooks,RB,RB2,ANYTIME_TD,leo-nflprop-v1,0.055,,,0.853,2
2026-09-24T17:37:11.712Z,2026-09-24,2026_03_ATL_GB,ATL @ GB,2026-09-25T00:15:00.000Z,GB,ATL,Christian Watson,WR,WR1,WR_REC_YARDS,leo-nflprop-v2,80,11.6,6.8,1.0390000000000001,2
2026-09-24T17:37:11.712Z,2026-09-24,2026_03_ATL_GB,ATL @ GB,2026-09-25T00:15:00.000Z,GB,ATL,Christian Watson,WR,WR1,ANYTIME_TD,leo-nflprop-v1,0.576,,,1.0390000000000001,2
2026-09-24T17:37:11.712Z,2026-09-24,2026_03_ATL_GB,ATL @ GB,2026-09-25T00:15:00.000Z,GB,ATL,Matthew Golden,WR,WR2,WR_REC_YARDS,leo-nflprop-v2,40,7.6,5.2,1.0390000000000001,2
2026-09-24T17:37:11.712Z,2026-09-24,2026_03_ATL_GB,ATL @ GB,2026-09-25T00:15:00.000Z,GB,ATL,Matthew Golden,WR,WR2,ANYTIME_TD,leo-nflprop-v1,0.06,,,1.0390000000000001,2
2026-09-24T17:37:11.712Z,2026-09-24,2026_03_ATL_GB,ATL @ GB,2026-09-25T00:15:00.000Z,GB,ATL,Skyy Moore,WR,WR3,WR_REC_YARDS,leo-nflprop-v2,2,3.1,0.9,1.0390000000000001,2
2026-09-24T17:37:11.712Z,2026-09-24,2026_03_ATL_GB,ATL @ GB,2026-09-25T00:15:00.000Z,GB,ATL,Skyy Moore,WR,WR3,ANYTIME_TD,leo-nflprop-v1,0.053,,,1.0390000000000001,2
2026-09-27T12:07:02.876Z,2026-09-27,2026_03_LAC_BUF,LAC @ BUF,2026-09-27T17:00:00.000Z,LAC,BUF,Justin Herbert,QB,QB1,QB_PASS_YARDS,leo-nflprop-v2,232,7.3,29.5,1.105,2
2026-09-27T12:07:02.876Z,2026-09-27,2026_03_LAC_BUF,LAC @ BUF,2026-09-27T17:00:00.000Z,LAC,BUF,Omarion Hampton,RB,RB1,RB_RUSH_YARDS,leo-nflprop-v1,65,4.1,15.6,0.945,2
2026-09-27T12:07:02.876Z,2026-09-27,2026_03_LAC_BUF,LAC @ BUF,2026-09-27T17:00:00.000Z,LAC,BUF,Omarion Hampton,RB,RB1,ANYTIME_TD,leo-nflprop-v1,0.439,,,0.945,2
2026-09-27T12:07:02.876Z,2026-09-27,2026_03_LAC_BUF,LAC @ BUF,2026-09-27T17:00:00.000Z,LAC,BUF,Keaton Mitchell,RB,RB2,RB_RUSH_YARDS,leo-nflprop-v1,22,4.5,4.5,0.945,2
2026-09-27T12:07:02.876Z,2026-09-27,2026_03_LAC_BUF,LAC @ BUF,2026-09-27T17:00:00.000Z,LAC,BUF,Keaton Mitchell,RB,RB2,ANYTIME_TD,leo-nflprop-v1,0.103,,,0.945,2
2026-09-27T12:07:02.876Z,2026-09-27,2026_03_LAC_BUF,LAC @ BUF,2026-09-27T17:00:00.000Z,LAC,BUF,Quentin Johnston,WR,WR1,WR_REC_YARDS,leo-nflprop-v2,34,5.3,6.1,1.105,2
2026-09-27T12:07:02.876Z,2026-09-27,2026_03_LAC_BUF,LAC @ BUF,2026-09-27T17:00:00.000Z,LAC,BUF,Quentin Johnston,WR,WR1,ANYTIME_TD,leo-nflprop-v1,0.316,,,1.105,2
2026-09-27T12:07:02.876Z,2026-09-27,2026_03_LAC_BUF,LAC @ BUF,2026-09-27T17:00:00.000Z,LAC,BUF,Ladd McConkey,WR,WR2,WR_REC_YARDS,leo-nflprop-v2,63,9.7,6,1.105,2
2026-09-27T12:07:02.876Z,2026-09-27,2026_03_LAC_BUF,LAC @ BUF,2026-09-27T17:00:00.000Z,LAC,BUF,Ladd McConkey,WR,WR2,ANYTIME_TD,leo-nflprop-v1,0.359,,,1.105,2
2026-09-27T12:07:02.876Z,2026-09-27,2026_03_LAC_BUF,LAC @ BUF,2026-09-27T17:00:00.000Z,LAC,BUF,Tre Harris,WR,WR3,WR_REC_YARDS,leo-nflprop-v2,33,8.9,3.5,1.105,2
2026-09-27T12:07:02.876Z,2026-09-27,2026_03_LAC_BUF,LAC @ BUF,2026-09-27T17:00:00.000Z,LAC,BUF,Tre Harris,WR,WR3,ANYTIME_TD,leo-nflprop-v1,0.09,,,1.105,2
2026-09-27T12:07:02.876Z,2026-09-27,2026_03_LAC_BUF,LAC @ BUF,2026-09-27T17:00:00.000Z,BUF,LAC,Josh Allen,QB,QB1,QB_PASS_YARDS,leo-nflprop-v2,267,8.9,29.4,1.053,2
2026-09-27T12:07:02.876Z,2026-09-27,2026_03_LAC_BUF,LAC @ BUF,2026-09-27T17:00:00.000Z,BUF,LAC,James Cook,RB,RB1,RB_RUSH_YARDS,leo-nflprop-v1,90,5.4,17.6,0.92,2
2026-09-27T12:07:02.876Z,2026-09-27,2026_03_LAC_BUF,LAC @ BUF,2026-09-27T17:00:00.000Z,BUF,LAC,James Cook,RB,RB1,ANYTIME_TD,leo-nflprop-v1,0.414,,,0.92,2
2026-09-27T12:07:02.876Z,2026-09-27,2026_03_LAC_BUF,LAC @ BUF,2026-09-27T17:00:00.000Z,BUF,LAC,Ray Davis,RB,RB2,RB_RUSH_YARDS,leo-nflprop-v1,6,1.7,2,0.92,2
2026-09-27T12:07:02.876Z,2026-09-27,2026_03_LAC_BUF,LAC @ BUF,2026-09-27T17:00:00.000Z,BUF,LAC,Ray Davis,RB,RB2,ANYTIME_TD,leo-nflprop-v1,0.059,,,0.92,2
2026-09-27T12:07:02.876Z,2026-09-27,2026_03_LAC_BUF,LAC @ BUF,2026-09-27T17:00:00.000Z,BUF,LAC,Khalil Shakir,WR,WR1,WR_REC_YARDS,leo-nflprop-v2,44,7.3,6,1.053,2
2026-09-27T12:07:02.876Z,2026-09-27,2026_03_LAC_BUF,LAC @ BUF,2026-09-27T17:00:00.000Z,BUF,LAC,Khalil Shakir,WR,WR1,ANYTIME_TD,leo-nflprop-v1,0.169,,,1.053,2
2026-09-27T12:07:02.876Z,2026-09-27,2026_03_LAC_BUF,LAC @ BUF,2026-09-27T17:00:00.000Z,BUF,LAC,DJ Moore,WR,WR2,WR_REC_YARDS,leo-nflprop-v2,29,6.7,4.3,1.053,2
2026-09-27T12:07:02.876Z,2026-09-27,2026_03_LAC_BUF,LAC @ BUF,2026-09-27T17:00:00.000Z,BUF,LAC,DJ Moore,WR,WR2,ANYTIME_TD,leo-nflprop-v1,0.339,,,1.053,2
2026-09-27T12:07:02.876Z,2026-09-27,2026_03_LAC_BUF,LAC @ BUF,2026-09-27T17:00:00.000Z,BUF,LAC,Keon Coleman,WR,WR3,WR_REC_YARDS,leo-nflprop-v2,28,6.3,4.3,1.053,2
2026-09-27T12:07:02.876Z,2026-09-27,2026_03_LAC_BUF,LAC @ BUF,2026-09-27T17:00:00.000Z,BUF,LAC,Keon Coleman,WR,WR3,ANYTIME_TD,leo-nflprop-v1,0.203,,,1.053,2
2026-09-27T12:07:02.876Z,2026-09-27,2026_03_CAR_CLE,CAR @ CLE,2026-09-27T17:00:00.000Z,CAR,CLE,Bryce Young,QB,QB1,QB_PASS_YARDS,leo-nflprop-v2,243,7.7,33.2,0.978,2
2026-09-27T12:07:02.876Z,2026-09-27,2026_03_CAR_CLE,CAR @ CLE,2026-09-27T17:00:00.000Z,CAR,CLE,Chuba Hubbard,RB,RB1,RB_RUSH_YARDS,leo-nflprop-v1,48,4.3,10,1.052,2
2026-09-27T12:07:02.876Z,2026-09-27,2026_03_CAR_CLE,CAR @ CLE,2026-09-27T17:00:00.000Z,CAR,CLE,Chuba Hubbard,RB,RB1,ANYTIME_TD,leo-nflprop-v1,0.248,,,1.052,2
2026-09-27T12:07:02.876Z,2026-09-27,2026_03_CAR_CLE,CAR @ CLE,2026-09-27T17:00:00.000Z,CAR,CLE,AJ Dillon,RB,RB2,RB_RUSH_YARDS,leo-nflprop-v1,13,3.1,3,1.052,2
2026-09-27T12:07:02.876Z,2026-09-27,2026_03_CAR_CLE,CAR @ CLE,2026-09-27T17:00:00.000Z,CAR,CLE,AJ Dillon,RB,RB2,ANYTIME_TD,leo-nflprop-v1,0.125,,,1.052,2
2026-09-27T12:07:02.876Z,2026-09-27,2026_03_CAR_CLE,CAR @ CLE,2026-09-27T17:00:00.000Z,CAR,CLE,Jalen Coker,WR,WR1,WR_REC_YARDS,leo-nflprop-v2,57,10,6,0.978,2
2026-09-27T12:07:02.876Z,2026-09-27,2026_03_CAR_CLE,CAR @ CLE,2026-09-27T17:00:00.000Z,CAR,CLE,Jalen Coker,WR,WR1,ANYTIME_TD,leo-nflprop-v1,0.4,,,0.978,2
2026-09-27T12:07:02.876Z,2026-09-27,2026_03_CAR_CLE,CAR @ CLE,2026-09-27T17:00:00.000Z,CAR,CLE,Tetairoa McMillan,WR,WR2,WR_REC_YARDS,leo-nflprop-v2,69,9.1,7.9,0.978,2
2026-09-27T12:07:02.876Z,2026-09-27,2026_03_CAR_CLE,CAR @ CLE,2026-09-27T17:00:00.000Z,CAR,CLE,Tetairoa McMillan,WR,WR2,ANYTIME_TD,leo-nflprop-v1,0.221,,,0.978,2
2026-09-27T12:07:02.876Z,2026-09-27,2026_03_CAR_CLE,CAR @ CLE,2026-09-27T17:00:00.000Z,CAR,CLE,Xavier Legette,WR,WR3,WR_REC_YARDS,leo-nflprop-v2,24,6.6,3.8,0.978,2
2026-09-27T12:07:02.876Z,2026-09-27,2026_03_CAR_CLE,CAR @ CLE,2026-09-27T17:00:00.000Z,CAR,CLE,Xavier Legette,WR,WR3,ANYTIME_TD,leo-nflprop-v1,0.138,,,0.978,2
2026-09-27T12:07:02.876Z,2026-09-27,2026_03_CAR_CLE,CAR @ CLE,2026-09-27T17:00:00.000Z,CLE,CAR,Deshaun Watson,QB,QB1,QB_PASS_YARDS,leo-nflprop-v2,208,7.7,28.7,0.9690000000000001,2
2026-09-27T12:07:02.876Z,2026-09-27,2026_03_CAR_CLE,CAR @ CLE,2026-09-27T17:00:00.000Z,CLE,CAR,Quinshon Judkins,RB,RB1,RB_RUSH_YARDS,leo-nflprop-v1,50,2.9,14.2,1.15,2
2026-09-27T12:07:02.876Z,2026-09-27,2026_03_CAR_CLE,CAR @ CLE,2026-09-27T17:00:00.000Z,CLE,CAR,Quinshon Judkins,RB,RB1,ANYTIME_TD,leo-nflprop-v1,0.299,,,1.15,2
2026-09-27T12:07:02.876Z,2026-09-27,2026_03_CAR_CLE,CAR @ CLE,2026-09-27T17:00:00.000Z,CLE,CAR,Raheim Sanders,RB,RB2,RB_RUSH_YARDS,leo-nflprop-v1,14,2.3,4.1,1.15,2
2026-09-27T12:07:02.876Z,2026-09-27,2026_03_CAR_CLE,CAR @ CLE,2026-09-27T17:00:00.000Z,CLE,CAR,Raheim Sanders,RB,RB2,ANYTIME_TD,leo-nflprop-v1,0.222,,,1.15,2
2026-09-27T12:07:02.876Z,2026-09-27,2026_03_CAR_CLE,CAR @ CLE,2026-09-27T17:00:00.000Z,CLE,CAR,Denzel Boston,WR,WR1,WR_REC_YARDS,leo-nflprop-v2,82,14.2,6.1,0.9690000000000001,2
2026-09-27T12:07:02.876Z,2026-09-27,2026_03_CAR_CLE,CAR @ CLE,2026-09-27T17:00:00.000Z,CLE,CAR,Denzel Boston,WR,WR1,ANYTIME_TD,leo-nflprop-v1,0.404,,,0.9690000000000001,2
2026-09-27T12:07:02.876Z,2026-09-27,2026_03_CAR_CLE,CAR @ CLE,2026-09-27T17:00:00.000Z,CLE,CAR,KC Concepcion,WR,WR2,WR_REC_YARDS,leo-nflprop-v2,38,6.6,6.1,0.9690000000000001,2
2026-09-27T12:07:02.876Z,2026-09-27,2026_03_CAR_CLE,CAR @ CLE,2026-09-27T17:00:00.000Z,CLE,CAR,KC Concepcion,WR,WR2,ANYTIME_TD,leo-nflprop-v1,0.176,,,0.9690000000000001,2
2026-09-27T12:07:02.876Z,2026-09-27,2026_03_CAR_CLE,CAR @ CLE,2026-09-27T17:00:00.000Z,CLE,CAR,Jerry Jeudy,WR,WR3,WR_REC_YARDS,leo-nflprop-v2,19,4.5,4.6,0.9690000000000001,2
2026-09-27T12:07:02.876Z,2026-09-27,2026_03_CAR_CLE,CAR @ CLE,2026-09-27T17:00:00.000Z,CLE,CAR,Jerry Jeudy,WR,WR3,ANYTIME_TD,leo-nflprop-v1,0.101,,,0.9690000000000001,2
2026-09-27T12:07:02.876Z,2026-09-27,2026_03_NYJ_DET,NYJ @ DET,2026-09-27T17:00:00.000Z,NYJ,DET,Geno Smith,QB,QB1,QB_PASS_YARDS,leo-nflprop-v2,241,6.9,31.2,1.147,2
2026-09-27T12:07:02.876Z,2026-09-27,2026_03_NYJ_DET,NYJ @ DET,2026-09-27T17:00:00.000Z,NYJ,DET,Breece Hall,RB,RB1,RB_RUSH_YARDS,leo-nflprop-v1,74,3.8,17.1,1.097,2
2026-09-27T12:07:02.876Z,2026-09-27,2026_03_NYJ_DET,NYJ @ DET,2026-09-27T17:00:00.000Z,NYJ,DET,Breece Hall,RB,RB1,ANYTIME_TD,leo-nflprop-v1,0.324,,,1.097,2
2026-09-27T12:07:02.876Z,2026-09-27,2026_03_NYJ_DET,NYJ @ DET,2026-09-27T17:00:00.000Z,NYJ,DET,Braelon Allen,RB,RB2,RB_RUSH_YARDS,leo-nflprop-v1,28,3.7,6,1.097,2
2026-09-27T12:07:02.876Z,2026-09-27,2026_03_NYJ_DET,NYJ @ DET,2026-09-27T17:00:00.000Z,NYJ,DET,Braelon Allen,RB,RB2,ANYTIME_TD,leo-nflprop-v1,0.345,,,1.097,2
2026-09-27T12:07:02.876Z,2026-09-27,2026_03_NYJ_DET,NYJ @ DET,2026-09-27T17:00:00.000Z,NYJ,DET,Adonai Mitchell,WR,WR1,WR_REC_YARDS,leo-nflprop-v2,56,9.1,5.5,1.147,2
2026-09-27T12:07:02.876Z,2026-09-27,2026_03_NYJ_DET,NYJ @ DET,2026-09-27T17:00:00.000Z,NYJ,DET,Adonai Mitchell,WR,WR1,ANYTIME_TD,leo-nflprop-v1,0.124,,,1.147,2
2026-09-27T12:07:02.876Z,2026-09-27,2026_03_NYJ_DET,NYJ @ DET,2026-09-27T17:00:00.000Z,NYJ,DET,Garrett Wilson,WR,WR2,WR_REC_YARDS,leo-nflprop-v2,75,7.9,8.5,1.147,2
2026-09-27T12:07:02.876Z,2026-09-27,2026_03_NYJ_DET,NYJ @ DET,2026-09-27T17:00:00.000Z,NYJ,DET,Garrett Wilson,WR,WR2,ANYTIME_TD,leo-nflprop-v1,0.413,,,1.147,2
2026-09-27T12:07:02.876Z,2026-09-27,2026_03_NYJ_DET,NYJ @ DET,2026-09-27T17:00:00.000Z,NYJ,DET,Isaiah Williams,WR,WR3,WR_REC_YARDS,leo-nflprop-v2,14,4.6,2.9,1.147,2
2026-09-27T12:07:02.876Z,2026-09-27,2026_03_NYJ_DET,NYJ @ DET,2026-09-27T17:00:00.000Z,NYJ,DET,Isaiah Williams,WR,WR3,ANYTIME_TD,leo-nflprop-v1,0.063,,,1.147,2
2026-09-27T12:07:02.876Z,2026-09-27,2026_03_NYJ_DET,NYJ @ DET,2026-09-27T17:00:00.000Z,DET,NYJ,Jared Goff,QB,QB1,QB_PASS_YARDS,leo-nflprop-v2,227,7.4,36.3,0.875,2
2026-09-27T12:07:02.876Z,2026-09-27,2026_03_NYJ_DET,NYJ @ DET,2026-09-27T17:00:00.000Z,DET,NYJ,Jahmyr Gibbs,RB,RB1,RB_RUSH_YARDS,leo-nflprop-v1,76,4.6,18.4,0.8590000000000001,2
2026-09-27T12:07:02.876Z,2026-09-27,2026_03_NYJ_DET,NYJ @ DET,2026-09-27T17:00:00.000Z,DET,NYJ,Jahmyr Gibbs,RB,RB1,ANYTIME_TD,leo-nflprop-v1,0.486,,,0.8590000000000001,2
2026-09-27T12:07:02.876Z,2026-09-27,2026_03_NYJ_DET,NYJ @ DET,2026-09-27T17:00:00.000Z,DET,NYJ,Sione Vaki,RB,RB2,RB_RUSH_YARDS,leo-nflprop-v1,5,2.9,0.8,0.8590000000000001,2
2026-09-27T12:07:02.876Z,2026-09-27,2026_03_NYJ_DET,NYJ @ DET,2026-09-27T17:00:00.000Z,DET,NYJ,Sione Vaki,RB,RB2,ANYTIME_TD,leo-nflprop-v1,0.089,,,0.8590000000000001,2
2026-09-27T12:07:02.876Z,2026-09-27,2026_03_NYJ_DET,NYJ @ DET,2026-09-27T17:00:00.000Z,DET,NYJ,Amon-Ra St. Brown,WR,WR1,WR_REC_YARDS,leo-nflprop-v2,77,7.8,11.4,0.875,2
2026-09-27T12:07:02.876Z,2026-09-27,2026_03_NYJ_DET,NYJ @ DET,2026-09-27T17:00:00.000Z,DET,NYJ,Amon-Ra St. Brown,WR,WR1,ANYTIME_TD,leo-nflprop-v1,0.597,,,0.875,2
2026-09-27T12:07:02.876Z,2026-09-27,2026_03_NYJ_DET,NYJ @ DET,2026-09-27T17:00:00.000Z,DET,NYJ,Jameson Williams,WR,WR2,WR_REC_YARDS,leo-nflprop-v2,45,8.5,6.2,0.875,2
2026-09-27T12:07:02.876Z,2026-09-27,2026_03_NYJ_DET,NYJ @ DET,2026-09-27T17:00:00.000Z,DET,NYJ,Jameson Williams,WR,WR2,ANYTIME_TD,leo-nflprop-v1,0.2,,,0.875,2
2026-09-27T12:07:02.876Z,2026-09-27,2026_03_NYJ_DET,NYJ @ DET,2026-09-27T17:00:00.000Z,DET,NYJ,Isaac TeSlaa,WR,WR3,WR_REC_YARDS,leo-nflprop-v2,11,5.8,2.3,0.875,2
2026-09-27T12:07:02.876Z,2026-09-27,2026_03_NYJ_DET,NYJ @ DET,2026-09-27T17:00:00.000Z,DET,NYJ,Isaac TeSlaa,WR,WR3,ANYTIME_TD,leo-nflprop-v1,0.203,,,0.875,2
2026-09-27T12:07:02.876Z,2026-09-27,2026_03_HOU_IND,HOU @ IND,2026-09-27T17:00:00.000Z,HOU,IND,C.J. Stroud,QB,QB1,QB_PASS_YARDS,leo-nflprop-v2,304,6.9,39.1,1.15,2
2026-09-27T12:07:02.876Z,2026-09-27,2026_03_HOU_IND,HOU @ IND,2026-09-27T17:00:00.000Z,HOU,IND,David Montgomery,RB,RB1,RB_RUSH_YARDS,leo-nflprop-v1,48,3.5,11.1,1.15,2
2026-09-27T12:07:02.876Z,2026-09-27,2026_03_HOU_IND,HOU @ IND,2026-09-27T17:00:00.000Z,HOU,IND,David Montgomery,RB,RB1,ANYTIME_TD,leo-nflprop-v1,0.516,,,1.15,2
2026-09-27T12:07:02.876Z,2026-09-27,2026_03_HOU_IND,HOU @ IND,2026-09-27T17:00:00.000Z,HOU,IND,Woody Marks,RB,RB2,RB_RUSH_YARDS,leo-nflprop-v1,42,3.2,10.4,1.15,2
2026-09-27T12:07:02.876Z,2026-09-27,2026_03_HOU_IND,HOU @ IND,2026-09-27T17:00:00.000Z,HOU,IND,Woody Marks,RB,RB2,ANYTIME_TD,leo-nflprop-v1,0.139,,,1.15,2
2026-09-27T12:07:02.876Z,2026-09-27,2026_03_HOU_IND,HOU @ IND,2026-09-27T17:00:00.000Z,HOU,IND,Xavier Hutchinson,WR,WR1,WR_REC_YARDS,leo-nflprop-v2,31,5.6,5,1.15,2
2026-09-27T12:07:02.876Z,2026-09-27,2026_03_HOU_IND,HOU @ IND,2026-09-27T17:00:00.000Z,HOU,IND,Xavier Hutchinson,WR,WR1,ANYTIME_TD,leo-nflprop-v1,0.154,,,1.15,2
2026-09-27T12:07:02.876Z,2026-09-27,2026_03_HOU_IND,HOU @ IND,2026-09-27T17:00:00.000Z,HOU,IND,Jared Wayne,WR,WR2,WR_REC_YARDS,leo-nflprop-v2,25,9.2,2.5,1.15,2
2026-09-27T12:07:02.876Z,2026-09-27,2026_03_HOU_IND,HOU @ IND,2026-09-27T17:00:00.000Z,HOU,IND,Jared Wayne,WR,WR2,ANYTIME_TD,leo-nflprop-v1,0.179,,,1.15,2
2026-09-27T12:07:02.876Z,2026-09-27,2026_03_HOU_IND,HOU @ IND,2026-09-27T17:00:00.000Z,HOU,IND,Kayshon Boutte,WR,WR3,WR_REC_YARDS,leo-nflprop-v2,45,10.7,3.8,1.15,2
2026-09-27T12:07:02.876Z,2026-09-27,2026_03_HOU_IND,HOU @ IND,2026-09-27T17:00:00.000Z,HOU,IND,Kayshon Boutte,WR,WR3,ANYTIME_TD,leo-nflprop-v1,0.258,,,1.15,2
2026-09-27T12:07:02.876Z,2026-09-27,2026_03_HOU_IND,HOU @ IND,2026-09-27T17:00:00.000Z,IND,HOU,Daniel Jones,QB,QB1,QB_PASS_YARDS,leo-nflprop-v2,227,7.1,31.2,1.061,2
2026-09-27T12:07:02.876Z,2026-09-27,2026_03_HOU_IND,HOU @ IND,2026-09-27T17:00:00.000Z,IND,HOU,Jonathan Taylor,RB,RB1,RB_RUSH_YARDS,leo-nflprop-v1,90,4.7,20.3,0.917,2
2026-09-27T12:07:02.876Z,2026-09-27,2026_03_HOU_IND,HOU @ IND,2026-09-27T17:00:00.000Z,IND,HOU,Jonathan Taylor,RB,RB1,ANYTIME_TD,leo-nflprop-v1,0.684,,,0.917,2
2026-09-27T12:07:02.876Z,2026-09-27,2026_03_HOU_IND,HOU @ IND,2026-09-27T17:00:00.000Z,IND,HOU,Seth McGowan,RB,RB2,RB_RUSH_YARDS,leo-nflprop-v1,3,0,1,0.917,2
2026-09-27T12:07:02.876Z,2026-09-27,2026_03_HOU_IND,HOU @ IND,2026-09-27T17:00:00.000Z,IND,HOU,Seth McGowan,RB,RB2,ANYTIME_TD,leo-nflprop-v1,0.207,,,0.917,2
2026-09-27T12:07:02.876Z,2026-09-27,2026_03_HOU_IND,HOU @ IND,2026-09-27T17:00:00.000Z,IND,HOU,Josh Downs,WR,WR1,WR_REC_YARDS,leo-nflprop-v2,47,7.6,5.9,1.061,2
2026-09-27T12:07:02.876Z,2026-09-27,2026_03_HOU_IND,HOU @ IND,2026-09-27T17:00:00.000Z,IND,HOU,Josh Downs,WR,WR1,ANYTIME_TD,leo-nflprop-v1,0.17,,,1.061,2
2026-09-27T12:07:02.876Z,2026-09-27,2026_03_HOU_IND,HOU @ IND,2026-09-27T17:00:00.000Z,IND,HOU,Keenan Allen,WR,WR2,WR_REC_YARDS,leo-nflprop-v2,32,4.8,6.4,1.061,2
2026-09-27T12:07:02.876Z,2026-09-27,2026_03_HOU_IND,HOU @ IND,2026-09-27T17:00:00.000Z,IND,HOU,Keenan Allen,WR,WR2,ANYTIME_TD,leo-nflprop-v1,0.163,,,1.061,2
2026-09-27T12:07:02.876Z,2026-09-27,2026_03_HOU_IND,HOU @ IND,2026-09-27T17:00:00.000Z,IND,HOU,Laquon Treadwell,WR,WR3,WR_REC_YARDS,leo-nflprop-v2,3,5.1,0.8,1.061,2
2026-09-27T12:07:02.876Z,2026-09-27,2026_03_HOU_IND,HOU @ IND,2026-09-27T17:00:00.000Z,IND,HOU,Laquon Treadwell,WR,WR3,ANYTIME_TD,leo-nflprop-v1,0.101,,,1.061,2
2026-09-27T12:07:02.876Z,2026-09-27,2026_03_NE_JAX,NE @ JAX,2026-09-27T17:00:00.000Z,NE,JAX,Drake Maye,QB,QB1,QB_PASS_YARDS,leo-nflprop-v2,225,8,28.2,1.026,2
2026-09-27T12:07:02.876Z,2026-09-27,2026_03_NE_JAX,NE @ JAX,2026-09-27T17:00:00.000Z,NE,JAX,TreVeyon Henderson,RB,RB1,RB_RUSH_YARDS,leo-nflprop-v1,63,4.7,13.3,0.946,1
2026-09-27T12:07:02.876Z,2026-09-27,2026_03_NE_JAX,NE @ JAX,2026-09-27T17:00:00.000Z,NE,JAX,TreVeyon Henderson,RB,RB1,ANYTIME_TD,leo-nflprop-v1,0.429,,,0.946,1
2026-09-27T12:07:02.876Z,2026-09-27,2026_03_NE_JAX,NE @ JAX,2026-09-27T17:00:00.000Z,NE,JAX,Rhamondre Stevenson,RB,RB2,RB_RUSH_YARDS,leo-nflprop-v1,54,5,10.6,0.946,2
2026-09-27T12:07:02.876Z,2026-09-27,2026_03_NE_JAX,NE @ JAX,2026-09-27T17:00:00.000Z,NE,JAX,Rhamondre Stevenson,RB,RB2,ANYTIME_TD,leo-nflprop-v1,0.254,,,0.946,2
2026-09-27T12:07:02.876Z,2026-09-27,2026_03_NE_JAX,NE @ JAX,2026-09-27T17:00:00.000Z,NE,JAX,DeMario Douglas,WR,WR1,WR_REC_YARDS,leo-nflprop-v2,27,7.9,3.5,1.026,2
2026-09-27T12:07:02.876Z,2026-09-27,2026_03_NE_JAX,NE @ JAX,2026-09-27T17:00:00.000Z,NE,JAX,DeMario Douglas,WR,WR1,ANYTIME_TD,leo-nflprop-v1,0.139,,,1.026,2
2026-09-27T12:07:02.876Z,2026-09-27,2026_03_NE_JAX,NE @ JAX,2026-09-27T17:00:00.000Z,NE,JAX,Mack Hollins,WR,WR2,WR_REC_YARDS,leo-nflprop-v2,36,8.9,4.1,1.026,2
2026-09-27T12:07:02.876Z,2026-09-27,2026_03_NE_JAX,NE @ JAX,2026-09-27T17:00:00.000Z,NE,JAX,Mack Hollins,WR,WR2,ANYTIME_TD,leo-nflprop-v1,0.122,,,1.026,2
2026-09-27T12:07:02.876Z,2026-09-27,2026_03_NE_JAX,NE @ JAX,2026-09-27T17:00:00.000Z,NE,JAX,Romeo Doubs,WR,WR3,WR_REC_YARDS,leo-nflprop-v2,48,10.4,4.6,1.026,2
2026-09-27T12:07:02.876Z,2026-09-27,2026_03_NE_JAX,NE @ JAX,2026-09-27T17:00:00.000Z,NE,JAX,Romeo Doubs,WR,WR3,ANYTIME_TD,leo-nflprop-v1,0.215,,,1.026,2
2026-09-27T12:07:02.876Z,2026-09-27,2026_03_NE_JAX,NE @ JAX,2026-09-27T17:00:00.000Z,JAX,NE,Trevor Lawrence,QB,QB1,QB_PASS_YARDS,leo-nflprop-v2,208,7.7,29.5,0.9490000000000001,2
2026-09-27T12:07:02.876Z,2026-09-27,2026_03_NE_JAX,NE @ JAX,2026-09-27T17:00:00.000Z,JAX,NE,Bhayshul Tuten,RB,RB1,RB_RUSH_YARDS,leo-nflprop-v1,42,4.2,9.8,0.9420000000000001,2
2026-09-27T12:07:02.876Z,2026-09-27,2026_03_NE_JAX,NE @ JAX,2026-09-27T17:00:00.000Z,JAX,NE,Bhayshul Tuten,RB,RB1,ANYTIME_TD,leo-nflprop-v1,0.313,,,0.9420000000000001,2
2026-09-27T12:07:02.876Z,2026-09-27,2026_03_NE_JAX,NE @ JAX,2026-09-27T17:00:00.000Z,JAX,NE,Chris Rodriguez Jr.,RB,RB2,RB_RUSH_YARDS,leo-nflprop-v1,29,3.6,7.7,0.9420000000000001,2
2026-09-27T12:07:02.876Z,2026-09-27,2026_03_NE_JAX,NE @ JAX,2026-09-27T17:00:00.000Z,JAX,NE,Chris Rodriguez Jr.,RB,RB2,ANYTIME_TD,leo-nflprop-v1,0.251,,,0.9420000000000001,2
2026-09-27T12:07:02.876Z,2026-09-27,2026_03_NE_JAX,NE @ JAX,2026-09-27T17:00:00.000Z,JAX,NE,Parker Washington,WR,WR1,WR_REC_YARDS,leo-nflprop-v2,67,9.7,7.5,0.9490000000000001,2
2026-09-27T12:07:02.876Z,2026-09-27,2026_03_NE_JAX,NE @ JAX,2026-09-27T17:00:00.000Z,JAX,NE,Parker Washington,WR,WR1,ANYTIME_TD,leo-nflprop-v1,0.298,,,0.9490000000000001,2
2026-09-27T12:07:02.876Z,2026-09-27,2026_03_NE_JAX,NE @ JAX,2026-09-27T17:00:00.000Z,JAX,NE,Brian Thomas Jr.,WR,WR2,WR_REC_YARDS,leo-nflprop-v2,48,8.7,6,0.9490000000000001,2
2026-09-27T12:07:02.876Z,2026-09-27,2026_03_NE_JAX,NE @ JAX,2026-09-27T17:00:00.000Z,JAX,NE,Brian Thomas Jr.,WR,WR2,ANYTIME_TD,leo-nflprop-v1,0.113,,,0.9490000000000001,2
2026-09-27T12:07:02.876Z,2026-09-27,2026_03_NE_JAX,NE @ JAX,2026-09-27T17:00:00.000Z,JAX,NE,Jakobi Meyers,WR,WR3,WR_REC_YARDS,leo-nflprop-v2,71,16.2,4.7,0.9490000000000001,2
2026-09-27T12:07:02.876Z,2026-09-27,2026_03_NE_JAX,NE @ JAX,2026-09-27T17:00:00.000Z,JAX,NE,Jakobi Meyers,WR,WR3,ANYTIME_TD,leo-nflprop-v1,0.256,,,0.9490000000000001,2
2026-09-27T12:07:02.876Z,2026-09-27,2026_03_KC_MIA,KC @ MIA,2026-09-27T17:00:00.000Z,KC,MIA,Patrick Mahomes,QB,QB1,QB_PASS_YARDS,leo-nflprop-v2,260,7.4,36.4,0.993,2
2026-09-27T12:07:02.876Z,2026-09-27,2026_03_KC_MIA,KC @ MIA,2026-09-27T17:00:00.000Z,KC,MIA,Kenneth Walker III,RB,RB1,RB_RUSH_YARDS,leo-nflprop-v1,102,5.4,18.3,0.996,2
2026-09-27T12:07:02.876Z,2026-09-27,2026_03_KC_MIA,KC @ MIA,2026-09-27T17:00:00.000Z,KC,MIA,Kenneth Walker III,RB,RB1,ANYTIME_TD,leo-nflprop-v1,0.314,,,0.996,2
2026-09-27T12:07:02.876Z,2026-09-27,2026_03_KC_MIA,KC @ MIA,2026-09-27T17:00:00.000Z,KC,MIA,Emmett Johnson,RB,RB2,RB_RUSH_YARDS,leo-nflprop-v1,30,5.3,5,0.996,2
2026-09-27T12:07:02.876Z,2026-09-27,2026_03_KC_MIA,KC @ MIA,2026-09-27T17:00:00.000Z,KC,MIA,Emmett Johnson,RB,RB2,ANYTIME_TD,leo-nflprop-v1,0.223,,,0.996,2
2026-09-27T12:07:02.876Z,2026-09-27,2026_03_KC_MIA,KC @ MIA,2026-09-27T17:00:00.000Z,KC,MIA,Xavier Worthy,WR,WR1,WR_REC_YARDS,leo-nflprop-v2,28,5.2,5.7,0.993,2
2026-09-27T12:07:02.876Z,2026-09-27,2026_03_KC_MIA,KC @ MIA,2026-09-27T17:00:00.000Z,KC,MIA,Xavier Worthy,WR,WR1,ANYTIME_TD,leo-nflprop-v1,0.228,,,0.993,2
2026-09-27T12:07:02.876Z,2026-09-27,2026_03_KC_MIA,KC @ MIA,2026-09-27T17:00:00.000Z,KC,MIA,Rashee Rice,WR,WR2,WR_REC_YARDS,leo-nflprop-v2,67,9.5,7.2,0.993,2
2026-09-27T12:07:02.876Z,2026-09-27,2026_03_KC_MIA,KC @ MIA,2026-09-27T17:00:00.000Z,KC,MIA,Rashee Rice,WR,WR2,ANYTIME_TD,leo-nflprop-v1,0.386,,,0.993,2
2026-09-27T12:07:02.876Z,2026-09-27,2026_03_KC_MIA,KC @ MIA,2026-09-27T17:00:00.000Z,KC,MIA,Tyquan Thornton,WR,WR3,WR_REC_YARDS,leo-nflprop-v2,27,10.6,2.7,0.993,2
2026-09-27T12:07:02.876Z,2026-09-27,2026_03_KC_MIA,KC @ MIA,2026-09-27T17:00:00.000Z,KC,MIA,Tyquan Thornton,WR,WR3,ANYTIME_TD,leo-nflprop-v1,0.162,,,0.993,2
2026-09-27T12:07:02.876Z,2026-09-27,2026_03_KC_MIA,KC @ MIA,2026-09-27T17:00:00.000Z,MIA,KC,Malik Willis,QB,QB1,QB_PASS_YARDS,leo-nflprop-v2,190,7.6,28.2,0.9159999999999999,2
2026-09-27T12:07:02.876Z,2026-09-27,2026_03_KC_MIA,KC @ MIA,2026-09-27T17:00:00.000Z,MIA,KC,De'Von Achane,RB,RB1,RB_RUSH_YARDS,leo-nflprop-v1,69,4.6,15.2,0.93,2
2026-09-27T12:07:02.876Z,2026-09-27,2026_03_KC_MIA,KC @ MIA,2026-09-27T17:00:00.000Z,MIA,KC,De'Von Achane,RB,RB1,ANYTIME_TD,leo-nflprop-v1,0.252,,,0.93,2
2026-09-27T12:07:02.876Z,2026-09-27,2026_03_KC_MIA,KC @ MIA,2026-09-27T17:00:00.000Z,MIA,KC,Ollie Gordon II,RB,RB2,RB_RUSH_YARDS,leo-nflprop-v1,11,2.2,3.6,0.93,1
2026-09-27T12:07:02.876Z,2026-09-27,2026_03_KC_MIA,KC @ MIA,2026-09-27T17:00:00.000Z,MIA,KC,Ollie Gordon II,RB,RB2,ANYTIME_TD,leo-nflprop-v1,0.157,,,0.93,1
2026-09-27T12:07:02.876Z,2026-09-27,2026_03_KC_MIA,KC @ MIA,2026-09-27T17:00:00.000Z,MIA,KC,Malik Washington,WR,WR1,WR_REC_YARDS,leo-nflprop-v2,30,6.9,5,0.9159999999999999,2
2026-09-27T12:07:02.876Z,2026-09-27,2026_03_KC_MIA,KC @ MIA,2026-09-27T17:00:00.000Z,MIA,KC,Malik Washington,WR,WR1,ANYTIME_TD,leo-nflprop-v1,0.12,,,0.9159999999999999,2
2026-09-27T12:07:02.876Z,2026-09-27,2026_03_KC_MIA,KC @ MIA,2026-09-27T17:00:00.000Z,MIA,KC,Kevin Coleman Jr.,WR,WR2,WR_REC_YARDS,leo-nflprop-v2,0,0,1.9,0.9159999999999999,1
2026-09-27T12:07:02.876Z,2026-09-27,2026_03_KC_MIA,KC @ MIA,2026-09-27T17:00:00.000Z,MIA,KC,Kevin Coleman Jr.,WR,WR2,ANYTIME_TD,leo-nflprop-v1,0.197,,,0.9159999999999999,1
2026-09-27T12:07:02.876Z,2026-09-27,2026_03_KC_MIA,KC @ MIA,2026-09-27T17:00:00.000Z,MIA,KC,Chris Bell,WR,WR3,WR_REC_YARDS,leo-nflprop-v2,8,6.3,1.6,0.9159999999999999,2
2026-09-27T12:07:02.876Z,2026-09-27,2026_03_KC_MIA,KC @ MIA,2026-09-27T17:00:00.000Z,MIA,KC,Chris Bell,WR,WR3,ANYTIME_TD,leo-nflprop-v1,0.167,,,0.9159999999999999,2
2026-09-27T12:07:02.876Z,2026-09-27,2026_03_TEN_NYG,TEN @ NYG,2026-09-27T17:00:00.000Z,TEN,NYG,Cam Ward,QB,QB1,QB_PASS_YARDS,leo-nflprop-v2,177,6,29.8,1.033,2
2026-09-27T12:07:02.876Z,2026-09-27,2026_03_TEN_NYG,TEN @ NYG,2026-09-27T17:00:00.000Z,TEN,NYG,Tony Pollard,RB,RB1,RB_RUSH_YARDS,leo-nflprop-v1,60,4.5,12.4,1.006,2
2026-09-27T12:07:02.876Z,2026-09-27,2026_03_TEN_NYG,TEN @ NYG,2026-09-27T17:00:00.000Z,TEN,NYG,Tony Pollard,RB,RB1,ANYTIME_TD,leo-nflprop-v1,0.191,,,1.006,2
2026-09-27T12:07:02.876Z,2026-09-27,2026_03_TEN_NYG,TEN @ NYG,2026-09-27T17:00:00.000Z,TEN,NYG,Tyjae Spears,RB,RB2,RB_RUSH_YARDS,leo-nflprop-v1,27,4.4,5.3,1.006,2
2026-09-27T12:07:02.876Z,2026-09-27,2026_03_TEN_NYG,TEN @ NYG,2026-09-27T17:00:00.000Z,TEN,NYG,Tyjae Spears,RB,RB2,ANYTIME_TD,leo-nflprop-v1,0.14,,,1.006,2
2026-09-27T12:07:02.876Z,2026-09-27,2026_03_TEN_NYG,TEN @ NYG,2026-09-27T17:00:00.000Z,TEN,NYG,Carnell Tate,WR,WR1,WR_REC_YARDS,leo-nflprop-v2,40,5.9,6.8,1.033,2
2026-09-27T12:07:02.876Z,2026-09-27,2026_03_TEN_NYG,TEN @ NYG,2026-09-27T17:00:00.000Z,TEN,NYG,Carnell Tate,WR,WR1,ANYTIME_TD,leo-nflprop-v1,0.187,,,1.033,2
2026-09-27T12:07:02.876Z,2026-09-27,2026_03_TEN_NYG,TEN @ NYG,2026-09-27T17:00:00.000Z,TEN,NYG,Wan'Dale Robinson,WR,WR2,WR_REC_YARDS,leo-nflprop-v2,49,7.3,6.7,1.033,2
2026-09-27T12:07:02.876Z,2026-09-27,2026_03_TEN_NYG,TEN @ NYG,2026-09-27T17:00:00.000Z,TEN,NYG,Wan'Dale Robinson,WR,WR2,ANYTIME_TD,leo-nflprop-v1,0.166,,,1.033,2
2026-09-27T12:07:02.876Z,2026-09-27,2026_03_TEN_NYG,TEN @ NYG,2026-09-27T17:00:00.000Z,TEN,NYG,Elic Ayomanor,WR,WR3,WR_REC_YARDS,leo-nflprop-v2,45,9.9,4.5,1.033,2
2026-09-27T12:07:02.876Z,2026-09-27,2026_03_TEN_NYG,TEN @ NYG,2026-09-27T17:00:00.000Z,TEN,NYG,Elic Ayomanor,WR,WR3,ANYTIME_TD,leo-nflprop-v1,0.298,,,1.033,2
2026-09-27T12:07:02.876Z,2026-09-27,2026_03_TEN_NYG,TEN @ NYG,2026-09-27T17:00:00.000Z,NYG,TEN,Jameis Winston,QB,QB1,QB_PASS_YARDS,leo-nflprop-v2,181,6.2,30,1.016,1
2026-09-27T12:07:02.876Z,2026-09-27,2026_03_TEN_NYG,TEN @ NYG,2026-09-27T17:00:00.000Z,NYG,TEN,Cam Skattebo,RB,RB1,RB_RUSH_YARDS,leo-nflprop-v1,55,3.7,13.8,1.02,2
2026-09-27T12:07:02.876Z,2026-09-27,2026_03_TEN_NYG,TEN @ NYG,2026-09-27T17:00:00.000Z,NYG,TEN,Cam Skattebo,RB,RB1,ANYTIME_TD,leo-nflprop-v1,0.407,,,1.02,2
2026-09-27T12:07:02.876Z,2026-09-27,2026_03_TEN_NYG,TEN @ NYG,2026-09-27T17:00:00.000Z,NYG,TEN,Devin Singletary,RB,RB2,RB_RUSH_YARDS,leo-nflprop-v1,21,3.1,5.8,1.02,2
2026-09-27T12:07:02.876Z,2026-09-27,2026_03_TEN_NYG,TEN @ NYG,2026-09-27T17:00:00.000Z,NYG,TEN,Devin Singletary,RB,RB2,ANYTIME_TD,leo-nflprop-v1,0.194,,,1.02,2
2026-09-27T12:07:02.876Z,2026-09-27,2026_03_TEN_NYG,TEN @ NYG,2026-09-27T17:00:00.000Z,NYG,TEN,Malik Nabers,WR,WR1,WR_REC_YARDS,leo-nflprop-v2,41,5.4,7.7,1.016,2
2026-09-27T12:07:02.876Z,2026-09-27,2026_03_TEN_NYG,TEN @ NYG,2026-09-27T17:00:00.000Z,NYG,TEN,Malik Nabers,WR,WR1,ANYTIME_TD,leo-nflprop-v1,0.227,,,1.016,2
2026-09-27T12:07:02.876Z,2026-09-27,2026_03_TEN_NYG,TEN @ NYG,2026-09-27T17:00:00.000Z,NYG,TEN,Malachi Fields,WR,WR2,WR_REC_YARDS,leo-nflprop-v2,27,5.6,4.9,1.016,2
2026-09-27T12:07:02.876Z,2026-09-27,2026_03_TEN_NYG,TEN @ NYG,2026-09-27T17:00:00.000Z,NYG,TEN,Malachi Fields,WR,WR2,ANYTIME_TD,leo-nflprop-v1,0.184,,,1.016,2
2026-09-27T12:07:02.876Z,2026-09-27,2026_03_TEN_NYG,TEN @ NYG,2026-09-27T17:00:00.000Z,NYG,TEN,Darnell Mooney,WR,WR3,WR_REC_YARDS,leo-nflprop-v2,43,11.3,3.9,1.016,2
2026-09-27T12:07:02.876Z,2026-09-27,2026_03_TEN_NYG,TEN @ NYG,2026-09-27T17:00:00.000Z,NYG,TEN,Darnell Mooney,WR,WR3,ANYTIME_TD,leo-nflprop-v1,0.086,,,1.016,2
2026-09-27T12:07:02.876Z,2026-09-27,2026_03_CIN_PIT,CIN @ PIT,2026-09-27T17:00:00.000Z,CIN,PIT,Joe Burrow,QB,QB1,QB_PASS_YARDS,leo-nflprop-v2,213,7,34.1,0.9229999999999999,2
2026-09-27T12:07:02.876Z,2026-09-27,2026_03_CIN_PIT,CIN @ PIT,2026-09-27T17:00:00.000Z,CIN,PIT,Chase Brown,RB,RB1,RB_RUSH_YARDS,leo-nflprop-v1,70,4.1,15.8,1.042,2
2026-09-27T12:07:02.876Z,2026-09-27,2026_03_CIN_PIT,CIN @ PIT,2026-09-27T17:00:00.000Z,CIN,PIT,Chase Brown,RB,RB1,ANYTIME_TD,leo-nflprop-v1,0.345,,,1.042,2
2026-09-27T12:07:02.876Z,2026-09-27,2026_03_CIN_PIT,CIN @ PIT,2026-09-27T17:00:00.000Z,CIN,PIT,Samaje Perine,RB,RB2,RB_RUSH_YARDS,leo-nflprop-v1,21,3.7,4.6,1.042,2
2026-09-27T12:07:02.876Z,2026-09-27,2026_03_CIN_PIT,CIN @ PIT,2026-09-27T17:00:00.000Z,CIN,PIT,Samaje Perine,RB,RB2,ANYTIME_TD,leo-nflprop-v1,0.16,,,1.042,2
2026-09-27T12:07:02.876Z,2026-09-27,2026_03_CIN_PIT,CIN @ PIT,2026-09-27T17:00:00.000Z,CIN,PIT,Tee Higgins,WR,WR1,WR_REC_YARDS,leo-nflprop-v2,63,9.6,7.2,0.9229999999999999,2
2026-09-27T12:07:02.876Z,2026-09-27,2026_03_CIN_PIT,CIN @ PIT,2026-09-27T17:00:00.000Z,CIN,PIT,Tee Higgins,WR,WR1,ANYTIME_TD,leo-nflprop-v1,0.313,,,0.9229999999999999,2
2026-09-27T12:07:02.876Z,2026-09-27,2026_03_CIN_PIT,CIN @ PIT,2026-09-27T17:00:00.000Z,CIN,PIT,Ja'Marr Chase,WR,WR2,WR_REC_YARDS,leo-nflprop-v2,57,6.6,9.4,0.9229999999999999,2
2026-09-27T12:07:02.876Z,2026-09-27,2026_03_CIN_PIT,CIN @ PIT,2026-09-27T17:00:00.000Z,CIN,PIT,Ja'Marr Chase,WR,WR2,ANYTIME_TD,leo-nflprop-v1,0.441,,,0.9229999999999999,2
2026-09-27T12:07:02.876Z,2026-09-27,2026_03_CIN_PIT,CIN @ PIT,2026-09-27T17:00:00.000Z,CIN,PIT,Dohnte Meyers,WR,WR3,WR_REC_YARDS,leo-nflprop-v2,8,9,1.1,0.9229999999999999,2
2026-09-27T12:07:02.876Z,2026-09-27,2026_03_CIN_PIT,CIN @ PIT,2026-09-27T17:00:00.000Z,CIN,PIT,Dohnte Meyers,WR,WR3,ANYTIME_TD,leo-nflprop-v1,0.169,,,0.9229999999999999,2
2026-09-27T12:07:02.876Z,2026-09-27,2026_03_CIN_PIT,CIN @ PIT,2026-09-27T17:00:00.000Z,PIT,CIN,Aaron Rodgers,QB,QB1,QB_PASS_YARDS,leo-nflprop-v2,215,5.8,35.3,1.082,2
2026-09-27T12:07:02.876Z,2026-09-27,2026_03_CIN_PIT,CIN @ PIT,2026-09-27T17:00:00.000Z,PIT,CIN,Jaylen Warren,RB,RB1,RB_RUSH_YARDS,leo-nflprop-v1,49,4.4,11.8,0.885,2
2026-09-27T12:07:02.876Z,2026-09-27,2026_03_CIN_PIT,CIN @ PIT,2026-09-27T17:00:00.000Z,PIT,CIN,Jaylen Warren,RB,RB1,ANYTIME_TD,leo-nflprop-v1,0.199,,,0.885,2
2026-09-27T12:07:02.876Z,2026-09-27,2026_03_CIN_PIT,CIN @ PIT,2026-09-27T17:00:00.000Z,PIT,CIN,Travis Homer,RB,RB2,RB_RUSH_YARDS,leo-nflprop-v1,7,3.9,1.1,0.885,1
2026-09-27T12:07:02.876Z,2026-09-27,2026_03_CIN_PIT,CIN @ PIT,2026-09-27T17:00:00.000Z,PIT,CIN,Travis Homer,RB,RB2,ANYTIME_TD,leo-nflprop-v1,0.109,,,0.885,1
2026-09-27T12:07:02.876Z,2026-09-27,2026_03_CIN_PIT,CIN @ PIT,2026-09-27T17:00:00.000Z,PIT,CIN,DK Metcalf,WR,WR1,WR_REC_YARDS,leo-nflprop-v2,52,6.2,7.9,1.082,2
2026-09-27T12:07:02.876Z,2026-09-27,2026_03_CIN_PIT,CIN @ PIT,2026-09-27T17:00:00.000Z,PIT,CIN,DK Metcalf,WR,WR1,ANYTIME_TD,leo-nflprop-v1,0.235,,,1.082,2
2026-09-27T12:07:02.876Z,2026-09-27,2026_03_CIN_PIT,CIN @ PIT,2026-09-27T17:00:00.000Z,PIT,CIN,Germie Bernard,WR,WR2,WR_REC_YARDS,leo-nflprop-v2,33,4.4,7.2,1.082,1
2026-09-27T12:07:02.876Z,2026-09-27,2026_03_CIN_PIT,CIN @ PIT,2026-09-27T17:00:00.000Z,PIT,CIN,Germie Bernard,WR,WR2,ANYTIME_TD,leo-nflprop-v1,0.229,,,1.082,1
2026-09-27T12:07:02.876Z,2026-09-27,2026_03_CIN_PIT,CIN @ PIT,2026-09-27T17:00:00.000Z,PIT,CIN,Roman Wilson,WR,WR3,WR_REC_YARDS,leo-nflprop-v2,21,5.6,3.7,1.082,2
2026-09-27T12:07:02.876Z,2026-09-27,2026_03_CIN_PIT,CIN @ PIT,2026-09-27T17:00:00.000Z,PIT,CIN,Roman Wilson,WR,WR3,ANYTIME_TD,leo-nflprop-v1,0.167,,,1.082,2
2026-09-27T12:07:02.876Z,2026-09-27,2026_03_SEA_WAS,SEA @ WAS,2026-09-27T17:00:00.000Z,SEA,WAS,Drew Lock,QB,QB1,QB_PASS_YARDS,leo-nflprop-v2,213,7.8,27.7,1.018,2
2026-09-27T12:07:02.876Z,2026-09-27,2026_03_SEA_WAS,SEA @ WAS,2026-09-27T17:00:00.000Z,SEA,WAS,Emanuel Wilson,RB,RB1,RB_RUSH_YARDS,leo-nflprop-v1,33,3.2,9.4,0.9620000000000001,2
2026-09-27T12:07:02.876Z,2026-09-27,2026_03_SEA_WAS,SEA @ WAS,2026-09-27T17:00:00.000Z,SEA,WAS,Emanuel Wilson,RB,RB1,ANYTIME_TD,leo-nflprop-v1,0.137,,,0.9620000000000001,2
2026-09-27T12:07:02.876Z,2026-09-27,2026_03_SEA_WAS,SEA @ WAS,2026-09-27T17:00:00.000Z,SEA,WAS,Jadarian Price,RB,RB2,RB_RUSH_YARDS,leo-nflprop-v1,54,4.6,11.5,0.9620000000000001,2
2026-09-27T12:07:02.876Z,2026-09-27,2026_03_SEA_WAS,SEA @ WAS,2026-09-27T17:00:00.000Z,SEA,WAS,Jadarian Price,RB,RB2,ANYTIME_TD,leo-nflprop-v1,0.216,,,0.9620000000000001,2
2026-09-27T12:07:02.876Z,2026-09-27,2026_03_SEA_WAS,SEA @ WAS,2026-09-27T17:00:00.000Z,SEA,WAS,Jaxon Smith-Njigba,WR,WR1,WR_REC_YARDS,leo-nflprop-v2,123,12,10.2,1.018,2
2026-09-27T12:07:02.876Z,2026-09-27,2026_03_SEA_WAS,SEA @ WAS,2026-09-27T17:00:00.000Z,SEA,WAS,Jaxon Smith-Njigba,WR,WR1,ANYTIME_TD,leo-nflprop-v1,0.642,,,1.018,2
2026-09-27T12:07:02.876Z,2026-09-27,2026_03_SEA_WAS,SEA @ WAS,2026-09-27T17:00:00.000Z,SEA,WAS,Rashid Shaheed,WR,WR2,WR_REC_YARDS,leo-nflprop-v2,22,5.1,4.5,1.018,2
2026-09-27T12:07:02.876Z,2026-09-27,2026_03_SEA_WAS,SEA @ WAS,2026-09-27T17:00:00.000Z,SEA,WAS,Rashid Shaheed,WR,WR2,ANYTIME_TD,leo-nflprop-v1,0.102,,,1.018,2
2026-09-27T12:07:02.876Z,2026-09-27,2026_03_SEA_WAS,SEA @ WAS,2026-09-27T17:00:00.000Z,SEA,WAS,Cooper Kupp,WR,WR3,WR_REC_YARDS,leo-nflprop-v2,38,10.9,3.6,1.018,2
2026-09-27T12:07:02.876Z,2026-09-27,2026_03_SEA_WAS,SEA @ WAS,2026-09-27T17:00:00.000Z,SEA,WAS,Cooper Kupp,WR,WR3,ANYTIME_TD,leo-nflprop-v1,0.111,,,1.018,2
2026-09-27T12:07:02.876Z,2026-09-27,2026_03_SEA_WAS,SEA @ WAS,2026-09-27T17:00:00.000Z,WAS,SEA,Marcus Mariota,QB,QB1,QB_PASS_YARDS,leo-nflprop-v2,149,7.4,24.3,0.866,1
2026-09-27T12:07:02.876Z,2026-09-27,2026_03_SEA_WAS,SEA @ WAS,2026-09-27T17:00:00.000Z,WAS,SEA,Jacory Croskey-Merritt,RB,RB1,RB_RUSH_YARDS,leo-nflprop-v1,51,4.2,12.1,0.929,2
2026-09-27T12:07:02.876Z,2026-09-27,2026_03_SEA_WAS,SEA @ WAS,2026-09-27T17:00:00.000Z,WAS,SEA,Jacory Croskey-Merritt,RB,RB1,ANYTIME_TD,leo-nflprop-v1,0.351,,,0.929,2
2026-09-27T12:07:02.876Z,2026-09-27,2026_03_SEA_WAS,SEA @ WAS,2026-09-27T17:00:00.000Z,WAS,SEA,Rachaad White,RB,RB2,RB_RUSH_YARDS,leo-nflprop-v1,38,5,7.4,0.929,2
2026-09-27T12:07:02.876Z,2026-09-27,2026_03_SEA_WAS,SEA @ WAS,2026-09-27T17:00:00.000Z,WAS,SEA,Rachaad White,RB,RB2,ANYTIME_TD,leo-nflprop-v1,0.156,,,0.929,2
2026-09-27T12:07:02.876Z,2026-09-27,2026_03_SEA_WAS,SEA @ WAS,2026-09-27T17:00:00.000Z,WAS,SEA,Stefon Diggs,WR,WR1,WR_REC_YARDS,leo-nflprop-v2,43,8.2,6.2,0.866,2
2026-09-27T12:07:02.876Z,2026-09-27,2026_03_SEA_WAS,SEA @ WAS,2026-09-27T17:00:00.000Z,WAS,SEA,Stefon Diggs,WR,WR1,ANYTIME_TD,leo-nflprop-v1,0.439,,,0.866,2
2026-09-27T12:07:02.876Z,2026-09-27,2026_03_SEA_WAS,SEA @ WAS,2026-09-27T17:00:00.000Z,WAS,SEA,Terry McLaurin,WR,WR2,WR_REC_YARDS,leo-nflprop-v2,41,7.8,6.2,0.866,2
2026-09-27T12:07:02.876Z,2026-09-27,2026_03_SEA_WAS,SEA @ WAS,2026-09-27T17:00:00.000Z,WAS,SEA,Terry McLaurin,WR,WR2,ANYTIME_TD,leo-nflprop-v1,0.159,,,0.866,2
2026-09-27T12:07:02.876Z,2026-09-27,2026_03_SEA_WAS,SEA @ WAS,2026-09-27T17:00:00.000Z,WAS,SEA,Dyami Brown,WR,WR3,WR_REC_YARDS,leo-nflprop-v2,8,3.3,3.1,0.866,2
2026-09-27T12:07:02.876Z,2026-09-27,2026_03_SEA_WAS,SEA @ WAS,2026-09-27T17:00:00.000Z,WAS,SEA,Dyami Brown,WR,WR3,ANYTIME_TD,leo-nflprop-v1,0.091,,,0.866,2
2026-09-27T12:07:02.876Z,2026-09-27,2026_03_ARI_SF,ARI @ SF,2026-09-27T20:05:00.000Z,ARI,SF,Jacoby Brissett,QB,QB1,QB_PASS_YARDS,leo-nflprop-v2,210,6.4,36.4,0.9329999999999999,2
2026-09-27T12:07:02.876Z,2026-09-27,2026_03_ARI_SF,ARI @ SF,2026-09-27T20:05:00.000Z,ARI,SF,Tyler Allgeier,RB,RB1,RB_RUSH_YARDS,leo-nflprop-v1,34,3.2,9.7,0.995,2
2026-09-27T12:07:02.876Z,2026-09-27,2026_03_ARI_SF,ARI @ SF,2026-09-27T20:05:00.000Z,ARI,SF,Tyler Allgeier,RB,RB1,ANYTIME_TD,leo-nflprop-v1,0.257,,,0.995,2
2026-09-27T12:07:02.876Z,2026-09-27,2026_03_ARI_SF,ARI @ SF,2026-09-27T20:05:00.000Z,ARI,SF,Jeremiyah Love,RB,RB2,RB_RUSH_YARDS,leo-nflprop-v1,38,3.5,10,0.995,2
2026-09-27T12:07:02.876Z,2026-09-27,2026_03_ARI_SF,ARI @ SF,2026-09-27T20:05:00.000Z,ARI,SF,Jeremiyah Love,RB,RB2,ANYTIME_TD,leo-nflprop-v1,0.341,,,0.995,2
2026-09-27T12:07:02.876Z,2026-09-27,2026_03_ARI_SF,ARI @ SF,2026-09-27T20:05:00.000Z,ARI,SF,Michael Wilson,WR,WR1,WR_REC_YARDS,leo-nflprop-v2,43,6.5,7.3,0.9329999999999999,2
2026-09-27T12:07:02.876Z,2026-09-27,2026_03_ARI_SF,ARI @ SF,2026-09-27T20:05:00.000Z,ARI,SF,Michael Wilson,WR,WR1,ANYTIME_TD,leo-nflprop-v1,0.212,,,0.9329999999999999,2
2026-09-27T12:07:02.876Z,2026-09-27,2026_03_ARI_SF,ARI @ SF,2026-09-27T20:05:00.000Z,ARI,SF,Kendrick Bourne,WR,WR2,WR_REC_YARDS,leo-nflprop-v2,36,8.3,4.8,0.9329999999999999,2
2026-09-27T12:07:02.876Z,2026-09-27,2026_03_ARI_SF,ARI @ SF,2026-09-27T20:05:00.000Z,ARI,SF,Kendrick Bourne,WR,WR2,ANYTIME_TD,leo-nflprop-v1,0.054,,,0.9329999999999999,2
2026-09-27T12:07:02.876Z,2026-09-27,2026_03_ARI_SF,ARI @ SF,2026-09-27T20:05:00.000Z,ARI,SF,Marvin Harrison Jr.,WR,WR3,WR_REC_YARDS,leo-nflprop-v2,29,7.1,4.6,0.9329999999999999,2
2026-09-27T12:07:02.876Z,2026-09-27,2026_03_ARI_SF,ARI @ SF,2026-09-27T20:05:00.000Z,ARI,SF,Marvin Harrison Jr.,WR,WR3,ANYTIME_TD,leo-nflprop-v1,0.182,,,0.9329999999999999,2
2026-09-27T12:07:02.876Z,2026-09-27,2026_03_ARI_SF,ARI @ SF,2026-09-27T20:05:00.000Z,SF,ARI,Brock Purdy,QB,QB1,QB_PASS_YARDS,leo-nflprop-v2,234,8.2,29.8,0.991,2
2026-09-27T12:07:02.876Z,2026-09-27,2026_03_ARI_SF,ARI @ SF,2026-09-27T20:05:00.000Z,SF,ARI,Kaelon Black,RB,RB1,RB_RUSH_YARDS,leo-nflprop-v1,47,4.1,10.5,1.023,2
2026-09-27T12:07:02.876Z,2026-09-27,2026_03_ARI_SF,ARI @ SF,2026-09-27T20:05:00.000Z,SF,ARI,Kaelon Black,RB,RB1,ANYTIME_TD,leo-nflprop-v1,0.228,,,1.023,2
2026-09-27T12:07:02.876Z,2026-09-27,2026_03_ARI_SF,ARI @ SF,2026-09-27T20:05:00.000Z,SF,ARI,Christian McCaffrey,RB,RB2,RB_RUSH_YARDS,leo-nflprop-v1,64,4.2,14.1,1.023,2
2026-09-27T12:07:02.876Z,2026-09-27,2026_03_ARI_SF,ARI @ SF,2026-09-27T20:05:00.000Z,SF,ARI,Christian McCaffrey,RB,RB2,ANYTIME_TD,leo-nflprop-v1,0.506,,,1.023,2
2026-09-27T12:07:02.876Z,2026-09-27,2026_03_ARI_SF,ARI @ SF,2026-09-27T20:05:00.000Z,SF,ARI,Deebo Samuel Sr.,WR,WR1,WR_REC_YARDS,leo-nflprop-v2,49,7.3,6.9,0.991,2
2026-09-27T12:07:02.876Z,2026-09-27,2026_03_ARI_SF,ARI @ SF,2026-09-27T20:05:00.000Z,SF,ARI,Deebo Samuel Sr.,WR,WR1,ANYTIME_TD,leo-nflprop-v1,0.309,,,0.991,2
2026-09-27T12:07:02.876Z,2026-09-27,2026_03_ARI_SF,ARI @ SF,2026-09-27T20:05:00.000Z,SF,ARI,Mike Evans,WR,WR2,WR_REC_YARDS,leo-nflprop-v2,59,9.4,6.4,0.991,2
2026-09-27T12:07:02.876Z,2026-09-27,2026_03_ARI_SF,ARI @ SF,2026-09-27T20:05:00.000Z,SF,ARI,Mike Evans,WR,WR2,ANYTIME_TD,leo-nflprop-v1,0.324,,,0.991,2
2026-09-27T12:07:02.876Z,2026-09-27,2026_03_ARI_SF,ARI @ SF,2026-09-27T20:05:00.000Z,SF,ARI,KhaDarel Hodge,WR,WR3,WR_REC_YARDS,leo-nflprop-v2,3,4.7,0.9,0.991,2
2026-09-27T12:07:02.876Z,2026-09-27,2026_03_ARI_SF,ARI @ SF,2026-09-27T20:05:00.000Z,SF,ARI,KhaDarel Hodge,WR,WR3,ANYTIME_TD,leo-nflprop-v1,0.081,,,0.991,2
2026-09-27T12:07:02.876Z,2026-09-27,2026_03_MIN_TB,MIN @ TB,2026-09-27T20:05:00.000Z,MIN,TB,Carson Wentz,QB,QB1,QB_PASS_YARDS,leo-nflprop-v2,188,7.2,26.7,1.026,2
2026-09-27T12:07:02.876Z,2026-09-27,2026_03_MIN_TB,MIN @ TB,2026-09-27T20:05:00.000Z,MIN,TB,Aaron Jones,RB,RB1,RB_RUSH_YARDS,leo-nflprop-v1,54,4,14.3,0.8859999999999999,2
2026-09-27T12:07:02.876Z,2026-09-27,2026_03_MIN_TB,MIN @ TB,2026-09-27T20:05:00.000Z,MIN,TB,Aaron Jones,RB,RB1,ANYTIME_TD,leo-nflprop-v1,0.25,,,0.8859999999999999,2
2026-09-27T12:07:02.876Z,2026-09-27,2026_03_MIN_TB,MIN @ TB,2026-09-27T20:05:00.000Z,MIN,TB,DeeJay Dallas,RB,RB2,RB_RUSH_YARDS,leo-nflprop-v1,5,2.1,0.8,0.8859999999999999,2
2026-09-27T12:07:02.876Z,2026-09-27,2026_03_MIN_TB,MIN @ TB,2026-09-27T20:05:00.000Z,MIN,TB,DeeJay Dallas,RB,RB2,ANYTIME_TD,leo-nflprop-v1,0.115,,,0.8859999999999999,2
2026-09-27T12:07:02.876Z,2026-09-27,2026_03_MIN_TB,MIN @ TB,2026-09-27T20:05:00.000Z,MIN,TB,Justin Jefferson,WR,WR1,WR_REC_YARDS,leo-nflprop-v2,69,8.5,8.1,1.026,2
2026-09-27T12:07:02.876Z,2026-09-27,2026_03_MIN_TB,MIN @ TB,2026-09-27T20:05:00.000Z,MIN,TB,Justin Jefferson,WR,WR1,ANYTIME_TD,leo-nflprop-v1,0.365,,,1.026,2
2026-09-27T12:07:02.876Z,2026-09-27,2026_03_MIN_TB,MIN @ TB,2026-09-27T20:05:00.000Z,MIN,TB,Jordan Addison,WR,WR2,WR_REC_YARDS,leo-nflprop-v2,23,5.1,4.6,1.026,2
2026-09-27T12:07:02.876Z,2026-09-27,2026_03_MIN_TB,MIN @ TB,2026-09-27T20:05:00.000Z,MIN,TB,Jordan Addison,WR,WR2,ANYTIME_TD,leo-nflprop-v1,0.151,,,1.026,2
2026-09-27T12:07:02.876Z,2026-09-27,2026_03_MIN_TB,MIN @ TB,2026-09-27T20:05:00.000Z,MIN,TB,Jauan Jennings,WR,WR3,WR_REC_YARDS,leo-nflprop-v2,12,3.5,3.8,1.026,1
2026-09-27T12:07:02.876Z,2026-09-27,2026_03_MIN_TB,MIN @ TB,2026-09-27T20:05:00.000Z,MIN,TB,Jauan Jennings,WR,WR3,ANYTIME_TD,leo-nflprop-v1,0.344,,,1.026,1
2026-09-27T12:07:02.876Z,2026-09-27,2026_03_MIN_TB,MIN @ TB,2026-09-27T20:05:00.000Z,TB,MIN,Baker Mayfield,QB,QB1,QB_PASS_YARDS,leo-nflprop-v2,219,6.6,31.5,1.089,2
2026-09-27T12:07:02.876Z,2026-09-27,2026_03_MIN_TB,MIN @ TB,2026-09-27T20:05:00.000Z,TB,MIN,Bucky Irving,RB,RB1,RB_RUSH_YARDS,leo-nflprop-v1,66,4.4,14.9,0.96,2
2026-09-27T12:07:02.876Z,2026-09-27,2026_03_MIN_TB,MIN @ TB,2026-09-27T20:05:00.000Z,TB,MIN,Bucky Irving,RB,RB1,ANYTIME_TD,leo-nflprop-v1,0.253,,,0.96,2
2026-09-27T12:07:02.876Z,2026-09-27,2026_03_MIN_TB,MIN @ TB,2026-09-27T20:05:00.000Z,TB,MIN,Kenny Gainwell,RB,RB2,RB_RUSH_YARDS,leo-nflprop-v1,23,4,5.1,0.96,2
2026-09-27T12:07:02.876Z,2026-09-27,2026_03_MIN_TB,MIN @ TB,2026-09-27T20:05:00.000Z,TB,MIN,Kenny Gainwell,RB,RB2,ANYTIME_TD,leo-nflprop-v1,0.183,,,0.96,2
2026-09-27T12:07:02.876Z,2026-09-27,2026_03_MIN_TB,MIN @ TB,2026-09-27T20:05:00.000Z,TB,MIN,Emeka Egbuka,WR,WR1,WR_REC_YARDS,leo-nflprop-v2,52,7.4,6.7,1.089,2
2026-09-27T12:07:02.876Z,2026-09-27,2026_03_MIN_TB,MIN @ TB,2026-09-27T20:05:00.000Z,TB,MIN,Emeka Egbuka,WR,WR1,ANYTIME_TD,leo-nflprop-v1,0.348,,,1.089,2
2026-09-27T12:07:02.876Z,2026-09-27,2026_03_MIN_TB,MIN @ TB,2026-09-27T20:05:00.000Z,TB,MIN,Ted Hurst III,WR,WR2,WR_REC_YARDS,leo-nflprop-v2,44,7.9,5.2,1.089,2
2026-09-27T12:07:02.876Z,2026-09-27,2026_03_MIN_TB,MIN @ TB,2026-09-27T20:05:00.000Z,TB,MIN,Ted Hurst III,WR,WR2,ANYTIME_TD,leo-nflprop-v1,0.196,,,1.089,2
2026-09-27T12:07:02.876Z,2026-09-27,2026_03_MIN_TB,MIN @ TB,2026-09-27T20:05:00.000Z,TB,MIN,Chris Godwin Jr.,WR,WR3,WR_REC_YARDS,leo-nflprop-v2,51,9.9,4.9,1.089,2
2026-09-27T12:07:02.876Z,2026-09-27,2026_03_MIN_TB,MIN @ TB,2026-09-27T20:05:00.000Z,TB,MIN,Chris Godwin Jr.,WR,WR3,ANYTIME_TD,leo-nflprop-v1,0.168,,,1.089,2
2026-09-27T12:07:02.876Z,2026-09-27,2026_03_BAL_DAL,BAL @ DAL,2026-09-27T20:25:00.000Z,BAL,DAL,Lamar Jackson,QB,QB1,QB_PASS_YARDS,leo-nflprop-v2,233,9.1,26.7,0.986,2
2026-09-27T12:07:02.876Z,2026-09-27,2026_03_BAL_DAL,BAL @ DAL,2026-09-27T20:25:00.000Z,BAL,DAL,Derrick Henry,RB,RB1,RB_RUSH_YARDS,leo-nflprop-v1,117,5.2,19,1.15,2
2026-09-27T12:07:02.876Z,2026-09-27,2026_03_BAL_DAL,BAL @ DAL,2026-09-27T20:25:00.000Z,BAL,DAL,Derrick Henry,RB,RB1,ANYTIME_TD,leo-nflprop-v1,0.72,,,1.15,2
2026-09-27T12:07:02.876Z,2026-09-27,2026_03_BAL_DAL,BAL @ DAL,2026-09-27T20:25:00.000Z,BAL,DAL,Justice Hill,RB,RB2,RB_RUSH_YARDS,leo-nflprop-v1,14,3.1,2.9,1.15,2
2026-09-27T12:07:02.876Z,2026-09-27,2026_03_BAL_DAL,BAL @ DAL,2026-09-27T20:25:00.000Z,BAL,DAL,Justice Hill,RB,RB2,ANYTIME_TD,leo-nflprop-v1,0.185,,,1.15,2
2026-09-27T12:07:02.876Z,2026-09-27,2026_03_BAL_DAL,BAL @ DAL,2026-09-27T20:25:00.000Z,BAL,DAL,Zay Flowers,WR,WR1,WR_REC_YARDS,leo-nflprop-v2,122,17.8,7,0.986,1
2026-09-27T12:07:02.876Z,2026-09-27,2026_03_BAL_DAL,BAL @ DAL,2026-09-27T20:25:00.000Z,BAL,DAL,Zay Flowers,WR,WR1,ANYTIME_TD,leo-nflprop-v1,0.35,,,0.986,1
2026-09-27T12:07:02.876Z,2026-09-27,2026_03_BAL_DAL,BAL @ DAL,2026-09-27T20:25:00.000Z,BAL,DAL,Rashod Bateman,WR,WR2,WR_REC_YARDS,leo-nflprop-v2,17,5.2,3.6,0.986,2
2026-09-27T12:07:02.876Z,2026-09-27,2026_03_BAL_DAL,BAL @ DAL,2026-09-27T20:25:00.000Z,BAL,DAL,Rashod Bateman,WR,WR2,ANYTIME_TD,leo-nflprop-v1,0.256,,,0.986,2
2026-09-27T12:07:02.876Z,2026-09-27,2026_03_BAL_DAL,BAL @ DAL,2026-09-27T20:25:00.000Z,BAL,DAL,Chris Moore,WR,WR3,WR_REC_YARDS,leo-nflprop-v2,26,11.5,2.4,0.986,2
2026-09-27T12:07:02.876Z,2026-09-27,2026_03_BAL_DAL,BAL @ DAL,2026-09-27T20:25:00.000Z,BAL,DAL,Chris Moore,WR,WR3,ANYTIME_TD,leo-nflprop-v1,0.109,,,0.986,2
2026-09-27T12:07:02.876Z,2026-09-27,2026_03_BAL_DAL,BAL @ DAL,2026-09-27T20:25:00.000Z,DAL,BAL,Dak Prescott,QB,QB1,QB_PASS_YARDS,leo-nflprop-v2,239,7.3,34.7,0.972,2
2026-09-27T12:07:02.876Z,2026-09-27,2026_03_BAL_DAL,BAL @ DAL,2026-09-27T20:25:00.000Z,DAL,BAL,Javonte Williams,RB,RB1,RB_RUSH_YARDS,leo-nflprop-v1,52,3.9,13.9,0.9109999999999999,2
2026-09-27T12:07:02.876Z,2026-09-27,2026_03_BAL_DAL,BAL @ DAL,2026-09-27T20:25:00.000Z,DAL,BAL,Javonte Williams,RB,RB1,ANYTIME_TD,leo-nflprop-v1,0.405,,,0.9109999999999999,2
2026-09-27T12:07:02.876Z,2026-09-27,2026_03_BAL_DAL,BAL @ DAL,2026-09-27T20:25:00.000Z,DAL,BAL,Emari Demercado,RB,RB2,RB_RUSH_YARDS,leo-nflprop-v1,17,4.8,3.1,0.9109999999999999,2
2026-09-27T12:07:02.876Z,2026-09-27,2026_03_BAL_DAL,BAL @ DAL,2026-09-27T20:25:00.000Z,DAL,BAL,Emari Demercado,RB,RB2,ANYTIME_TD,leo-nflprop-v1,0.074,,,0.9109999999999999,2
2026-09-27T12:07:02.876Z,2026-09-27,2026_03_BAL_DAL,BAL @ DAL,2026-09-27T20:25:00.000Z,DAL,BAL,CeeDee Lamb,WR,WR1,WR_REC_YARDS,leo-nflprop-v2,86,10.2,8.8,0.972,2
2026-09-27T12:07:02.876Z,2026-09-27,2026_03_BAL_DAL,BAL @ DAL,2026-09-27T20:25:00.000Z,DAL,BAL,CeeDee Lamb,WR,WR1,ANYTIME_TD,leo-nflprop-v1,0.478,,,0.972,2
2026-09-27T12:07:02.876Z,2026-09-27,2026_03_BAL_DAL,BAL @ DAL,2026-09-27T20:25:00.000Z,DAL,BAL,George Pickens,WR,WR2,WR_REC_YARDS,leo-nflprop-v2,55,7.5,7.6,0.972,2
2026-09-27T12:07:02.876Z,2026-09-27,2026_03_BAL_DAL,BAL @ DAL,2026-09-27T20:25:00.000Z,DAL,BAL,George Pickens,WR,WR2,ANYTIME_TD,leo-nflprop-v1,0.262,,,0.972,2
2026-09-27T12:07:02.876Z,2026-09-27,2026_03_BAL_DAL,BAL @ DAL,2026-09-27T20:25:00.000Z,DAL,BAL,Ryan Flournoy,WR,WR3,WR_REC_YARDS,leo-nflprop-v2,21,5.3,4.3,0.972,2
2026-09-27T12:07:02.876Z,2026-09-27,2026_03_BAL_DAL,BAL @ DAL,2026-09-27T20:25:00.000Z,DAL,BAL,Ryan Flournoy,WR,WR3,ANYTIME_TD,leo-nflprop-v1,0.164,,,0.972,2
2026-09-27T12:07:02.876Z,2026-09-27,2026_03_LV_NO,LV @ NO,2026-09-27T20:25:00.000Z,LV,NO,Kirk Cousins,QB,QB1,QB_PASS_YARDS,leo-nflprop-v2,196,6.8,30.3,0.988,2
2026-09-27T12:07:02.876Z,2026-09-27,2026_03_LV_NO,LV @ NO,2026-09-27T20:25:00.000Z,LV,NO,Ashton Jeanty,RB,RB1,RB_RUSH_YARDS,leo-nflprop-v1,72,3.4,18.8,1.0659999999999998,2
2026-09-27T12:07:02.876Z,2026-09-27,2026_03_LV_NO,LV @ NO,2026-09-27T20:25:00.000Z,LV,NO,Ashton Jeanty,RB,RB1,ANYTIME_TD,leo-nflprop-v1,0.202,,,1.0659999999999998,2
2026-09-27T12:07:02.876Z,2026-09-27,2026_03_LV_NO,LV @ NO,2026-09-27T20:25:00.000Z,LV,NO,Mike Washington Jr.,RB,RB2,RB_RUSH_YARDS,leo-nflprop-v1,25,4.1,5,1.0659999999999998,2
2026-09-27T12:07:02.876Z,2026-09-27,2026_03_LV_NO,LV @ NO,2026-09-27T20:25:00.000Z,LV,NO,Mike Washington Jr.,RB,RB2,ANYTIME_TD,leo-nflprop-v1,0.237,,,1.0659999999999998,2
2026-09-27T12:07:02.876Z,2026-09-27,2026_03_LV_NO,LV @ NO,2026-09-27T20:25:00.000Z,LV,NO,Tre Tucker,WR,WR1,WR_REC_YARDS,leo-nflprop-v2,52,9.8,5.4,0.988,2
2026-09-27T12:07:02.876Z,2026-09-27,2026_03_LV_NO,LV @ NO,2026-09-27T20:25:00.000Z,LV,NO,Tre Tucker,WR,WR1,ANYTIME_TD,leo-nflprop-v1,0.302,,,0.988,2
2026-09-27T12:07:02.876Z,2026-09-27,2026_03_LV_NO,LV @ NO,2026-09-27T20:25:00.000Z,LV,NO,Jalen Nailor,WR,WR2,WR_REC_YARDS,leo-nflprop-v2,18,5.5,3.6,0.988,2
2026-09-27T12:07:02.876Z,2026-09-27,2026_03_LV_NO,LV @ NO,2026-09-27T20:25:00.000Z,LV,NO,Jalen Nailor,WR,WR2,ANYTIME_TD,leo-nflprop-v1,0.153,,,0.988,2
2026-09-27T12:07:02.876Z,2026-09-27,2026_03_LV_NO,LV @ NO,2026-09-27T20:25:00.000Z,LV,NO,Jack Bech,WR,WR3,WR_REC_YARDS,leo-nflprop-v2,19,8.1,2.5,0.988,2
2026-09-27T12:07:02.876Z,2026-09-27,2026_03_LV_NO,LV @ NO,2026-09-27T20:25:00.000Z,LV,NO,Jack Bech,WR,WR3,ANYTIME_TD,leo-nflprop-v1,0.201,,,0.988,2
2026-09-27T12:07:02.876Z,2026-09-27,2026_03_LV_NO,LV @ NO,2026-09-27T20:25:00.000Z,NO,LV,Tyler Shough,QB,QB1,QB_PASS_YARDS,leo-nflprop-v2,268,7.3,38.8,0.9670000000000001,2
2026-09-27T12:07:02.876Z,2026-09-27,2026_03_LV_NO,LV @ NO,2026-09-27T20:25:00.000Z,NO,LV,Kendre Miller,RB,RB1,RB_RUSH_YARDS,leo-nflprop-v1,32,3.8,7.9,0.961,1
2026-09-27T12:07:02.876Z,2026-09-27,2026_03_LV_NO,LV @ NO,2026-09-27T20:25:00.000Z,NO,LV,Kendre Miller,RB,RB1,ANYTIME_TD,leo-nflprop-v1,0.32,,,0.961,1
2026-09-27T12:07:02.876Z,2026-09-27,2026_03_LV_NO,LV @ NO,2026-09-27T20:25:00.000Z,NO,LV,Alvin Kamara,RB,RB2,RB_RUSH_YARDS,leo-nflprop-v1,29,2.6,10.5,0.961,1
2026-09-27T12:07:02.876Z,2026-09-27,2026_03_LV_NO,LV @ NO,2026-09-27T20:25:00.000Z,NO,LV,Alvin Kamara,RB,RB2,ANYTIME_TD,leo-nflprop-v1,0.138,,,0.961,1
2026-09-27T12:07:02.876Z,2026-09-27,2026_03_LV_NO,LV @ NO,2026-09-27T20:25:00.000Z,NO,LV,Chris Olave,WR,WR1,WR_REC_YARDS,leo-nflprop-v2,96,9.6,10.5,0.9670000000000001,2
2026-09-27T12:07:02.876Z,2026-09-27,2026_03_LV_NO,LV @ NO,2026-09-27T20:25:00.000Z,NO,LV,Chris Olave,WR,WR1,ANYTIME_TD,leo-nflprop-v1,0.38,,,0.9670000000000001,2
2026-09-27T12:07:02.876Z,2026-09-27,2026_03_LV_NO,LV @ NO,2026-09-27T20:25:00.000Z,NO,LV,Devaughn Vele,WR,WR2,WR_REC_YARDS,leo-nflprop-v2,39,7.5,5.6,0.9670000000000001,2
2026-09-27T12:07:02.876Z,2026-09-27,2026_03_LV_NO,LV @ NO,2026-09-27T20:25:00.000Z,NO,LV,Devaughn Vele,WR,WR2,ANYTIME_TD,leo-nflprop-v1,0.277,,,0.9670000000000001,2
2026-09-27T12:07:02.876Z,2026-09-27,2026_03_LV_NO,LV @ NO,2026-09-27T20:25:00.000Z,NO,LV,Bryce Lance,WR,WR3,WR_REC_YARDS,leo-nflprop-v2,18,9.3,2.2,0.9670000000000001,2
2026-09-27T12:07:02.876Z,2026-09-27,2026_03_LV_NO,LV @ NO,2026-09-27T20:25:00.000Z,NO,LV,Bryce Lance,WR,WR3,ANYTIME_TD,leo-nflprop-v1,0.176,,,0.9670000000000001,2
2026-09-27T12:07:02.876Z,2026-09-27,2026_03_LA_DEN,LA @ DEN,2026-09-28T00:20:00.000Z,LA,DEN,Matthew Stafford,QB,QB1,QB_PASS_YARDS,leo-nflprop-v2,236,8.2,31.6,0.9390000000000001,2
2026-09-27T12:07:02.876Z,2026-09-27,2026_03_LA_DEN,LA @ DEN,2026-09-28T00:20:00.000Z,LA,DEN,Kyren Williams,RB,RB1,RB_RUSH_YARDS,leo-nflprop-v1,82,5.2,13.4,1.128,2
2026-09-27T12:07:02.876Z,2026-09-27,2026_03_LA_DEN,LA @ DEN,2026-09-28T00:20:00.000Z,LA,DEN,Kyren Williams,RB,RB1,ANYTIME_TD,leo-nflprop-v1,0.445,,,1.128,2
2026-09-27T12:07:02.876Z,2026-09-27,2026_03_LA_DEN,LA @ DEN,2026-09-28T00:20:00.000Z,LA,DEN,Blake Corum,RB,RB2,RB_RUSH_YARDS,leo-nflprop-v1,67,5.7,9.8,1.128,2
2026-09-27T12:07:02.876Z,2026-09-27,2026_03_LA_DEN,LA @ DEN,2026-09-28T00:20:00.000Z,LA,DEN,Blake Corum,RB,RB2,ANYTIME_TD,leo-nflprop-v1,0.237,,,1.128,2
2026-09-27T12:07:02.876Z,2026-09-27,2026_03_LA_DEN,LA @ DEN,2026-09-28T00:20:00.000Z,LA,DEN,Davante Adams,WR,WR1,WR_REC_YARDS,leo-nflprop-v2,73,9.5,8.3,0.9390000000000001,2
2026-09-27T12:07:02.876Z,2026-09-27,2026_03_LA_DEN,LA @ DEN,2026-09-28T00:20:00.000Z,LA,DEN,Davante Adams,WR,WR1,ANYTIME_TD,leo-nflprop-v1,0.554,,,0.9390000000000001,2
2026-09-27T12:07:02.876Z,2026-09-27,2026_03_LA_DEN,LA @ DEN,2026-09-28T00:20:00.000Z,LA,DEN,Tutu Atwell,WR,WR2,WR_REC_YARDS,leo-nflprop-v2,15,9.6,1.8,0.9390000000000001,1
2026-09-27T12:07:02.876Z,2026-09-27,2026_03_LA_DEN,LA @ DEN,2026-09-28T00:20:00.000Z,LA,DEN,Tutu Atwell,WR,WR2,ANYTIME_TD,leo-nflprop-v1,0.139,,,0.9390000000000001,1
2026-09-27T12:07:02.876Z,2026-09-27,2026_03_LA_DEN,LA @ DEN,2026-09-28T00:20:00.000Z,LA,DEN,Konata Mumpfield,WR,WR3,WR_REC_YARDS,leo-nflprop-v2,5,3.2,2,0.9390000000000001,2
2026-09-27T12:07:02.876Z,2026-09-27,2026_03_LA_DEN,LA @ DEN,2026-09-28T00:20:00.000Z,LA,DEN,Konata Mumpfield,WR,WR3,ANYTIME_TD,leo-nflprop-v1,0.104,,,0.9390000000000001,2
2026-09-27T12:07:02.876Z,2026-09-27,2026_03_LA_DEN,LA @ DEN,2026-09-28T00:20:00.000Z,DEN,LA,Bo Nix,QB,QB1,QB_PASS_YARDS,leo-nflprop-v2,194,6.7,32.8,0.912,2
2026-09-27T12:07:02.876Z,2026-09-27,2026_03_LA_DEN,LA @ DEN,2026-09-28T00:20:00.000Z,DEN,LA,J.K. Dobbins,RB,RB1,RB_RUSH_YARDS,leo-nflprop-v1,59,4.6,12.2,0.998,2
2026-09-27T12:07:02.876Z,2026-09-27,2026_03_LA_DEN,LA @ DEN,2026-09-28T00:20:00.000Z,DEN,LA,J.K. Dobbins,RB,RB1,ANYTIME_TD,leo-nflprop-v1,0.23,,,0.998,2
2026-09-27T12:07:02.876Z,2026-09-27,2026_03_LA_DEN,LA @ DEN,2026-09-28T00:20:00.000Z,DEN,LA,RJ Harvey,RB,RB2,RB_RUSH_YARDS,leo-nflprop-v1,31,4.8,5.8,0.998,1
2026-09-27T12:07:02.876Z,2026-09-27,2026_03_LA_DEN,LA @ DEN,2026-09-28T00:20:00.000Z,DEN,LA,RJ Harvey,RB,RB2,ANYTIME_TD,leo-nflprop-v1,0.275,,,0.998,1
2026-09-27T12:07:02.876Z,2026-09-27,2026_03_LA_DEN,LA @ DEN,2026-09-28T00:20:00.000Z,DEN,LA,Jaylen Waddle,WR,WR1,WR_REC_YARDS,leo-nflprop-v2,51,7.8,7.3,0.912,2
2026-09-27T12:07:02.876Z,2026-09-27,2026_03_LA_DEN,LA @ DEN,2026-09-28T00:20:00.000Z,DEN,LA,Jaylen Waddle,WR,WR1,ANYTIME_TD,leo-nflprop-v1,0.194,,,0.912,2
2026-09-27T12:07:02.876Z,2026-09-27,2026_03_LA_DEN,LA @ DEN,2026-09-28T00:20:00.000Z,DEN,LA,Courtland Sutton,WR,WR2,WR_REC_YARDS,leo-nflprop-v2,32,6,6.1,0.912,2
2026-09-27T12:07:02.876Z,2026-09-27,2026_03_LA_DEN,LA @ DEN,2026-09-28T00:20:00.000Z,DEN,LA,Courtland Sutton,WR,WR2,ANYTIME_TD,leo-nflprop-v1,0.208,,,0.912,2
2026-09-27T12:07:02.876Z,2026-09-27,2026_03_LA_DEN,LA @ DEN,2026-09-28T00:20:00.000Z,DEN,LA,Pat Bryant,WR,WR3,WR_REC_YARDS,leo-nflprop-v2,17,5.4,3.6,0.912,2
2026-09-27T12:07:02.876Z,2026-09-27,2026_03_LA_DEN,LA @ DEN,2026-09-28T00:20:00.000Z,DEN,LA,Pat Bryant,WR,WR3,ANYTIME_TD,leo-nflprop-v1,0.086,,,0.912,2
2026-09-27T21:11:03.962Z,2026-09-27,2026_03_LAC_BUF,LAC @ BUF,2026-09-27T17:00:00.000Z,LAC,BUF,Justin Herbert,QB,QB1,QB_PASS_YARDS,leo-nflprop-v2,231,7.2,30.4,1.09,3
2026-09-27T21:11:03.962Z,2026-09-27,2026_03_LAC_BUF,LAC @ BUF,2026-09-27T17:00:00.000Z,LAC,BUF,Omarion Hampton,RB,RB1,RB_RUSH_YARDS,leo-nflprop-v1,65,4,15.9,0.98,3
2026-09-27T21:11:03.962Z,2026-09-27,2026_03_LAC_BUF,LAC @ BUF,2026-09-27T17:00:00.000Z,LAC,BUF,Omarion Hampton,RB,RB1,ANYTIME_TD,leo-nflprop-v1,0.402,,,0.98,3
2026-09-27T21:11:03.962Z,2026-09-27,2026_03_LAC_BUF,LAC @ BUF,2026-09-27T17:00:00.000Z,LAC,BUF,Keaton Mitchell,RB,RB2,RB_RUSH_YARDS,leo-nflprop-v1,28,4.7,5.4,0.98,3
2026-09-27T21:11:03.962Z,2026-09-27,2026_03_LAC_BUF,LAC @ BUF,2026-09-27T17:00:00.000Z,LAC,BUF,Keaton Mitchell,RB,RB2,ANYTIME_TD,leo-nflprop-v1,0.092,,,0.98,3
2026-09-27T21:11:03.962Z,2026-09-27,2026_03_LAC_BUF,LAC @ BUF,2026-09-27T17:00:00.000Z,LAC,BUF,Quentin Johnston,WR,WR1,WR_REC_YARDS,leo-nflprop-v2,31,4.8,6,1.09,3
2026-09-27T21:11:03.962Z,2026-09-27,2026_03_LAC_BUF,LAC @ BUF,2026-09-27T17:00:00.000Z,LAC,BUF,Quentin Johnston,WR,WR1,ANYTIME_TD,leo-nflprop-v1,0.275,,,1.09,3
2026-09-27T21:11:03.962Z,2026-09-27,2026_03_LAC_BUF,LAC @ BUF,2026-09-27T17:00:00.000Z,LAC,BUF,Tre Harris,WR,WR2,WR_REC_YARDS,leo-nflprop-v2,42,9.8,4.1,1.09,3
2026-09-27T21:11:03.962Z,2026-09-27,2026_03_LAC_BUF,LAC @ BUF,2026-09-27T17:00:00.000Z,LAC,BUF,Tre Harris,WR,WR2,ANYTIME_TD,leo-nflprop-v1,0.076,,,1.09,3
2026-09-27T21:11:03.962Z,2026-09-27,2026_03_LAC_BUF,LAC @ BUF,2026-09-27T17:00:00.000Z,LAC,BUF,Ladd McConkey,WR,WR3,WR_REC_YARDS,leo-nflprop-v2,69,11.1,5.8,1.09,3
2026-09-27T21:11:03.962Z,2026-09-27,2026_03_LAC_BUF,LAC @ BUF,2026-09-27T17:00:00.000Z,LAC,BUF,Ladd McConkey,WR,WR3,ANYTIME_TD,leo-nflprop-v1,0.314,,,1.09,3
2026-09-27T21:11:03.962Z,2026-09-27,2026_03_LAC_BUF,LAC @ BUF,2026-09-27T17:00:00.000Z,BUF,LAC,Josh Allen,QB,QB1,QB_PASS_YARDS,leo-nflprop-v2,250,8.7,28.7,1.032,3
2026-09-27T21:11:03.962Z,2026-09-27,2026_03_LAC_BUF,LAC @ BUF,2026-09-27T17:00:00.000Z,BUF,LAC,James Cook,RB,RB1,RB_RUSH_YARDS,leo-nflprop-v1,113,5.6,19,1.016,3
2026-09-27T21:11:03.962Z,2026-09-27,2026_03_LAC_BUF,LAC @ BUF,2026-09-27T17:00:00.000Z,BUF,LAC,James Cook,RB,RB1,ANYTIME_TD,leo-nflprop-v1,0.478,,,1.016,3
2026-09-27T21:11:03.962Z,2026-09-27,2026_03_LAC_BUF,LAC @ BUF,2026-09-27T17:00:00.000Z,BUF,LAC,Ray Davis,RB,RB2,RB_RUSH_YARDS,leo-nflprop-v1,7,1.7,2,1.016,2
2026-09-27T21:11:03.962Z,2026-09-27,2026_03_LAC_BUF,LAC @ BUF,2026-09-27T17:00:00.000Z,BUF,LAC,Ray Davis,RB,RB2,ANYTIME_TD,leo-nflprop-v1,0.065,,,1.016,2
2026-09-27T21:11:03.962Z,2026-09-27,2026_03_LAC_BUF,LAC @ BUF,2026-09-27T17:00:00.000Z,BUF,LAC,DJ Moore,WR,WR1,WR_REC_YARDS,leo-nflprop-v2,35,6.6,5.3,1.032,3
2026-09-27T21:11:03.962Z,2026-09-27,2026_03_LAC_BUF,LAC @ BUF,2026-09-27T17:00:00.000Z,BUF,LAC,DJ Moore,WR,WR1,ANYTIME_TD,leo-nflprop-v1,0.293,,,1.032,3
2026-09-27T21:11:03.962Z,2026-09-27,2026_03_LAC_BUF,LAC @ BUF,2026-09-27T17:00:00.000Z,BUF,LAC,Khalil Shakir,WR,WR2,WR_REC_YARDS,leo-nflprop-v2,32,6,5.5,1.032,3
2026-09-27T21:11:03.962Z,2026-09-27,2026_03_LAC_BUF,LAC @ BUF,2026-09-27T17:00:00.000Z,BUF,LAC,Khalil Shakir,WR,WR2,ANYTIME_TD,leo-nflprop-v1,0.144,,,1.032,3
2026-09-27T21:11:03.962Z,2026-09-27,2026_03_LAC_BUF,LAC @ BUF,2026-09-27T17:00:00.000Z,BUF,LAC,Keon Coleman,WR,WR3,WR_REC_YARDS,leo-nflprop-v2,36,9.2,3.9,1.032,3
2026-09-27T21:11:03.962Z,2026-09-27,2026_03_LAC_BUF,LAC @ BUF,2026-09-27T17:00:00.000Z,BUF,LAC,Keon Coleman,WR,WR3,ANYTIME_TD,leo-nflprop-v1,0.173,,,1.032,3
2026-09-27T21:11:03.962Z,2026-09-27,2026_03_CAR_CLE,CAR @ CLE,2026-09-27T17:00:00.000Z,CAR,CLE,Bryce Young,QB,QB1,QB_PASS_YARDS,leo-nflprop-v2,262,7.3,36.2,1.022,3
2026-09-27T21:11:03.962Z,2026-09-27,2026_03_CAR_CLE,CAR @ CLE,2026-09-27T17:00:00.000Z,CAR,CLE,Chuba Hubbard,RB,RB1,RB_RUSH_YARDS,leo-nflprop-v1,60,4.4,12.5,1.031,3
2026-09-27T21:11:03.962Z,2026-09-27,2026_03_CAR_CLE,CAR @ CLE,2026-09-27T17:00:00.000Z,CAR,CLE,Chuba Hubbard,RB,RB1,ANYTIME_TD,leo-nflprop-v1,0.213,,,1.031,3
2026-09-27T21:11:03.962Z,2026-09-27,2026_03_CAR_CLE,CAR @ CLE,2026-09-27T17:00:00.000Z,CAR,CLE,AJ Dillon,RB,RB2,RB_RUSH_YARDS,leo-nflprop-v1,15,3.1,3.5,1.031,3
2026-09-27T21:11:03.962Z,2026-09-27,2026_03_CAR_CLE,CAR @ CLE,2026-09-27T17:00:00.000Z,CAR,CLE,AJ Dillon,RB,RB2,ANYTIME_TD,leo-nflprop-v1,0.106,,,1.031,3
2026-09-27T21:11:03.962Z,2026-09-27,2026_03_CAR_CLE,CAR @ CLE,2026-09-27T17:00:00.000Z,CAR,CLE,Tetairoa McMillan,WR,WR1,WR_REC_YARDS,leo-nflprop-v2,59,7.8,7.5,1.022,3
2026-09-27T21:11:03.962Z,2026-09-27,2026_03_CAR_CLE,CAR @ CLE,2026-09-27T17:00:00.000Z,CAR,CLE,Tetairoa McMillan,WR,WR1,ANYTIME_TD,leo-nflprop-v1,0.2,,,1.022,3
2026-09-27T21:11:03.962Z,2026-09-27,2026_03_CAR_CLE,CAR @ CLE,2026-09-27T17:00:00.000Z,CAR,CLE,Jalen Coker,WR,WR2,WR_REC_YARDS,leo-nflprop-v2,51,9,5.7,1.022,3
2026-09-27T21:11:03.962Z,2026-09-27,2026_03_CAR_CLE,CAR @ CLE,2026-09-27T17:00:00.000Z,CAR,CLE,Jalen Coker,WR,WR2,ANYTIME_TD,leo-nflprop-v1,0.367,,,1.022,3
2026-09-27T21:11:03.962Z,2026-09-27,2026_03_CAR_CLE,CAR @ CLE,2026-09-27T17:00:00.000Z,CAR,CLE,Xavier Legette,WR,WR3,WR_REC_YARDS,leo-nflprop-v2,27,6.6,4.1,1.022,2
2026-09-27T21:11:03.962Z,2026-09-27,2026_03_CAR_CLE,CAR @ CLE,2026-09-27T17:00:00.000Z,CAR,CLE,Xavier Legette,WR,WR3,ANYTIME_TD,leo-nflprop-v1,0.144,,,1.022,2
2026-09-27T21:11:03.962Z,2026-09-27,2026_03_CAR_CLE,CAR @ CLE,2026-09-27T17:00:00.000Z,CLE,CAR,Deshaun Watson,QB,QB1,QB_PASS_YARDS,leo-nflprop-v2,183,7.1,29,0.9209999999999999,3
2026-09-27T21:11:03.962Z,2026-09-27,2026_03_CAR_CLE,CAR @ CLE,2026-09-27T17:00:00.000Z,CLE,CAR,Quinshon Judkins,RB,RB1,RB_RUSH_YARDS,leo-nflprop-v1,53,3,14.6,1.15,3
2026-09-27T21:11:03.962Z,2026-09-27,2026_03_CAR_CLE,CAR @ CLE,2026-09-27T17:00:00.000Z,CLE,CAR,Quinshon Judkins,RB,RB1,ANYTIME_TD,leo-nflprop-v1,0.263,,,1.15,3
2026-09-27T21:11:03.962Z,2026-09-27,2026_03_CAR_CLE,CAR @ CLE,2026-09-27T17:00:00.000Z,CLE,CAR,Raheim Sanders,RB,RB2,RB_RUSH_YARDS,leo-nflprop-v1,21,5.8,2.7,1.15,3
2026-09-27T21:11:03.962Z,2026-09-27,2026_03_CAR_CLE,CAR @ CLE,2026-09-27T17:00:00.000Z,CLE,CAR,Raheim Sanders,RB,RB2,ANYTIME_TD,leo-nflprop-v1,0.194,,,1.15,3
2026-09-27T21:11:03.962Z,2026-09-27,2026_03_CAR_CLE,CAR @ CLE,2026-09-27T17:00:00.000Z,CLE,CAR,KC Concepcion,WR,WR1,WR_REC_YARDS,leo-nflprop-v2,30,4.8,7.1,0.9209999999999999,3
2026-09-27T21:11:03.962Z,2026-09-27,2026_03_CAR_CLE,CAR @ CLE,2026-09-27T17:00:00.000Z,CLE,CAR,KC Concepcion,WR,WR1,ANYTIME_TD,leo-nflprop-v1,0.146,,,0.9209999999999999,3
2026-09-27T21:11:03.962Z,2026-09-27,2026_03_CAR_CLE,CAR @ CLE,2026-09-27T17:00:00.000Z,CLE,CAR,Denzel Boston,WR,WR2,WR_REC_YARDS,leo-nflprop-v2,62,12.9,5.3,0.9209999999999999,3
2026-09-27T21:11:03.962Z,2026-09-27,2026_03_CAR_CLE,CAR @ CLE,2026-09-27T17:00:00.000Z,CLE,CAR,Denzel Boston,WR,WR2,ANYTIME_TD,leo-nflprop-v1,0.344,,,0.9209999999999999,3
2026-09-27T21:11:03.962Z,2026-09-27,2026_03_CAR_CLE,CAR @ CLE,2026-09-27T17:00:00.000Z,CLE,CAR,Jerry Jeudy,WR,WR3,WR_REC_YARDS,leo-nflprop-v2,18,4.5,4.7,0.9209999999999999,2
2026-09-27T21:11:03.962Z,2026-09-27,2026_03_CAR_CLE,CAR @ CLE,2026-09-27T17:00:00.000Z,CLE,CAR,Jerry Jeudy,WR,WR3,ANYTIME_TD,leo-nflprop-v1,0.097,,,0.9209999999999999,2
2026-09-27T21:11:03.962Z,2026-09-27,2026_03_NYJ_DET,NYJ @ DET,2026-09-27T17:00:00.000Z,NYJ,DET,Geno Smith,QB,QB1,QB_PASS_YARDS,leo-nflprop-v2,266,7.3,32.3,1.15,3
2026-09-27T21:11:03.962Z,2026-09-27,2026_03_NYJ_DET,NYJ @ DET,2026-09-27T17:00:00.000Z,NYJ,DET,Breece Hall,RB,RB1,RB_RUSH_YARDS,leo-nflprop-v1,59,3.3,16.5,1.02,3
2026-09-27T21:11:03.962Z,2026-09-27,2026_03_NYJ_DET,NYJ @ DET,2026-09-27T17:00:00.000Z,NYJ,DET,Breece Hall,RB,RB1,ANYTIME_TD,leo-nflprop-v1,0.268,,,1.02,3
2026-09-27T21:11:03.962Z,2026-09-27,2026_03_NYJ_DET,NYJ @ DET,2026-09-27T17:00:00.000Z,NYJ,DET,Braelon Allen,RB,RB2,RB_RUSH_YARDS,leo-nflprop-v1,24,3.4,5.9,1.02,3
2026-09-27T21:11:03.962Z,2026-09-27,2026_03_NYJ_DET,NYJ @ DET,2026-09-27T17:00:00.000Z,NYJ,DET,Braelon Allen,RB,RB2,ANYTIME_TD,leo-nflprop-v1,0.286,,,1.02,3
2026-09-27T21:11:03.962Z,2026-09-27,2026_03_NYJ_DET,NYJ @ DET,2026-09-27T17:00:00.000Z,NYJ,DET,Garrett Wilson,WR,WR1,WR_REC_YARDS,leo-nflprop-v2,88,8.4,9.2,1.15,3
2026-09-27T21:11:03.962Z,2026-09-27,2026_03_NYJ_DET,NYJ @ DET,2026-09-27T17:00:00.000Z,NYJ,DET,Garrett Wilson,WR,WR1,ANYTIME_TD,leo-nflprop-v1,0.463,,,1.15,3
2026-09-27T21:11:03.962Z,2026-09-27,2026_03_NYJ_DET,NYJ @ DET,2026-09-27T17:00:00.000Z,NYJ,DET,Adonai Mitchell,WR,WR2,WR_REC_YARDS,leo-nflprop-v2,58,9.1,5.6,1.15,2
2026-09-27T21:11:03.962Z,2026-09-27,2026_03_NYJ_DET,NYJ @ DET,2026-09-27T17:00:00.000Z,NYJ,DET,Adonai Mitchell,WR,WR2,ANYTIME_TD,leo-nflprop-v1,0.124,,,1.15,2
2026-09-27T21:11:03.962Z,2026-09-27,2026_03_NYJ_DET,NYJ @ DET,2026-09-27T17:00:00.000Z,NYJ,DET,Isaiah Williams,WR,WR3,WR_REC_YARDS,leo-nflprop-v2,19,6.5,2.7,1.15,3
2026-09-27T21:11:03.962Z,2026-09-27,2026_03_NYJ_DET,NYJ @ DET,2026-09-27T17:00:00.000Z,NYJ,DET,Isaiah Williams,WR,WR3,ANYTIME_TD,leo-nflprop-v1,0.055,,,1.15,3
2026-09-27T21:11:03.962Z,2026-09-27,2026_03_NYJ_DET,NYJ @ DET,2026-09-27T17:00:00.000Z,DET,NYJ,Jared Goff,QB,QB1,QB_PASS_YARDS,leo-nflprop-v2,239,7.6,35.4,0.919,3
2026-09-27T21:11:03.962Z,2026-09-27,2026_03_NYJ_DET,NYJ @ DET,2026-09-27T17:00:00.000Z,DET,NYJ,Jahmyr Gibbs,RB,RB1,RB_RUSH_YARDS,leo-nflprop-v1,86,4.6,19.8,0.905,3
2026-09-27T21:11:03.962Z,2026-09-27,2026_03_NYJ_DET,NYJ @ DET,2026-09-27T17:00:00.000Z,DET,NYJ,Jahmyr Gibbs,RB,RB1,ANYTIME_TD,leo-nflprop-v1,0.577,,,0.905,3
2026-09-27T21:11:03.962Z,2026-09-27,2026_03_NYJ_DET,NYJ @ DET,2026-09-27T17:00:00.000Z,DET,NYJ,Sione Vaki,RB,RB2,RB_RUSH_YARDS,leo-nflprop-v1,11,3.8,2.3,0.905,3
2026-09-27T21:11:03.962Z,2026-09-27,2026_03_NYJ_DET,NYJ @ DET,2026-09-27T17:00:00.000Z,DET,NYJ,Sione Vaki,RB,RB2,ANYTIME_TD,leo-nflprop-v1,0.081,,,0.905,3
2026-09-27T21:11:03.962Z,2026-09-27,2026_03_NYJ_DET,NYJ @ DET,2026-09-27T17:00:00.000Z,DET,NYJ,Amon-Ra St. Brown,WR,WR1,WR_REC_YARDS,leo-nflprop-v2,63,6.5,10.9,0.919,3
2026-09-27T21:11:03.962Z,2026-09-27,2026_03_NYJ_DET,NYJ @ DET,2026-09-27T17:00:00.000Z,DET,NYJ,Amon-Ra St. Brown,WR,WR1,ANYTIME_TD,leo-nflprop-v1,0.613,,,0.919,3
2026-09-27T21:11:03.962Z,2026-09-27,2026_03_NYJ_DET,NYJ @ DET,2026-09-27T17:00:00.000Z,DET,NYJ,Jameson Williams,WR,WR2,WR_REC_YARDS,leo-nflprop-v2,47,9,5.9,0.919,3
2026-09-27T21:11:03.962Z,2026-09-27,2026_03_NYJ_DET,NYJ @ DET,2026-09-27T17:00:00.000Z,DET,NYJ,Jameson Williams,WR,WR2,ANYTIME_TD,leo-nflprop-v1,0.182,,,0.919,3
2026-09-27T21:11:03.962Z,2026-09-27,2026_03_NYJ_DET,NYJ @ DET,2026-09-27T17:00:00.000Z,DET,NYJ,Isaac TeSlaa,WR,WR3,WR_REC_YARDS,leo-nflprop-v2,19,9.1,2.4,0.919,3
2026-09-27T21:11:03.962Z,2026-09-27,2026_03_NYJ_DET,NYJ @ DET,2026-09-27T17:00:00.000Z,DET,NYJ,Isaac TeSlaa,WR,WR3,ANYTIME_TD,leo-nflprop-v1,0.185,,,0.919,3
2026-09-27T21:11:03.962Z,2026-09-27,2026_03_HOU_IND,HOU @ IND,2026-09-27T17:00:00.000Z,HOU,IND,C.J. Stroud,QB,QB1,QB_PASS_YARDS,leo-nflprop-v2,272,6.8,36.7,1.119,3
2026-09-27T21:11:03.962Z,2026-09-27,2026_03_HOU_IND,HOU @ IND,2026-09-27T17:00:00.000Z,HOU,IND,David Montgomery,RB,RB1,RB_RUSH_YARDS,leo-nflprop-v1,43,3.1,11.6,1.111,3
2026-09-27T21:11:03.962Z,2026-09-27,2026_03_HOU_IND,HOU @ IND,2026-09-27T17:00:00.000Z,HOU,IND,David Montgomery,RB,RB1,ANYTIME_TD,leo-nflprop-v1,0.452,,,1.111,3
2026-09-27T21:11:03.962Z,2026-09-27,2026_03_HOU_IND,HOU @ IND,2026-09-27T17:00:00.000Z,HOU,IND,Woody Marks,RB,RB2,RB_RUSH_YARDS,leo-nflprop-v1,33,3.1,8.6,1.111,3
2026-09-27T21:11:03.962Z,2026-09-27,2026_03_HOU_IND,HOU @ IND,2026-09-27T17:00:00.000Z,HOU,IND,Woody Marks,RB,RB2,ANYTIME_TD,leo-nflprop-v1,0.246,,,1.111,3
2026-09-27T21:11:03.962Z,2026-09-27,2026_03_HOU_IND,HOU @ IND,2026-09-27T17:00:00.000Z,HOU,IND,Xavier Hutchinson,WR,WR1,WR_REC_YARDS,leo-nflprop-v2,35,6.1,5.2,1.119,3
2026-09-27T21:11:03.962Z,2026-09-27,2026_03_HOU_IND,HOU @ IND,2026-09-27T17:00:00.000Z,HOU,IND,Xavier Hutchinson,WR,WR1,ANYTIME_TD,leo-nflprop-v1,0.13,,,1.119,3
2026-09-27T21:11:03.962Z,2026-09-27,2026_03_HOU_IND,HOU @ IND,2026-09-27T17:00:00.000Z,HOU,IND,Jared Wayne,WR,WR2,WR_REC_YARDS,leo-nflprop-v2,24,7.9,2.8,1.119,3
2026-09-27T21:11:03.962Z,2026-09-27,2026_03_HOU_IND,HOU @ IND,2026-09-27T17:00:00.000Z,HOU,IND,Jared Wayne,WR,WR2,ANYTIME_TD,leo-nflprop-v1,0.152,,,1.119,3
2026-09-27T21:11:03.962Z,2026-09-27,2026_03_HOU_IND,HOU @ IND,2026-09-27T17:00:00.000Z,HOU,IND,Kayshon Boutte,WR,WR3,WR_REC_YARDS,leo-nflprop-v2,38,10.2,3.4,1.119,3
2026-09-27T21:11:03.962Z,2026-09-27,2026_03_HOU_IND,HOU @ IND,2026-09-27T17:00:00.000Z,HOU,IND,Kayshon Boutte,WR,WR3,ANYTIME_TD,leo-nflprop-v1,0.221,,,1.119,3
2026-09-27T21:11:03.962Z,2026-09-27,2026_03_HOU_IND,HOU @ IND,2026-09-27T17:00:00.000Z,IND,HOU,Daniel Jones,QB,QB1,QB_PASS_YARDS,leo-nflprop-v2,229,7,32.2,1.058,3
2026-09-27T21:11:03.962Z,2026-09-27,2026_03_HOU_IND,HOU @ IND,2026-09-27T17:00:00.000Z,IND,HOU,Jonathan Taylor,RB,RB1,RB_RUSH_YARDS,leo-nflprop-v1,84,4.2,21.3,0.903,3
2026-09-27T21:11:03.962Z,2026-09-27,2026_03_HOU_IND,HOU @ IND,2026-09-27T17:00:00.000Z,IND,HOU,Jonathan Taylor,RB,RB1,ANYTIME_TD,leo-nflprop-v1,0.621,,,0.903,3
2026-09-27T21:11:03.962Z,2026-09-27,2026_03_HOU_IND,HOU @ IND,2026-09-27T17:00:00.000Z,IND,HOU,Seth McGowan,RB,RB2,RB_RUSH_YARDS,leo-nflprop-v1,6,1.2,2,0.903,3
2026-09-27T21:11:03.962Z,2026-09-27,2026_03_HOU_IND,HOU @ IND,2026-09-27T17:00:00.000Z,IND,HOU,Seth McGowan,RB,RB2,ANYTIME_TD,leo-nflprop-v1,0.178,,,0.903,3
2026-09-27T21:11:03.962Z,2026-09-27,2026_03_HOU_IND,HOU @ IND,2026-09-27T17:00:00.000Z,IND,HOU,Josh Downs,WR,WR1,WR_REC_YARDS,leo-nflprop-v2,54,7.7,6.8,1.058,3
2026-09-27T21:11:03.962Z,2026-09-27,2026_03_HOU_IND,HOU @ IND,2026-09-27T17:00:00.000Z,IND,HOU,Josh Downs,WR,WR1,ANYTIME_TD,leo-nflprop-v1,0.147,,,1.058,3
2026-09-27T21:11:03.962Z,2026-09-27,2026_03_HOU_IND,HOU @ IND,2026-09-27T17:00:00.000Z,IND,HOU,Keenan Allen,WR,WR2,WR_REC_YARDS,leo-nflprop-v2,35,5,6.8,1.058,3
2026-09-27T21:11:03.962Z,2026-09-27,2026_03_HOU_IND,HOU @ IND,2026-09-27T17:00:00.000Z,IND,HOU,Keenan Allen,WR,WR2,ANYTIME_TD,leo-nflprop-v1,0.262,,,1.058,3
2026-09-27T21:11:03.962Z,2026-09-27,2026_03_HOU_IND,HOU @ IND,2026-09-27T17:00:00.000Z,IND,HOU,Laquon Treadwell,WR,WR3,WR_REC_YARDS,leo-nflprop-v2,8,10.1,0.8,1.058,3
2026-09-27T21:11:03.962Z,2026-09-27,2026_03_HOU_IND,HOU @ IND,2026-09-27T17:00:00.000Z,IND,HOU,Laquon Treadwell,WR,WR3,ANYTIME_TD,leo-nflprop-v1,0.087,,,1.058,3
2026-09-27T21:11:03.962Z,2026-09-27,2026_03_NE_JAX,NE @ JAX,2026-09-27T17:00:00.000Z,NE,JAX,Drake Maye,QB,QB1,QB_PASS_YARDS,leo-nflprop-v2,221,8,27.6,1.034,3
2026-09-27T21:11:03.962Z,2026-09-27,2026_03_NE_JAX,NE @ JAX,2026-09-27T17:00:00.000Z,NE,JAX,TreVeyon Henderson,RB,RB1,RB_RUSH_YARDS,leo-nflprop-v1,48,4.3,11.3,0.92,2
2026-09-27T21:11:03.962Z,2026-09-27,2026_03_NE_JAX,NE @ JAX,2026-09-27T17:00:00.000Z,NE,JAX,TreVeyon Henderson,RB,RB1,ANYTIME_TD,leo-nflprop-v1,0.365,,,0.92,2
2026-09-27T21:11:03.962Z,2026-09-27,2026_03_NE_JAX,NE @ JAX,2026-09-27T17:00:00.000Z,NE,JAX,Rhamondre Stevenson,RB,RB2,RB_RUSH_YARDS,leo-nflprop-v1,45,4.5,10.1,0.92,3
2026-09-27T21:11:03.962Z,2026-09-27,2026_03_NE_JAX,NE @ JAX,2026-09-27T17:00:00.000Z,NE,JAX,Rhamondre Stevenson,RB,RB2,ANYTIME_TD,leo-nflprop-v1,0.217,,,0.92,3
2026-09-27T21:11:03.962Z,2026-09-27,2026_03_NE_JAX,NE @ JAX,2026-09-27T17:00:00.000Z,NE,JAX,Mack Hollins,WR,WR1,WR_REC_YARDS,leo-nflprop-v2,46,9.3,4.9,1.034,3
2026-09-27T21:11:03.962Z,2026-09-27,2026_03_NE_JAX,NE @ JAX,2026-09-27T17:00:00.000Z,NE,JAX,Mack Hollins,WR,WR1,ANYTIME_TD,leo-nflprop-v1,0.106,,,1.034,3
2026-09-27T21:11:03.962Z,2026-09-27,2026_03_NE_JAX,NE @ JAX,2026-09-27T17:00:00.000Z,NE,JAX,DeMario Douglas,WR,WR2,WR_REC_YARDS,leo-nflprop-v2,25,6.8,3.8,1.034,3
2026-09-27T21:11:03.962Z,2026-09-27,2026_03_NE_JAX,NE @ JAX,2026-09-27T17:00:00.000Z,NE,JAX,DeMario Douglas,WR,WR2,ANYTIME_TD,leo-nflprop-v1,0.121,,,1.034,3
2026-09-27T21:11:03.962Z,2026-09-27,2026_03_NE_JAX,NE @ JAX,2026-09-27T17:00:00.000Z,NE,JAX,Romeo Doubs,WR,WR3,WR_REC_YARDS,leo-nflprop-v2,51,11.3,4.5,1.034,3
2026-09-27T21:11:03.962Z,2026-09-27,2026_03_NE_JAX,NE @ JAX,2026-09-27T17:00:00.000Z,NE,JAX,Romeo Doubs,WR,WR3,ANYTIME_TD,leo-nflprop-v1,0.189,,,1.034,3
2026-09-27T21:11:03.962Z,2026-09-27,2026_03_NE_JAX,NE @ JAX,2026-09-27T17:00:00.000Z,JAX,NE,Trevor Lawrence,QB,QB1,QB_PASS_YARDS,leo-nflprop-v2,195,7.4,29.4,0.9279999999999999,3
2026-09-27T21:11:03.962Z,2026-09-27,2026_03_NE_JAX,NE @ JAX,2026-09-27T17:00:00.000Z,JAX,NE,Bhayshul Tuten,RB,RB1,RB_RUSH_YARDS,leo-nflprop-v1,57,4.5,12.1,0.985,3
2026-09-27T21:11:03.962Z,2026-09-27,2026_03_NE_JAX,NE @ JAX,2026-09-27T17:00:00.000Z,JAX,NE,Bhayshul Tuten,RB,RB1,ANYTIME_TD,leo-nflprop-v1,0.379,,,0.985,3
2026-09-27T21:11:03.962Z,2026-09-27,2026_03_NE_JAX,NE @ JAX,2026-09-27T17:00:00.000Z,JAX,NE,Chris Rodriguez Jr.,RB,RB2,RB_RUSH_YARDS,leo-nflprop-v1,30,3.7,7.3,0.985,3
2026-09-27T21:11:03.962Z,2026-09-27,2026_03_NE_JAX,NE @ JAX,2026-09-27T17:00:00.000Z,JAX,NE,Chris Rodriguez Jr.,RB,RB2,ANYTIME_TD,leo-nflprop-v1,0.33,,,0.985,3
2026-09-27T21:11:03.962Z,2026-09-27,2026_03_NE_JAX,NE @ JAX,2026-09-27T17:00:00.000Z,JAX,NE,Parker Washington,WR,WR1,WR_REC_YARDS,leo-nflprop-v2,61,9.6,7,0.9279999999999999,3
2026-09-27T21:11:03.962Z,2026-09-27,2026_03_NE_JAX,NE @ JAX,2026-09-27T17:00:00.000Z,JAX,NE,Parker Washington,WR,WR1,ANYTIME_TD,leo-nflprop-v1,0.349,,,0.9279999999999999,3
2026-09-27T21:11:03.962Z,2026-09-27,2026_03_NE_JAX,NE @ JAX,2026-09-27T17:00:00.000Z,JAX,NE,Brian Thomas Jr.,WR,WR2,WR_REC_YARDS,leo-nflprop-v2,39,8.6,5,0.9279999999999999,3
2026-09-27T21:11:03.962Z,2026-09-27,2026_03_NE_JAX,NE @ JAX,2026-09-27T17:00:00.000Z,JAX,NE,Brian Thomas Jr.,WR,WR2,ANYTIME_TD,leo-nflprop-v1,0.096,,,0.9279999999999999,3
2026-09-27T21:11:03.962Z,2026-09-27,2026_03_NE_JAX,NE @ JAX,2026-09-27T17:00:00.000Z,JAX,NE,Jakobi Meyers,WR,WR3,WR_REC_YARDS,leo-nflprop-v2,79,16.1,5.4,0.9279999999999999,3
2026-09-27T21:11:03.962Z,2026-09-27,2026_03_NE_JAX,NE @ JAX,2026-09-27T17:00:00.000Z,JAX,NE,Jakobi Meyers,WR,WR3,ANYTIME_TD,leo-nflprop-v1,0.317,,,0.9279999999999999,3
2026-09-27T21:11:03.962Z,2026-09-27,2026_03_KC_MIA,KC @ MIA,2026-09-27T17:00:00.000Z,KC,MIA,Patrick Mahomes,QB,QB1,QB_PASS_YARDS,leo-nflprop-v2,259,7.8,33.9,1.006,3
2026-09-27T21:11:03.962Z,2026-09-27,2026_03_KC_MIA,KC @ MIA,2026-09-27T17:00:00.000Z,KC,MIA,Kenneth Walker III,RB,RB1,RB_RUSH_YARDS,leo-nflprop-v1,103,5.2,19.5,0.97,3
2026-09-27T21:11:03.962Z,2026-09-27,2026_03_KC_MIA,KC @ MIA,2026-09-27T17:00:00.000Z,KC,MIA,Kenneth Walker III,RB,RB1,ANYTIME_TD,leo-nflprop-v1,0.364,,,0.97,3
2026-09-27T21:11:03.962Z,2026-09-27,2026_03_KC_MIA,KC @ MIA,2026-09-27T17:00:00.000Z,KC,MIA,Emmett Johnson,RB,RB2,RB_RUSH_YARDS,leo-nflprop-v1,26,4.4,5.3,0.97,3
2026-09-27T21:11:03.962Z,2026-09-27,2026_03_KC_MIA,KC @ MIA,2026-09-27T17:00:00.000Z,KC,MIA,Emmett Johnson,RB,RB2,ANYTIME_TD,leo-nflprop-v1,0.19,,,0.97,3
2026-09-27T21:11:03.962Z,2026-09-27,2026_03_KC_MIA,KC @ MIA,2026-09-27T17:00:00.000Z,KC,MIA,Rashee Rice,WR,WR1,WR_REC_YARDS,leo-nflprop-v2,74,10.1,7.4,1.006,3
2026-09-27T21:11:03.962Z,2026-09-27,2026_03_KC_MIA,KC @ MIA,2026-09-27T17:00:00.000Z,KC,MIA,Rashee Rice,WR,WR1,ANYTIME_TD,leo-nflprop-v1,0.345,,,1.006,3
2026-09-27T21:11:03.962Z,2026-09-27,2026_03_KC_MIA,KC @ MIA,2026-09-27T17:00:00.000Z,KC,MIA,Xavier Worthy,WR,WR2,WR_REC_YARDS,leo-nflprop-v2,29,5.9,5.1,1.006,3
2026-09-27T21:11:03.962Z,2026-09-27,2026_03_KC_MIA,KC @ MIA,2026-09-27T17:00:00.000Z,KC,MIA,Xavier Worthy,WR,WR2,ANYTIME_TD,leo-nflprop-v1,0.201,,,1.006,3
2026-09-27T21:11:03.962Z,2026-09-27,2026_03_KC_MIA,KC @ MIA,2026-09-27T17:00:00.000Z,KC,MIA,Tyquan Thornton,WR,WR3,WR_REC_YARDS,leo-nflprop-v2,27,10.7,2.6,1.006,3
2026-09-27T21:11:03.962Z,2026-09-27,2026_03_KC_MIA,KC @ MIA,2026-09-27T17:00:00.000Z,KC,MIA,Tyquan Thornton,WR,WR3,ANYTIME_TD,leo-nflprop-v1,0.142,,,1.006,3
2026-09-27T21:11:03.962Z,2026-09-27,2026_03_KC_MIA,KC @ MIA,2026-09-27T17:00:00.000Z,MIA,KC,Malik Willis,QB,QB1,QB_PASS_YARDS,leo-nflprop-v2,189,7.2,29.8,0.917,3
2026-09-27T21:11:03.962Z,2026-09-27,2026_03_KC_MIA,KC @ MIA,2026-09-27T17:00:00.000Z,MIA,KC,De'Von Achane,RB,RB1,RB_RUSH_YARDS,leo-nflprop-v1,57,4.6,12.2,0.9520000000000001,3
2026-09-27T21:11:03.962Z,2026-09-27,2026_03_KC_MIA,KC @ MIA,2026-09-27T17:00:00.000Z,MIA,KC,De'Von Achane,RB,RB1,ANYTIME_TD,leo-nflprop-v1,0.224,,,0.9520000000000001,3
2026-09-27T21:11:03.962Z,2026-09-27,2026_03_KC_MIA,KC @ MIA,2026-09-27T17:00:00.000Z,MIA,KC,Ollie Gordon II,RB,RB2,RB_RUSH_YARDS,leo-nflprop-v1,18,2.2,7.1,0.9520000000000001,2
2026-09-27T21:11:03.962Z,2026-09-27,2026_03_KC_MIA,KC @ MIA,2026-09-27T17:00:00.000Z,MIA,KC,Ollie Gordon II,RB,RB2,ANYTIME_TD,leo-nflprop-v1,0.262,,,0.9520000000000001,2
2026-09-27T21:11:03.962Z,2026-09-27,2026_03_KC_MIA,KC @ MIA,2026-09-27T17:00:00.000Z,MIA,KC,Malik Washington,WR,WR1,WR_REC_YARDS,leo-nflprop-v2,34,6.7,5.7,0.917,3
2026-09-27T21:11:03.962Z,2026-09-27,2026_03_KC_MIA,KC @ MIA,2026-09-27T17:00:00.000Z,MIA,KC,Malik Washington,WR,WR1,ANYTIME_TD,leo-nflprop-v1,0.104,,,0.917,3
2026-09-27T21:11:03.962Z,2026-09-27,2026_03_KC_MIA,KC @ MIA,2026-09-27T17:00:00.000Z,MIA,KC,Chris Bell,WR,WR2,WR_REC_YARDS,leo-nflprop-v2,21,7.4,3.3,0.917,3
2026-09-27T21:11:03.962Z,2026-09-27,2026_03_KC_MIA,KC @ MIA,2026-09-27T17:00:00.000Z,MIA,KC,Chris Bell,WR,WR2,ANYTIME_TD,leo-nflprop-v1,0.145,,,0.917,3
2026-09-27T21:11:03.962Z,2026-09-27,2026_03_KC_MIA,KC @ MIA,2026-09-27T17:00:00.000Z,MIA,KC,Kevin Coleman Jr.,WR,WR3,WR_REC_YARDS,leo-nflprop-v2,0,0.4,2.7,0.917,2
2026-09-27T21:11:03.962Z,2026-09-27,2026_03_KC_MIA,KC @ MIA,2026-09-27T17:00:00.000Z,MIA,KC,Kevin Coleman Jr.,WR,WR3,ANYTIME_TD,leo-nflprop-v1,0.168,,,0.917,2
2026-09-27T21:11:03.962Z,2026-09-27,2026_03_TEN_NYG,TEN @ NYG,2026-09-27T17:00:00.000Z,TEN,NYG,Cam Ward,QB,QB1,QB_PASS_YARDS,leo-nflprop-v2,171,5.8,31,1,3
2026-09-27T21:11:03.962Z,2026-09-27,2026_03_TEN_NYG,TEN @ NYG,2026-09-27T17:00:00.000Z,TEN,NYG,Tony Pollard,RB,RB1,RB_RUSH_YARDS,leo-nflprop-v1,61,4.6,13.1,0.97,3
2026-09-27T21:11:03.962Z,2026-09-27,2026_03_TEN_NYG,TEN @ NYG,2026-09-27T17:00:00.000Z,TEN,NYG,Tony Pollard,RB,RB1,ANYTIME_TD,leo-nflprop-v1,0.161,,,0.97,3
2026-09-27T21:11:03.962Z,2026-09-27,2026_03_TEN_NYG,TEN @ NYG,2026-09-27T17:00:00.000Z,TEN,NYG,Tyjae Spears,RB,RB2,RB_RUSH_YARDS,leo-nflprop-v1,21,3.8,4.6,0.97,3
2026-09-27T21:11:03.962Z,2026-09-27,2026_03_TEN_NYG,TEN @ NYG,2026-09-27T17:00:00.000Z,TEN,NYG,Tyjae Spears,RB,RB2,ANYTIME_TD,leo-nflprop-v1,0.117,,,0.97,3
2026-09-27T21:11:03.962Z,2026-09-27,2026_03_TEN_NYG,TEN @ NYG,2026-09-27T17:00:00.000Z,TEN,NYG,Carnell Tate,WR,WR1,WR_REC_YARDS,leo-nflprop-v2,43,6.1,7.2,1,3
2026-09-27T21:11:03.962Z,2026-09-27,2026_03_TEN_NYG,TEN @ NYG,2026-09-27T17:00:00.000Z,TEN,NYG,Carnell Tate,WR,WR1,ANYTIME_TD,leo-nflprop-v1,0.157,,,1,3
2026-09-27T21:11:03.962Z,2026-09-27,2026_03_TEN_NYG,TEN @ NYG,2026-09-27T17:00:00.000Z,TEN,NYG,Wan'Dale Robinson,WR,WR2,WR_REC_YARDS,leo-nflprop-v2,51,6.9,7.6,1,3
2026-09-27T21:11:03.962Z,2026-09-27,2026_03_TEN_NYG,TEN @ NYG,2026-09-27T17:00:00.000Z,TEN,NYG,Wan'Dale Robinson,WR,WR2,ANYTIME_TD,leo-nflprop-v1,0.254,,,1,3
2026-09-27T21:11:03.962Z,2026-09-27,2026_03_TEN_NYG,TEN @ NYG,2026-09-27T17:00:00.000Z,TEN,NYG,Elic Ayomanor,WR,WR3,WR_REC_YARDS,leo-nflprop-v2,38,9.2,4.2,1,3
2026-09-27T21:11:03.962Z,2026-09-27,2026_03_TEN_NYG,TEN @ NYG,2026-09-27T17:00:00.000Z,TEN,NYG,Elic Ayomanor,WR,WR3,ANYTIME_TD,leo-nflprop-v1,0.254,,,1,3
2026-09-27T21:11:03.962Z,2026-09-27,2026_03_TEN_NYG,TEN @ NYG,2026-09-27T17:00:00.000Z,NYG,TEN,Jameis Winston,QB,QB1,QB_PASS_YARDS,leo-nflprop-v2,152,6,28,0.946,2
2026-09-27T21:11:03.962Z,2026-09-27,2026_03_TEN_NYG,TEN @ NYG,2026-09-27T17:00:00.000Z,NYG,TEN,Cam Skattebo,RB,RB1,RB_RUSH_YARDS,leo-nflprop-v1,61,3.5,15.7,1.054,3
2026-09-27T21:11:03.962Z,2026-09-27,2026_03_TEN_NYG,TEN @ NYG,2026-09-27T17:00:00.000Z,NYG,TEN,Cam Skattebo,RB,RB1,ANYTIME_TD,leo-nflprop-v1,0.371,,,1.054,3
2026-09-27T21:11:03.962Z,2026-09-27,2026_03_TEN_NYG,TEN @ NYG,2026-09-27T17:00:00.000Z,NYG,TEN,Najee Harris,RB,RB2,RB_RUSH_YARDS,leo-nflprop-v1,28,4,5.8,1.054,2
2026-09-27T21:11:03.962Z,2026-09-27,2026_03_TEN_NYG,TEN @ NYG,2026-09-27T17:00:00.000Z,NYG,TEN,Najee Harris,RB,RB2,ANYTIME_TD,leo-nflprop-v1,0.163,,,1.054,2
2026-09-27T21:11:03.962Z,2026-09-27,2026_03_TEN_NYG,TEN @ NYG,2026-09-27T17:00:00.000Z,NYG,TEN,Malik Nabers,WR,WR1,WR_REC_YARDS,leo-nflprop-v2,32,4.8,7.4,0.946,3
2026-09-27T21:11:03.962Z,2026-09-27,2026_03_TEN_NYG,TEN @ NYG,2026-09-27T17:00:00.000Z,NYG,TEN,Malik Nabers,WR,WR1,ANYTIME_TD,leo-nflprop-v1,0.186,,,0.946,3
2026-09-27T21:11:03.962Z,2026-09-27,2026_03_TEN_NYG,TEN @ NYG,2026-09-27T17:00:00.000Z,NYG,TEN,Malachi Fields,WR,WR2,WR_REC_YARDS,leo-nflprop-v2,26,6.9,4.2,0.946,3
2026-09-27T21:11:03.962Z,2026-09-27,2026_03_TEN_NYG,TEN @ NYG,2026-09-27T17:00:00.000Z,NYG,TEN,Malachi Fields,WR,WR2,ANYTIME_TD,leo-nflprop-v1,0.15,,,0.946,3
2026-09-27T21:11:03.962Z,2026-09-27,2026_03_TEN_NYG,TEN @ NYG,2026-09-27T17:00:00.000Z,NYG,TEN,Darnell Mooney,WR,WR3,WR_REC_YARDS,leo-nflprop-v2,37,11,3.7,0.946,3
2026-09-27T21:11:03.962Z,2026-09-27,2026_03_TEN_NYG,TEN @ NYG,2026-09-27T17:00:00.000Z,NYG,TEN,Darnell Mooney,WR,WR3,ANYTIME_TD,leo-nflprop-v1,0.07,,,0.946,3
2026-09-27T21:11:03.962Z,2026-09-27,2026_03_CIN_PIT,CIN @ PIT,2026-09-27T17:00:00.000Z,CIN,PIT,Joe Burrow,QB,QB1,QB_PASS_YARDS,leo-nflprop-v2,233,7.1,34.7,0.968,3
2026-09-27T21:11:03.962Z,2026-09-27,2026_03_CIN_PIT,CIN @ PIT,2026-09-27T17:00:00.000Z,CIN,PIT,Chase Brown,RB,RB1,RB_RUSH_YARDS,leo-nflprop-v1,69,4.1,15.7,1.003,3
2026-09-27T21:11:03.962Z,2026-09-27,2026_03_CIN_PIT,CIN @ PIT,2026-09-27T17:00:00.000Z,CIN,PIT,Chase Brown,RB,RB1,ANYTIME_TD,leo-nflprop-v1,0.295,,,1.003,3
2026-09-27T21:11:03.962Z,2026-09-27,2026_03_CIN_PIT,CIN @ PIT,2026-09-27T17:00:00.000Z,CIN,PIT,Samaje Perine,RB,RB2,RB_RUSH_YARDS,leo-nflprop-v1,17,3.5,3.9,1.003,3
2026-09-27T21:11:03.962Z,2026-09-27,2026_03_CIN_PIT,CIN @ PIT,2026-09-27T17:00:00.000Z,CIN,PIT,Samaje Perine,RB,RB2,ANYTIME_TD,leo-nflprop-v1,0.134,,,1.003,3
2026-09-27T21:11:03.962Z,2026-09-27,2026_03_CIN_PIT,CIN @ PIT,2026-09-27T17:00:00.000Z,CIN,PIT,Ja'Marr Chase,WR,WR1,WR_REC_YARDS,leo-nflprop-v2,64,6.8,9.9,0.968,3
2026-09-27T21:11:03.962Z,2026-09-27,2026_03_CIN_PIT,CIN @ PIT,2026-09-27T17:00:00.000Z,CIN,PIT,Ja'Marr Chase,WR,WR1,ANYTIME_TD,leo-nflprop-v1,0.484,,,0.968,3
2026-09-27T21:11:03.962Z,2026-09-27,2026_03_CIN_PIT,CIN @ PIT,2026-09-27T17:00:00.000Z,CIN,PIT,Tee Higgins,WR,WR2,WR_REC_YARDS,leo-nflprop-v2,71,10.4,7.2,0.968,3
2026-09-27T21:11:03.962Z,2026-09-27,2026_03_CIN_PIT,CIN @ PIT,2026-09-27T17:00:00.000Z,CIN,PIT,Tee Higgins,WR,WR2,ANYTIME_TD,leo-nflprop-v1,0.378,,,0.968,3
2026-09-27T21:11:03.962Z,2026-09-27,2026_03_CIN_PIT,CIN @ PIT,2026-09-27T17:00:00.000Z,CIN,PIT,Dohnte Meyers,WR,WR3,WR_REC_YARDS,leo-nflprop-v2,17,7.9,2.4,0.968,3
2026-09-27T21:11:03.962Z,2026-09-27,2026_03_CIN_PIT,CIN @ PIT,2026-09-27T17:00:00.000Z,CIN,PIT,Dohnte Meyers,WR,WR3,ANYTIME_TD,leo-nflprop-v1,0.153,,,0.968,3
2026-09-27T21:11:03.962Z,2026-09-27,2026_03_CIN_PIT,CIN @ PIT,2026-09-27T17:00:00.000Z,PIT,CIN,Aaron Rodgers,QB,QB1,QB_PASS_YARDS,leo-nflprop-v2,241,6.4,35.1,1.111,3
2026-09-27T21:11:03.962Z,2026-09-27,2026_03_CIN_PIT,CIN @ PIT,2026-09-27T17:00:00.000Z,PIT,CIN,Jaylen Warren,RB,RB1,RB_RUSH_YARDS,leo-nflprop-v1,65,5.1,12.8,0.937,3
2026-09-27T21:11:03.962Z,2026-09-27,2026_03_CIN_PIT,CIN @ PIT,2026-09-27T17:00:00.000Z,PIT,CIN,Jaylen Warren,RB,RB1,ANYTIME_TD,leo-nflprop-v1,0.182,,,0.937,3
2026-09-27T21:11:03.962Z,2026-09-27,2026_03_CIN_PIT,CIN @ PIT,2026-09-27T17:00:00.000Z,PIT,CIN,Travis Homer,RB,RB2,RB_RUSH_YARDS,leo-nflprop-v1,5,1.9,0.8,0.937,2
2026-09-27T21:11:03.962Z,2026-09-27,2026_03_CIN_PIT,CIN @ PIT,2026-09-27T17:00:00.000Z,PIT,CIN,Travis Homer,RB,RB2,ANYTIME_TD,leo-nflprop-v1,0.097,,,0.937,2
2026-09-27T21:11:03.962Z,2026-09-27,2026_03_CIN_PIT,CIN @ PIT,2026-09-27T17:00:00.000Z,PIT,CIN,DK Metcalf,WR,WR1,WR_REC_YARDS,leo-nflprop-v2,45,5.5,7.4,1.111,3
2026-09-27T21:11:03.962Z,2026-09-27,2026_03_CIN_PIT,CIN @ PIT,2026-09-27T17:00:00.000Z,PIT,CIN,DK Metcalf,WR,WR1,ANYTIME_TD,leo-nflprop-v1,0.326,,,1.111,3
2026-09-27T21:11:03.962Z,2026-09-27,2026_03_CIN_PIT,CIN @ PIT,2026-09-27T17:00:00.000Z,PIT,CIN,Roman Wilson,WR,WR2,WR_REC_YARDS,leo-nflprop-v2,28,6.4,4.1,1.111,3
2026-09-27T21:11:03.962Z,2026-09-27,2026_03_CIN_PIT,CIN @ PIT,2026-09-27T17:00:00.000Z,PIT,CIN,Roman Wilson,WR,WR2,ANYTIME_TD,leo-nflprop-v1,0.274,,,1.111,3
2026-09-27T21:11:03.962Z,2026-09-27,2026_03_CIN_PIT,CIN @ PIT,2026-09-27T17:00:00.000Z,PIT,CIN,Germie Bernard,WR,WR3,WR_REC_YARDS,leo-nflprop-v2,43,9.2,4.3,1.111,2
2026-09-27T21:11:03.962Z,2026-09-27,2026_03_CIN_PIT,CIN @ PIT,2026-09-27T17:00:00.000Z,PIT,CIN,Germie Bernard,WR,WR3,ANYTIME_TD,leo-nflprop-v1,0.199,,,1.111,2
2026-09-27T21:11:03.962Z,2026-09-27,2026_03_SEA_WAS,SEA @ WAS,2026-09-27T17:00:00.000Z,SEA,WAS,Drew Lock,QB,QB1,QB_PASS_YARDS,leo-nflprop-v2,235,7.8,27.7,1.12,2
2026-09-27T21:11:03.962Z,2026-09-27,2026_03_SEA_WAS,SEA @ WAS,2026-09-27T17:00:00.000Z,SEA,WAS,Emanuel Wilson,RB,RB1,RB_RUSH_YARDS,leo-nflprop-v1,27,2.7,9.8,0.885,3
2026-09-27T21:11:03.962Z,2026-09-27,2026_03_SEA_WAS,SEA @ WAS,2026-09-27T17:00:00.000Z,SEA,WAS,Emanuel Wilson,RB,RB1,ANYTIME_TD,leo-nflprop-v1,0.11,,,0.885,3
2026-09-27T21:11:03.962Z,2026-09-27,2026_03_SEA_WAS,SEA @ WAS,2026-09-27T17:00:00.000Z,SEA,WAS,Jadarian Price,RB,RB2,RB_RUSH_YARDS,leo-nflprop-v1,37,4.1,9.3,0.885,3
2026-09-27T21:11:03.962Z,2026-09-27,2026_03_SEA_WAS,SEA @ WAS,2026-09-27T17:00:00.000Z,SEA,WAS,Jadarian Price,RB,RB2,ANYTIME_TD,leo-nflprop-v1,0.175,,,0.885,3
2026-09-27T21:11:03.962Z,2026-09-27,2026_03_SEA_WAS,SEA @ WAS,2026-09-27T17:00:00.000Z,SEA,WAS,Jaxon Smith-Njigba,WR,WR1,WR_REC_YARDS,leo-nflprop-v2,137,11.4,10.8,1.12,3
2026-09-27T21:11:03.962Z,2026-09-27,2026_03_SEA_WAS,SEA @ WAS,2026-09-27T17:00:00.000Z,SEA,WAS,Jaxon Smith-Njigba,WR,WR1,ANYTIME_TD,leo-nflprop-v1,0.72,,,1.12,3
2026-09-27T21:11:03.962Z,2026-09-27,2026_03_SEA_WAS,SEA @ WAS,2026-09-27T17:00:00.000Z,SEA,WAS,Rashid Shaheed,WR,WR2,WR_REC_YARDS,leo-nflprop-v2,21,4.6,4.3,1.12,3
2026-09-27T21:11:03.962Z,2026-09-27,2026_03_SEA_WAS,SEA @ WAS,2026-09-27T17:00:00.000Z,SEA,WAS,Rashid Shaheed,WR,WR2,ANYTIME_TD,leo-nflprop-v1,0.096,,,1.12,3
2026-09-27T21:11:03.962Z,2026-09-27,2026_03_SEA_WAS,SEA @ WAS,2026-09-27T17:00:00.000Z,SEA,WAS,Cooper Kupp,WR,WR3,WR_REC_YARDS,leo-nflprop-v2,45,10.4,3.9,1.12,3
2026-09-27T21:11:03.962Z,2026-09-27,2026_03_SEA_WAS,SEA @ WAS,2026-09-27T17:00:00.000Z,SEA,WAS,Cooper Kupp,WR,WR3,ANYTIME_TD,leo-nflprop-v1,0.237,,,1.12,3
2026-09-27T21:11:03.962Z,2026-09-27,2026_03_SEA_WAS,SEA @ WAS,2026-09-27T17:00:00.000Z,WAS,SEA,Marcus Mariota,QB,QB1,QB_PASS_YARDS,leo-nflprop-v2,148,7,26,0.857,2
2026-09-27T21:11:03.962Z,2026-09-27,2026_03_SEA_WAS,SEA @ WAS,2026-09-27T17:00:00.000Z,WAS,SEA,Jacory Croskey-Merritt,RB,RB1,RB_RUSH_YARDS,leo-nflprop-v1,49,3.5,14.3,0.904,3
2026-09-27T21:11:03.962Z,2026-09-27,2026_03_SEA_WAS,SEA @ WAS,2026-09-27T17:00:00.000Z,WAS,SEA,Jacory Croskey-Merritt,RB,RB1,ANYTIME_TD,leo-nflprop-v1,0.302,,,0.904,3
2026-09-27T21:11:03.962Z,2026-09-27,2026_03_SEA_WAS,SEA @ WAS,2026-09-27T17:00:00.000Z,WAS,SEA,Rachaad White,RB,RB2,RB_RUSH_YARDS,leo-nflprop-v1,35,4.8,7.4,0.904,3
2026-09-27T21:11:03.962Z,2026-09-27,2026_03_SEA_WAS,SEA @ WAS,2026-09-27T17:00:00.000Z,WAS,SEA,Rachaad White,RB,RB2,ANYTIME_TD,leo-nflprop-v1,0.132,,,0.904,3
2026-09-27T21:11:03.962Z,2026-09-27,2026_03_SEA_WAS,SEA @ WAS,2026-09-27T17:00:00.000Z,WAS,SEA,Stefon Diggs,WR,WR1,WR_REC_YARDS,leo-nflprop-v2,37,7,6.3,0.857,3
2026-09-27T21:11:03.962Z,2026-09-27,2026_03_SEA_WAS,SEA @ WAS,2026-09-27T17:00:00.000Z,WAS,SEA,Stefon Diggs,WR,WR1,ANYTIME_TD,leo-nflprop-v1,0.388,,,0.857,3
2026-09-27T21:11:03.962Z,2026-09-27,2026_03_SEA_WAS,SEA @ WAS,2026-09-27T17:00:00.000Z,WAS,SEA,Terry McLaurin,WR,WR2,WR_REC_YARDS,leo-nflprop-v2,40,7.2,6.6,0.857,3
2026-09-27T21:11:03.962Z,2026-09-27,2026_03_SEA_WAS,SEA @ WAS,2026-09-27T17:00:00.000Z,WAS,SEA,Terry McLaurin,WR,WR2,ANYTIME_TD,leo-nflprop-v1,0.236,,,0.857,3
2026-09-27T21:11:03.962Z,2026-09-27,2026_03_SEA_WAS,SEA @ WAS,2026-09-27T17:00:00.000Z,WAS,SEA,Antonio Williams,WR,WR3,WR_REC_YARDS,leo-nflprop-v2,25,9.3,3.3,0.857,3
2026-09-27T21:11:03.962Z,2026-09-27,2026_03_SEA_WAS,SEA @ WAS,2026-09-27T17:00:00.000Z,WAS,SEA,Antonio Williams,WR,WR3,ANYTIME_TD,leo-nflprop-v1,0.236,,,0.857,3
2026-09-27T21:11:03.962Z,2026-09-27,2026_03_ARI_SF,ARI @ SF,2026-09-27T20:05:00.000Z,ARI,SF,Jacoby Brissett,QB,QB1,QB_PASS_YARDS,leo-nflprop-v2,211,6.4,36.4,0.934,2
2026-09-27T21:11:03.962Z,2026-09-27,2026_03_ARI_SF,ARI @ SF,2026-09-27T20:05:00.000Z,ARI,SF,Tyler Allgeier,RB,RB1,RB_RUSH_YARDS,leo-nflprop-v1,35,3.2,9.7,0.9990000000000001,2
2026-09-27T21:11:03.962Z,2026-09-27,2026_03_ARI_SF,ARI @ SF,2026-09-27T20:05:00.000Z,ARI,SF,Tyler Allgeier,RB,RB1,ANYTIME_TD,leo-nflprop-v1,0.258,,,0.9990000000000001,2
2026-09-27T21:11:03.962Z,2026-09-27,2026_03_ARI_SF,ARI @ SF,2026-09-27T20:05:00.000Z,ARI,SF,Jeremiyah Love,RB,RB2,RB_RUSH_YARDS,leo-nflprop-v1,38,3.5,10,0.9990000000000001,2
2026-09-27T21:11:03.962Z,2026-09-27,2026_03_ARI_SF,ARI @ SF,2026-09-27T20:05:00.000Z,ARI,SF,Jeremiyah Love,RB,RB2,ANYTIME_TD,leo-nflprop-v1,0.343,,,0.9990000000000001,2
2026-09-27T21:11:03.962Z,2026-09-27,2026_03_ARI_SF,ARI @ SF,2026-09-27T20:05:00.000Z,ARI,SF,Michael Wilson,WR,WR1,WR_REC_YARDS,leo-nflprop-v2,43,6.5,7.3,0.934,2
2026-09-27T21:11:03.962Z,2026-09-27,2026_03_ARI_SF,ARI @ SF,2026-09-27T20:05:00.000Z,ARI,SF,Michael Wilson,WR,WR1,ANYTIME_TD,leo-nflprop-v1,0.212,,,0.934,2
2026-09-27T21:11:03.962Z,2026-09-27,2026_03_ARI_SF,ARI @ SF,2026-09-27T20:05:00.000Z,ARI,SF,Kendrick Bourne,WR,WR2,WR_REC_YARDS,leo-nflprop-v2,36,8.3,4.8,0.934,2
2026-09-27T21:11:03.962Z,2026-09-27,2026_03_ARI_SF,ARI @ SF,2026-09-27T20:05:00.000Z,ARI,SF,Kendrick Bourne,WR,WR2,ANYTIME_TD,leo-nflprop-v1,0.054,,,0.934,2
2026-09-27T21:11:03.962Z,2026-09-27,2026_03_ARI_SF,ARI @ SF,2026-09-27T20:05:00.000Z,ARI,SF,Marvin Harrison Jr.,WR,WR3,WR_REC_YARDS,leo-nflprop-v2,29,7.1,4.6,0.934,2
2026-09-27T21:11:03.962Z,2026-09-27,2026_03_ARI_SF,ARI @ SF,2026-09-27T20:05:00.000Z,ARI,SF,Marvin Harrison Jr.,WR,WR3,ANYTIME_TD,leo-nflprop-v1,0.182,,,0.934,2
2026-09-27T21:11:03.962Z,2026-09-27,2026_03_ARI_SF,ARI @ SF,2026-09-27T20:05:00.000Z,SF,ARI,Kaelon Black,RB,RB1,RB_RUSH_YARDS,leo-nflprop-v1,48,4.1,10.5,1.028,2
2026-09-27T21:11:03.962Z,2026-09-27,2026_03_ARI_SF,ARI @ SF,2026-09-27T20:05:00.000Z,SF,ARI,Kaelon Black,RB,RB1,ANYTIME_TD,leo-nflprop-v1,0.229,,,1.028,2
2026-09-27T21:11:03.962Z,2026-09-27,2026_03_ARI_SF,ARI @ SF,2026-09-27T20:05:00.000Z,SF,ARI,Christian McCaffrey,RB,RB2,RB_RUSH_YARDS,leo-nflprop-v1,64,4.2,14.1,1.028,2
2026-09-27T21:11:03.962Z,2026-09-27,2026_03_ARI_SF,ARI @ SF,2026-09-27T20:05:00.000Z,SF,ARI,Christian McCaffrey,RB,RB2,ANYTIME_TD,leo-nflprop-v1,0.508,,,1.028,2
2026-09-27T21:11:03.962Z,2026-09-27,2026_03_MIN_TB,MIN @ TB,2026-09-27T20:05:00.000Z,MIN,TB,Carson Wentz,QB,QB1,QB_PASS_YARDS,leo-nflprop-v2,188,7.2,26.7,1.0270000000000001,2
2026-09-27T21:11:03.962Z,2026-09-27,2026_03_MIN_TB,MIN @ TB,2026-09-27T20:05:00.000Z,MIN,TB,Aaron Jones,RB,RB1,RB_RUSH_YARDS,leo-nflprop-v1,54,4,14.3,0.89,2
2026-09-27T21:11:03.962Z,2026-09-27,2026_03_MIN_TB,MIN @ TB,2026-09-27T20:05:00.000Z,MIN,TB,Aaron Jones,RB,RB1,ANYTIME_TD,leo-nflprop-v1,0.251,,,0.89,2
2026-09-27T21:11:03.962Z,2026-09-27,2026_03_MIN_TB,MIN @ TB,2026-09-27T20:05:00.000Z,MIN,TB,DeeJay Dallas,RB,RB2,RB_RUSH_YARDS,leo-nflprop-v1,5,2.1,0.8,0.89,2
2026-09-27T21:11:03.962Z,2026-09-27,2026_03_MIN_TB,MIN @ TB,2026-09-27T20:05:00.000Z,MIN,TB,DeeJay Dallas,RB,RB2,ANYTIME_TD,leo-nflprop-v1,0.116,,,0.89,2
2026-09-27T21:11:03.962Z,2026-09-27,2026_03_MIN_TB,MIN @ TB,2026-09-27T20:05:00.000Z,MIN,TB,Justin Jefferson,WR,WR1,WR_REC_YARDS,leo-nflprop-v2,69,8.5,8.1,1.0270000000000001,2
2026-09-27T21:11:03.962Z,2026-09-27,2026_03_MIN_TB,MIN @ TB,2026-09-27T20:05:00.000Z,MIN,TB,Justin Jefferson,WR,WR1,ANYTIME_TD,leo-nflprop-v1,0.366,,,1.0270000000000001,2
2026-09-27T21:11:03.962Z,2026-09-27,2026_03_MIN_TB,MIN @ TB,2026-09-27T20:05:00.000Z,MIN,TB,Jordan Addison,WR,WR2,WR_REC_YARDS,leo-nflprop-v2,23,5.1,4.6,1.0270000000000001,2
2026-09-27T21:11:03.962Z,2026-09-27,2026_03_MIN_TB,MIN @ TB,2026-09-27T20:05:00.000Z,MIN,TB,Jordan Addison,WR,WR2,ANYTIME_TD,leo-nflprop-v1,0.151,,,1.0270000000000001,2
2026-09-27T21:11:03.962Z,2026-09-27,2026_03_MIN_TB,MIN @ TB,2026-09-27T20:05:00.000Z,MIN,TB,Jauan Jennings,WR,WR3,WR_REC_YARDS,leo-nflprop-v2,12,3.5,3.8,1.0270000000000001,1
2026-09-27T21:11:03.962Z,2026-09-27,2026_03_MIN_TB,MIN @ TB,2026-09-27T20:05:00.000Z,MIN,TB,Jauan Jennings,WR,WR3,ANYTIME_TD,leo-nflprop-v1,0.345,,,1.0270000000000001,1
2026-09-27T21:11:03.962Z,2026-09-27,2026_03_MIN_TB,MIN @ TB,2026-09-27T20:05:00.000Z,TB,MIN,Baker Mayfield,QB,QB1,QB_PASS_YARDS,leo-nflprop-v2,220,6.6,31.5,1.09,2
2026-09-27T21:11:03.962Z,2026-09-27,2026_03_MIN_TB,MIN @ TB,2026-09-27T20:05:00.000Z,TB,MIN,Bucky Irving,RB,RB1,RB_RUSH_YARDS,leo-nflprop-v1,67,4.4,14.9,0.9640000000000001,2
2026-09-27T21:11:03.962Z,2026-09-27,2026_03_MIN_TB,MIN @ TB,2026-09-27T20:05:00.000Z,TB,MIN,Bucky Irving,RB,RB1,ANYTIME_TD,leo-nflprop-v1,0.253,,,0.9640000000000001,2
2026-09-27T21:11:03.962Z,2026-09-27,2026_03_MIN_TB,MIN @ TB,2026-09-27T20:05:00.000Z,TB,MIN,Kenny Gainwell,RB,RB2,RB_RUSH_YARDS,leo-nflprop-v1,23,4,5.1,0.9640000000000001,2
2026-09-27T21:11:03.962Z,2026-09-27,2026_03_MIN_TB,MIN @ TB,2026-09-27T20:05:00.000Z,TB,MIN,Kenny Gainwell,RB,RB2,ANYTIME_TD,leo-nflprop-v1,0.184,,,0.9640000000000001,2
2026-09-27T21:11:03.962Z,2026-09-27,2026_03_MIN_TB,MIN @ TB,2026-09-27T20:05:00.000Z,TB,MIN,Emeka Egbuka,WR,WR1,WR_REC_YARDS,leo-nflprop-v2,52,7.4,6.7,1.09,2
2026-09-27T21:11:03.962Z,2026-09-27,2026_03_MIN_TB,MIN @ TB,2026-09-27T20:05:00.000Z,TB,MIN,Emeka Egbuka,WR,WR1,ANYTIME_TD,leo-nflprop-v1,0.348,,,1.09,2
2026-09-27T21:11:03.962Z,2026-09-27,2026_03_MIN_TB,MIN @ TB,2026-09-27T20:05:00.000Z,TB,MIN,Ted Hurst III,WR,WR2,WR_REC_YARDS,leo-nflprop-v2,44,7.9,5.2,1.09,2
2026-09-27T21:11:03.962Z,2026-09-27,2026_03_MIN_TB,MIN @ TB,2026-09-27T20:05:00.000Z,TB,MIN,Ted Hurst III,WR,WR2,ANYTIME_TD,leo-nflprop-v1,0.196,,,1.09,2
2026-09-27T21:11:03.962Z,2026-09-27,2026_03_MIN_TB,MIN @ TB,2026-09-27T20:05:00.000Z,TB,MIN,Chris Godwin Jr.,WR,WR3,WR_REC_YARDS,leo-nflprop-v2,51,9.9,4.9,1.09,2
2026-09-27T21:11:03.962Z,2026-09-27,2026_03_MIN_TB,MIN @ TB,2026-09-27T20:05:00.000Z,TB,MIN,Chris Godwin Jr.,WR,WR3,ANYTIME_TD,leo-nflprop-v1,0.168,,,1.09,2
2026-09-27T21:11:03.962Z,2026-09-27,2026_03_BAL_DAL,BAL @ DAL,2026-09-27T20:25:00.000Z,BAL,DAL,Lamar Jackson,QB,QB1,QB_PASS_YARDS,leo-nflprop-v2,234,9.1,26.7,0.986,2
2026-09-27T21:11:03.962Z,2026-09-27,2026_03_BAL_DAL,BAL @ DAL,2026-09-27T20:25:00.000Z,DAL,BAL,Javonte Williams,RB,RB1,RB_RUSH_YARDS,leo-nflprop-v1,52,3.9,13.9,0.915,2
2026-09-27T21:11:03.962Z,2026-09-27,2026_03_BAL_DAL,BAL @ DAL,2026-09-27T20:25:00.000Z,DAL,BAL,Javonte Williams,RB,RB1,ANYTIME_TD,leo-nflprop-v1,0.406,,,0.915,2
2026-09-27T21:11:03.962Z,2026-09-27,2026_03_BAL_DAL,BAL @ DAL,2026-09-27T20:25:00.000Z,DAL,BAL,Emari Demercado,RB,RB2,RB_RUSH_YARDS,leo-nflprop-v1,17,4.8,3.1,0.915,2
2026-09-27T21:11:03.962Z,2026-09-27,2026_03_BAL_DAL,BAL @ DAL,2026-09-27T20:25:00.000Z,DAL,BAL,Emari Demercado,RB,RB2,ANYTIME_TD,leo-nflprop-v1,0.074,,,0.915,2
2026-09-27T21:11:03.962Z,2026-09-27,2026_03_LV_NO,LV @ NO,2026-09-27T20:25:00.000Z,LV,NO,Kirk Cousins,QB,QB1,QB_PASS_YARDS,leo-nflprop-v2,197,6.8,30.3,0.9890000000000001,2
2026-09-27T21:11:03.962Z,2026-09-27,2026_03_LV_NO,LV @ NO,2026-09-27T20:25:00.000Z,LV,NO,Ashton Jeanty,RB,RB1,RB_RUSH_YARDS,leo-nflprop-v1,73,3.4,18.8,1.072,2
2026-09-27T21:11:03.962Z,2026-09-27,2026_03_LV_NO,LV @ NO,2026-09-27T20:25:00.000Z,LV,NO,Ashton Jeanty,RB,RB1,ANYTIME_TD,leo-nflprop-v1,0.202,,,1.072,2
2026-09-27T21:11:03.962Z,2026-09-27,2026_03_LV_NO,LV @ NO,2026-09-27T20:25:00.000Z,LV,NO,Mike Washington Jr.,RB,RB2,RB_RUSH_YARDS,leo-nflprop-v1,25,4.1,5,1.072,2
2026-09-27T21:11:03.962Z,2026-09-27,2026_03_LV_NO,LV @ NO,2026-09-27T20:25:00.000Z,LV,NO,Mike Washington Jr.,RB,RB2,ANYTIME_TD,leo-nflprop-v1,0.238,,,1.072,2
2026-09-27T21:11:03.962Z,2026-09-27,2026_03_LV_NO,LV @ NO,2026-09-27T20:25:00.000Z,LV,NO,Tre Tucker,WR,WR1,WR_REC_YARDS,leo-nflprop-v2,52,9.8,5.4,0.9890000000000001,2
2026-09-27T21:11:03.962Z,2026-09-27,2026_03_LV_NO,LV @ NO,2026-09-27T20:25:00.000Z,LV,NO,Tre Tucker,WR,WR1,ANYTIME_TD,leo-nflprop-v1,0.302,,,0.9890000000000001,2
2026-09-27T21:11:03.962Z,2026-09-27,2026_03_LV_NO,LV @ NO,2026-09-27T20:25:00.000Z,LV,NO,Jalen Nailor,WR,WR2,WR_REC_YARDS,leo-nflprop-v2,18,5.5,3.6,0.9890000000000001,2
2026-09-27T21:11:03.962Z,2026-09-27,2026_03_LV_NO,LV @ NO,2026-09-27T20:25:00.000Z,LV,NO,Jalen Nailor,WR,WR2,ANYTIME_TD,leo-nflprop-v1,0.153,,,0.9890000000000001,2
2026-09-27T21:11:03.962Z,2026-09-27,2026_03_LV_NO,LV @ NO,2026-09-27T20:25:00.000Z,LV,NO,Jack Bech,WR,WR3,WR_REC_YARDS,leo-nflprop-v2,19,8.1,2.5,0.9890000000000001,2
2026-09-27T21:11:03.962Z,2026-09-27,2026_03_LV_NO,LV @ NO,2026-09-27T20:25:00.000Z,LV,NO,Jack Bech,WR,WR3,ANYTIME_TD,leo-nflprop-v1,0.201,,,0.9890000000000001,2
2026-09-27T21:11:03.962Z,2026-09-27,2026_03_LV_NO,LV @ NO,2026-09-27T20:25:00.000Z,NO,LV,Tyler Shough,QB,QB1,QB_PASS_YARDS,leo-nflprop-v2,268,7.3,38.8,0.968,2
2026-09-27T21:11:03.962Z,2026-09-27,2026_03_LV_NO,LV @ NO,2026-09-27T20:25:00.000Z,NO,LV,Kendre Miller,RB,RB1,RB_RUSH_YARDS,leo-nflprop-v1,32,3.8,7.9,0.965,1
2026-09-27T21:11:03.962Z,2026-09-27,2026_03_LV_NO,LV @ NO,2026-09-27T20:25:00.000Z,NO,LV,Kendre Miller,RB,RB1,ANYTIME_TD,leo-nflprop-v1,0.322,,,0.965,1
2026-09-27T21:11:03.962Z,2026-09-27,2026_03_LV_NO,LV @ NO,2026-09-27T20:25:00.000Z,NO,LV,Alvin Kamara,RB,RB2,RB_RUSH_YARDS,leo-nflprop-v1,29,2.6,10.5,0.965,1
2026-09-27T21:11:03.962Z,2026-09-27,2026_03_LV_NO,LV @ NO,2026-09-27T20:25:00.000Z,NO,LV,Alvin Kamara,RB,RB2,ANYTIME_TD,leo-nflprop-v1,0.138,,,0.965,1
2026-09-27T21:11:03.962Z,2026-09-27,2026_03_LV_NO,LV @ NO,2026-09-27T20:25:00.000Z,NO,LV,Chris Olave,WR,WR1,WR_REC_YARDS,leo-nflprop-v2,96,9.6,10.5,0.968,2
2026-09-27T21:11:03.962Z,2026-09-27,2026_03_LV_NO,LV @ NO,2026-09-27T20:25:00.000Z,NO,LV,Chris Olave,WR,WR1,ANYTIME_TD,leo-nflprop-v1,0.38,,,0.968,2
2026-09-27T21:11:03.962Z,2026-09-27,2026_03_LV_NO,LV @ NO,2026-09-27T20:25:00.000Z,NO,LV,Devaughn Vele,WR,WR2,WR_REC_YARDS,leo-nflprop-v2,39,7.5,5.6,0.968,2
2026-09-27T21:11:03.962Z,2026-09-27,2026_03_LV_NO,LV @ NO,2026-09-27T20:25:00.000Z,NO,LV,Devaughn Vele,WR,WR2,ANYTIME_TD,leo-nflprop-v1,0.277,,,0.968,2
2026-09-27T21:11:03.962Z,2026-09-27,2026_03_LV_NO,LV @ NO,2026-09-27T20:25:00.000Z,NO,LV,Bryce Lance,WR,WR3,WR_REC_YARDS,leo-nflprop-v2,18,9.3,2.2,0.968,2
2026-09-27T21:11:03.962Z,2026-09-27,2026_03_LV_NO,LV @ NO,2026-09-27T20:25:00.000Z,NO,LV,Bryce Lance,WR,WR3,ANYTIME_TD,leo-nflprop-v1,0.176,,,0.968,2
2026-09-27T21:11:03.962Z,2026-09-27,2026_03_LA_DEN,LA @ DEN,2026-09-28T00:20:00.000Z,LA,DEN,Matthew Stafford,QB,QB1,QB_PASS_YARDS,leo-nflprop-v2,236,8.2,31.6,0.94,2
2026-09-27T21:11:03.962Z,2026-09-27,2026_03_LA_DEN,LA @ DEN,2026-09-28T00:20:00.000Z,LA,DEN,Kyren Williams,RB,RB1,RB_RUSH_YARDS,leo-nflprop-v1,82,5.2,13.4,1.135,2
2026-09-27T21:11:03.962Z,2026-09-27,2026_03_LA_DEN,LA @ DEN,2026-09-28T00:20:00.000Z,LA,DEN,Kyren Williams,RB,RB1,ANYTIME_TD,leo-nflprop-v1,0.447,,,1.135,2
2026-09-27T21:11:03.962Z,2026-09-27,2026_03_LA_DEN,LA @ DEN,2026-09-28T00:20:00.000Z,LA,DEN,Blake Corum,RB,RB2,RB_RUSH_YARDS,leo-nflprop-v1,67,5.7,9.8,1.135,2
2026-09-27T21:11:03.962Z,2026-09-27,2026_03_LA_DEN,LA @ DEN,2026-09-28T00:20:00.000Z,LA,DEN,Blake Corum,RB,RB2,ANYTIME_TD,leo-nflprop-v1,0.238,,,1.135,2
2026-09-27T21:11:03.962Z,2026-09-27,2026_03_LA_DEN,LA @ DEN,2026-09-28T00:20:00.000Z,LA,DEN,Davante Adams,WR,WR1,WR_REC_YARDS,leo-nflprop-v2,73,9.5,8.3,0.94,2
2026-09-27T21:11:03.962Z,2026-09-27,2026_03_LA_DEN,LA @ DEN,2026-09-28T00:20:00.000Z,LA,DEN,Davante Adams,WR,WR1,ANYTIME_TD,leo-nflprop-v1,0.554,,,0.94,2
2026-09-27T21:11:03.962Z,2026-09-27,2026_03_LA_DEN,LA @ DEN,2026-09-28T00:20:00.000Z,LA,DEN,Tutu Atwell,WR,WR2,WR_REC_YARDS,leo-nflprop-v2,15,9.6,1.8,0.94,1
2026-09-27T21:11:03.962Z,2026-09-27,2026_03_LA_DEN,LA @ DEN,2026-09-28T00:20:00.000Z,LA,DEN,Tutu Atwell,WR,WR2,ANYTIME_TD,leo-nflprop-v1,0.14,,,0.94,1
2026-09-27T21:11:03.962Z,2026-09-27,2026_03_LA_DEN,LA @ DEN,2026-09-28T00:20:00.000Z,LA,DEN,Konata Mumpfield,WR,WR3,WR_REC_YARDS,leo-nflprop-v2,5,3.2,2,0.94,2
2026-09-27T21:11:03.962Z,2026-09-27,2026_03_LA_DEN,LA @ DEN,2026-09-28T00:20:00.000Z,LA,DEN,Konata Mumpfield,WR,WR3,ANYTIME_TD,leo-nflprop-v1,0.104,,,0.94,2
2026-09-27T21:11:03.962Z,2026-09-27,2026_03_LA_DEN,LA @ DEN,2026-09-28T00:20:00.000Z,DEN,LA,J.K. Dobbins,RB,RB1,RB_RUSH_YARDS,leo-nflprop-v1,59,4.6,12.2,1.002,2
2026-09-27T21:11:03.962Z,2026-09-27,2026_03_LA_DEN,LA @ DEN,2026-09-28T00:20:00.000Z,DEN,LA,J.K. Dobbins,RB,RB1,ANYTIME_TD,leo-nflprop-v1,0.231,,,1.002,2
2026-09-27T21:11:03.962Z,2026-09-27,2026_03_LA_DEN,LA @ DEN,2026-09-28T00:20:00.000Z,DEN,LA,RJ Harvey,RB,RB2,RB_RUSH_YARDS,leo-nflprop-v1,31,4.8,5.8,1.002,1
2026-09-27T21:11:03.962Z,2026-09-27,2026_03_LA_DEN,LA @ DEN,2026-09-28T00:20:00.000Z,DEN,LA,RJ Harvey,RB,RB2,ANYTIME_TD,leo-nflprop-v1,0.276,,,1.002,1
2026-09-28T00:45:12.469Z,2026-09-27,2026_03_LAC_BUF,LAC @ BUF,2026-09-27T17:00:00.000Z,LAC,BUF,Justin Herbert,QB,QB1,QB_PASS_YARDS,leo-nflprop-v2,230,7.2,30.4,1.087,3
2026-09-28T00:45:12.469Z,2026-09-27,2026_03_LAC_BUF,LAC @ BUF,2026-09-27T17:00:00.000Z,LAC,BUF,Omarion Hampton,RB,RB1,RB_RUSH_YARDS,leo-nflprop-v1,65,4,15.9,0.978,3
2026-09-28T00:45:12.469Z,2026-09-27,2026_03_LAC_BUF,LAC @ BUF,2026-09-27T17:00:00.000Z,LAC,BUF,Omarion Hampton,RB,RB1,ANYTIME_TD,leo-nflprop-v1,0.401,,,0.978,3
2026-09-28T00:45:12.469Z,2026-09-27,2026_03_LAC_BUF,LAC @ BUF,2026-09-27T17:00:00.000Z,LAC,BUF,Keaton Mitchell,RB,RB2,RB_RUSH_YARDS,leo-nflprop-v1,28,4.7,5.4,0.978,3
2026-09-28T00:45:12.469Z,2026-09-27,2026_03_LAC_BUF,LAC @ BUF,2026-09-27T17:00:00.000Z,LAC,BUF,Keaton Mitchell,RB,RB2,ANYTIME_TD,leo-nflprop-v1,0.092,,,0.978,3
2026-09-28T00:45:12.469Z,2026-09-27,2026_03_LAC_BUF,LAC @ BUF,2026-09-27T17:00:00.000Z,LAC,BUF,Quentin Johnston,WR,WR1,WR_REC_YARDS,leo-nflprop-v2,31,4.8,6,1.087,3
2026-09-28T00:45:12.469Z,2026-09-27,2026_03_LAC_BUF,LAC @ BUF,2026-09-27T17:00:00.000Z,LAC,BUF,Quentin Johnston,WR,WR1,ANYTIME_TD,leo-nflprop-v1,0.274,,,1.087,3
2026-09-28T00:45:12.469Z,2026-09-27,2026_03_LAC_BUF,LAC @ BUF,2026-09-27T17:00:00.000Z,LAC,BUF,Tre Harris,WR,WR2,WR_REC_YARDS,leo-nflprop-v2,42,9.8,4.1,1.087,3
2026-09-28T00:45:12.469Z,2026-09-27,2026_03_LAC_BUF,LAC @ BUF,2026-09-27T17:00:00.000Z,LAC,BUF,Tre Harris,WR,WR2,ANYTIME_TD,leo-nflprop-v1,0.076,,,1.087,3
2026-09-28T00:45:12.469Z,2026-09-27,2026_03_LAC_BUF,LAC @ BUF,2026-09-27T17:00:00.000Z,LAC,BUF,Ladd McConkey,WR,WR3,WR_REC_YARDS,leo-nflprop-v2,69,11.1,5.8,1.087,3
2026-09-28T00:45:12.469Z,2026-09-27,2026_03_LAC_BUF,LAC @ BUF,2026-09-27T17:00:00.000Z,LAC,BUF,Ladd McConkey,WR,WR3,ANYTIME_TD,leo-nflprop-v1,0.313,,,1.087,3
2026-09-28T00:45:12.469Z,2026-09-27,2026_03_LAC_BUF,LAC @ BUF,2026-09-27T17:00:00.000Z,BUF,LAC,Josh Allen,QB,QB1,QB_PASS_YARDS,leo-nflprop-v2,249,8.7,28.7,1.0290000000000001,3
2026-09-28T00:45:12.469Z,2026-09-27,2026_03_LAC_BUF,LAC @ BUF,2026-09-27T17:00:00.000Z,BUF,LAC,James Cook,RB,RB1,RB_RUSH_YARDS,leo-nflprop-v1,112,5.6,19,1.013,3
2026-09-28T00:45:12.469Z,2026-09-27,2026_03_LAC_BUF,LAC @ BUF,2026-09-27T17:00:00.000Z,BUF,LAC,James Cook,RB,RB1,ANYTIME_TD,leo-nflprop-v1,0.477,,,1.013,3
2026-09-28T00:45:12.469Z,2026-09-27,2026_03_LAC_BUF,LAC @ BUF,2026-09-27T17:00:00.000Z,BUF,LAC,Ray Davis,RB,RB2,RB_RUSH_YARDS,leo-nflprop-v1,7,1.7,2,1.013,2
2026-09-28T00:45:12.469Z,2026-09-27,2026_03_LAC_BUF,LAC @ BUF,2026-09-27T17:00:00.000Z,BUF,LAC,Ray Davis,RB,RB2,ANYTIME_TD,leo-nflprop-v1,0.065,,,1.013,2
2026-09-28T00:45:12.469Z,2026-09-27,2026_03_LAC_BUF,LAC @ BUF,2026-09-27T17:00:00.000Z,BUF,LAC,DJ Moore,WR,WR1,WR_REC_YARDS,leo-nflprop-v2,35,6.6,5.3,1.0290000000000001,3
2026-09-28T00:45:12.469Z,2026-09-27,2026_03_LAC_BUF,LAC @ BUF,2026-09-27T17:00:00.000Z,BUF,LAC,DJ Moore,WR,WR1,ANYTIME_TD,leo-nflprop-v1,0.293,,,1.0290000000000001,3
2026-09-28T00:45:12.469Z,2026-09-27,2026_03_LAC_BUF,LAC @ BUF,2026-09-27T17:00:00.000Z,BUF,LAC,Khalil Shakir,WR,WR2,WR_REC_YARDS,leo-nflprop-v2,32,6,5.5,1.0290000000000001,3
2026-09-28T00:45:12.469Z,2026-09-27,2026_03_LAC_BUF,LAC @ BUF,2026-09-27T17:00:00.000Z,BUF,LAC,Khalil Shakir,WR,WR2,ANYTIME_TD,leo-nflprop-v1,0.144,,,1.0290000000000001,3
2026-09-28T00:45:12.469Z,2026-09-27,2026_03_LAC_BUF,LAC @ BUF,2026-09-27T17:00:00.000Z,BUF,LAC,Keon Coleman,WR,WR3,WR_REC_YARDS,leo-nflprop-v2,36,9.2,3.9,1.0290000000000001,3
2026-09-28T00:45:12.469Z,2026-09-27,2026_03_LAC_BUF,LAC @ BUF,2026-09-27T17:00:00.000Z,BUF,LAC,Keon Coleman,WR,WR3,ANYTIME_TD,leo-nflprop-v1,0.173,,,1.0290000000000001,3
2026-09-28T00:45:12.469Z,2026-09-27,2026_03_CAR_CLE,CAR @ CLE,2026-09-27T17:00:00.000Z,CAR,CLE,Bryce Young,QB,QB1,QB_PASS_YARDS,leo-nflprop-v2,261,7.3,36.2,1.0190000000000001,3
2026-09-28T00:45:12.469Z,2026-09-27,2026_03_CAR_CLE,CAR @ CLE,2026-09-27T17:00:00.000Z,CAR,CLE,Chuba Hubbard,RB,RB1,RB_RUSH_YARDS,leo-nflprop-v1,60,4.4,12.5,1.028,3
2026-09-28T00:45:12.469Z,2026-09-27,2026_03_CAR_CLE,CAR @ CLE,2026-09-27T17:00:00.000Z,CAR,CLE,Chuba Hubbard,RB,RB1,ANYTIME_TD,leo-nflprop-v1,0.212,,,1.028,3
2026-09-28T00:45:12.469Z,2026-09-27,2026_03_CAR_CLE,CAR @ CLE,2026-09-27T17:00:00.000Z,CAR,CLE,AJ Dillon,RB,RB2,RB_RUSH_YARDS,leo-nflprop-v1,15,3.1,3.5,1.028,3
2026-09-28T00:45:12.469Z,2026-09-27,2026_03_CAR_CLE,CAR @ CLE,2026-09-27T17:00:00.000Z,CAR,CLE,AJ Dillon,RB,RB2,ANYTIME_TD,leo-nflprop-v1,0.106,,,1.028,3
2026-09-28T00:45:12.469Z,2026-09-27,2026_03_CAR_CLE,CAR @ CLE,2026-09-27T17:00:00.000Z,CAR,CLE,Tetairoa McMillan,WR,WR1,WR_REC_YARDS,leo-nflprop-v2,59,7.8,7.5,1.0190000000000001,3
2026-09-28T00:45:12.469Z,2026-09-27,2026_03_CAR_CLE,CAR @ CLE,2026-09-27T17:00:00.000Z,CAR,CLE,Tetairoa McMillan,WR,WR1,ANYTIME_TD,leo-nflprop-v1,0.2,,,1.0190000000000001,3
2026-09-28T00:45:12.469Z,2026-09-27,2026_03_CAR_CLE,CAR @ CLE,2026-09-27T17:00:00.000Z,CAR,CLE,Jalen Coker,WR,WR2,WR_REC_YARDS,leo-nflprop-v2,51,9,5.7,1.0190000000000001,3
2026-09-28T00:45:12.469Z,2026-09-27,2026_03_CAR_CLE,CAR @ CLE,2026-09-27T17:00:00.000Z,CAR,CLE,Jalen Coker,WR,WR2,ANYTIME_TD,leo-nflprop-v1,0.366,,,1.0190000000000001,3
2026-09-28T00:45:12.469Z,2026-09-27,2026_03_CAR_CLE,CAR @ CLE,2026-09-27T17:00:00.000Z,CAR,CLE,Xavier Legette,WR,WR3,WR_REC_YARDS,leo-nflprop-v2,27,6.6,4.1,1.0190000000000001,2
2026-09-28T00:45:12.469Z,2026-09-27,2026_03_CAR_CLE,CAR @ CLE,2026-09-27T17:00:00.000Z,CAR,CLE,Xavier Legette,WR,WR3,ANYTIME_TD,leo-nflprop-v1,0.144,,,1.0190000000000001,2
2026-09-28T00:45:12.469Z,2026-09-27,2026_03_CAR_CLE,CAR @ CLE,2026-09-27T17:00:00.000Z,CLE,CAR,Deshaun Watson,QB,QB1,QB_PASS_YARDS,leo-nflprop-v2,182,7.1,29,0.919,3
2026-09-28T00:45:12.469Z,2026-09-27,2026_03_CAR_CLE,CAR @ CLE,2026-09-27T17:00:00.000Z,CLE,CAR,KC Concepcion,WR,WR1,WR_REC_YARDS,leo-nflprop-v2,30,4.8,7.1,0.919,3
2026-09-28T00:45:12.469Z,2026-09-27,2026_03_CAR_CLE,CAR @ CLE,2026-09-27T17:00:00.000Z,CLE,CAR,KC Concepcion,WR,WR1,ANYTIME_TD,leo-nflprop-v1,0.146,,,0.919,3
2026-09-28T00:45:12.469Z,2026-09-27,2026_03_CAR_CLE,CAR @ CLE,2026-09-27T17:00:00.000Z,CLE,CAR,Denzel Boston,WR,WR2,WR_REC_YARDS,leo-nflprop-v2,62,12.9,5.3,0.919,3
2026-09-28T00:45:12.469Z,2026-09-27,2026_03_CAR_CLE,CAR @ CLE,2026-09-27T17:00:00.000Z,CLE,CAR,Denzel Boston,WR,WR2,ANYTIME_TD,leo-nflprop-v1,0.343,,,0.919,3
2026-09-28T00:45:12.469Z,2026-09-27,2026_03_CAR_CLE,CAR @ CLE,2026-09-27T17:00:00.000Z,CLE,CAR,Jerry Jeudy,WR,WR3,WR_REC_YARDS,leo-nflprop-v2,18,4.5,4.7,0.919,2
2026-09-28T00:45:12.469Z,2026-09-27,2026_03_CAR_CLE,CAR @ CLE,2026-09-27T17:00:00.000Z,CLE,CAR,Jerry Jeudy,WR,WR3,ANYTIME_TD,leo-nflprop-v1,0.096,,,0.919,2
2026-09-28T00:45:12.469Z,2026-09-27,2026_03_NYJ_DET,NYJ @ DET,2026-09-27T17:00:00.000Z,NYJ,DET,Breece Hall,RB,RB1,RB_RUSH_YARDS,leo-nflprop-v1,59,3.3,16.5,1.0170000000000001,3
2026-09-28T00:45:12.469Z,2026-09-27,2026_03_NYJ_DET,NYJ @ DET,2026-09-27T17:00:00.000Z,NYJ,DET,Breece Hall,RB,RB1,ANYTIME_TD,leo-nflprop-v1,0.267,,,1.0170000000000001,3
2026-09-28T00:45:12.469Z,2026-09-27,2026_03_NYJ_DET,NYJ @ DET,2026-09-27T17:00:00.000Z,NYJ,DET,Braelon Allen,RB,RB2,RB_RUSH_YARDS,leo-nflprop-v1,24,3.4,5.9,1.0170000000000001,3
2026-09-28T00:45:12.469Z,2026-09-27,2026_03_NYJ_DET,NYJ @ DET,2026-09-27T17:00:00.000Z,NYJ,DET,Braelon Allen,RB,RB2,ANYTIME_TD,leo-nflprop-v1,0.285,,,1.0170000000000001,3
2026-09-28T00:45:12.469Z,2026-09-27,2026_03_NYJ_DET,NYJ @ DET,2026-09-27T17:00:00.000Z,DET,NYJ,Jared Goff,QB,QB1,QB_PASS_YARDS,leo-nflprop-v2,238,7.6,35.4,0.917,3
2026-09-28T00:45:12.469Z,2026-09-27,2026_03_NYJ_DET,NYJ @ DET,2026-09-27T17:00:00.000Z,DET,NYJ,Jahmyr Gibbs,RB,RB1,RB_RUSH_YARDS,leo-nflprop-v1,86,4.6,19.8,0.903,3
2026-09-28T00:45:12.469Z,2026-09-27,2026_03_NYJ_DET,NYJ @ DET,2026-09-27T17:00:00.000Z,DET,NYJ,Jahmyr Gibbs,RB,RB1,ANYTIME_TD,leo-nflprop-v1,0.576,,,0.903,3
2026-09-28T00:45:12.469Z,2026-09-27,2026_03_NYJ_DET,NYJ @ DET,2026-09-27T17:00:00.000Z,DET,NYJ,Sione Vaki,RB,RB2,RB_RUSH_YARDS,leo-nflprop-v1,11,3.8,2.3,0.903,3
2026-09-28T00:45:12.469Z,2026-09-27,2026_03_NYJ_DET,NYJ @ DET,2026-09-27T17:00:00.000Z,DET,NYJ,Sione Vaki,RB,RB2,ANYTIME_TD,leo-nflprop-v1,0.081,,,0.903,3
2026-09-28T00:45:12.469Z,2026-09-27,2026_03_NYJ_DET,NYJ @ DET,2026-09-27T17:00:00.000Z,DET,NYJ,Amon-Ra St. Brown,WR,WR1,WR_REC_YARDS,leo-nflprop-v2,63,6.5,10.9,0.917,3
2026-09-28T00:45:12.469Z,2026-09-27,2026_03_NYJ_DET,NYJ @ DET,2026-09-27T17:00:00.000Z,DET,NYJ,Amon-Ra St. Brown,WR,WR1,ANYTIME_TD,leo-nflprop-v1,0.612,,,0.917,3
2026-09-28T00:45:12.469Z,2026-09-27,2026_03_NYJ_DET,NYJ @ DET,2026-09-27T17:00:00.000Z,DET,NYJ,Jameson Williams,WR,WR2,WR_REC_YARDS,leo-nflprop-v2,47,9,5.9,0.917,3
2026-09-28T00:45:12.469Z,2026-09-27,2026_03_NYJ_DET,NYJ @ DET,2026-09-27T17:00:00.000Z,DET,NYJ,Jameson Williams,WR,WR2,ANYTIME_TD,leo-nflprop-v1,0.182,,,0.917,3
2026-09-28T00:45:12.469Z,2026-09-27,2026_03_NYJ_DET,NYJ @ DET,2026-09-27T17:00:00.000Z,DET,NYJ,Isaac TeSlaa,WR,WR3,WR_REC_YARDS,leo-nflprop-v2,19,9.1,2.4,0.917,3
2026-09-28T00:45:12.469Z,2026-09-27,2026_03_NYJ_DET,NYJ @ DET,2026-09-27T17:00:00.000Z,DET,NYJ,Isaac TeSlaa,WR,WR3,ANYTIME_TD,leo-nflprop-v1,0.185,,,0.917,3
2026-09-28T00:45:12.469Z,2026-09-27,2026_03_HOU_IND,HOU @ IND,2026-09-27T17:00:00.000Z,HOU,IND,C.J. Stroud,QB,QB1,QB_PASS_YARDS,leo-nflprop-v2,272,6.8,36.7,1.1159999999999999,3
2026-09-28T00:45:12.469Z,2026-09-27,2026_03_HOU_IND,HOU @ IND,2026-09-27T17:00:00.000Z,HOU,IND,David Montgomery,RB,RB1,RB_RUSH_YARDS,leo-nflprop-v1,43,3.1,11.6,1.1079999999999999,3
2026-09-28T00:45:12.469Z,2026-09-27,2026_03_HOU_IND,HOU @ IND,2026-09-27T17:00:00.000Z,HOU,IND,David Montgomery,RB,RB1,ANYTIME_TD,leo-nflprop-v1,0.451,,,1.1079999999999999,3
2026-09-28T00:45:12.469Z,2026-09-27,2026_03_HOU_IND,HOU @ IND,2026-09-27T17:00:00.000Z,HOU,IND,Woody Marks,RB,RB2,RB_RUSH_YARDS,leo-nflprop-v1,33,3.1,8.6,1.1079999999999999,3
2026-09-28T00:45:12.469Z,2026-09-27,2026_03_HOU_IND,HOU @ IND,2026-09-27T17:00:00.000Z,HOU,IND,Woody Marks,RB,RB2,ANYTIME_TD,leo-nflprop-v1,0.245,,,1.1079999999999999,3
2026-09-28T00:45:12.469Z,2026-09-27,2026_03_HOU_IND,HOU @ IND,2026-09-27T17:00:00.000Z,HOU,IND,Xavier Hutchinson,WR,WR1,WR_REC_YARDS,leo-nflprop-v2,35,6.1,5.2,1.1159999999999999,3
2026-09-28T00:45:12.469Z,2026-09-27,2026_03_HOU_IND,HOU @ IND,2026-09-27T17:00:00.000Z,HOU,IND,Xavier Hutchinson,WR,WR1,ANYTIME_TD,leo-nflprop-v1,0.13,,,1.1159999999999999,3
2026-09-28T00:45:12.469Z,2026-09-27,2026_03_HOU_IND,HOU @ IND,2026-09-27T17:00:00.000Z,HOU,IND,Jared Wayne,WR,WR2,WR_REC_YARDS,leo-nflprop-v2,23,7.9,2.8,1.1159999999999999,3
2026-09-28T00:45:12.469Z,2026-09-27,2026_03_HOU_IND,HOU @ IND,2026-09-27T17:00:00.000Z,HOU,IND,Jared Wayne,WR,WR2,ANYTIME_TD,leo-nflprop-v1,0.151,,,1.1159999999999999,3
2026-09-28T00:45:12.469Z,2026-09-27,2026_03_HOU_IND,HOU @ IND,2026-09-27T17:00:00.000Z,HOU,IND,Kayshon Boutte,WR,WR3,WR_REC_YARDS,leo-nflprop-v2,38,10.2,3.4,1.1159999999999999,3
2026-09-28T00:45:12.469Z,2026-09-27,2026_03_HOU_IND,HOU @ IND,2026-09-27T17:00:00.000Z,HOU,IND,Kayshon Boutte,WR,WR3,ANYTIME_TD,leo-nflprop-v1,0.22,,,1.1159999999999999,3
2026-09-28T00:45:12.469Z,2026-09-27,2026_03_HOU_IND,HOU @ IND,2026-09-27T17:00:00.000Z,IND,HOU,Daniel Jones,QB,QB1,QB_PASS_YARDS,leo-nflprop-v2,229,7,32.2,1.055,3
2026-09-28T00:45:12.469Z,2026-09-27,2026_03_HOU_IND,HOU @ IND,2026-09-27T17:00:00.000Z,IND,HOU,Jonathan Taylor,RB,RB1,RB_RUSH_YARDS,leo-nflprop-v1,84,4.2,21.3,0.9,3
2026-09-28T00:45:12.469Z,2026-09-27,2026_03_HOU_IND,HOU @ IND,2026-09-27T17:00:00.000Z,IND,HOU,Jonathan Taylor,RB,RB1,ANYTIME_TD,leo-nflprop-v1,0.62,,,0.9,3
2026-09-28T00:45:12.469Z,2026-09-27,2026_03_HOU_IND,HOU @ IND,2026-09-27T17:00:00.000Z,IND,HOU,Seth McGowan,RB,RB2,RB_RUSH_YARDS,leo-nflprop-v1,6,1.2,2,0.9,3
2026-09-28T00:45:12.469Z,2026-09-27,2026_03_HOU_IND,HOU @ IND,2026-09-27T17:00:00.000Z,IND,HOU,Seth McGowan,RB,RB2,ANYTIME_TD,leo-nflprop-v1,0.178,,,0.9,3
2026-09-28T00:45:12.469Z,2026-09-27,2026_03_HOU_IND,HOU @ IND,2026-09-27T17:00:00.000Z,IND,HOU,Josh Downs,WR,WR1,WR_REC_YARDS,leo-nflprop-v2,54,7.7,6.8,1.055,3
2026-09-28T00:45:12.469Z,2026-09-27,2026_03_HOU_IND,HOU @ IND,2026-09-27T17:00:00.000Z,IND,HOU,Josh Downs,WR,WR1,ANYTIME_TD,leo-nflprop-v1,0.147,,,1.055,3
2026-09-28T00:45:12.469Z,2026-09-27,2026_03_HOU_IND,HOU @ IND,2026-09-27T17:00:00.000Z,IND,HOU,Keenan Allen,WR,WR2,WR_REC_YARDS,leo-nflprop-v2,35,5,6.8,1.055,3
2026-09-28T00:45:12.469Z,2026-09-27,2026_03_HOU_IND,HOU @ IND,2026-09-27T17:00:00.000Z,IND,HOU,Keenan Allen,WR,WR2,ANYTIME_TD,leo-nflprop-v1,0.261,,,1.055,3
2026-09-28T00:45:12.469Z,2026-09-27,2026_03_HOU_IND,HOU @ IND,2026-09-27T17:00:00.000Z,IND,HOU,Laquon Treadwell,WR,WR3,WR_REC_YARDS,leo-nflprop-v2,8,10.1,0.8,1.055,3
2026-09-28T00:45:12.469Z,2026-09-27,2026_03_HOU_IND,HOU @ IND,2026-09-27T17:00:00.000Z,IND,HOU,Laquon Treadwell,WR,WR3,ANYTIME_TD,leo-nflprop-v1,0.086,,,1.055,3
2026-09-28T00:45:12.469Z,2026-09-27,2026_03_NE_JAX,NE @ JAX,2026-09-27T17:00:00.000Z,NE,JAX,Drake Maye,QB,QB1,QB_PASS_YARDS,leo-nflprop-v2,220,8,27.6,1.031,3
2026-09-28T00:45:12.469Z,2026-09-27,2026_03_NE_JAX,NE @ JAX,2026-09-27T17:00:00.000Z,NE,JAX,TreVeyon Henderson,RB,RB1,RB_RUSH_YARDS,leo-nflprop-v1,48,4.3,11.3,0.9179999999999999,2
2026-09-28T00:45:12.469Z,2026-09-27,2026_03_NE_JAX,NE @ JAX,2026-09-27T17:00:00.000Z,NE,JAX,TreVeyon Henderson,RB,RB1,ANYTIME_TD,leo-nflprop-v1,0.364,,,0.9179999999999999,2
2026-09-28T00:45:12.469Z,2026-09-27,2026_03_NE_JAX,NE @ JAX,2026-09-27T17:00:00.000Z,NE,JAX,Rhamondre Stevenson,RB,RB2,RB_RUSH_YARDS,leo-nflprop-v1,45,4.5,10.1,0.9179999999999999,3
2026-09-28T00:45:12.469Z,2026-09-27,2026_03_NE_JAX,NE @ JAX,2026-09-27T17:00:00.000Z,NE,JAX,Rhamondre Stevenson,RB,RB2,ANYTIME_TD,leo-nflprop-v1,0.216,,,0.9179999999999999,3
2026-09-28T00:45:12.469Z,2026-09-27,2026_03_NE_JAX,NE @ JAX,2026-09-27T17:00:00.000Z,NE,JAX,Mack Hollins,WR,WR1,WR_REC_YARDS,leo-nflprop-v2,46,9.3,4.9,1.031,3
2026-09-28T00:45:12.469Z,2026-09-27,2026_03_NE_JAX,NE @ JAX,2026-09-27T17:00:00.000Z,NE,JAX,Mack Hollins,WR,WR1,ANYTIME_TD,leo-nflprop-v1,0.106,,,1.031,3
2026-09-28T00:45:12.469Z,2026-09-27,2026_03_NE_JAX,NE @ JAX,2026-09-27T17:00:00.000Z,NE,JAX,DeMario Douglas,WR,WR2,WR_REC_YARDS,leo-nflprop-v2,25,6.8,3.8,1.031,3
2026-09-28T00:45:12.469Z,2026-09-27,2026_03_NE_JAX,NE @ JAX,2026-09-27T17:00:00.000Z,NE,JAX,DeMario Douglas,WR,WR2,ANYTIME_TD,leo-nflprop-v1,0.121,,,1.031,3
2026-09-28T00:45:12.469Z,2026-09-27,2026_03_NE_JAX,NE @ JAX,2026-09-27T17:00:00.000Z,NE,JAX,Romeo Doubs,WR,WR3,WR_REC_YARDS,leo-nflprop-v2,51,11.3,4.5,1.031,3
2026-09-28T00:45:12.469Z,2026-09-27,2026_03_NE_JAX,NE @ JAX,2026-09-27T17:00:00.000Z,NE,JAX,Romeo Doubs,WR,WR3,ANYTIME_TD,leo-nflprop-v1,0.189,,,1.031,3
2026-09-28T00:45:12.469Z,2026-09-27,2026_03_NE_JAX,NE @ JAX,2026-09-27T17:00:00.000Z,JAX,NE,Trevor Lawrence,QB,QB1,QB_PASS_YARDS,leo-nflprop-v2,194,7.4,29.4,0.9259999999999999,3
2026-09-28T00:45:12.469Z,2026-09-27,2026_03_NE_JAX,NE @ JAX,2026-09-27T17:00:00.000Z,JAX,NE,Bhayshul Tuten,RB,RB1,RB_RUSH_YARDS,leo-nflprop-v1,57,4.5,12.1,0.983,3
2026-09-28T00:45:12.469Z,2026-09-27,2026_03_NE_JAX,NE @ JAX,2026-09-27T17:00:00.000Z,JAX,NE,Bhayshul Tuten,RB,RB1,ANYTIME_TD,leo-nflprop-v1,0.378,,,0.983,3
2026-09-28T00:45:12.469Z,2026-09-27,2026_03_NE_JAX,NE @ JAX,2026-09-27T17:00:00.000Z,JAX,NE,Chris Rodriguez Jr.,RB,RB2,RB_RUSH_YARDS,leo-nflprop-v1,30,3.7,7.3,0.983,3
2026-09-28T00:45:12.469Z,2026-09-27,2026_03_NE_JAX,NE @ JAX,2026-09-27T17:00:00.000Z,JAX,NE,Chris Rodriguez Jr.,RB,RB2,ANYTIME_TD,leo-nflprop-v1,0.329,,,0.983,3
2026-09-28T00:45:12.469Z,2026-09-27,2026_03_NE_JAX,NE @ JAX,2026-09-27T17:00:00.000Z,JAX,NE,Parker Washington,WR,WR1,WR_REC_YARDS,leo-nflprop-v2,61,9.6,7,0.9259999999999999,3
2026-09-28T00:45:12.469Z,2026-09-27,2026_03_NE_JAX,NE @ JAX,2026-09-27T17:00:00.000Z,JAX,NE,Parker Washington,WR,WR1,ANYTIME_TD,leo-nflprop-v1,0.348,,,0.9259999999999999,3
2026-09-28T00:45:12.469Z,2026-09-27,2026_03_NE_JAX,NE @ JAX,2026-09-27T17:00:00.000Z,JAX,NE,Brian Thomas Jr.,WR,WR2,WR_REC_YARDS,leo-nflprop-v2,39,8.6,5,0.9259999999999999,3
2026-09-28T00:45:12.469Z,2026-09-27,2026_03_NE_JAX,NE @ JAX,2026-09-27T17:00:00.000Z,JAX,NE,Brian Thomas Jr.,WR,WR2,ANYTIME_TD,leo-nflprop-v1,0.096,,,0.9259999999999999,3
2026-09-28T00:45:12.469Z,2026-09-27,2026_03_NE_JAX,NE @ JAX,2026-09-27T17:00:00.000Z,JAX,NE,Jakobi Meyers,WR,WR3,WR_REC_YARDS,leo-nflprop-v2,79,16.1,5.4,0.9259999999999999,3
2026-09-28T00:45:12.469Z,2026-09-27,2026_03_NE_JAX,NE @ JAX,2026-09-27T17:00:00.000Z,JAX,NE,Jakobi Meyers,WR,WR3,ANYTIME_TD,leo-nflprop-v1,0.316,,,0.9259999999999999,3
2026-09-28T00:45:12.469Z,2026-09-27,2026_03_KC_MIA,KC @ MIA,2026-09-27T17:00:00.000Z,KC,MIA,Patrick Mahomes,QB,QB1,QB_PASS_YARDS,leo-nflprop-v2,259,7.8,33.9,1.003,3
2026-09-28T00:45:12.469Z,2026-09-27,2026_03_KC_MIA,KC @ MIA,2026-09-27T17:00:00.000Z,KC,MIA,Kenneth Walker III,RB,RB1,RB_RUSH_YARDS,leo-nflprop-v1,102,5.2,19.5,0.968,3
2026-09-28T00:45:12.469Z,2026-09-27,2026_03_KC_MIA,KC @ MIA,2026-09-27T17:00:00.000Z,KC,MIA,Kenneth Walker III,RB,RB1,ANYTIME_TD,leo-nflprop-v1,0.363,,,0.968,3
2026-09-28T00:45:12.469Z,2026-09-27,2026_03_KC_MIA,KC @ MIA,2026-09-27T17:00:00.000Z,KC,MIA,Emmett Johnson,RB,RB2,RB_RUSH_YARDS,leo-nflprop-v1,26,4.4,5.3,0.968,3
2026-09-28T00:45:12.469Z,2026-09-27,2026_03_KC_MIA,KC @ MIA,2026-09-27T17:00:00.000Z,KC,MIA,Emmett Johnson,RB,RB2,ANYTIME_TD,leo-nflprop-v1,0.189,,,0.968,3
2026-09-28T00:45:12.469Z,2026-09-27,2026_03_KC_MIA,KC @ MIA,2026-09-27T17:00:00.000Z,KC,MIA,Rashee Rice,WR,WR1,WR_REC_YARDS,leo-nflprop-v2,74,10.1,7.4,1.003,3
2026-09-28T00:45:12.469Z,2026-09-27,2026_03_KC_MIA,KC @ MIA,2026-09-27T17:00:00.000Z,KC,MIA,Rashee Rice,WR,WR1,ANYTIME_TD,leo-nflprop-v1,0.344,,,1.003,3
2026-09-28T00:45:12.469Z,2026-09-27,2026_03_KC_MIA,KC @ MIA,2026-09-27T17:00:00.000Z,KC,MIA,Xavier Worthy,WR,WR2,WR_REC_YARDS,leo-nflprop-v2,29,5.9,5.1,1.003,3
2026-09-28T00:45:12.469Z,2026-09-27,2026_03_KC_MIA,KC @ MIA,2026-09-27T17:00:00.000Z,KC,MIA,Xavier Worthy,WR,WR2,ANYTIME_TD,leo-nflprop-v1,0.2,,,1.003,3
2026-09-28T00:45:12.469Z,2026-09-27,2026_03_KC_MIA,KC @ MIA,2026-09-27T17:00:00.000Z,KC,MIA,Tyquan Thornton,WR,WR3,WR_REC_YARDS,leo-nflprop-v2,27,10.7,2.6,1.003,3
2026-09-28T00:45:12.469Z,2026-09-27,2026_03_KC_MIA,KC @ MIA,2026-09-27T17:00:00.000Z,KC,MIA,Tyquan Thornton,WR,WR3,ANYTIME_TD,leo-nflprop-v1,0.142,,,1.003,3
2026-09-28T00:45:12.469Z,2026-09-27,2026_03_KC_MIA,KC @ MIA,2026-09-27T17:00:00.000Z,MIA,KC,Malik Willis,QB,QB1,QB_PASS_YARDS,leo-nflprop-v2,189,7.2,29.8,0.915,3
2026-09-28T00:45:12.469Z,2026-09-27,2026_03_KC_MIA,KC @ MIA,2026-09-27T17:00:00.000Z,MIA,KC,De'Von Achane,RB,RB1,RB_RUSH_YARDS,leo-nflprop-v1,57,4.6,12.2,0.95,3
2026-09-28T00:45:12.469Z,2026-09-27,2026_03_KC_MIA,KC @ MIA,2026-09-27T17:00:00.000Z,MIA,KC,De'Von Achane,RB,RB1,ANYTIME_TD,leo-nflprop-v1,0.224,,,0.95,3
2026-09-28T00:45:12.469Z,2026-09-27,2026_03_KC_MIA,KC @ MIA,2026-09-27T17:00:00.000Z,MIA,KC,Ollie Gordon II,RB,RB2,RB_RUSH_YARDS,leo-nflprop-v1,18,2.2,7.1,0.95,2
2026-09-28T00:45:12.469Z,2026-09-27,2026_03_KC_MIA,KC @ MIA,2026-09-27T17:00:00.000Z,MIA,KC,Ollie Gordon II,RB,RB2,ANYTIME_TD,leo-nflprop-v1,0.262,,,0.95,2
2026-09-28T00:45:12.469Z,2026-09-27,2026_03_KC_MIA,KC @ MIA,2026-09-27T17:00:00.000Z,MIA,KC,Malik Washington,WR,WR1,WR_REC_YARDS,leo-nflprop-v2,34,6.7,5.7,0.915,3
2026-09-28T00:45:12.469Z,2026-09-27,2026_03_KC_MIA,KC @ MIA,2026-09-27T17:00:00.000Z,MIA,KC,Malik Washington,WR,WR1,ANYTIME_TD,leo-nflprop-v1,0.103,,,0.915,3
2026-09-28T00:45:12.469Z,2026-09-27,2026_03_KC_MIA,KC @ MIA,2026-09-27T17:00:00.000Z,MIA,KC,Chris Bell,WR,WR2,WR_REC_YARDS,leo-nflprop-v2,21,7.4,3.3,0.915,3
2026-09-28T00:45:12.469Z,2026-09-27,2026_03_KC_MIA,KC @ MIA,2026-09-27T17:00:00.000Z,MIA,KC,Chris Bell,WR,WR2,ANYTIME_TD,leo-nflprop-v1,0.145,,,0.915,3
2026-09-28T00:45:12.469Z,2026-09-27,2026_03_KC_MIA,KC @ MIA,2026-09-27T17:00:00.000Z,MIA,KC,Kevin Coleman Jr.,WR,WR3,WR_REC_YARDS,leo-nflprop-v2,0,0.4,2.7,0.915,2
2026-09-28T00:45:12.469Z,2026-09-27,2026_03_KC_MIA,KC @ MIA,2026-09-27T17:00:00.000Z,MIA,KC,Kevin Coleman Jr.,WR,WR3,ANYTIME_TD,leo-nflprop-v1,0.167,,,0.915,2
2026-09-28T00:45:12.469Z,2026-09-27,2026_03_TEN_NYG,TEN @ NYG,2026-09-27T17:00:00.000Z,TEN,NYG,Cam Ward,QB,QB1,QB_PASS_YARDS,leo-nflprop-v2,171,5.8,31,0.997,3
2026-09-28T00:45:12.469Z,2026-09-27,2026_03_TEN_NYG,TEN @ NYG,2026-09-27T17:00:00.000Z,TEN,NYG,Tony Pollard,RB,RB1,RB_RUSH_YARDS,leo-nflprop-v1,61,4.6,13.1,0.968,3
2026-09-28T00:45:12.469Z,2026-09-27,2026_03_TEN_NYG,TEN @ NYG,2026-09-27T17:00:00.000Z,TEN,NYG,Tony Pollard,RB,RB1,ANYTIME_TD,leo-nflprop-v1,0.161,,,0.968,3
2026-09-28T00:45:12.469Z,2026-09-27,2026_03_TEN_NYG,TEN @ NYG,2026-09-27T17:00:00.000Z,TEN,NYG,Tyjae Spears,RB,RB2,RB_RUSH_YARDS,leo-nflprop-v1,21,3.8,4.6,0.968,3
2026-09-28T00:45:12.469Z,2026-09-27,2026_03_TEN_NYG,TEN @ NYG,2026-09-27T17:00:00.000Z,TEN,NYG,Tyjae Spears,RB,RB2,ANYTIME_TD,leo-nflprop-v1,0.117,,,0.968,3
2026-09-28T00:45:12.469Z,2026-09-27,2026_03_TEN_NYG,TEN @ NYG,2026-09-27T17:00:00.000Z,TEN,NYG,Carnell Tate,WR,WR1,WR_REC_YARDS,leo-nflprop-v2,42,6.1,7.2,0.997,3
2026-09-28T00:45:12.469Z,2026-09-27,2026_03_TEN_NYG,TEN @ NYG,2026-09-27T17:00:00.000Z,TEN,NYG,Carnell Tate,WR,WR1,ANYTIME_TD,leo-nflprop-v1,0.157,,,0.997,3
2026-09-28T00:45:12.469Z,2026-09-27,2026_03_TEN_NYG,TEN @ NYG,2026-09-27T17:00:00.000Z,TEN,NYG,Wan'Dale Robinson,WR,WR2,WR_REC_YARDS,leo-nflprop-v2,51,6.9,7.6,0.997,3
2026-09-28T00:45:12.469Z,2026-09-27,2026_03_TEN_NYG,TEN @ NYG,2026-09-27T17:00:00.000Z,TEN,NYG,Wan'Dale Robinson,WR,WR2,ANYTIME_TD,leo-nflprop-v1,0.254,,,0.997,3
2026-09-28T00:45:12.469Z,2026-09-27,2026_03_TEN_NYG,TEN @ NYG,2026-09-27T17:00:00.000Z,TEN,NYG,Elic Ayomanor,WR,WR3,WR_REC_YARDS,leo-nflprop-v2,38,9.2,4.2,0.997,3
2026-09-28T00:45:12.469Z,2026-09-27,2026_03_TEN_NYG,TEN @ NYG,2026-09-27T17:00:00.000Z,TEN,NYG,Elic Ayomanor,WR,WR3,ANYTIME_TD,leo-nflprop-v1,0.254,,,0.997,3
2026-09-28T00:45:12.469Z,2026-09-27,2026_03_TEN_NYG,TEN @ NYG,2026-09-27T17:00:00.000Z,NYG,TEN,Jameis Winston,QB,QB1,QB_PASS_YARDS,leo-nflprop-v2,151,6,28,0.9440000000000001,2
2026-09-28T00:45:12.469Z,2026-09-27,2026_03_TEN_NYG,TEN @ NYG,2026-09-27T17:00:00.000Z,NYG,TEN,Cam Skattebo,RB,RB1,RB_RUSH_YARDS,leo-nflprop-v1,61,3.5,15.7,1.051,3
2026-09-28T00:45:12.469Z,2026-09-27,2026_03_TEN_NYG,TEN @ NYG,2026-09-27T17:00:00.000Z,NYG,TEN,Cam Skattebo,RB,RB1,ANYTIME_TD,leo-nflprop-v1,0.37,,,1.051,3
2026-09-28T00:45:12.469Z,2026-09-27,2026_03_TEN_NYG,TEN @ NYG,2026-09-27T17:00:00.000Z,NYG,TEN,Najee Harris,RB,RB2,RB_RUSH_YARDS,leo-nflprop-v1,28,4,5.8,1.051,2
2026-09-28T00:45:12.469Z,2026-09-27,2026_03_TEN_NYG,TEN @ NYG,2026-09-27T17:00:00.000Z,NYG,TEN,Najee Harris,RB,RB2,ANYTIME_TD,leo-nflprop-v1,0.163,,,1.051,2
2026-09-28T00:45:12.469Z,2026-09-27,2026_03_TEN_NYG,TEN @ NYG,2026-09-27T17:00:00.000Z,NYG,TEN,Malik Nabers,WR,WR1,WR_REC_YARDS,leo-nflprop-v2,32,4.8,7.4,0.9440000000000001,3
2026-09-28T00:45:12.469Z,2026-09-27,2026_03_TEN_NYG,TEN @ NYG,2026-09-27T17:00:00.000Z,NYG,TEN,Malik Nabers,WR,WR1,ANYTIME_TD,leo-nflprop-v1,0.185,,,0.9440000000000001,3
2026-09-28T00:45:12.469Z,2026-09-27,2026_03_TEN_NYG,TEN @ NYG,2026-09-27T17:00:00.000Z,NYG,TEN,Malachi Fields,WR,WR2,WR_REC_YARDS,leo-nflprop-v2,26,6.9,4.2,0.9440000000000001,3
2026-09-28T00:45:12.469Z,2026-09-27,2026_03_TEN_NYG,TEN @ NYG,2026-09-27T17:00:00.000Z,NYG,TEN,Malachi Fields,WR,WR2,ANYTIME_TD,leo-nflprop-v1,0.149,,,0.9440000000000001,3
2026-09-28T00:45:12.469Z,2026-09-27,2026_03_TEN_NYG,TEN @ NYG,2026-09-27T17:00:00.000Z,NYG,TEN,Darnell Mooney,WR,WR3,WR_REC_YARDS,leo-nflprop-v2,37,11,3.7,0.9440000000000001,3
2026-09-28T00:45:12.469Z,2026-09-27,2026_03_TEN_NYG,TEN @ NYG,2026-09-27T17:00:00.000Z,NYG,TEN,Darnell Mooney,WR,WR3,ANYTIME_TD,leo-nflprop-v1,0.069,,,0.9440000000000001,3
2026-09-28T00:45:12.469Z,2026-09-27,2026_03_CIN_PIT,CIN @ PIT,2026-09-27T17:00:00.000Z,CIN,PIT,Joe Burrow,QB,QB1,QB_PASS_YARDS,leo-nflprop-v2,232,7.1,34.7,0.966,3
2026-09-28T00:45:12.469Z,2026-09-27,2026_03_CIN_PIT,CIN @ PIT,2026-09-27T17:00:00.000Z,CIN,PIT,Chase Brown,RB,RB1,RB_RUSH_YARDS,leo-nflprop-v1,68,4.1,15.7,1,3
2026-09-28T00:45:12.469Z,2026-09-27,2026_03_CIN_PIT,CIN @ PIT,2026-09-27T17:00:00.000Z,CIN,PIT,Chase Brown,RB,RB1,ANYTIME_TD,leo-nflprop-v1,0.294,,,1,3
2026-09-28T00:45:12.469Z,2026-09-27,2026_03_CIN_PIT,CIN @ PIT,2026-09-27T17:00:00.000Z,CIN,PIT,Samaje Perine,RB,RB2,RB_RUSH_YARDS,leo-nflprop-v1,17,3.5,3.9,1,3
2026-09-28T00:45:12.469Z,2026-09-27,2026_03_CIN_PIT,CIN @ PIT,2026-09-27T17:00:00.000Z,CIN,PIT,Samaje Perine,RB,RB2,ANYTIME_TD,leo-nflprop-v1,0.134,,,1,3
2026-09-28T00:45:12.469Z,2026-09-27,2026_03_CIN_PIT,CIN @ PIT,2026-09-27T17:00:00.000Z,CIN,PIT,Ja'Marr Chase,WR,WR1,WR_REC_YARDS,leo-nflprop-v2,64,6.8,9.9,0.966,3
2026-09-28T00:45:12.469Z,2026-09-27,2026_03_CIN_PIT,CIN @ PIT,2026-09-27T17:00:00.000Z,CIN,PIT,Ja'Marr Chase,WR,WR1,ANYTIME_TD,leo-nflprop-v1,0.483,,,0.966,3
2026-09-28T00:45:12.469Z,2026-09-27,2026_03_CIN_PIT,CIN @ PIT,2026-09-27T17:00:00.000Z,CIN,PIT,Tee Higgins,WR,WR2,WR_REC_YARDS,leo-nflprop-v2,71,10.4,7.2,0.966,3
2026-09-28T00:45:12.469Z,2026-09-27,2026_03_CIN_PIT,CIN @ PIT,2026-09-27T17:00:00.000Z,CIN,PIT,Tee Higgins,WR,WR2,ANYTIME_TD,leo-nflprop-v1,0.378,,,0.966,3
2026-09-28T00:45:12.469Z,2026-09-27,2026_03_CIN_PIT,CIN @ PIT,2026-09-27T17:00:00.000Z,CIN,PIT,Dohnte Meyers,WR,WR3,WR_REC_YARDS,leo-nflprop-v2,17,7.9,2.4,0.966,3
2026-09-28T00:45:12.469Z,2026-09-27,2026_03_CIN_PIT,CIN @ PIT,2026-09-27T17:00:00.000Z,CIN,PIT,Dohnte Meyers,WR,WR3,ANYTIME_TD,leo-nflprop-v1,0.153,,,0.966,3
2026-09-28T00:45:12.469Z,2026-09-27,2026_03_CIN_PIT,CIN @ PIT,2026-09-27T17:00:00.000Z,PIT,CIN,Aaron Rodgers,QB,QB1,QB_PASS_YARDS,leo-nflprop-v2,240,6.4,35.1,1.1079999999999999,3
2026-09-28T00:45:12.469Z,2026-09-27,2026_03_CIN_PIT,CIN @ PIT,2026-09-27T17:00:00.000Z,PIT,CIN,Jaylen Warren,RB,RB1,RB_RUSH_YARDS,leo-nflprop-v1,65,5.1,12.8,0.935,3
2026-09-28T00:45:12.469Z,2026-09-27,2026_03_CIN_PIT,CIN @ PIT,2026-09-27T17:00:00.000Z,PIT,CIN,Jaylen Warren,RB,RB1,ANYTIME_TD,leo-nflprop-v1,0.182,,,0.935,3
2026-09-28T00:45:12.469Z,2026-09-27,2026_03_CIN_PIT,CIN @ PIT,2026-09-27T17:00:00.000Z,PIT,CIN,Travis Homer,RB,RB2,RB_RUSH_YARDS,leo-nflprop-v1,5,1.9,0.8,0.935,2
2026-09-28T00:45:12.469Z,2026-09-27,2026_03_CIN_PIT,CIN @ PIT,2026-09-27T17:00:00.000Z,PIT,CIN,Travis Homer,RB,RB2,ANYTIME_TD,leo-nflprop-v1,0.096,,,0.935,2
2026-09-28T00:45:12.469Z,2026-09-27,2026_03_CIN_PIT,CIN @ PIT,2026-09-27T17:00:00.000Z,PIT,CIN,DK Metcalf,WR,WR1,WR_REC_YARDS,leo-nflprop-v2,44,5.5,7.4,1.1079999999999999,3
2026-09-28T00:45:12.469Z,2026-09-27,2026_03_CIN_PIT,CIN @ PIT,2026-09-27T17:00:00.000Z,PIT,CIN,DK Metcalf,WR,WR1,ANYTIME_TD,leo-nflprop-v1,0.325,,,1.1079999999999999,3
2026-09-28T00:45:12.469Z,2026-09-27,2026_03_CIN_PIT,CIN @ PIT,2026-09-27T17:00:00.000Z,PIT,CIN,Roman Wilson,WR,WR2,WR_REC_YARDS,leo-nflprop-v2,28,6.4,4.1,1.1079999999999999,3
2026-09-28T00:45:12.469Z,2026-09-27,2026_03_CIN_PIT,CIN @ PIT,2026-09-27T17:00:00.000Z,PIT,CIN,Roman Wilson,WR,WR2,ANYTIME_TD,leo-nflprop-v1,0.273,,,1.1079999999999999,3
2026-09-28T00:45:12.469Z,2026-09-27,2026_03_CIN_PIT,CIN @ PIT,2026-09-27T17:00:00.000Z,PIT,CIN,Germie Bernard,WR,WR3,WR_REC_YARDS,leo-nflprop-v2,43,9.2,4.3,1.1079999999999999,2
2026-09-28T00:45:12.469Z,2026-09-27,2026_03_CIN_PIT,CIN @ PIT,2026-09-27T17:00:00.000Z,PIT,CIN,Germie Bernard,WR,WR3,ANYTIME_TD,leo-nflprop-v1,0.199,,,1.1079999999999999,2
2026-09-28T00:45:12.469Z,2026-09-27,2026_03_SEA_WAS,SEA @ WAS,2026-09-27T17:00:00.000Z,SEA,WAS,Drew Lock,QB,QB1,QB_PASS_YARDS,leo-nflprop-v2,234,7.8,27.7,1.117,2
2026-09-28T00:45:12.469Z,2026-09-27,2026_03_SEA_WAS,SEA @ WAS,2026-09-27T17:00:00.000Z,SEA,WAS,Emanuel Wilson,RB,RB1,RB_RUSH_YARDS,leo-nflprop-v1,27,2.7,9.8,0.883,3
2026-09-28T00:45:12.469Z,2026-09-27,2026_03_SEA_WAS,SEA @ WAS,2026-09-27T17:00:00.000Z,SEA,WAS,Emanuel Wilson,RB,RB1,ANYTIME_TD,leo-nflprop-v1,0.109,,,0.883,3
2026-09-28T00:45:12.469Z,2026-09-27,2026_03_SEA_WAS,SEA @ WAS,2026-09-27T17:00:00.000Z,SEA,WAS,Jadarian Price,RB,RB2,RB_RUSH_YARDS,leo-nflprop-v1,37,4.1,9.3,0.883,3
2026-09-28T00:45:12.469Z,2026-09-27,2026_03_SEA_WAS,SEA @ WAS,2026-09-27T17:00:00.000Z,SEA,WAS,Jadarian Price,RB,RB2,ANYTIME_TD,leo-nflprop-v1,0.174,,,0.883,3
2026-09-28T00:45:12.469Z,2026-09-27,2026_03_SEA_WAS,SEA @ WAS,2026-09-27T17:00:00.000Z,SEA,WAS,Jaxon Smith-Njigba,WR,WR1,WR_REC_YARDS,leo-nflprop-v2,136,11.4,10.8,1.117,3
2026-09-28T00:45:12.469Z,2026-09-27,2026_03_SEA_WAS,SEA @ WAS,2026-09-27T17:00:00.000Z,SEA,WAS,Jaxon Smith-Njigba,WR,WR1,ANYTIME_TD,leo-nflprop-v1,0.72,,,1.117,3
2026-09-28T00:45:12.469Z,2026-09-27,2026_03_SEA_WAS,SEA @ WAS,2026-09-27T17:00:00.000Z,SEA,WAS,Rashid Shaheed,WR,WR2,WR_REC_YARDS,leo-nflprop-v2,21,4.6,4.3,1.117,3
2026-09-28T00:45:12.469Z,2026-09-27,2026_03_SEA_WAS,SEA @ WAS,2026-09-27T17:00:00.000Z,SEA,WAS,Rashid Shaheed,WR,WR2,ANYTIME_TD,leo-nflprop-v1,0.096,,,1.117,3
2026-09-28T00:45:12.469Z,2026-09-27,2026_03_SEA_WAS,SEA @ WAS,2026-09-27T17:00:00.000Z,SEA,WAS,Cooper Kupp,WR,WR3,WR_REC_YARDS,leo-nflprop-v2,44,10.4,3.9,1.117,3
2026-09-28T00:45:12.469Z,2026-09-27,2026_03_SEA_WAS,SEA @ WAS,2026-09-27T17:00:00.000Z,SEA,WAS,Cooper Kupp,WR,WR3,ANYTIME_TD,leo-nflprop-v1,0.236,,,1.117,3
2026-09-28T00:45:12.469Z,2026-09-27,2026_03_SEA_WAS,SEA @ WAS,2026-09-27T17:00:00.000Z,WAS,SEA,Marcus Mariota,QB,QB1,QB_PASS_YARDS,leo-nflprop-v2,148,7,26,0.856,2
2026-09-28T00:45:12.469Z,2026-09-27,2026_03_SEA_WAS,SEA @ WAS,2026-09-27T17:00:00.000Z,WAS,SEA,Jacory Croskey-Merritt,RB,RB1,RB_RUSH_YARDS,leo-nflprop-v1,49,3.5,14.3,0.902,3
2026-09-28T00:45:12.469Z,2026-09-27,2026_03_SEA_WAS,SEA @ WAS,2026-09-27T17:00:00.000Z,WAS,SEA,Jacory Croskey-Merritt,RB,RB1,ANYTIME_TD,leo-nflprop-v1,0.302,,,0.902,3
2026-09-28T00:45:12.469Z,2026-09-27,2026_03_SEA_WAS,SEA @ WAS,2026-09-27T17:00:00.000Z,WAS,SEA,Rachaad White,RB,RB2,RB_RUSH_YARDS,leo-nflprop-v1,35,4.8,7.4,0.902,3
2026-09-28T00:45:12.469Z,2026-09-27,2026_03_SEA_WAS,SEA @ WAS,2026-09-27T17:00:00.000Z,WAS,SEA,Rachaad White,RB,RB2,ANYTIME_TD,leo-nflprop-v1,0.131,,,0.902,3
2026-09-28T00:45:12.469Z,2026-09-27,2026_03_SEA_WAS,SEA @ WAS,2026-09-27T17:00:00.000Z,WAS,SEA,Stefon Diggs,WR,WR1,WR_REC_YARDS,leo-nflprop-v2,37,7,6.3,0.856,3
2026-09-28T00:45:12.469Z,2026-09-27,2026_03_SEA_WAS,SEA @ WAS,2026-09-27T17:00:00.000Z,WAS,SEA,Stefon Diggs,WR,WR1,ANYTIME_TD,leo-nflprop-v1,0.387,,,0.856,3
2026-09-28T00:45:12.469Z,2026-09-27,2026_03_SEA_WAS,SEA @ WAS,2026-09-27T17:00:00.000Z,WAS,SEA,Terry McLaurin,WR,WR2,WR_REC_YARDS,leo-nflprop-v2,40,7.2,6.6,0.856,3
2026-09-28T00:45:12.469Z,2026-09-27,2026_03_SEA_WAS,SEA @ WAS,2026-09-27T17:00:00.000Z,WAS,SEA,Terry McLaurin,WR,WR2,ANYTIME_TD,leo-nflprop-v1,0.236,,,0.856,3
2026-09-28T00:45:12.469Z,2026-09-27,2026_03_SEA_WAS,SEA @ WAS,2026-09-27T17:00:00.000Z,WAS,SEA,Antonio Williams,WR,WR3,WR_REC_YARDS,leo-nflprop-v2,25,9.3,3.3,0.856,3
2026-09-28T00:45:12.469Z,2026-09-27,2026_03_SEA_WAS,SEA @ WAS,2026-09-27T17:00:00.000Z,WAS,SEA,Antonio Williams,WR,WR3,ANYTIME_TD,leo-nflprop-v1,0.236,,,0.856,3
2026-09-28T00:45:12.469Z,2026-09-27,2026_03_ARI_SF,ARI @ SF,2026-09-27T20:05:00.000Z,ARI,SF,Jacoby Brissett,QB,QB1,QB_PASS_YARDS,leo-nflprop-v2,229,6.1,39.5,0.973,3
2026-09-28T00:45:12.469Z,2026-09-27,2026_03_ARI_SF,ARI @ SF,2026-09-27T20:05:00.000Z,ARI,SF,Jeremiyah Love,RB,RB1,RB_RUSH_YARDS,leo-nflprop-v1,53,3.7,13.7,0.973,3
2026-09-28T00:45:12.469Z,2026-09-27,2026_03_ARI_SF,ARI @ SF,2026-09-27T20:05:00.000Z,ARI,SF,Jeremiyah Love,RB,RB1,ANYTIME_TD,leo-nflprop-v1,0.295,,,0.973,3
2026-09-28T00:45:12.469Z,2026-09-27,2026_03_ARI_SF,ARI @ SF,2026-09-27T20:05:00.000Z,ARI,SF,Tyler Allgeier,RB,RB2,RB_RUSH_YARDS,leo-nflprop-v1,21,2.2,8.1,0.973,3
2026-09-28T00:45:12.469Z,2026-09-27,2026_03_ARI_SF,ARI @ SF,2026-09-27T20:05:00.000Z,ARI,SF,Tyler Allgeier,RB,RB2,ANYTIME_TD,leo-nflprop-v1,0.22,,,0.973,3
2026-09-28T00:45:12.469Z,2026-09-27,2026_03_ARI_SF,ARI @ SF,2026-09-27T20:05:00.000Z,ARI,SF,Michael Wilson,WR,WR1,WR_REC_YARDS,leo-nflprop-v2,49,5.9,8.8,0.973,3
2026-09-28T00:45:12.469Z,2026-09-27,2026_03_ARI_SF,ARI @ SF,2026-09-27T20:05:00.000Z,ARI,SF,Michael Wilson,WR,WR1,ANYTIME_TD,leo-nflprop-v1,0.297,,,0.973,3
2026-09-28T00:45:12.469Z,2026-09-27,2026_03_ARI_SF,ARI @ SF,2026-09-27T20:05:00.000Z,ARI,SF,Kendrick Bourne,WR,WR2,WR_REC_YARDS,leo-nflprop-v2,32,7.6,4.4,0.973,3
2026-09-28T00:45:12.469Z,2026-09-27,2026_03_ARI_SF,ARI @ SF,2026-09-27T20:05:00.000Z,ARI,SF,Kendrick Bourne,WR,WR2,ANYTIME_TD,leo-nflprop-v1,0.049,,,0.973,3
2026-09-28T00:45:12.469Z,2026-09-27,2026_03_ARI_SF,ARI @ SF,2026-09-27T20:05:00.000Z,ARI,SF,Marvin Harrison Jr.,WR,WR3,WR_REC_YARDS,leo-nflprop-v2,31,6.9,4.8,0.973,3
2026-09-28T00:45:12.469Z,2026-09-27,2026_03_ARI_SF,ARI @ SF,2026-09-27T20:05:00.000Z,ARI,SF,Marvin Harrison Jr.,WR,WR3,ANYTIME_TD,leo-nflprop-v1,0.164,,,0.973,3
2026-09-28T00:45:12.469Z,2026-09-27,2026_03_ARI_SF,ARI @ SF,2026-09-27T20:05:00.000Z,SF,ARI,Brock Purdy,QB,QB1,QB_PASS_YARDS,leo-nflprop-v2,255,8.7,29.2,1.033,3
2026-09-28T00:45:12.469Z,2026-09-27,2026_03_ARI_SF,ARI @ SF,2026-09-27T20:05:00.000Z,SF,ARI,Christian McCaffrey,RB,RB1,RB_RUSH_YARDS,leo-nflprop-v1,66,4.5,13.3,1.056,3
2026-09-28T00:45:12.469Z,2026-09-27,2026_03_ARI_SF,ARI @ SF,2026-09-27T20:05:00.000Z,SF,ARI,Christian McCaffrey,RB,RB1,ANYTIME_TD,leo-nflprop-v1,0.539,,,1.056,3
2026-09-28T00:45:12.469Z,2026-09-27,2026_03_ARI_SF,ARI @ SF,2026-09-27T20:05:00.000Z,SF,ARI,Kaelon Black,RB,RB2,RB_RUSH_YARDS,leo-nflprop-v1,40,4.2,8.3,1.056,3
2026-09-28T00:45:12.469Z,2026-09-27,2026_03_ARI_SF,ARI @ SF,2026-09-27T20:05:00.000Z,SF,ARI,Kaelon Black,RB,RB2,ANYTIME_TD,leo-nflprop-v1,0.205,,,1.056,3
2026-09-28T00:45:12.469Z,2026-09-27,2026_03_ARI_SF,ARI @ SF,2026-09-27T20:05:00.000Z,SF,ARI,Mike Evans,WR,WR1,WR_REC_YARDS,leo-nflprop-v2,60,9.3,6.4,1.033,3
2026-09-28T00:45:12.469Z,2026-09-27,2026_03_ARI_SF,ARI @ SF,2026-09-27T20:05:00.000Z,SF,ARI,Mike Evans,WR,WR1,ANYTIME_TD,leo-nflprop-v1,0.392,,,1.033,3
2026-09-28T00:45:12.469Z,2026-09-27,2026_03_ARI_SF,ARI @ SF,2026-09-27T20:05:00.000Z,SF,ARI,Deebo Samuel Sr.,WR,WR2,WR_REC_YARDS,leo-nflprop-v2,31,5.5,5.7,1.033,3
2026-09-28T00:45:12.469Z,2026-09-27,2026_03_ARI_SF,ARI @ SF,2026-09-27T20:05:00.000Z,SF,ARI,Deebo Samuel Sr.,WR,WR2,ANYTIME_TD,leo-nflprop-v1,0.38,,,1.033,3
2026-09-28T00:45:12.469Z,2026-09-27,2026_03_ARI_SF,ARI @ SF,2026-09-27T20:05:00.000Z,SF,ARI,Jordan Watkins,WR,WR3,WR_REC_YARDS,leo-nflprop-v2,37,20.6,1.8,1.033,1
2026-09-28T00:45:12.469Z,2026-09-27,2026_03_ARI_SF,ARI @ SF,2026-09-27T20:05:00.000Z,SF,ARI,Jordan Watkins,WR,WR3,ANYTIME_TD,leo-nflprop-v1,0.17,,,1.033,1
2026-09-28T00:45:12.469Z,2026-09-27,2026_03_MIN_TB,MIN @ TB,2026-09-27T20:05:00.000Z,MIN,TB,Carson Wentz,QB,QB1,QB_PASS_YARDS,leo-nflprop-v2,180,7.2,26.7,0.983,2
2026-09-28T00:45:12.469Z,2026-09-27,2026_03_MIN_TB,MIN @ TB,2026-09-27T20:05:00.000Z,MIN,TB,Aaron Jones,RB,RB1,RB_RUSH_YARDS,leo-nflprop-v1,56,3.8,15.8,0.86,3
2026-09-28T00:45:12.469Z,2026-09-27,2026_03_MIN_TB,MIN @ TB,2026-09-27T20:05:00.000Z,MIN,TB,Aaron Jones,RB,RB1,ANYTIME_TD,leo-nflprop-v1,0.213,,,0.86,3
2026-09-28T00:45:12.469Z,2026-09-27,2026_03_MIN_TB,MIN @ TB,2026-09-27T20:05:00.000Z,MIN,TB,Demond Claiborne,RB,RB2,RB_RUSH_YARDS,leo-nflprop-v1,4,0.2,1.5,0.86,2
2026-09-28T00:45:12.469Z,2026-09-27,2026_03_MIN_TB,MIN @ TB,2026-09-27T20:05:00.000Z,MIN,TB,Demond Claiborne,RB,RB2,ANYTIME_TD,leo-nflprop-v1,0.196,,,0.86,2
2026-09-28T00:45:12.469Z,2026-09-27,2026_03_MIN_TB,MIN @ TB,2026-09-27T20:05:00.000Z,MIN,TB,Justin Jefferson,WR,WR1,WR_REC_YARDS,leo-nflprop-v2,71,10.7,6.9,0.983,3
2026-09-28T00:45:12.469Z,2026-09-27,2026_03_MIN_TB,MIN @ TB,2026-09-27T20:05:00.000Z,MIN,TB,Justin Jefferson,WR,WR1,ANYTIME_TD,leo-nflprop-v1,0.312,,,0.983,3
2026-09-28T00:45:12.469Z,2026-09-27,2026_03_MIN_TB,MIN @ TB,2026-09-27T20:05:00.000Z,MIN,TB,Jordan Addison,WR,WR2,WR_REC_YARDS,leo-nflprop-v2,28,5.6,5.4,0.983,3
2026-09-28T00:45:12.469Z,2026-09-27,2026_03_MIN_TB,MIN @ TB,2026-09-27T20:05:00.000Z,MIN,TB,Jordan Addison,WR,WR2,ANYTIME_TD,leo-nflprop-v1,0.241,,,0.983,3
2026-09-28T00:45:12.469Z,2026-09-27,2026_03_MIN_TB,MIN @ TB,2026-09-27T20:05:00.000Z,MIN,TB,Tai Felton,WR,WR3,WR_REC_YARDS,leo-nflprop-v2,0,1,0.7,0.983,1
2026-09-28T00:45:12.469Z,2026-09-27,2026_03_MIN_TB,MIN @ TB,2026-09-27T20:05:00.000Z,MIN,TB,Tai Felton,WR,WR3,ANYTIME_TD,leo-nflprop-v1,0.076,,,0.983,1
2026-09-28T00:45:12.469Z,2026-09-27,2026_03_MIN_TB,MIN @ TB,2026-09-27T20:05:00.000Z,TB,MIN,Baker Mayfield,QB,QB1,QB_PASS_YARDS,leo-nflprop-v2,217,6.6,32,1.068,3
2026-09-28T00:45:12.469Z,2026-09-27,2026_03_MIN_TB,MIN @ TB,2026-09-27T20:05:00.000Z,TB,MIN,Bucky Irving,RB,RB1,RB_RUSH_YARDS,leo-nflprop-v1,59,4.3,14.3,0.897,3
2026-09-28T00:45:12.469Z,2026-09-27,2026_03_MIN_TB,MIN @ TB,2026-09-27T20:05:00.000Z,TB,MIN,Bucky Irving,RB,RB1,ANYTIME_TD,leo-nflprop-v1,0.208,,,0.897,3
2026-09-28T00:45:12.469Z,2026-09-27,2026_03_MIN_TB,MIN @ TB,2026-09-27T20:05:00.000Z,TB,MIN,Kenny Gainwell,RB,RB2,RB_RUSH_YARDS,leo-nflprop-v1,13,2.7,4.2,0.897,3
2026-09-28T00:45:12.469Z,2026-09-27,2026_03_MIN_TB,MIN @ TB,2026-09-27T20:05:00.000Z,TB,MIN,Kenny Gainwell,RB,RB2,ANYTIME_TD,leo-nflprop-v1,0.15,,,0.897,3
2026-09-28T00:45:12.469Z,2026-09-27,2026_03_MIN_TB,MIN @ TB,2026-09-27T20:05:00.000Z,TB,MIN,Emeka Egbuka,WR,WR1,WR_REC_YARDS,leo-nflprop-v2,53,7.1,7.1,1.068,3
2026-09-28T00:45:12.469Z,2026-09-27,2026_03_MIN_TB,MIN @ TB,2026-09-27T20:05:00.000Z,TB,MIN,Emeka Egbuka,WR,WR1,ANYTIME_TD,leo-nflprop-v1,0.302,,,1.068,3
2026-09-28T00:45:12.469Z,2026-09-27,2026_03_MIN_TB,MIN @ TB,2026-09-27T20:05:00.000Z,TB,MIN,Ted Hurst III,WR,WR2,WR_REC_YARDS,leo-nflprop-v2,44,9.7,4.3,1.068,3
2026-09-28T00:45:12.469Z,2026-09-27,2026_03_MIN_TB,MIN @ TB,2026-09-27T20:05:00.000Z,TB,MIN,Ted Hurst III,WR,WR2,ANYTIME_TD,leo-nflprop-v1,0.285,,,1.068,3
2026-09-28T00:45:12.469Z,2026-09-27,2026_03_MIN_TB,MIN @ TB,2026-09-27T20:05:00.000Z,TB,MIN,Chris Godwin Jr.,WR,WR3,WR_REC_YARDS,leo-nflprop-v2,48,9.7,4.7,1.068,3
2026-09-28T00:45:12.469Z,2026-09-27,2026_03_MIN_TB,MIN @ TB,2026-09-27T20:05:00.000Z,TB,MIN,Chris Godwin Jr.,WR,WR3,ANYTIME_TD,leo-nflprop-v1,0.143,,,1.068,3
2026-09-28T00:45:12.469Z,2026-09-27,2026_03_BAL_DAL,BAL @ DAL,2026-09-27T20:25:00.000Z,BAL,DAL,Lamar Jackson,QB,QB1,QB_PASS_YARDS,leo-nflprop-v2,216,9.2,25.4,0.96,3
2026-09-28T00:45:12.469Z,2026-09-27,2026_03_BAL_DAL,BAL @ DAL,2026-09-27T20:25:00.000Z,BAL,DAL,Derrick Henry,RB,RB1,RB_RUSH_YARDS,leo-nflprop-v1,117,4.7,21,1.15,3
2026-09-28T00:45:12.469Z,2026-09-27,2026_03_BAL_DAL,BAL @ DAL,2026-09-27T20:25:00.000Z,BAL,DAL,Derrick Henry,RB,RB1,ANYTIME_TD,leo-nflprop-v1,0.72,,,1.15,3
2026-09-28T00:45:12.469Z,2026-09-27,2026_03_BAL_DAL,BAL @ DAL,2026-09-27T20:25:00.000Z,BAL,DAL,Justice Hill,RB,RB2,RB_RUSH_YARDS,leo-nflprop-v1,20,3.9,3.7,1.15,3
2026-09-28T00:45:12.469Z,2026-09-27,2026_03_BAL_DAL,BAL @ DAL,2026-09-27T20:25:00.000Z,BAL,DAL,Justice Hill,RB,RB2,ANYTIME_TD,leo-nflprop-v1,0.161,,,1.15,3
2026-09-28T00:45:12.469Z,2026-09-27,2026_03_BAL_DAL,BAL @ DAL,2026-09-27T20:25:00.000Z,BAL,DAL,Zay Flowers,WR,WR1,WR_REC_YARDS,leo-nflprop-v2,98,15,6.8,0.96,2
2026-09-28T00:45:12.469Z,2026-09-27,2026_03_BAL_DAL,BAL @ DAL,2026-09-27T20:25:00.000Z,BAL,DAL,Zay Flowers,WR,WR1,ANYTIME_TD,leo-nflprop-v1,0.295,,,0.96,2
2026-09-28T00:45:12.469Z,2026-09-27,2026_03_BAL_DAL,BAL @ DAL,2026-09-27T20:25:00.000Z,BAL,DAL,Rashod Bateman,WR,WR2,WR_REC_YARDS,leo-nflprop-v2,22,6.9,3.5,0.96,3
2026-09-28T00:45:12.469Z,2026-09-27,2026_03_BAL_DAL,BAL @ DAL,2026-09-27T20:25:00.000Z,BAL,DAL,Rashod Bateman,WR,WR2,ANYTIME_TD,leo-nflprop-v1,0.219,,,0.96,3
2026-09-28T00:45:12.469Z,2026-09-27,2026_03_BAL_DAL,BAL @ DAL,2026-09-27T20:25:00.000Z,BAL,DAL,Chris Moore,WR,WR3,WR_REC_YARDS,leo-nflprop-v2,20,10.3,2.1,0.96,3
2026-09-28T00:45:12.469Z,2026-09-27,2026_03_BAL_DAL,BAL @ DAL,2026-09-27T20:25:00.000Z,BAL,DAL,Chris Moore,WR,WR3,ANYTIME_TD,leo-nflprop-v1,0.208,,,0.96,3
2026-09-28T00:45:12.469Z,2026-09-27,2026_03_BAL_DAL,BAL @ DAL,2026-09-27T20:25:00.000Z,DAL,BAL,Dak Prescott,QB,QB1,QB_PASS_YARDS,leo-nflprop-v2,252,7.2,35.7,1.004,3
2026-09-28T00:45:12.469Z,2026-09-27,2026_03_BAL_DAL,BAL @ DAL,2026-09-27T20:25:00.000Z,DAL,BAL,Javonte Williams,RB,RB1,RB_RUSH_YARDS,leo-nflprop-v1,60,4,14.7,0.97,3
2026-09-28T00:45:12.469Z,2026-09-27,2026_03_BAL_DAL,BAL @ DAL,2026-09-27T20:25:00.000Z,DAL,BAL,Javonte Williams,RB,RB1,ANYTIME_TD,leo-nflprop-v1,0.458,,,0.97,3
2026-09-28T00:45:12.469Z,2026-09-27,2026_03_BAL_DAL,BAL @ DAL,2026-09-27T20:25:00.000Z,DAL,BAL,Tyler Goodson,RB,RB2,RB_RUSH_YARDS,leo-nflprop-v1,12,2.5,3.5,0.97,1
2026-09-28T00:45:12.469Z,2026-09-27,2026_03_BAL_DAL,BAL @ DAL,2026-09-27T20:25:00.000Z,DAL,BAL,Tyler Goodson,RB,RB2,ANYTIME_TD,leo-nflprop-v1,0.105,,,0.97,1
2026-09-28T00:45:12.469Z,2026-09-27,2026_03_BAL_DAL,BAL @ DAL,2026-09-27T20:25:00.000Z,DAL,BAL,CeeDee Lamb,WR,WR1,WR_REC_YARDS,leo-nflprop-v2,98,11.4,8.7,1.004,3
2026-09-28T00:45:12.469Z,2026-09-27,2026_03_BAL_DAL,BAL @ DAL,2026-09-27T20:25:00.000Z,DAL,BAL,CeeDee Lamb,WR,WR1,ANYTIME_TD,leo-nflprop-v1,0.437,,,1.004,3
2026-09-28T00:45:12.469Z,2026-09-27,2026_03_BAL_DAL,BAL @ DAL,2026-09-27T20:25:00.000Z,DAL,BAL,George Pickens,WR,WR2,WR_REC_YARDS,leo-nflprop-v2,55,6.8,8.2,1.004,3
2026-09-28T00:45:12.469Z,2026-09-27,2026_03_BAL_DAL,BAL @ DAL,2026-09-27T20:25:00.000Z,DAL,BAL,George Pickens,WR,WR2,ANYTIME_TD,leo-nflprop-v1,0.236,,,1.004,3
2026-09-28T00:45:12.469Z,2026-09-27,2026_03_BAL_DAL,BAL @ DAL,2026-09-27T20:25:00.000Z,DAL,BAL,Ryan Flournoy,WR,WR3,WR_REC_YARDS,leo-nflprop-v2,21,4.5,4.9,1.004,3
2026-09-28T00:45:12.469Z,2026-09-27,2026_03_BAL_DAL,BAL @ DAL,2026-09-27T20:25:00.000Z,DAL,BAL,Ryan Flournoy,WR,WR3,ANYTIME_TD,leo-nflprop-v1,0.147,,,1.004,3
2026-09-28T00:45:12.469Z,2026-09-27,2026_03_LV_NO,LV @ NO,2026-09-27T20:25:00.000Z,LV,NO,Kirk Cousins,QB,QB1,QB_PASS_YARDS,leo-nflprop-v2,207,7,30.8,1.001,3
2026-09-28T00:45:12.469Z,2026-09-27,2026_03_LV_NO,LV @ NO,2026-09-27T20:25:00.000Z,LV,NO,Ashton Jeanty,RB,RB1,RB_RUSH_YARDS,leo-nflprop-v1,72,3.3,19.7,1.06,3
2026-09-28T00:45:12.469Z,2026-09-27,2026_03_LV_NO,LV @ NO,2026-09-27T20:25:00.000Z,LV,NO,Ashton Jeanty,RB,RB1,ANYTIME_TD,leo-nflprop-v1,0.174,,,1.06,3
2026-09-28T00:45:12.469Z,2026-09-27,2026_03_LV_NO,LV @ NO,2026-09-27T20:25:00.000Z,LV,NO,Mike Washington Jr.,RB,RB2,RB_RUSH_YARDS,leo-nflprop-v1,37,6.3,5,1.06,3
2026-09-28T00:45:12.469Z,2026-09-27,2026_03_LV_NO,LV @ NO,2026-09-27T20:25:00.000Z,LV,NO,Mike Washington Jr.,RB,RB2,ANYTIME_TD,leo-nflprop-v1,0.317,,,1.06,3
2026-09-28T00:45:12.469Z,2026-09-27,2026_03_LV_NO,LV @ NO,2026-09-27T20:25:00.000Z,LV,NO,Tre Tucker,WR,WR1,WR_REC_YARDS,leo-nflprop-v2,54,10.6,5.2,1.001,3
2026-09-28T00:45:12.469Z,2026-09-27,2026_03_LV_NO,LV @ NO,2026-09-27T20:25:00.000Z,LV,NO,Tre Tucker,WR,WR1,ANYTIME_TD,leo-nflprop-v1,0.268,,,1.001,3
2026-09-28T00:45:12.469Z,2026-09-27,2026_03_LV_NO,LV @ NO,2026-09-27T20:25:00.000Z,LV,NO,Jalen Nailor,WR,WR2,WR_REC_YARDS,leo-nflprop-v2,17,5.1,3.5,1.001,3
2026-09-28T00:45:12.469Z,2026-09-27,2026_03_LV_NO,LV @ NO,2026-09-27T20:25:00.000Z,LV,NO,Jalen Nailor,WR,WR2,ANYTIME_TD,leo-nflprop-v1,0.134,,,1.001,3
2026-09-28T00:45:12.469Z,2026-09-27,2026_03_LV_NO,LV @ NO,2026-09-27T20:25:00.000Z,LV,NO,Jack Bech,WR,WR3,WR_REC_YARDS,leo-nflprop-v2,19,8.1,2.5,1.001,2
2026-09-28T00:45:12.469Z,2026-09-27,2026_03_LV_NO,LV @ NO,2026-09-27T20:25:00.000Z,LV,NO,Jack Bech,WR,WR3,ANYTIME_TD,leo-nflprop-v1,0.203,,,1.001,2
2026-09-28T00:45:12.469Z,2026-09-27,2026_03_LV_NO,LV @ NO,2026-09-27T20:25:00.000Z,NO,LV,Tyler Shough,QB,QB1,QB_PASS_YARDS,leo-nflprop-v2,268,7.1,39.4,0.987,3
2026-09-28T00:45:12.469Z,2026-09-27,2026_03_LV_NO,LV @ NO,2026-09-27T20:25:00.000Z,NO,LV,Travis Etienne,RB,RB1,RB_RUSH_YARDS,leo-nflprop-v1,52,4.2,11.3,1.013,3
2026-09-28T00:45:12.469Z,2026-09-27,2026_03_LV_NO,LV @ NO,2026-09-27T20:25:00.000Z,NO,LV,Travis Etienne,RB,RB1,ANYTIME_TD,leo-nflprop-v1,0.208,,,1.013,3
2026-09-28T00:45:12.469Z,2026-09-27,2026_03_LV_NO,LV @ NO,2026-09-27T20:25:00.000Z,NO,LV,Alvin Kamara,RB,RB2,RB_RUSH_YARDS,leo-nflprop-v1,37,3.1,10.5,1.013,2
2026-09-28T00:45:12.469Z,2026-09-27,2026_03_LV_NO,LV @ NO,2026-09-27T20:25:00.000Z,NO,LV,Alvin Kamara,RB,RB2,ANYTIME_TD,leo-nflprop-v1,0.122,,,1.013,2
2026-09-28T00:45:12.469Z,2026-09-27,2026_03_LV_NO,LV @ NO,2026-09-27T20:25:00.000Z,NO,LV,Chris Olave,WR,WR1,WR_REC_YARDS,leo-nflprop-v2,103,9.7,10.9,0.987,3
2026-09-28T00:45:12.469Z,2026-09-27,2026_03_LV_NO,LV @ NO,2026-09-27T20:25:00.000Z,NO,LV,Chris Olave,WR,WR1,ANYTIME_TD,leo-nflprop-v1,0.342,,,0.987,3
2026-09-28T00:45:12.469Z,2026-09-27,2026_03_LV_NO,LV @ NO,2026-09-27T20:25:00.000Z,NO,LV,Devaughn Vele,WR,WR2,WR_REC_YARDS,leo-nflprop-v2,41,7.5,5.7,0.987,3
2026-09-28T00:45:12.469Z,2026-09-27,2026_03_LV_NO,LV @ NO,2026-09-27T20:25:00.000Z,NO,LV,Devaughn Vele,WR,WR2,ANYTIME_TD,leo-nflprop-v1,0.247,,,0.987,3
2026-09-28T00:45:12.469Z,2026-09-27,2026_03_LV_NO,LV @ NO,2026-09-27T20:25:00.000Z,NO,LV,Bryce Lance,WR,WR3,WR_REC_YARDS,leo-nflprop-v2,13,6.2,2.4,0.987,3
2026-09-28T00:45:12.469Z,2026-09-27,2026_03_LV_NO,LV @ NO,2026-09-27T20:25:00.000Z,NO,LV,Bryce Lance,WR,WR3,ANYTIME_TD,leo-nflprop-v1,0.156,,,0.987,3
2026-09-28T00:45:12.469Z,2026-09-27,2026_03_LA_DEN,LA @ DEN,2026-09-28T00:20:00.000Z,LA,DEN,Matthew Stafford,QB,QB1,QB_PASS_YARDS,leo-nflprop-v2,236,8.2,31.6,0.938,2
2026-09-28T00:45:12.469Z,2026-09-27,2026_03_LA_DEN,LA @ DEN,2026-09-28T00:20:00.000Z,LA,DEN,Kyren Williams,RB,RB1,RB_RUSH_YARDS,leo-nflprop-v1,82,5.2,13.4,1.1320000000000001,2
2026-09-28T00:45:12.469Z,2026-09-27,2026_03_LA_DEN,LA @ DEN,2026-09-28T00:20:00.000Z,LA,DEN,Kyren Williams,RB,RB1,ANYTIME_TD,leo-nflprop-v1,0.446,,,1.1320000000000001,2
2026-09-28T00:45:12.469Z,2026-09-27,2026_03_LA_DEN,LA @ DEN,2026-09-28T00:20:00.000Z,LA,DEN,Blake Corum,RB,RB2,RB_RUSH_YARDS,leo-nflprop-v1,67,5.7,9.8,1.1320000000000001,2
2026-09-28T00:45:12.469Z,2026-09-27,2026_03_LA_DEN,LA @ DEN,2026-09-28T00:20:00.000Z,LA,DEN,Blake Corum,RB,RB2,ANYTIME_TD,leo-nflprop-v1,0.238,,,1.1320000000000001,2
2026-09-28T00:45:12.469Z,2026-09-27,2026_03_LA_DEN,LA @ DEN,2026-09-28T00:20:00.000Z,LA,DEN,Davante Adams,WR,WR1,WR_REC_YARDS,leo-nflprop-v2,73,9.5,8.3,0.938,2
2026-09-28T00:45:12.469Z,2026-09-27,2026_03_LA_DEN,LA @ DEN,2026-09-28T00:20:00.000Z,LA,DEN,Davante Adams,WR,WR1,ANYTIME_TD,leo-nflprop-v1,0.554,,,0.938,2
2026-09-28T00:45:12.469Z,2026-09-27,2026_03_LA_DEN,LA @ DEN,2026-09-28T00:20:00.000Z,LA,DEN,Tutu Atwell,WR,WR2,WR_REC_YARDS,leo-nflprop-v2,15,9.6,1.8,0.938,1
2026-09-28T00:45:12.469Z,2026-09-27,2026_03_LA_DEN,LA @ DEN,2026-09-28T00:20:00.000Z,LA,DEN,Tutu Atwell,WR,WR2,ANYTIME_TD,leo-nflprop-v1,0.139,,,0.938,1
2026-09-28T00:45:12.469Z,2026-09-27,2026_03_LA_DEN,LA @ DEN,2026-09-28T00:20:00.000Z,LA,DEN,Konata Mumpfield,WR,WR3,WR_REC_YARDS,leo-nflprop-v2,5,3.2,2,0.938,2
2026-09-28T00:45:12.469Z,2026-09-27,2026_03_LA_DEN,LA @ DEN,2026-09-28T00:20:00.000Z,LA,DEN,Konata Mumpfield,WR,WR3,ANYTIME_TD,leo-nflprop-v1,0.104,,,0.938,2
2026-09-28T00:45:12.469Z,2026-09-27,2026_03_LA_DEN,LA @ DEN,2026-09-28T00:20:00.000Z,DEN,LA,Bo Nix,QB,QB1,QB_PASS_YARDS,leo-nflprop-v2,194,6.7,32.8,0.9109999999999999,2
2026-09-28T00:45:12.469Z,2026-09-27,2026_03_LA_DEN,LA @ DEN,2026-09-28T00:20:00.000Z,DEN,LA,J.K. Dobbins,RB,RB1,RB_RUSH_YARDS,leo-nflprop-v1,59,4.6,12.2,1,2
2026-09-28T00:45:12.469Z,2026-09-27,2026_03_LA_DEN,LA @ DEN,2026-09-28T00:20:00.000Z,DEN,LA,J.K. Dobbins,RB,RB1,ANYTIME_TD,leo-nflprop-v1,0.23,,,1,2
2026-09-28T00:45:12.469Z,2026-09-27,2026_03_LA_DEN,LA @ DEN,2026-09-28T00:20:00.000Z,DEN,LA,RJ Harvey,RB,RB2,RB_RUSH_YARDS,leo-nflprop-v1,31,4.8,5.8,1,1
2026-09-28T00:45:12.469Z,2026-09-27,2026_03_LA_DEN,LA @ DEN,2026-09-28T00:20:00.000Z,DEN,LA,RJ Harvey,RB,RB2,ANYTIME_TD,leo-nflprop-v1,0.276,,,1,1
2026-09-28T00:45:12.469Z,2026-09-27,2026_03_LA_DEN,LA @ DEN,2026-09-28T00:20:00.000Z,DEN,LA,Jaylen Waddle,WR,WR1,WR_REC_YARDS,leo-nflprop-v2,51,7.8,7.3,0.9109999999999999,2
2026-09-28T00:45:12.469Z,2026-09-27,2026_03_LA_DEN,LA @ DEN,2026-09-28T00:20:00.000Z,DEN,LA,Jaylen Waddle,WR,WR1,ANYTIME_TD,leo-nflprop-v1,0.194,,,0.9109999999999999,2
2026-09-28T00:45:12.469Z,2026-09-27,2026_03_LA_DEN,LA @ DEN,2026-09-28T00:20:00.000Z,DEN,LA,Courtland Sutton,WR,WR2,WR_REC_YARDS,leo-nflprop-v2,32,6,6.1,0.9109999999999999,2
2026-09-28T00:45:12.469Z,2026-09-27,2026_03_LA_DEN,LA @ DEN,2026-09-28T00:20:00.000Z,DEN,LA,Courtland Sutton,WR,WR2,ANYTIME_TD,leo-nflprop-v1,0.207,,,0.9109999999999999,2
2026-09-28T00:45:12.469Z,2026-09-27,2026_03_LA_DEN,LA @ DEN,2026-09-28T00:20:00.000Z,DEN,LA,Pat Bryant,WR,WR3,WR_REC_YARDS,leo-nflprop-v2,17,5.4,3.6,0.9109999999999999,2
2026-09-28T00:45:12.469Z,2026-09-27,2026_03_LA_DEN,LA @ DEN,2026-09-28T00:20:00.000Z,DEN,LA,Pat Bryant,WR,WR3,ANYTIME_TD,leo-nflprop-v1,0.086,,,0.9109999999999999,2
2026-09-28T19:53:24.638Z,2026-09-28,2026_03_PHI_CHI,PHI @ CHI,2026-09-29T00:15:00.000Z,PHI,CHI,Jalen Hurts,QB,QB1,QB_PASS_YARDS,leo-nflprop-v2,217,7.3,29.7,1.0290000000000001,2
2026-09-28T19:53:24.638Z,2026-09-28,2026_03_PHI_CHI,PHI @ CHI,2026-09-29T00:15:00.000Z,PHI,CHI,Saquon Barkley,RB,RB1,RB_RUSH_YARDS,leo-nflprop-v1,60,4,13.5,1.0290000000000001,2
2026-09-28T19:53:24.638Z,2026-09-28,2026_03_PHI_CHI,PHI @ CHI,2026-09-29T00:15:00.000Z,PHI,CHI,Saquon Barkley,RB,RB1,ANYTIME_TD,leo-nflprop-v1,0.251,,,1.0290000000000001,2
2026-09-28T19:53:24.638Z,2026-09-28,2026_03_PHI_CHI,PHI @ CHI,2026-09-29T00:15:00.000Z,PHI,CHI,Tank Bigsby,RB,RB2,RB_RUSH_YARDS,leo-nflprop-v1,25,3.7,5.6,1.0290000000000001,2
2026-09-28T19:53:24.638Z,2026-09-28,2026_03_PHI_CHI,PHI @ CHI,2026-09-29T00:15:00.000Z,PHI,CHI,Tank Bigsby,RB,RB2,ANYTIME_TD,leo-nflprop-v1,0.268,,,1.0290000000000001,2
2026-09-28T19:53:24.638Z,2026-09-28,2026_03_PHI_CHI,PHI @ CHI,2026-09-29T00:15:00.000Z,PHI,CHI,DeVonta Smith,WR,WR1,WR_REC_YARDS,leo-nflprop-v2,72,9.2,7.8,1.0290000000000001,2
2026-09-28T19:53:24.638Z,2026-09-28,2026_03_PHI_CHI,PHI @ CHI,2026-09-29T00:15:00.000Z,PHI,CHI,DeVonta Smith,WR,WR1,ANYTIME_TD,leo-nflprop-v1,0.292,,,1.0290000000000001,2
2026-09-28T19:53:24.638Z,2026-09-28,2026_03_PHI_CHI,PHI @ CHI,2026-09-29T00:15:00.000Z,PHI,CHI,Dontayvion Wicks,WR,WR2,WR_REC_YARDS,leo-nflprop-v2,46,11.1,4.1,1.0290000000000001,2
2026-09-28T19:53:24.638Z,2026-09-28,2026_03_PHI_CHI,PHI @ CHI,2026-09-29T00:15:00.000Z,PHI,CHI,Dontayvion Wicks,WR,WR2,ANYTIME_TD,leo-nflprop-v1,0.266,,,1.0290000000000001,2
2026-09-28T19:53:24.638Z,2026-09-28,2026_03_PHI_CHI,PHI @ CHI,2026-09-29T00:15:00.000Z,PHI,CHI,Makai Lemon,WR,WR3,WR_REC_YARDS,leo-nflprop-v2,15,6.4,2.5,1.0290000000000001,2
2026-09-28T19:53:24.638Z,2026-09-28,2026_03_PHI_CHI,PHI @ CHI,2026-09-29T00:15:00.000Z,PHI,CHI,Makai Lemon,WR,WR3,ANYTIME_TD,leo-nflprop-v1,0.186,,,1.0290000000000001,2
2026-09-28T19:53:24.638Z,2026-09-28,2026_03_PHI_CHI,PHI @ CHI,2026-09-29T00:15:00.000Z,CHI,PHI,Tyson Bagent,QB,QB1,QB_PASS_YARDS,leo-nflprop-v2,145,6.9,24,0.9159999999999999,1
2026-09-28T19:53:24.638Z,2026-09-28,2026_03_PHI_CHI,PHI @ CHI,2026-09-29T00:15:00.000Z,CHI,PHI,D'Andre Swift,RB,RB1,RB_RUSH_YARDS,leo-nflprop-v1,81,4.8,15.5,1.044,2
2026-09-28T19:53:24.638Z,2026-09-28,2026_03_PHI_CHI,PHI @ CHI,2026-09-29T00:15:00.000Z,CHI,PHI,D'Andre Swift,RB,RB1,ANYTIME_TD,leo-nflprop-v1,0.585,,,1.044,2
2026-09-28T19:53:24.638Z,2026-09-28,2026_03_PHI_CHI,PHI @ CHI,2026-09-29T00:15:00.000Z,CHI,PHI,Kyle Monangai,RB,RB2,RB_RUSH_YARDS,leo-nflprop-v1,62,5.6,10,1.044,2
2026-09-28T19:53:24.638Z,2026-09-28,2026_03_PHI_CHI,PHI @ CHI,2026-09-29T00:15:00.000Z,CHI,PHI,Kyle Monangai,RB,RB2,ANYTIME_TD,leo-nflprop-v1,0.326,,,1.044,2
2026-09-28T19:53:24.638Z,2026-09-28,2026_03_PHI_CHI,PHI @ CHI,2026-09-29T00:15:00.000Z,CHI,PHI,Kalif Raymond,WR,WR1,WR_REC_YARDS,leo-nflprop-v2,29,8.1,4.1,0.9159999999999999,2
2026-09-28T19:53:24.638Z,2026-09-28,2026_03_PHI_CHI,PHI @ CHI,2026-09-29T00:15:00.000Z,CHI,PHI,Kalif Raymond,WR,WR1,ANYTIME_TD,leo-nflprop-v1,0.078,,,0.9159999999999999,2
2026-09-28T19:53:24.638Z,2026-09-28,2026_03_PHI_CHI,PHI @ CHI,2026-09-29T00:15:00.000Z,CHI,PHI,Luther Burden III,WR,WR2,WR_REC_YARDS,leo-nflprop-v2,39,8.9,4.9,0.9159999999999999,2
2026-09-28T19:53:24.638Z,2026-09-28,2026_03_PHI_CHI,PHI @ CHI,2026-09-29T00:15:00.000Z,CHI,PHI,Luther Burden III,WR,WR2,ANYTIME_TD,leo-nflprop-v1,0.105,,,0.9159999999999999,2
2026-09-28T19:53:24.638Z,2026-09-28,2026_03_PHI_CHI,PHI @ CHI,2026-09-29T00:15:00.000Z,CHI,PHI,Rome Odunze,WR,WR3,WR_REC_YARDS,leo-nflprop-v2,53,10.3,5.8,0.9159999999999999,2
2026-09-28T19:53:24.638Z,2026-09-28,2026_03_PHI_CHI,PHI @ CHI,2026-09-29T00:15:00.000Z,CHI,PHI,Rome Odunze,WR,WR3,ANYTIME_TD,leo-nflprop-v1,0.233,,,0.9159999999999999,2
2026-10-01T18:36:47.013Z,2026-10-01,2026_04_PIT_CLE,PIT @ CLE,2026-10-02T00:15:00.000Z,PIT,CLE,Aaron Rodgers,QB,QB1,QB_PASS_YARDS,leo-nflprop-v2,219,6.4,35.1,1.015,3
2026-10-01T18:36:47.013Z,2026-10-01,2026_04_PIT_CLE,PIT @ CLE,2026-10-02T00:15:00.000Z,PIT,CLE,Jaylen Warren,RB,RB1,RB_RUSH_YARDS,leo-nflprop-v1,71,5.1,12.8,1.032,3
2026-10-01T18:36:47.013Z,2026-10-01,2026_04_PIT_CLE,PIT @ CLE,2026-10-02T00:15:00.000Z,PIT,CLE,Jaylen Warren,RB,RB1,ANYTIME_TD,leo-nflprop-v1,0.199,,,1.032,3
2026-10-01T18:36:47.013Z,2026-10-01,2026_04_PIT_CLE,PIT @ CLE,2026-10-02T00:15:00.000Z,PIT,CLE,Rico Dowdle,RB,RB2,RB_RUSH_YARDS,leo-nflprop-v1,40,3.3,10.7,1.032,2
2026-10-01T18:36:47.013Z,2026-10-01,2026_04_PIT_CLE,PIT @ CLE,2026-10-02T00:15:00.000Z,PIT,CLE,Rico Dowdle,RB,RB2,ANYTIME_TD,leo-nflprop-v1,0.219,,,1.032,2
2026-10-01T18:36:47.013Z,2026-10-01,2026_04_PIT_CLE,PIT @ CLE,2026-10-02T00:15:00.000Z,PIT,CLE,DK Metcalf,WR,WR1,WR_REC_YARDS,leo-nflprop-v2,41,5.5,7.4,1.015,3
2026-10-01T18:36:47.013Z,2026-10-01,2026_04_PIT_CLE,PIT @ CLE,2026-10-02T00:15:00.000Z,PIT,CLE,DK Metcalf,WR,WR1,ANYTIME_TD,leo-nflprop-v1,0.303,,,1.015,3
2026-10-01T18:36:47.013Z,2026-10-01,2026_04_PIT_CLE,PIT @ CLE,2026-10-02T00:15:00.000Z,PIT,CLE,Roman Wilson,WR,WR2,WR_REC_YARDS,leo-nflprop-v2,26,6.4,4.1,1.015,3
2026-10-01T18:36:47.013Z,2026-10-01,2026_04_PIT_CLE,PIT @ CLE,2026-10-02T00:15:00.000Z,PIT,CLE,Roman Wilson,WR,WR2,ANYTIME_TD,leo-nflprop-v1,0.253,,,1.015,3
2026-10-01T18:36:47.013Z,2026-10-01,2026_04_PIT_CLE,PIT @ CLE,2026-10-02T00:15:00.000Z,PIT,CLE,Germie Bernard,WR,WR3,WR_REC_YARDS,leo-nflprop-v2,39,9.2,4.3,1.015,2
2026-10-01T18:36:47.013Z,2026-10-01,2026_04_PIT_CLE,PIT @ CLE,2026-10-02T00:15:00.000Z,PIT,CLE,Germie Bernard,WR,WR3,ANYTIME_TD,leo-nflprop-v1,0.184,,,1.015,2
2026-10-01T18:36:47.013Z,2026-10-01,2026_04_PIT_CLE,PIT @ CLE,2026-10-02T00:15:00.000Z,CLE,PIT,Deshaun Watson,QB,QB1,QB_PASS_YARDS,leo-nflprop-v2,191,7.1,29,0.9620000000000001,3
2026-10-01T18:36:47.013Z,2026-10-01,2026_04_PIT_CLE,PIT @ CLE,2026-10-02T00:15:00.000Z,CLE,PIT,Quinshon Judkins,RB,RB1,RB_RUSH_YARDS,leo-nflprop-v1,47,3,14.6,1.004,3
2026-10-01T18:36:47.013Z,2026-10-01,2026_04_PIT_CLE,PIT @ CLE,2026-10-02T00:15:00.000Z,CLE,PIT,Quinshon Judkins,RB,RB1,ANYTIME_TD,leo-nflprop-v1,0.234,,,1.004,3
2026-10-01T18:36:47.013Z,2026-10-01,2026_04_PIT_CLE,PIT @ CLE,2026-10-02T00:15:00.000Z,CLE,PIT,Raheim Sanders,RB,RB2,RB_RUSH_YARDS,leo-nflprop-v1,19,5.8,2.7,1.004,3
2026-10-01T18:36:47.013Z,2026-10-01,2026_04_PIT_CLE,PIT @ CLE,2026-10-02T00:15:00.000Z,CLE,PIT,Raheim Sanders,RB,RB2,ANYTIME_TD,leo-nflprop-v1,0.172,,,1.004,3
2026-10-01T18:36:47.013Z,2026-10-01,2026_04_PIT_CLE,PIT @ CLE,2026-10-02T00:15:00.000Z,CLE,PIT,KC Concepcion,WR,WR1,WR_REC_YARDS,leo-nflprop-v2,31,4.8,7.1,0.9620000000000001,3
2026-10-01T18:36:47.013Z,2026-10-01,2026_04_PIT_CLE,PIT @ CLE,2026-10-02T00:15:00.000Z,CLE,PIT,KC Concepcion,WR,WR1,ANYTIME_TD,leo-nflprop-v1,0.152,,,0.9620000000000001,3
2026-10-01T18:36:47.013Z,2026-10-01,2026_04_PIT_CLE,PIT @ CLE,2026-10-02T00:15:00.000Z,CLE,PIT,Denzel Boston,WR,WR2,WR_REC_YARDS,leo-nflprop-v2,64,12.9,5.3,0.9620000000000001,3
2026-10-01T18:36:47.013Z,2026-10-01,2026_04_PIT_CLE,PIT @ CLE,2026-10-02T00:15:00.000Z,CLE,PIT,Denzel Boston,WR,WR2,ANYTIME_TD,leo-nflprop-v1,0.356,,,0.9620000000000001,3
2026-10-01T18:36:47.013Z,2026-10-01,2026_04_PIT_CLE,PIT @ CLE,2026-10-02T00:15:00.000Z,CLE,PIT,Jerry Jeudy,WR,WR3,WR_REC_YARDS,leo-nflprop-v2,19,4.5,4.7,0.9620000000000001,2
2026-10-01T18:36:47.013Z,2026-10-01,2026_04_PIT_CLE,PIT @ CLE,2026-10-02T00:15:00.000Z,CLE,PIT,Jerry Jeudy,WR,WR3,ANYTIME_TD,leo-nflprop-v1,0.101,,,0.9620000000000001,2
2026-10-04T00:22:24.024Z,2026-10-04,2026_04_IND_WAS,IND @ WAS,2026-10-04T13:30:00.000Z,IND,WAS,Daniel Jones,QB,QB1,QB_PASS_YARDS,leo-nflprop-v2,241,7,32.2,1.11,3
2026-10-04T00:22:24.024Z,2026-10-04,2026_04_IND_WAS,IND @ WAS,2026-10-04T13:30:00.000Z,IND,WAS,Jonathan Taylor,RB,RB1,RB_RUSH_YARDS,leo-nflprop-v2,89,4.7,21,0.8859999999999999,3
2026-10-04T00:22:24.024Z,2026-10-04,2026_04_IND_WAS,IND @ WAS,2026-10-04T13:30:00.000Z,IND,WAS,Jonathan Taylor,RB,RB1,ANYTIME_TD,leo-nflprop-v1,0.614,,,0.8859999999999999,3
2026-10-04T00:22:24.024Z,2026-10-04,2026_04_IND_WAS,IND @ WAS,2026-10-04T13:30:00.000Z,IND,WAS,Seth McGowan,RB,RB2,RB_RUSH_YARDS,leo-nflprop-v2,9,4.3,2,0.8859999999999999,3
2026-10-04T00:22:24.024Z,2026-10-04,2026_04_IND_WAS,IND @ WAS,2026-10-04T13:30:00.000Z,IND,WAS,Seth McGowan,RB,RB2,ANYTIME_TD,leo-nflprop-v1,0.175,,,0.8859999999999999,3
2026-10-04T00:22:24.024Z,2026-10-04,2026_04_IND_WAS,IND @ WAS,2026-10-04T13:30:00.000Z,IND,WAS,Josh Downs,WR,WR1,WR_REC_YARDS,leo-nflprop-v2,61,7.7,6.8,1.11,3
2026-10-04T00:22:24.024Z,2026-10-04,2026_04_IND_WAS,IND @ WAS,2026-10-04T13:30:00.000Z,IND,WAS,Josh Downs,WR,WR1,ANYTIME_TD,leo-nflprop-v1,0.154,,,1.11,3
2026-10-04T00:22:24.024Z,2026-10-04,2026_04_IND_WAS,IND @ WAS,2026-10-04T13:30:00.000Z,IND,WAS,Keenan Allen,WR,WR2,WR_REC_YARDS,leo-nflprop-v2,41,5,6.8,1.11,3
2026-10-04T00:22:24.024Z,2026-10-04,2026_04_IND_WAS,IND @ WAS,2026-10-04T13:30:00.000Z,IND,WAS,Keenan Allen,WR,WR2,ANYTIME_TD,leo-nflprop-v1,0.273,,,1.11,3
2026-10-04T00:22:24.024Z,2026-10-04,2026_04_IND_WAS,IND @ WAS,2026-10-04T13:30:00.000Z,IND,WAS,Laquon Treadwell,WR,WR3,WR_REC_YARDS,leo-nflprop-v2,13,10.1,0.8,1.11,3
2026-10-04T00:22:24.024Z,2026-10-04,2026_04_IND_WAS,IND @ WAS,2026-10-04T13:30:00.000Z,IND,WAS,Laquon Treadwell,WR,WR3,ANYTIME_TD,leo-nflprop-v1,0.091,,,1.11,3
2026-10-04T00:22:24.024Z,2026-10-04,2026_04_IND_WAS,IND @ WAS,2026-10-04T13:30:00.000Z,WAS,IND,Marcus Mariota,QB,QB1,QB_PASS_YARDS,leo-nflprop-v2,194,7,26,1.109,2
2026-10-04T00:22:24.024Z,2026-10-04,2026_04_IND_WAS,IND @ WAS,2026-10-04T13:30:00.000Z,WAS,IND,Jacory Croskey-Merritt,RB,RB1,RB_RUSH_YARDS,leo-nflprop-v2,81,4.2,16.8,1.114,3
2026-10-04T00:22:24.024Z,2026-10-04,2026_04_IND_WAS,IND @ WAS,2026-10-04T13:30:00.000Z,WAS,IND,Jacory Croskey-Merritt,RB,RB1,ANYTIME_TD,leo-nflprop-v1,0.358,,,1.114,3
2026-10-04T00:22:24.024Z,2026-10-04,2026_04_IND_WAS,IND @ WAS,2026-10-04T13:30:00.000Z,WAS,IND,Kaytron Allen,RB,RB2,RB_RUSH_YARDS,leo-nflprop-v2,27,4.4,5.2,1.114,2
2026-10-04T00:22:24.024Z,2026-10-04,2026_04_IND_WAS,IND @ WAS,2026-10-04T13:30:00.000Z,WAS,IND,Kaytron Allen,RB,RB2,ANYTIME_TD,leo-nflprop-v1,0.246,,,1.114,2
2026-10-04T00:22:24.024Z,2026-10-04,2026_04_IND_WAS,IND @ WAS,2026-10-04T13:30:00.000Z,WAS,IND,Stefon Diggs,WR,WR1,WR_REC_YARDS,leo-nflprop-v2,53,7,6.3,1.109,3
2026-10-04T00:22:24.024Z,2026-10-04,2026_04_IND_WAS,IND @ WAS,2026-10-04T13:30:00.000Z,WAS,IND,Stefon Diggs,WR,WR1,ANYTIME_TD,leo-nflprop-v1,0.47,,,1.109,3
2026-10-04T00:22:24.024Z,2026-10-04,2026_04_IND_WAS,IND @ WAS,2026-10-04T13:30:00.000Z,WAS,IND,Terry McLaurin,WR,WR2,WR_REC_YARDS,leo-nflprop-v2,56,7.2,6.6,1.109,3
2026-10-04T00:22:24.024Z,2026-10-04,2026_04_IND_WAS,IND @ WAS,2026-10-04T13:30:00.000Z,WAS,IND,Terry McLaurin,WR,WR2,ANYTIME_TD,leo-nflprop-v1,0.294,,,1.109,3
2026-10-04T00:22:24.024Z,2026-10-04,2026_04_IND_WAS,IND @ WAS,2026-10-04T13:30:00.000Z,WAS,IND,Antonio Williams,WR,WR3,WR_REC_YARDS,leo-nflprop-v2,38,9.3,3.3,1.109,3
2026-10-04T00:22:24.024Z,2026-10-04,2026_04_IND_WAS,IND @ WAS,2026-10-04T13:30:00.000Z,WAS,IND,Antonio Williams,WR,WR3,ANYTIME_TD,leo-nflprop-v1,0.294,,,1.109,3
2026-10-04T00:22:24.024Z,2026-10-04,2026_04_TEN_BAL,TEN @ BAL,2026-10-04T17:00:00.000Z,TEN,BAL,Cam Ward,QB,QB1,QB_PASS_YARDS,leo-nflprop-v2,171,5.8,31,0.998,3
2026-10-04T00:22:24.024Z,2026-10-04,2026_04_TEN_BAL,TEN @ BAL,2026-10-04T17:00:00.000Z,TEN,BAL,Tony Pollard,RB,RB1,RB_RUSH_YARDS,leo-nflprop-v2,59,4.5,13.1,0.9740000000000001,3
2026-10-04T00:22:24.024Z,2026-10-04,2026_04_TEN_BAL,TEN @ BAL,2026-10-04T17:00:00.000Z,TEN,BAL,Tony Pollard,RB,RB1,ANYTIME_TD,leo-nflprop-v1,0.162,,,0.9740000000000001,3
2026-10-04T00:22:24.024Z,2026-10-04,2026_04_TEN_BAL,TEN @ BAL,2026-10-04T17:00:00.000Z,TEN,BAL,Tyjae Spears,RB,RB2,RB_RUSH_YARDS,leo-nflprop-v2,21,4.4,4.7,0.9740000000000001,3
2026-10-04T00:22:24.024Z,2026-10-04,2026_04_TEN_BAL,TEN @ BAL,2026-10-04T17:00:00.000Z,TEN,BAL,Tyjae Spears,RB,RB2,ANYTIME_TD,leo-nflprop-v1,0.118,,,0.9740000000000001,3
2026-10-04T00:22:24.024Z,2026-10-04,2026_04_TEN_BAL,TEN @ BAL,2026-10-04T17:00:00.000Z,TEN,BAL,Carnell Tate,WR,WR1,WR_REC_YARDS,leo-nflprop-v2,47,6.1,7.2,0.998,3
2026-10-04T00:22:24.024Z,2026-10-04,2026_04_TEN_BAL,TEN @ BAL,2026-10-04T17:00:00.000Z,TEN,BAL,Carnell Tate,WR,WR1,ANYTIME_TD,leo-nflprop-v1,0.157,,,0.998,3
2026-10-04T00:22:24.024Z,2026-10-04,2026_04_TEN_BAL,TEN @ BAL,2026-10-04T17:00:00.000Z,TEN,BAL,Wan'Dale Robinson,WR,WR2,WR_REC_YARDS,leo-nflprop-v2,56,6.9,7.6,0.998,3
2026-10-04T00:22:24.024Z,2026-10-04,2026_04_TEN_BAL,TEN @ BAL,2026-10-04T17:00:00.000Z,TEN,BAL,Wan'Dale Robinson,WR,WR2,ANYTIME_TD,leo-nflprop-v1,0.254,,,0.998,3
2026-10-04T00:22:24.024Z,2026-10-04,2026_04_TEN_BAL,TEN @ BAL,2026-10-04T17:00:00.000Z,TEN,BAL,Elic Ayomanor,WR,WR3,WR_REC_YARDS,leo-nflprop-v2,43,9.2,4.2,0.998,3
2026-10-04T00:22:24.024Z,2026-10-04,2026_04_TEN_BAL,TEN @ BAL,2026-10-04T17:00:00.000Z,TEN,BAL,Elic Ayomanor,WR,WR3,ANYTIME_TD,leo-nflprop-v1,0.254,,,0.998,3
2026-10-04T00:22:24.024Z,2026-10-04,2026_04_TEN_BAL,TEN @ BAL,2026-10-04T17:00:00.000Z,BAL,TEN,Lamar Jackson,QB,QB1,QB_PASS_YARDS,leo-nflprop-v2,211,9.2,25.4,0.9390000000000001,3
2026-10-04T00:22:24.024Z,2026-10-04,2026_04_TEN_BAL,TEN @ BAL,2026-10-04T17:00:00.000Z,BAL,TEN,Derrick Henry,RB,RB1,RB_RUSH_YARDS,leo-nflprop-v2,110,5,20.7,1.056,3
2026-10-04T00:22:24.024Z,2026-10-04,2026_04_TEN_BAL,TEN @ BAL,2026-10-04T17:00:00.000Z,BAL,TEN,Derrick Henry,RB,RB1,ANYTIME_TD,leo-nflprop-v1,0.72,,,1.056,3
2026-10-04T00:22:24.024Z,2026-10-04,2026_04_TEN_BAL,TEN @ BAL,2026-10-04T17:00:00.000Z,BAL,TEN,Justice Hill,RB,RB2,RB_RUSH_YARDS,leo-nflprop-v2,18,4.4,3.7,1.056,3
2026-10-04T00:22:24.024Z,2026-10-04,2026_04_TEN_BAL,TEN @ BAL,2026-10-04T17:00:00.000Z,BAL,TEN,Justice Hill,RB,RB2,ANYTIME_TD,leo-nflprop-v1,0.149,,,1.056,3
2026-10-04T00:22:24.024Z,2026-10-04,2026_04_TEN_BAL,TEN @ BAL,2026-10-04T17:00:00.000Z,BAL,TEN,Zay Flowers,WR,WR1,WR_REC_YARDS,leo-nflprop-v2,100,15,6.8,0.9390000000000001,2
2026-10-04T00:22:24.024Z,2026-10-04,2026_04_TEN_BAL,TEN @ BAL,2026-10-04T17:00:00.000Z,BAL,TEN,Zay Flowers,WR,WR1,ANYTIME_TD,leo-nflprop-v1,0.289,,,0.9390000000000001,2
2026-10-04T00:22:24.024Z,2026-10-04,2026_04_TEN_BAL,TEN @ BAL,2026-10-04T17:00:00.000Z,BAL,TEN,Rashod Bateman,WR,WR2,WR_REC_YARDS,leo-nflprop-v2,26,6.9,3.5,0.9390000000000001,3
2026-10-04T00:22:24.024Z,2026-10-04,2026_04_TEN_BAL,TEN @ BAL,2026-10-04T17:00:00.000Z,BAL,TEN,Rashod Bateman,WR,WR2,ANYTIME_TD,leo-nflprop-v1,0.214,,,0.9390000000000001,3
2026-10-04T00:22:24.024Z,2026-10-04,2026_04_TEN_BAL,TEN @ BAL,2026-10-04T17:00:00.000Z,BAL,TEN,Chris Moore,WR,WR3,WR_REC_YARDS,leo-nflprop-v2,24,10.3,2.1,0.9390000000000001,3
2026-10-04T00:22:24.024Z,2026-10-04,2026_04_TEN_BAL,TEN @ BAL,2026-10-04T17:00:00.000Z,BAL,TEN,Chris Moore,WR,WR3,ANYTIME_TD,leo-nflprop-v1,0.204,,,0.9390000000000001,3
2026-10-04T00:22:24.024Z,2026-10-04,2026_04_NE_BUF,NE @ BUF,2026-10-04T17:00:00.000Z,NE,BUF,Drake Maye,QB,QB1,QB_PASS_YARDS,leo-nflprop-v2,231,8,27.6,1.08,3
2026-10-04T00:22:24.024Z,2026-10-04,2026_04_NE_BUF,NE @ BUF,2026-10-04T17:00:00.000Z,NE,BUF,TreVeyon Henderson,RB,RB1,RB_RUSH_YARDS,leo-nflprop-v2,59,4.9,11.9,0.982,2
2026-10-04T00:22:24.024Z,2026-10-04,2026_04_NE_BUF,NE @ BUF,2026-10-04T17:00:00.000Z,NE,BUF,TreVeyon Henderson,RB,RB1,ANYTIME_TD,leo-nflprop-v1,0.384,,,0.982,2
2026-10-04T00:22:24.024Z,2026-10-04,2026_04_NE_BUF,NE @ BUF,2026-10-04T17:00:00.000Z,NE,BUF,Rhamondre Stevenson,RB,RB2,RB_RUSH_YARDS,leo-nflprop-v2,42,4.1,10.1,0.982,3
2026-10-04T00:22:24.024Z,2026-10-04,2026_04_NE_BUF,NE @ BUF,2026-10-04T17:00:00.000Z,NE,BUF,Rhamondre Stevenson,RB,RB2,ANYTIME_TD,leo-nflprop-v1,0.229,,,0.982,3
2026-10-04T00:22:24.024Z,2026-10-04,2026_04_NE_BUF,NE @ BUF,2026-10-04T17:00:00.000Z,NE,BUF,Mack Hollins,WR,WR1,WR_REC_YARDS,leo-nflprop-v2,53,9.3,4.9,1.08,3
2026-10-04T00:22:24.024Z,2026-10-04,2026_04_NE_BUF,NE @ BUF,2026-10-04T17:00:00.000Z,NE,BUF,Mack Hollins,WR,WR1,ANYTIME_TD,leo-nflprop-v1,0.111,,,1.08,3
2026-10-04T00:22:24.024Z,2026-10-04,2026_04_NE_BUF,NE @ BUF,2026-10-04T17:00:00.000Z,NE,BUF,DeMario Douglas,WR,WR2,WR_REC_YARDS,leo-nflprop-v2,31,6.8,3.8,1.08,3
2026-10-04T00:22:24.024Z,2026-10-04,2026_04_NE_BUF,NE @ BUF,2026-10-04T17:00:00.000Z,NE,BUF,DeMario Douglas,WR,WR2,ANYTIME_TD,leo-nflprop-v1,0.126,,,1.08,3
2026-10-04T00:22:24.024Z,2026-10-04,2026_04_NE_BUF,NE @ BUF,2026-10-04T17:00:00.000Z,NE,BUF,Romeo Doubs,WR,WR3,WR_REC_YARDS,leo-nflprop-v2,58,11.3,4.5,1.08,3
2026-10-04T00:22:24.024Z,2026-10-04,2026_04_NE_BUF,NE @ BUF,2026-10-04T17:00:00.000Z,NE,BUF,Romeo Doubs,WR,WR3,ANYTIME_TD,leo-nflprop-v1,0.197,,,1.08,3
2026-10-04T00:22:24.024Z,2026-10-04,2026_04_NE_BUF,NE @ BUF,2026-10-04T17:00:00.000Z,BUF,NE,Josh Allen,QB,QB1,QB_PASS_YARDS,leo-nflprop-v2,222,8.7,28.7,0.922,3
2026-10-04T00:22:24.024Z,2026-10-04,2026_04_NE_BUF,NE @ BUF,2026-10-04T17:00:00.000Z,BUF,NE,James Cook,RB,RB1,RB_RUSH_YARDS,leo-nflprop-v2,100,5.2,19.3,0.987,3
2026-10-04T00:22:24.024Z,2026-10-04,2026_04_NE_BUF,NE @ BUF,2026-10-04T17:00:00.000Z,BUF,NE,James Cook,RB,RB1,ANYTIME_TD,leo-nflprop-v1,0.469,,,0.987,3
2026-10-04T00:22:24.024Z,2026-10-04,2026_04_NE_BUF,NE @ BUF,2026-10-04T17:00:00.000Z,BUF,NE,Ray Davis,RB,RB2,RB_RUSH_YARDS,leo-nflprop-v2,8,4.7,1.5,0.987,2
2026-10-04T00:22:24.024Z,2026-10-04,2026_04_NE_BUF,NE @ BUF,2026-10-04T17:00:00.000Z,BUF,NE,Ray Davis,RB,RB2,ANYTIME_TD,leo-nflprop-v1,0.063,,,0.987,2
2026-10-04T00:22:24.024Z,2026-10-04,2026_04_NE_BUF,NE @ BUF,2026-10-04T17:00:00.000Z,BUF,NE,DJ Moore,WR,WR1,WR_REC_YARDS,leo-nflprop-v2,36,6.6,5.3,0.922,3
2026-10-04T00:22:24.024Z,2026-10-04,2026_04_NE_BUF,NE @ BUF,2026-10-04T17:00:00.000Z,BUF,NE,DJ Moore,WR,WR1,ANYTIME_TD,leo-nflprop-v1,0.267,,,0.922,3
2026-10-04T00:22:24.024Z,2026-10-04,2026_04_NE_BUF,NE @ BUF,2026-10-04T17:00:00.000Z,BUF,NE,Khalil Shakir,WR,WR2,WR_REC_YARDS,leo-nflprop-v2,34,6,5.5,0.922,3
2026-10-04T00:22:24.024Z,2026-10-04,2026_04_NE_BUF,NE @ BUF,2026-10-04T17:00:00.000Z,BUF,NE,Khalil Shakir,WR,WR2,ANYTIME_TD,leo-nflprop-v1,0.13,,,0.922,3
2026-10-04T00:22:24.024Z,2026-10-04,2026_04_NE_BUF,NE @ BUF,2026-10-04T17:00:00.000Z,BUF,NE,Keon Coleman,WR,WR3,WR_REC_YARDS,leo-nflprop-v2,37,9.2,3.9,0.922,3
2026-10-04T00:22:24.024Z,2026-10-04,2026_04_NE_BUF,NE @ BUF,2026-10-04T17:00:00.000Z,BUF,NE,Keon Coleman,WR,WR3,ANYTIME_TD,leo-nflprop-v1,0.156,,,0.922,3
2026-10-04T00:22:24.024Z,2026-10-04,2026_04_NYJ_CHI,NYJ @ CHI,2026-10-04T17:00:00.000Z,NYJ,CHI,Geno Smith,QB,QB1,QB_PASS_YARDS,leo-nflprop-v2,224,7.3,32.3,0.976,3
2026-10-04T00:22:24.024Z,2026-10-04,2026_04_NYJ_CHI,NYJ @ CHI,2026-10-04T17:00:00.000Z,NYJ,CHI,Braelon Allen,RB,RB1,RB_RUSH_YARDS,leo-nflprop-v2,55,4.2,12.7,1.02,3
2026-10-04T00:22:24.024Z,2026-10-04,2026_04_NYJ_CHI,NYJ @ CHI,2026-10-04T17:00:00.000Z,NYJ,CHI,Braelon Allen,RB,RB1,ANYTIME_TD,leo-nflprop-v1,0.286,,,1.02,3
2026-10-04T00:22:24.024Z,2026-10-04,2026_04_NYJ_CHI,NYJ @ CHI,2026-10-04T17:00:00.000Z,NYJ,CHI,Garrett Wilson,WR,WR1,WR_REC_YARDS,leo-nflprop-v2,79,8.4,9.2,0.976,3
2026-10-04T00:22:24.024Z,2026-10-04,2026_04_NYJ_CHI,NYJ @ CHI,2026-10-04T17:00:00.000Z,NYJ,CHI,Garrett Wilson,WR,WR1,ANYTIME_TD,leo-nflprop-v1,0.41,,,0.976,3
2026-10-04T00:22:24.024Z,2026-10-04,2026_04_NYJ_CHI,NYJ @ CHI,2026-10-04T17:00:00.000Z,NYJ,CHI,Isaiah Williams,WR,WR2,WR_REC_YARDS,leo-nflprop-v2,21,6.5,2.7,0.976,3
2026-10-04T00:22:24.024Z,2026-10-04,2026_04_NYJ_CHI,NYJ @ CHI,2026-10-04T17:00:00.000Z,NYJ,CHI,Isaiah Williams,WR,WR2,ANYTIME_TD,leo-nflprop-v1,0.047,,,0.976,3
2026-10-04T00:22:24.024Z,2026-10-04,2026_04_NYJ_CHI,NYJ @ CHI,2026-10-04T17:00:00.000Z,CHI,NYJ,Case Keenum,QB,QB1,QB_PASS_YARDS,leo-nflprop-v2,203,7.1,32.3,0.912,1
2026-10-04T00:22:24.024Z,2026-10-04,2026_04_NYJ_CHI,NYJ @ CHI,2026-10-04T17:00:00.000Z,CHI,NYJ,D'Andre Swift,RB,RB1,RB_RUSH_YARDS,leo-nflprop-v2,73,4.7,16.6,0.9059999999999999,3
2026-10-04T00:22:24.024Z,2026-10-04,2026_04_NYJ_CHI,NYJ @ CHI,2026-10-04T17:00:00.000Z,CHI,NYJ,D'Andre Swift,RB,RB1,ANYTIME_TD,leo-nflprop-v1,0.48,,,0.9059999999999999,3
2026-10-04T00:22:24.024Z,2026-10-04,2026_04_NYJ_CHI,NYJ @ CHI,2026-10-04T17:00:00.000Z,CHI,NYJ,Kyle Monangai,RB,RB2,RB_RUSH_YARDS,leo-nflprop-v2,45,4.9,9.8,0.9059999999999999,3
2026-10-04T00:22:24.024Z,2026-10-04,2026_04_NYJ_CHI,NYJ @ CHI,2026-10-04T17:00:00.000Z,CHI,NYJ,Kyle Monangai,RB,RB2,ANYTIME_TD,leo-nflprop-v1,0.254,,,0.9059999999999999,3
2026-10-04T00:22:24.024Z,2026-10-04,2026_04_NYJ_CHI,NYJ @ CHI,2026-10-04T17:00:00.000Z,CHI,NYJ,Luther Burden III,WR,WR1,WR_REC_YARDS,leo-nflprop-v2,46,8,5.9,0.912,3
2026-10-04T00:22:24.024Z,2026-10-04,2026_04_NYJ_CHI,NYJ @ CHI,2026-10-04T17:00:00.000Z,CHI,NYJ,Luther Burden III,WR,WR1,ANYTIME_TD,leo-nflprop-v1,0.201,,,0.912,3
2026-10-04T00:22:24.024Z,2026-10-04,2026_04_NYJ_CHI,NYJ @ CHI,2026-10-04T17:00:00.000Z,CHI,NYJ,Kalif Raymond,WR,WR2,WR_REC_YARDS,leo-nflprop-v2,42,9.5,4.5,0.912,3
2026-10-04T00:22:24.024Z,2026-10-04,2026_04_NYJ_CHI,NYJ @ CHI,2026-10-04T17:00:00.000Z,CHI,NYJ,Kalif Raymond,WR,WR2,ANYTIME_TD,leo-nflprop-v1,0.181,,,0.912,3
2026-10-04T00:22:24.024Z,2026-10-04,2026_04_NYJ_CHI,NYJ @ CHI,2026-10-04T17:00:00.000Z,CHI,NYJ,Rome Odunze,WR,WR3,WR_REC_YARDS,leo-nflprop-v2,60,10.5,5.8,0.912,3
2026-10-04T00:22:24.024Z,2026-10-04,2026_04_NYJ_CHI,NYJ @ CHI,2026-10-04T17:00:00.000Z,CHI,NYJ,Rome Odunze,WR,WR3,ANYTIME_TD,leo-nflprop-v1,0.202,,,0.912,3
2026-10-04T00:22:24.024Z,2026-10-04,2026_04_JAX_CIN,JAX @ CIN,2026-10-04T17:00:00.000Z,JAX,CIN,Trevor Lawrence,QB,QB1,QB_PASS_YARDS,leo-nflprop-v2,232,7.4,29.4,1.101,3
2026-10-04T00:22:24.024Z,2026-10-04,2026_04_JAX_CIN,JAX @ CIN,2026-10-04T17:00:00.000Z,JAX,CIN,Bhayshul Tuten,RB,RB1,RB_RUSH_YARDS,leo-nflprop-v2,52,4.4,12.1,0.938,3
2026-10-04T00:22:24.024Z,2026-10-04,2026_04_JAX_CIN,JAX @ CIN,2026-10-04T17:00:00.000Z,JAX,CIN,Bhayshul Tuten,RB,RB1,ANYTIME_TD,leo-nflprop-v1,0.365,,,0.938,3
2026-10-04T00:22:24.024Z,2026-10-04,2026_04_JAX_CIN,JAX @ CIN,2026-10-04T17:00:00.000Z,JAX,CIN,Chris Rodriguez Jr.,RB,RB2,RB_RUSH_YARDS,leo-nflprop-v2,31,4.4,7.3,0.938,3
2026-10-04T00:22:24.024Z,2026-10-04,2026_04_JAX_CIN,JAX @ CIN,2026-10-04T17:00:00.000Z,JAX,CIN,Chris Rodriguez Jr.,RB,RB2,ANYTIME_TD,leo-nflprop-v1,0.317,,,0.938,3
2026-10-04T00:22:24.024Z,2026-10-04,2026_04_JAX_CIN,JAX @ CIN,2026-10-04T17:00:00.000Z,JAX,CIN,Parker Washington,WR,WR1,WR_REC_YARDS,leo-nflprop-v2,77,9.6,7,1.101,3
2026-10-04T00:22:24.024Z,2026-10-04,2026_04_JAX_CIN,JAX @ CIN,2026-10-04T17:00:00.000Z,JAX,CIN,Parker Washington,WR,WR1,ANYTIME_TD,leo-nflprop-v1,0.399,,,1.101,3
2026-10-04T00:22:24.024Z,2026-10-04,2026_04_JAX_CIN,JAX @ CIN,2026-10-04T17:00:00.000Z,JAX,CIN,Brian Thomas Jr.,WR,WR2,WR_REC_YARDS,leo-nflprop-v2,51,8.6,5,1.101,3
2026-10-04T00:22:24.024Z,2026-10-04,2026_04_JAX_CIN,JAX @ CIN,2026-10-04T17:00:00.000Z,JAX,CIN,Brian Thomas Jr.,WR,WR2,ANYTIME_TD,leo-nflprop-v1,0.113,,,1.101,3
2026-10-04T00:22:24.024Z,2026-10-04,2026_04_JAX_CIN,JAX @ CIN,2026-10-04T17:00:00.000Z,JAX,CIN,Jakobi Meyers,WR,WR3,WR_REC_YARDS,leo-nflprop-v2,99,16.1,5.4,1.101,3
2026-10-04T00:22:24.024Z,2026-10-04,2026_04_JAX_CIN,JAX @ CIN,2026-10-04T17:00:00.000Z,JAX,CIN,Jakobi Meyers,WR,WR3,ANYTIME_TD,leo-nflprop-v1,0.364,,,1.101,3
2026-10-04T00:22:24.024Z,2026-10-04,2026_04_JAX_CIN,JAX @ CIN,2026-10-04T17:00:00.000Z,CIN,JAX,Joe Burrow,QB,QB1,QB_PASS_YARDS,leo-nflprop-v2,247,7.1,34.7,1.026,3
2026-10-04T00:22:24.024Z,2026-10-04,2026_04_JAX_CIN,JAX @ CIN,2026-10-04T17:00:00.000Z,CIN,JAX,Chase Brown,RB,RB1,RB_RUSH_YARDS,leo-nflprop-v2,64,4.3,15.6,0.922,3
2026-10-04T00:22:24.024Z,2026-10-04,2026_04_JAX_CIN,JAX @ CIN,2026-10-04T17:00:00.000Z,CIN,JAX,Chase Brown,RB,RB1,ANYTIME_TD,leo-nflprop-v1,0.275,,,0.922,3
2026-10-04T00:22:24.024Z,2026-10-04,2026_04_JAX_CIN,JAX @ CIN,2026-10-04T17:00:00.000Z,CIN,JAX,Samaje Perine,RB,RB2,RB_RUSH_YARDS,leo-nflprop-v2,17,4.5,3.9,0.922,3
2026-10-04T00:22:24.024Z,2026-10-04,2026_04_JAX_CIN,JAX @ CIN,2026-10-04T17:00:00.000Z,CIN,JAX,Samaje Perine,RB,RB2,ANYTIME_TD,leo-nflprop-v1,0.124,,,0.922,3
2026-10-04T00:22:24.024Z,2026-10-04,2026_04_JAX_CIN,JAX @ CIN,2026-10-04T17:00:00.000Z,CIN,JAX,Ja'Marr Chase,WR,WR1,WR_REC_YARDS,leo-nflprop-v2,72,6.8,9.9,1.026,3
2026-10-04T00:22:24.024Z,2026-10-04,2026_04_JAX_CIN,JAX @ CIN,2026-10-04T17:00:00.000Z,CIN,JAX,Ja'Marr Chase,WR,WR1,ANYTIME_TD,leo-nflprop-v1,0.504,,,1.026,3
2026-10-04T00:22:24.024Z,2026-10-04,2026_04_JAX_CIN,JAX @ CIN,2026-10-04T17:00:00.000Z,CIN,JAX,Tee Higgins,WR,WR2,WR_REC_YARDS,leo-nflprop-v2,80,10.4,7.2,1.026,3
2026-10-04T00:22:24.024Z,2026-10-04,2026_04_JAX_CIN,JAX @ CIN,2026-10-04T17:00:00.000Z,CIN,JAX,Tee Higgins,WR,WR2,ANYTIME_TD,leo-nflprop-v1,0.396,,,1.026,3
2026-10-04T00:22:24.024Z,2026-10-04,2026_04_JAX_CIN,JAX @ CIN,2026-10-04T17:00:00.000Z,CIN,JAX,Dohnte Meyers,WR,WR3,WR_REC_YARDS,leo-nflprop-v2,23,7.9,2.4,1.026,3
2026-10-04T00:22:24.024Z,2026-10-04,2026_04_JAX_CIN,JAX @ CIN,2026-10-04T17:00:00.000Z,CIN,JAX,Dohnte Meyers,WR,WR3,ANYTIME_TD,leo-nflprop-v1,0.161,,,1.026,3
2026-10-04T00:22:24.024Z,2026-10-04,2026_04_DAL_HOU,DAL @ HOU,2026-10-04T17:00:00.000Z,DAL,HOU,Dak Prescott,QB,QB1,QB_PASS_YARDS,leo-nflprop-v2,263,7.2,35.7,1.0490000000000002,3
2026-10-04T00:22:24.024Z,2026-10-04,2026_04_DAL_HOU,DAL @ HOU,2026-10-04T17:00:00.000Z,DAL,HOU,Javonte Williams,RB,RB1,RB_RUSH_YARDS,leo-nflprop-v2,64,4.6,15.1,0.904,3
2026-10-04T00:22:24.024Z,2026-10-04,2026_04_DAL_HOU,DAL @ HOU,2026-10-04T17:00:00.000Z,DAL,HOU,Javonte Williams,RB,RB1,ANYTIME_TD,leo-nflprop-v1,0.435,,,0.904,3
2026-10-04T00:22:24.024Z,2026-10-04,2026_04_DAL_HOU,DAL @ HOU,2026-10-04T17:00:00.000Z,DAL,HOU,Tyler Goodson,RB,RB2,RB_RUSH_YARDS,leo-nflprop-v2,14,4.3,3.2,0.904,1
2026-10-04T00:22:24.024Z,2026-10-04,2026_04_DAL_HOU,DAL @ HOU,2026-10-04T17:00:00.000Z,DAL,HOU,Tyler Goodson,RB,RB2,ANYTIME_TD,leo-nflprop-v1,0.098,,,0.904,1
2026-10-04T00:22:24.024Z,2026-10-04,2026_04_DAL_HOU,DAL @ HOU,2026-10-04T17:00:00.000Z,DAL,HOU,CeeDee Lamb,WR,WR1,WR_REC_YARDS,leo-nflprop-v2,107,11.4,8.7,1.0490000000000002,3
2026-10-04T00:22:24.024Z,2026-10-04,2026_04_DAL_HOU,DAL @ HOU,2026-10-04T17:00:00.000Z,DAL,HOU,CeeDee Lamb,WR,WR1,ANYTIME_TD,leo-nflprop-v1,0.452,,,1.0490000000000002,3
2026-10-04T00:22:24.024Z,2026-10-04,2026_04_DAL_HOU,DAL @ HOU,2026-10-04T17:00:00.000Z,DAL,HOU,George Pickens,WR,WR2,WR_REC_YARDS,leo-nflprop-v2,62,6.8,8.2,1.0490000000000002,3
2026-10-04T00:22:24.024Z,2026-10-04,2026_04_DAL_HOU,DAL @ HOU,2026-10-04T17:00:00.000Z,DAL,HOU,George Pickens,WR,WR2,ANYTIME_TD,leo-nflprop-v1,0.245,,,1.0490000000000002,3
2026-10-04T00:22:24.024Z,2026-10-04,2026_04_DAL_HOU,DAL @ HOU,2026-10-04T17:00:00.000Z,DAL,HOU,Ryan Flournoy,WR,WR3,WR_REC_YARDS,leo-nflprop-v2,27,4.5,4.9,1.0490000000000002,3
2026-10-04T00:22:24.024Z,2026-10-04,2026_04_DAL_HOU,DAL @ HOU,2026-10-04T17:00:00.000Z,DAL,HOU,Ryan Flournoy,WR,WR3,ANYTIME_TD,leo-nflprop-v1,0.153,,,1.0490000000000002,3
2026-10-04T00:22:24.024Z,2026-10-04,2026_04_DAL_HOU,DAL @ HOU,2026-10-04T17:00:00.000Z,HOU,DAL,C.J. Stroud,QB,QB1,QB_PASS_YARDS,leo-nflprop-v2,231,6.8,36.7,0.955,3
2026-10-04T00:22:24.024Z,2026-10-04,2026_04_DAL_HOU,DAL @ HOU,2026-10-04T17:00:00.000Z,HOU,DAL,David Montgomery,RB,RB1,RB_RUSH_YARDS,leo-nflprop-v2,59,4.1,12.2,1.15,3
2026-10-04T00:22:24.024Z,2026-10-04,2026_04_DAL_HOU,DAL @ HOU,2026-10-04T17:00:00.000Z,HOU,DAL,David Montgomery,RB,RB1,ANYTIME_TD,leo-nflprop-v1,0.463,,,1.15,3
2026-10-04T00:22:24.024Z,2026-10-04,2026_04_DAL_HOU,DAL @ HOU,2026-10-04T17:00:00.000Z,HOU,DAL,Woody Marks,RB,RB2,RB_RUSH_YARDS,leo-nflprop-v2,39,3.8,8.7,1.15,3
2026-10-04T00:22:24.024Z,2026-10-04,2026_04_DAL_HOU,DAL @ HOU,2026-10-04T17:00:00.000Z,HOU,DAL,Woody Marks,RB,RB2,ANYTIME_TD,leo-nflprop-v1,0.253,,,1.15,3
2026-10-04T00:22:24.024Z,2026-10-04,2026_04_DAL_HOU,DAL @ HOU,2026-10-04T17:00:00.000Z,HOU,DAL,Nico Collins,WR,WR1,WR_REC_YARDS,leo-nflprop-v2,79,9,8.8,0.955,1
2026-10-04T00:22:24.024Z,2026-10-04,2026_04_DAL_HOU,DAL @ HOU,2026-10-04T17:00:00.000Z,HOU,DAL,Nico Collins,WR,WR1,ANYTIME_TD,leo-nflprop-v1,0.378,,,0.955,1
2026-10-04T00:22:24.024Z,2026-10-04,2026_04_DAL_HOU,DAL @ HOU,2026-10-04T17:00:00.000Z,HOU,DAL,Xavier Hutchinson,WR,WR2,WR_REC_YARDS,leo-nflprop-v2,34,6.1,5.2,0.955,3
2026-10-04T00:22:24.024Z,2026-10-04,2026_04_DAL_HOU,DAL @ HOU,2026-10-04T17:00:00.000Z,HOU,DAL,Xavier Hutchinson,WR,WR2,ANYTIME_TD,leo-nflprop-v1,0.112,,,0.955,3
2026-10-04T00:22:24.024Z,2026-10-04,2026_04_DAL_HOU,DAL @ HOU,2026-10-04T17:00:00.000Z,HOU,DAL,Jared Wayne,WR,WR3,WR_REC_YARDS,leo-nflprop-v2,25,7.9,2.8,0.955,3
2026-10-04T00:22:24.024Z,2026-10-04,2026_04_DAL_HOU,DAL @ HOU,2026-10-04T17:00:00.000Z,HOU,DAL,Jared Wayne,WR,WR3,ANYTIME_TD,leo-nflprop-v1,0.131,,,0.955,3
2026-10-04T00:22:24.024Z,2026-10-04,2026_04_ARI_NYG,ARI @ NYG,2026-10-04T17:00:00.000Z,ARI,NYG,Jacoby Brissett,QB,QB1,QB_PASS_YARDS,leo-nflprop-v2,233,6.1,39.5,0.992,3
2026-10-04T00:22:24.024Z,2026-10-04,2026_04_ARI_NYG,ARI @ NYG,2026-10-04T17:00:00.000Z,ARI,NYG,Jeremiyah Love,RB,RB1,RB_RUSH_YARDS,leo-nflprop-v2,54,4.2,12.7,0.972,3
2026-10-04T00:22:24.024Z,2026-10-04,2026_04_ARI_NYG,ARI @ NYG,2026-10-04T17:00:00.000Z,ARI,NYG,Jeremiyah Love,RB,RB1,ANYTIME_TD,leo-nflprop-v1,0.295,,,0.972,3
2026-10-04T00:22:24.024Z,2026-10-04,2026_04_ARI_NYG,ARI @ NYG,2026-10-04T17:00:00.000Z,ARI,NYG,Tyler Allgeier,RB,RB2,RB_RUSH_YARDS,leo-nflprop-v2,29,3.8,7.4,0.972,3
2026-10-04T00:22:24.024Z,2026-10-04,2026_04_ARI_NYG,ARI @ NYG,2026-10-04T17:00:00.000Z,ARI,NYG,Tyler Allgeier,RB,RB2,ANYTIME_TD,leo-nflprop-v1,0.22,,,0.972,3
2026-10-04T00:22:24.024Z,2026-10-04,2026_04_ARI_NYG,ARI @ NYG,2026-10-04T17:00:00.000Z,ARI,NYG,Michael Wilson,WR,WR1,WR_REC_YARDS,leo-nflprop-v2,55,5.9,8.8,0.992,3
2026-10-04T00:22:24.024Z,2026-10-04,2026_04_ARI_NYG,ARI @ NYG,2026-10-04T17:00:00.000Z,ARI,NYG,Michael Wilson,WR,WR1,ANYTIME_TD,leo-nflprop-v1,0.301,,,0.992,3
2026-10-04T00:22:24.024Z,2026-10-04,2026_04_ARI_NYG,ARI @ NYG,2026-10-04T17:00:00.000Z,ARI,NYG,Kendrick Bourne,WR,WR2,WR_REC_YARDS,leo-nflprop-v2,37,7.6,4.4,0.992,3
2026-10-04T00:22:24.024Z,2026-10-04,2026_04_ARI_NYG,ARI @ NYG,2026-10-04T17:00:00.000Z,ARI,NYG,Kendrick Bourne,WR,WR2,ANYTIME_TD,leo-nflprop-v1,0.05,,,0.992,3
2026-10-04T00:22:24.024Z,2026-10-04,2026_04_ARI_NYG,ARI @ NYG,2026-10-04T17:00:00.000Z,ARI,NYG,Marvin Harrison Jr.,WR,WR3,WR_REC_YARDS,leo-nflprop-v2,36,6.9,4.8,0.992,3
2026-10-04T00:22:24.024Z,2026-10-04,2026_04_ARI_NYG,ARI @ NYG,2026-10-04T17:00:00.000Z,ARI,NYG,Marvin Harrison Jr.,WR,WR3,ANYTIME_TD,leo-nflprop-v1,0.167,,,0.992,3
2026-10-04T00:22:24.024Z,2026-10-04,2026_04_ARI_NYG,ARI @ NYG,2026-10-04T17:00:00.000Z,NYG,ARI,Jameis Winston,QB,QB1,QB_PASS_YARDS,leo-nflprop-v2,166,6,28,1.0270000000000001,2
2026-10-04T00:22:24.024Z,2026-10-04,2026_04_ARI_NYG,ARI @ NYG,2026-10-04T17:00:00.000Z,NYG,ARI,Cam Skattebo,RB,RB1,RB_RUSH_YARDS,leo-nflprop-v2,70,4.1,15.7,1.061,3
2026-10-04T00:22:24.024Z,2026-10-04,2026_04_ARI_NYG,ARI @ NYG,2026-10-04T17:00:00.000Z,NYG,ARI,Cam Skattebo,RB,RB1,ANYTIME_TD,leo-nflprop-v1,0.373,,,1.061,3
2026-10-04T00:22:24.024Z,2026-10-04,2026_04_ARI_NYG,ARI @ NYG,2026-10-04T17:00:00.000Z,NYG,ARI,Najee Harris,RB,RB2,RB_RUSH_YARDS,leo-nflprop-v2,32,4.3,6.7,1.061,2
2026-10-04T00:22:24.024Z,2026-10-04,2026_04_ARI_NYG,ARI @ NYG,2026-10-04T17:00:00.000Z,NYG,ARI,Najee Harris,RB,RB2,ANYTIME_TD,leo-nflprop-v1,0.164,,,1.061,2
2026-10-04T00:22:24.024Z,2026-10-04,2026_04_ARI_NYG,ARI @ NYG,2026-10-04T17:00:00.000Z,NYG,ARI,Malik Nabers,WR,WR1,WR_REC_YARDS,leo-nflprop-v2,40,4.8,7.4,1.0270000000000001,3
2026-10-04T00:22:24.024Z,2026-10-04,2026_04_ARI_NYG,ARI @ NYG,2026-10-04T17:00:00.000Z,NYG,ARI,Malik Nabers,WR,WR1,ANYTIME_TD,leo-nflprop-v1,0.2,,,1.0270000000000001,3
2026-10-04T00:22:24.024Z,2026-10-04,2026_04_ARI_NYG,ARI @ NYG,2026-10-04T17:00:00.000Z,NYG,ARI,Malachi Fields,WR,WR2,WR_REC_YARDS,leo-nflprop-v2,33,6.9,4.2,1.0270000000000001,3
2026-10-04T00:22:24.024Z,2026-10-04,2026_04_ARI_NYG,ARI @ NYG,2026-10-04T17:00:00.000Z,NYG,ARI,Malachi Fields,WR,WR2,ANYTIME_TD,leo-nflprop-v1,0.161,,,1.0270000000000001,3
2026-10-04T00:22:24.024Z,2026-10-04,2026_04_ARI_NYG,ARI @ NYG,2026-10-04T17:00:00.000Z,NYG,ARI,Darnell Mooney,WR,WR3,WR_REC_YARDS,leo-nflprop-v2,45,11,3.7,1.0270000000000001,3
2026-10-04T00:22:24.024Z,2026-10-04,2026_04_ARI_NYG,ARI @ NYG,2026-10-04T17:00:00.000Z,NYG,ARI,Darnell Mooney,WR,WR3,ANYTIME_TD,leo-nflprop-v1,0.075,,,1.0270000000000001,3
2026-10-04T00:22:24.024Z,2026-10-04,2026_04_LA_PHI,LA @ PHI,2026-10-04T17:00:00.000Z,LA,PHI,Matthew Stafford,QB,QB1,QB_PASS_YARDS,leo-nflprop-v2,260,7.9,36.2,0.937,3
2026-10-04T00:22:24.024Z,2026-10-04,2026_04_LA_PHI,LA @ PHI,2026-10-04T17:00:00.000Z,LA,PHI,Kyren Williams,RB,RB1,RB_RUSH_YARDS,leo-nflprop-v2,70,4.8,13.3,1.06,3
2026-10-04T00:22:24.024Z,2026-10-04,2026_04_LA_PHI,LA @ PHI,2026-10-04T17:00:00.000Z,LA,PHI,Kyren Williams,RB,RB1,ANYTIME_TD,leo-nflprop-v1,0.378,,,1.06,3
2026-10-04T00:22:24.024Z,2026-10-04,2026_04_LA_PHI,LA @ PHI,2026-10-04T17:00:00.000Z,LA,PHI,Blake Corum,RB,RB2,RB_RUSH_YARDS,leo-nflprop-v2,47,4.7,9.2,1.06,3
2026-10-04T00:22:24.024Z,2026-10-04,2026_04_LA_PHI,LA @ PHI,2026-10-04T17:00:00.000Z,LA,PHI,Blake Corum,RB,RB2,ANYTIME_TD,leo-nflprop-v1,0.196,,,1.06,3
2026-10-04T00:22:24.024Z,2026-10-04,2026_04_LA_PHI,LA @ PHI,2026-10-04T17:00:00.000Z,LA,PHI,Davante Adams,WR,WR1,WR_REC_YARDS,leo-nflprop-v2,91,10.3,9.1,0.937,3
2026-10-04T00:22:24.024Z,2026-10-04,2026_04_LA_PHI,LA @ PHI,2026-10-04T17:00:00.000Z,LA,PHI,Davante Adams,WR,WR1,ANYTIME_TD,leo-nflprop-v1,0.499,,,0.937,3
2026-10-04T00:22:24.024Z,2026-10-04,2026_04_LA_PHI,LA @ PHI,2026-10-04T17:00:00.000Z,LA,PHI,Puka Nacua,WR,WR2,WR_REC_YARDS,leo-nflprop-v2,96,9.2,10.7,0.937,1
2026-10-04T00:22:24.024Z,2026-10-04,2026_04_LA_PHI,LA @ PHI,2026-10-04T17:00:00.000Z,LA,PHI,Puka Nacua,WR,WR2,ANYTIME_TD,leo-nflprop-v1,0.331,,,0.937,1
2026-10-04T00:22:24.024Z,2026-10-04,2026_04_LA_PHI,LA @ PHI,2026-10-04T17:00:00.000Z,LA,PHI,Konata Mumpfield,WR,WR3,WR_REC_YARDS,leo-nflprop-v2,18,5.2,3,0.937,3
2026-10-04T00:22:24.024Z,2026-10-04,2026_04_LA_PHI,LA @ PHI,2026-10-04T17:00:00.000Z,LA,PHI,Konata Mumpfield,WR,WR3,ANYTIME_TD,leo-nflprop-v1,0.204,,,0.937,3
2026-10-04T00:22:24.024Z,2026-10-04,2026_04_LA_PHI,LA @ PHI,2026-10-04T17:00:00.000Z,PHI,LA,Jalen Hurts,QB,QB1,QB_PASS_YARDS,leo-nflprop-v2,175,7.1,28.8,0.893,3
2026-10-04T00:22:24.024Z,2026-10-04,2026_04_LA_PHI,LA @ PHI,2026-10-04T17:00:00.000Z,PHI,LA,Saquon Barkley,RB,RB1,RB_RUSH_YARDS,leo-nflprop-v2,54,4.2,12.9,0.96,3
2026-10-04T00:22:24.024Z,2026-10-04,2026_04_LA_PHI,LA @ PHI,2026-10-04T17:00:00.000Z,PHI,LA,Saquon Barkley,RB,RB1,ANYTIME_TD,leo-nflprop-v1,0.207,,,0.96,3
2026-10-04T00:22:24.024Z,2026-10-04,2026_04_LA_PHI,LA @ PHI,2026-10-04T17:00:00.000Z,PHI,LA,Tank Bigsby,RB,RB2,RB_RUSH_YARDS,leo-nflprop-v2,22,4.6,4.6,0.96,3
2026-10-04T00:22:24.024Z,2026-10-04,2026_04_LA_PHI,LA @ PHI,2026-10-04T17:00:00.000Z,PHI,LA,Tank Bigsby,RB,RB2,ANYTIME_TD,leo-nflprop-v1,0.22,,,0.96,3
2026-10-04T00:22:24.024Z,2026-10-04,2026_04_LA_PHI,LA @ PHI,2026-10-04T17:00:00.000Z,PHI,LA,Dontayvion Wicks,WR,WR1,WR_REC_YARDS,leo-nflprop-v2,45,11,4.3,0.893,3
2026-10-04T00:22:24.024Z,2026-10-04,2026_04_LA_PHI,LA @ PHI,2026-10-04T17:00:00.000Z,PHI,LA,Dontayvion Wicks,WR,WR1,ANYTIME_TD,leo-nflprop-v1,0.205,,,0.893,3
2026-10-04T00:22:24.024Z,2026-10-04,2026_04_LA_PHI,LA @ PHI,2026-10-04T17:00:00.000Z,PHI,LA,Makai Lemon,WR,WR2,WR_REC_YARDS,leo-nflprop-v2,22,6.7,3,0.893,3
2026-10-04T00:22:24.024Z,2026-10-04,2026_04_LA_PHI,LA @ PHI,2026-10-04T17:00:00.000Z,PHI,LA,Makai Lemon,WR,WR2,ANYTIME_TD,leo-nflprop-v1,0.142,,,0.893,3
2026-10-04T00:22:24.024Z,2026-10-04,2026_04_LA_PHI,LA @ PHI,2026-10-04T17:00:00.000Z,PHI,LA,Darius Cooper,WR,WR3,WR_REC_YARDS,leo-nflprop-v2,9,4.2,1.4,0.893,3
2026-10-04T00:22:24.024Z,2026-10-04,2026_04_LA_PHI,LA @ PHI,2026-10-04T17:00:00.000Z,PHI,LA,Darius Cooper,WR,WR3,ANYTIME_TD,leo-nflprop-v1,0.185,,,0.893,3
2026-10-04T00:22:24.024Z,2026-10-04,2026_04_GB_TB,GB @ TB,2026-10-04T17:00:00.000Z,GB,TB,Jordan Love,QB,QB1,QB_PASS_YARDS,leo-nflprop-v2,250,7.1,37,0.978,3
2026-10-04T00:22:24.024Z,2026-10-04,2026_04_GB_TB,GB @ TB,2026-10-04T17:00:00.000Z,GB,TB,MarShawn Lloyd,RB,RB1,RB_RUSH_YARDS,leo-nflprop-v2,37,4.1,10.1,0.863,3
2026-10-04T00:22:24.024Z,2026-10-04,2026_04_GB_TB,GB @ TB,2026-10-04T17:00:00.000Z,GB,TB,MarShawn Lloyd,RB,RB1,ANYTIME_TD,leo-nflprop-v1,0.171,,,0.863,3
2026-10-04T00:22:24.024Z,2026-10-04,2026_04_GB_TB,GB @ TB,2026-10-04T17:00:00.000Z,GB,TB,Kaleb Johnson,RB,RB2,RB_RUSH_YARDS,leo-nflprop-v2,18,4.2,4.6,0.863,3
2026-10-04T00:22:24.024Z,2026-10-04,2026_04_GB_TB,GB @ TB,2026-10-04T17:00:00.000Z,GB,TB,Kaleb Johnson,RB,RB2,ANYTIME_TD,leo-nflprop-v1,0.068,,,0.863,3
2026-10-04T00:22:24.024Z,2026-10-04,2026_04_GB_TB,GB @ TB,2026-10-04T17:00:00.000Z,GB,TB,Matthew Golden,WR,WR1,WR_REC_YARDS,leo-nflprop-v2,52,8.1,6.1,0.978,3
2026-10-04T00:22:24.024Z,2026-10-04,2026_04_GB_TB,GB @ TB,2026-10-04T17:00:00.000Z,GB,TB,Matthew Golden,WR,WR1,ANYTIME_TD,leo-nflprop-v1,0.173,,,0.978,3
2026-10-04T00:22:24.024Z,2026-10-04,2026_04_GB_TB,GB @ TB,2026-10-04T17:00:00.000Z,GB,TB,Christian Watson,WR,WR2,WR_REC_YARDS,leo-nflprop-v2,81,10.9,7.3,0.978,3
2026-10-04T00:22:24.024Z,2026-10-04,2026_04_GB_TB,GB @ TB,2026-10-04T17:00:00.000Z,GB,TB,Christian Watson,WR,WR2,ANYTIME_TD,leo-nflprop-v1,0.564,,,0.978,3
2026-10-04T00:22:24.024Z,2026-10-04,2026_04_GB_TB,GB @ TB,2026-10-04T17:00:00.000Z,GB,TB,Skyy Moore,WR,WR3,WR_REC_YARDS,leo-nflprop-v2,9,2.9,1.8,0.978,3
2026-10-04T00:22:24.024Z,2026-10-04,2026_04_GB_TB,GB @ TB,2026-10-04T17:00:00.000Z,GB,TB,Skyy Moore,WR,WR3,ANYTIME_TD,leo-nflprop-v1,0.043,,,0.978,3
2026-10-04T00:22:24.024Z,2026-10-04,2026_04_GB_TB,GB @ TB,2026-10-04T17:00:00.000Z,TB,GB,Jalon Daniels,QB,QB1,QB_PASS_YARDS,leo-nflprop-v2,137,6.7,22,0.9740000000000001,1
2026-10-04T00:22:24.024Z,2026-10-04,2026_04_GB_TB,GB @ TB,2026-10-04T17:00:00.000Z,TB,GB,Bucky Irving,RB,RB1,RB_RUSH_YARDS,leo-nflprop-v2,63,3.8,14.6,1.103,3
2026-10-04T00:22:24.024Z,2026-10-04,2026_04_GB_TB,GB @ TB,2026-10-04T17:00:00.000Z,TB,GB,Bucky Irving,RB,RB1,ANYTIME_TD,leo-nflprop-v1,0.249,,,1.103,3
2026-10-04T00:22:24.024Z,2026-10-04,2026_04_GB_TB,GB @ TB,2026-10-04T17:00:00.000Z,TB,GB,Kenny Gainwell,RB,RB2,RB_RUSH_YARDS,leo-nflprop-v2,25,4.8,4.5,1.103,3
2026-10-04T00:22:24.024Z,2026-10-04,2026_04_GB_TB,GB @ TB,2026-10-04T17:00:00.000Z,TB,GB,Kenny Gainwell,RB,RB2,ANYTIME_TD,leo-nflprop-v1,0.181,,,1.103,3
2026-10-04T00:22:24.024Z,2026-10-04,2026_04_GB_TB,GB @ TB,2026-10-04T17:00:00.000Z,TB,GB,Emeka Egbuka,WR,WR1,WR_REC_YARDS,leo-nflprop-v2,53,7.1,7.1,0.9740000000000001,3
2026-10-04T00:22:24.024Z,2026-10-04,2026_04_GB_TB,GB @ TB,2026-10-04T17:00:00.000Z,TB,GB,Emeka Egbuka,WR,WR1,ANYTIME_TD,leo-nflprop-v1,0.28,,,0.9740000000000001,3
2026-10-04T00:22:24.024Z,2026-10-04,2026_04_GB_TB,GB @ TB,2026-10-04T17:00:00.000Z,TB,GB,Ted Hurst III,WR,WR2,WR_REC_YARDS,leo-nflprop-v2,45,9.7,4.3,0.9740000000000001,3
2026-10-04T00:22:24.024Z,2026-10-04,2026_04_GB_TB,GB @ TB,2026-10-04T17:00:00.000Z,TB,GB,Ted Hurst III,WR,WR2,ANYTIME_TD,leo-nflprop-v1,0.264,,,0.9740000000000001,3
2026-10-04T00:22:24.024Z,2026-10-04,2026_04_GB_TB,GB @ TB,2026-10-04T17:00:00.000Z,TB,GB,Chris Godwin Jr.,WR,WR3,WR_REC_YARDS,leo-nflprop-v2,48,9.7,4.7,0.9740000000000001,3
2026-10-04T00:22:24.024Z,2026-10-04,2026_04_GB_TB,GB @ TB,2026-10-04T17:00:00.000Z,TB,GB,Chris Godwin Jr.,WR,WR3,ANYTIME_TD,leo-nflprop-v1,0.131,,,0.9740000000000001,3
2026-10-04T00:22:24.024Z,2026-10-04,2026_04_MIA_MIN,MIA @ MIN,2026-10-04T20:05:00.000Z,MIA,MIN,Malik Willis,QB,QB1,QB_PASS_YARDS,leo-nflprop-v2,220,7.2,29.8,1.061,3
2026-10-04T00:22:24.024Z,2026-10-04,2026_04_MIA_MIN,MIA @ MIN,2026-10-04T20:05:00.000Z,MIA,MIN,Ollie Gordon II,RB,RB1,RB_RUSH_YARDS,leo-nflprop-v2,27,3.9,7.3,0.9,2
2026-10-04T00:22:24.024Z,2026-10-04,2026_04_MIA_MIN,MIA @ MIN,2026-10-04T20:05:00.000Z,MIA,MIN,Ollie Gordon II,RB,RB1,ANYTIME_TD,leo-nflprop-v1,0.25,,,0.9,2
2026-10-04T00:22:24.024Z,2026-10-04,2026_04_MIA_MIN,MIA @ MIN,2026-10-04T20:05:00.000Z,MIA,MIN,Jaylen Wright,RB,RB2,RB_RUSH_YARDS,leo-nflprop-v2,14,4,3.4,0.9,2
2026-10-04T00:22:24.024Z,2026-10-04,2026_04_MIA_MIN,MIA @ MIN,2026-10-04T20:05:00.000Z,MIA,MIN,Jaylen Wright,RB,RB2,ANYTIME_TD,leo-nflprop-v1,0.157,,,0.9,2
2026-10-04T00:22:24.024Z,2026-10-04,2026_04_MIA_MIN,MIA @ MIN,2026-10-04T20:05:00.000Z,MIA,MIN,Malik Washington,WR,WR1,WR_REC_YARDS,leo-nflprop-v2,44,6.7,5.7,1.061,3
2026-10-04T00:22:24.024Z,2026-10-04,2026_04_MIA_MIN,MIA @ MIN,2026-10-04T20:05:00.000Z,MIA,MIN,Malik Washington,WR,WR1,ANYTIME_TD,leo-nflprop-v1,0.119,,,1.061,3
2026-10-04T00:22:24.024Z,2026-10-04,2026_04_MIA_MIN,MIA @ MIN,2026-10-04T20:05:00.000Z,MIA,MIN,Chris Bell,WR,WR2,WR_REC_YARDS,leo-nflprop-v2,29,7.4,3.3,1.061,3
2026-10-04T00:22:24.024Z,2026-10-04,2026_04_MIA_MIN,MIA @ MIN,2026-10-04T20:05:00.000Z,MIA,MIN,Chris Bell,WR,WR2,ANYTIME_TD,leo-nflprop-v1,0.166,,,1.061,3
2026-10-04T00:22:24.024Z,2026-10-04,2026_04_MIA_MIN,MIA @ MIN,2026-10-04T20:05:00.000Z,MIA,MIN,Kevin Coleman Jr.,WR,WR3,WR_REC_YARDS,leo-nflprop-v2,5,0.4,2.7,1.061,2
2026-10-04T00:22:24.024Z,2026-10-04,2026_04_MIA_MIN,MIA @ MIN,2026-10-04T20:05:00.000Z,MIA,MIN,Kevin Coleman Jr.,WR,WR3,ANYTIME_TD,leo-nflprop-v1,0.191,,,1.061,2
2026-10-04T00:22:24.024Z,2026-10-04,2026_04_MIA_MIN,MIA @ MIN,2026-10-04T20:05:00.000Z,MIN,MIA,Carson Wentz,QB,QB1,QB_PASS_YARDS,leo-nflprop-v2,183,7.2,26.7,0.998,2
2026-10-04T00:22:24.024Z,2026-10-04,2026_04_MIA_MIN,MIA @ MIN,2026-10-04T20:05:00.000Z,MIN,MIA,Aaron Jones,RB,RB1,RB_RUSH_YARDS,leo-nflprop-v2,65,4.3,15.3,0.972,3
2026-10-04T00:22:24.024Z,2026-10-04,2026_04_MIA_MIN,MIA @ MIN,2026-10-04T20:05:00.000Z,MIN,MIA,Aaron Jones,RB,RB1,ANYTIME_TD,leo-nflprop-v1,0.237,,,0.972,3
2026-10-04T00:22:24.024Z,2026-10-04,2026_04_MIA_MIN,MIA @ MIN,2026-10-04T20:05:00.000Z,MIN,MIA,Demond Claiborne,RB,RB2,RB_RUSH_YARDS,leo-nflprop-v2,8,4.2,1.6,0.972,2
2026-10-04T00:22:24.024Z,2026-10-04,2026_04_MIA_MIN,MIA @ MIN,2026-10-04T20:05:00.000Z,MIN,MIA,Demond Claiborne,RB,RB2,ANYTIME_TD,leo-nflprop-v1,0.218,,,0.972,2
2026-10-04T00:22:24.024Z,2026-10-04,2026_04_MIA_MIN,MIA @ MIN,2026-10-04T20:05:00.000Z,MIN,MIA,Jordan Addison,WR,WR1,WR_REC_YARDS,leo-nflprop-v2,34,5.6,5.4,0.998,3
2026-10-04T00:22:24.024Z,2026-10-04,2026_04_MIA_MIN,MIA @ MIN,2026-10-04T20:05:00.000Z,MIN,MIA,Jordan Addison,WR,WR1,ANYTIME_TD,leo-nflprop-v1,0.244,,,0.998,3
2026-10-04T00:22:24.024Z,2026-10-04,2026_04_MIA_MIN,MIA @ MIN,2026-10-04T20:05:00.000Z,MIN,MIA,Tai Felton,WR,WR2,WR_REC_YARDS,leo-nflprop-v2,4,1,0.7,0.998,1
2026-10-04T00:22:24.024Z,2026-10-04,2026_04_MIA_MIN,MIA @ MIN,2026-10-04T20:05:00.000Z,MIN,MIA,Tai Felton,WR,WR2,ANYTIME_TD,leo-nflprop-v1,0.077,,,0.998,1
2026-10-04T00:22:24.024Z,2026-10-04,2026_04_MIA_MIN,MIA @ MIN,2026-10-04T20:05:00.000Z,MIN,MIA,Jauan Jennings,WR,WR3,WR_REC_YARDS,leo-nflprop-v2,16,3.6,3.5,0.998,2
2026-10-04T00:22:24.024Z,2026-10-04,2026_04_MIA_MIN,MIA @ MIN,2026-10-04T20:05:00.000Z,MIN,MIA,Jauan Jennings,WR,WR3,ANYTIME_TD,leo-nflprop-v1,0.29,,,0.998,2
2026-10-04T00:22:24.024Z,2026-10-04,2026_04_KC_LV,KC @ LV,2026-10-04T20:25:00.000Z,KC,LV,Patrick Mahomes,QB,QB1,QB_PASS_YARDS,leo-nflprop-v2,253,7.8,33.9,0.982,3
2026-10-04T00:22:24.024Z,2026-10-04,2026_04_KC_LV,KC @ LV,2026-10-04T20:25:00.000Z,KC,LV,Kenneth Walker III,RB,RB1,RB_RUSH_YARDS,leo-nflprop-v2,89,4.8,18.2,1.018,3
2026-10-04T00:22:24.024Z,2026-10-04,2026_04_KC_LV,KC @ LV,2026-10-04T20:25:00.000Z,KC,LV,Kenneth Walker III,RB,RB1,ANYTIME_TD,leo-nflprop-v1,0.378,,,1.018,3
2026-10-04T00:22:24.024Z,2026-10-04,2026_04_KC_LV,KC @ LV,2026-10-04T20:25:00.000Z,KC,LV,Emmett Johnson,RB,RB2,RB_RUSH_YARDS,leo-nflprop-v2,23,4.2,5,1.018,3
2026-10-04T00:22:24.024Z,2026-10-04,2026_04_KC_LV,KC @ LV,2026-10-04T20:25:00.000Z,KC,LV,Emmett Johnson,RB,RB2,ANYTIME_TD,leo-nflprop-v1,0.198,,,1.018,3
2026-10-04T00:22:24.024Z,2026-10-04,2026_04_KC_LV,KC @ LV,2026-10-04T20:25:00.000Z,KC,LV,Rashee Rice,WR,WR1,WR_REC_YARDS,leo-nflprop-v2,77,10.1,7.4,0.982,3
2026-10-04T00:22:24.024Z,2026-10-04,2026_04_KC_LV,KC @ LV,2026-10-04T20:25:00.000Z,KC,LV,Rashee Rice,WR,WR1,ANYTIME_TD,leo-nflprop-v1,0.338,,,0.982,3
2026-10-04T00:22:24.024Z,2026-10-04,2026_04_KC_LV,KC @ LV,2026-10-04T20:25:00.000Z,KC,LV,Xavier Worthy,WR,WR2,WR_REC_YARDS,leo-nflprop-v2,33,5.9,5.1,0.982,3
2026-10-04T00:22:24.024Z,2026-10-04,2026_04_KC_LV,KC @ LV,2026-10-04T20:25:00.000Z,KC,LV,Xavier Worthy,WR,WR2,ANYTIME_TD,leo-nflprop-v1,0.197,,,0.982,3
2026-10-04T00:22:24.024Z,2026-10-04,2026_04_KC_LV,KC @ LV,2026-10-04T20:25:00.000Z,KC,LV,Tyquan Thornton,WR,WR3,WR_REC_YARDS,leo-nflprop-v2,31,10.7,2.6,0.982,3
2026-10-04T00:22:24.024Z,2026-10-04,2026_04_KC_LV,KC @ LV,2026-10-04T20:25:00.000Z,KC,LV,Tyquan Thornton,WR,WR3,ANYTIME_TD,leo-nflprop-v1,0.139,,,0.982,3
2026-10-04T00:22:24.024Z,2026-10-04,2026_04_KC_LV,KC @ LV,2026-10-04T20:25:00.000Z,LV,KC,Kirk Cousins,QB,QB1,QB_PASS_YARDS,leo-nflprop-v2,188,7,30.8,0.91,3
2026-10-04T00:22:24.024Z,2026-10-04,2026_04_KC_LV,KC @ LV,2026-10-04T20:25:00.000Z,LV,KC,Ashton Jeanty,RB,RB1,RB_RUSH_YARDS,leo-nflprop-v2,69,3.8,18.8,0.9540000000000001,3
2026-10-04T00:22:24.024Z,2026-10-04,2026_04_KC_LV,KC @ LV,2026-10-04T20:25:00.000Z,LV,KC,Ashton Jeanty,RB,RB1,ANYTIME_TD,leo-nflprop-v1,0.158,,,0.9540000000000001,3
2026-10-04T00:22:24.024Z,2026-10-04,2026_04_KC_LV,KC @ LV,2026-10-04T20:25:00.000Z,LV,KC,Mike Washington Jr.,RB,RB2,RB_RUSH_YARDS,leo-nflprop-v2,21,4.8,4.4,0.9540000000000001,3
2026-10-04T00:22:24.024Z,2026-10-04,2026_04_KC_LV,KC @ LV,2026-10-04T20:25:00.000Z,LV,KC,Mike Washington Jr.,RB,RB2,ANYTIME_TD,leo-nflprop-v1,0.291,,,0.9540000000000001,3
2026-10-04T00:22:24.024Z,2026-10-04,2026_04_KC_LV,KC @ LV,2026-10-04T20:25:00.000Z,LV,KC,Tre Tucker,WR,WR1,WR_REC_YARDS,leo-nflprop-v2,54,10.6,5.2,0.91,3
2026-10-04T00:22:24.024Z,2026-10-04,2026_04_KC_LV,KC @ LV,2026-10-04T20:25:00.000Z,LV,KC,Tre Tucker,WR,WR1,ANYTIME_TD,leo-nflprop-v1,0.247,,,0.91,3
2026-10-04T00:22:24.024Z,2026-10-04,2026_04_KC_LV,KC @ LV,2026-10-04T20:25:00.000Z,LV,KC,Jalen Nailor,WR,WR2,WR_REC_YARDS,leo-nflprop-v2,20,5.1,3.5,0.91,3
2026-10-04T00:22:24.024Z,2026-10-04,2026_04_KC_LV,KC @ LV,2026-10-04T20:25:00.000Z,LV,KC,Jalen Nailor,WR,WR2,ANYTIME_TD,leo-nflprop-v1,0.123,,,0.91,3
2026-10-04T00:22:24.024Z,2026-10-04,2026_04_KC_LV,KC @ LV,2026-10-04T20:25:00.000Z,LV,KC,Cody White,WR,WR3,WR_REC_YARDS,leo-nflprop-v2,10,5.2,1.3,0.91,3
2026-10-04T00:22:24.024Z,2026-10-04,2026_04_KC_LV,KC @ LV,2026-10-04T20:25:00.000Z,LV,KC,Cody White,WR,WR3,ANYTIME_TD,leo-nflprop-v1,0.39,,,0.91,3
2026-10-04T00:22:24.024Z,2026-10-04,2026_04_LAC_SEA,LAC @ SEA,2026-10-04T20:25:00.000Z,LAC,SEA,Justin Herbert,QB,QB1,QB_PASS_YARDS,leo-nflprop-v2,179,7.2,30.4,0.852,3
2026-10-04T00:22:24.024Z,2026-10-04,2026_04_LAC_SEA,LAC @ SEA,2026-10-04T20:25:00.000Z,LAC,SEA,Omarion Hampton,RB,RB1,RB_RUSH_YARDS,leo-nflprop-v2,64,4.3,16.1,0.905,3
2026-10-04T00:22:24.024Z,2026-10-04,2026_04_LAC_SEA,LAC @ SEA,2026-10-04T20:25:00.000Z,LAC,SEA,Omarion Hampton,RB,RB1,ANYTIME_TD,leo-nflprop-v1,0.378,,,0.905,3
2026-10-04T00:22:24.024Z,2026-10-04,2026_04_LAC_SEA,LAC @ SEA,2026-10-04T20:25:00.000Z,LAC,SEA,Keaton Mitchell,RB,RB2,RB_RUSH_YARDS,leo-nflprop-v2,22,4.4,5.2,0.905,3
2026-10-04T00:22:24.024Z,2026-10-04,2026_04_LAC_SEA,LAC @ SEA,2026-10-04T20:25:00.000Z,LAC,SEA,Keaton Mitchell,RB,RB2,ANYTIME_TD,leo-nflprop-v1,0.085,,,0.905,3
2026-10-04T00:22:24.024Z,2026-10-04,2026_04_LAC_SEA,LAC @ SEA,2026-10-04T20:25:00.000Z,LAC,SEA,Quentin Johnston,WR,WR1,WR_REC_YARDS,leo-nflprop-v2,29,4.8,6,0.852,3
2026-10-04T00:22:24.024Z,2026-10-04,2026_04_LAC_SEA,LAC @ SEA,2026-10-04T20:25:00.000Z,LAC,SEA,Quentin Johnston,WR,WR1,ANYTIME_TD,leo-nflprop-v1,0.222,,,0.852,3
2026-10-04T00:22:24.024Z,2026-10-04,2026_04_LAC_SEA,LAC @ SEA,2026-10-04T20:25:00.000Z,LAC,SEA,Tre Harris,WR,WR2,WR_REC_YARDS,leo-nflprop-v2,38,9.8,4.1,0.852,3
2026-10-04T00:22:24.024Z,2026-10-04,2026_04_LAC_SEA,LAC @ SEA,2026-10-04T20:25:00.000Z,LAC,SEA,Tre Harris,WR,WR2,ANYTIME_TD,leo-nflprop-v1,0.06,,,0.852,3
2026-10-04T00:22:24.024Z,2026-10-04,2026_04_LAC_SEA,LAC @ SEA,2026-10-04T20:25:00.000Z,LAC,SEA,Ladd McConkey,WR,WR3,WR_REC_YARDS,leo-nflprop-v2,59,11.1,5.8,0.852,3
2026-10-04T00:22:24.024Z,2026-10-04,2026_04_LAC_SEA,LAC @ SEA,2026-10-04T20:25:00.000Z,LAC,SEA,Ladd McConkey,WR,WR3,ANYTIME_TD,leo-nflprop-v1,0.255,,,0.852,3
2026-10-04T00:22:24.024Z,2026-10-04,2026_04_LAC_SEA,LAC @ SEA,2026-10-04T20:25:00.000Z,SEA,LAC,Drew Lock,QB,QB1,QB_PASS_YARDS,leo-nflprop-v2,214,7.8,27.7,1.023,2
2026-10-04T00:22:24.024Z,2026-10-04,2026_04_LAC_SEA,LAC @ SEA,2026-10-04T20:25:00.000Z,SEA,LAC,Emanuel Wilson,RB,RB1,RB_RUSH_YARDS,leo-nflprop-v2,59,4.2,13.6,1.018,3
2026-10-04T00:22:24.024Z,2026-10-04,2026_04_LAC_SEA,LAC @ SEA,2026-10-04T20:25:00.000Z,SEA,LAC,Emanuel Wilson,RB,RB1,ANYTIME_TD,leo-nflprop-v1,0.125,,,1.018,3
2026-10-04T00:22:24.024Z,2026-10-04,2026_04_LAC_SEA,LAC @ SEA,2026-10-04T20:25:00.000Z,SEA,LAC,George Holani,RB,RB2,RB_RUSH_YARDS,leo-nflprop-v2,26,4.1,5.9,1.018,3
2026-10-04T00:22:24.024Z,2026-10-04,2026_04_LAC_SEA,LAC @ SEA,2026-10-04T20:25:00.000Z,SEA,LAC,George Holani,RB,RB2,ANYTIME_TD,leo-nflprop-v1,0.112,,,1.018,3
2026-10-04T00:22:24.024Z,2026-10-04,2026_04_LAC_SEA,LAC @ SEA,2026-10-04T20:25:00.000Z,SEA,LAC,Jaxon Smith-Njigba,WR,WR1,WR_REC_YARDS,leo-nflprop-v2,130,11.4,10.8,1.023,3
2026-10-04T00:22:24.024Z,2026-10-04,2026_04_LAC_SEA,LAC @ SEA,2026-10-04T20:25:00.000Z,SEA,LAC,Jaxon Smith-Njigba,WR,WR1,ANYTIME_TD,leo-nflprop-v1,0.692,,,1.023,3
2026-10-04T00:22:24.024Z,2026-10-04,2026_04_LAC_SEA,LAC @ SEA,2026-10-04T20:25:00.000Z,SEA,LAC,Rashid Shaheed,WR,WR2,WR_REC_YARDS,leo-nflprop-v2,24,4.6,4.3,1.023,3
2026-10-04T00:22:24.024Z,2026-10-04,2026_04_LAC_SEA,LAC @ SEA,2026-10-04T20:25:00.000Z,SEA,LAC,Rashid Shaheed,WR,WR2,ANYTIME_TD,leo-nflprop-v1,0.088,,,1.023,3
2026-10-04T00:22:24.024Z,2026-10-04,2026_04_LAC_SEA,LAC @ SEA,2026-10-04T20:25:00.000Z,SEA,LAC,Cooper Kupp,WR,WR3,WR_REC_YARDS,leo-nflprop-v2,45,10.4,3.9,1.023,3
2026-10-04T00:22:24.024Z,2026-10-04,2026_04_LAC_SEA,LAC @ SEA,2026-10-04T20:25:00.000Z,SEA,LAC,Cooper Kupp,WR,WR3,ANYTIME_TD,leo-nflprop-v1,0.219,,,1.023,3
2026-10-04T00:22:24.024Z,2026-10-04,2026_04_DEN_SF,DEN @ SF,2026-10-04T20:25:00.000Z,DEN,SF,Bo Nix,QB,QB1,QB_PASS_YARDS,leo-nflprop-v2,200,6.5,33,0.968,3
2026-10-04T00:22:24.024Z,2026-10-04,2026_04_DEN_SF,DEN @ SF,2026-10-04T20:25:00.000Z,DEN,SF,J.K. Dobbins,RB,RB1,RB_RUSH_YARDS,leo-nflprop-v2,60,4.6,12.8,0.977,3
2026-10-04T00:22:24.024Z,2026-10-04,2026_04_DEN_SF,DEN @ SF,2026-10-04T20:25:00.000Z,DEN,SF,J.K. Dobbins,RB,RB1,ANYTIME_TD,leo-nflprop-v1,0.197,,,0.977,3
2026-10-04T00:22:24.024Z,2026-10-04,2026_04_DEN_SF,DEN @ SF,2026-10-04T20:25:00.000Z,DEN,SF,RJ Harvey,RB,RB2,RB_RUSH_YARDS,leo-nflprop-v2,19,3.8,4.8,0.977,2
2026-10-04T00:22:24.024Z,2026-10-04,2026_04_DEN_SF,DEN @ SF,2026-10-04T20:25:00.000Z,DEN,SF,RJ Harvey,RB,RB2,ANYTIME_TD,leo-nflprop-v1,0.231,,,0.977,2
2026-10-04T00:22:24.024Z,2026-10-04,2026_04_DEN_SF,DEN @ SF,2026-10-04T20:25:00.000Z,DEN,SF,Jaylen Waddle,WR,WR1,WR_REC_YARDS,leo-nflprop-v2,46,6.1,7.3,0.968,3
2026-10-04T00:22:24.024Z,2026-10-04,2026_04_DEN_SF,DEN @ SF,2026-10-04T20:25:00.000Z,DEN,SF,Jaylen Waddle,WR,WR1,ANYTIME_TD,leo-nflprop-v1,0.178,,,0.968,3
2026-10-04T00:22:24.024Z,2026-10-04,2026_04_DEN_SF,DEN @ SF,2026-10-04T20:25:00.000Z,DEN,SF,Courtland Sutton,WR,WR2,WR_REC_YARDS,leo-nflprop-v2,38,5.7,6.3,0.968,3
2026-10-04T00:22:24.024Z,2026-10-04,2026_04_DEN_SF,DEN @ SF,2026-10-04T20:25:00.000Z,DEN,SF,Courtland Sutton,WR,WR2,ANYTIME_TD,leo-nflprop-v1,0.191,,,0.968,3
2026-10-04T00:22:24.024Z,2026-10-04,2026_04_DEN_SF,DEN @ SF,2026-10-04T20:25:00.000Z,DEN,SF,Pat Bryant,WR,WR3,WR_REC_YARDS,leo-nflprop-v2,33,9.1,3.3,0.968,3
2026-10-04T00:22:24.024Z,2026-10-04,2026_04_DEN_SF,DEN @ SF,2026-10-04T20:25:00.000Z,DEN,SF,Pat Bryant,WR,WR3,ANYTIME_TD,leo-nflprop-v1,0.197,,,0.968,3
2026-10-04T00:22:24.024Z,2026-10-04,2026_04_DEN_SF,DEN @ SF,2026-10-04T20:25:00.000Z,SF,DEN,Brock Purdy,QB,QB1,QB_PASS_YARDS,leo-nflprop-v2,257,8.7,29.2,1.041,3
2026-10-04T00:22:24.024Z,2026-10-04,2026_04_DEN_SF,DEN @ SF,2026-10-04T20:25:00.000Z,SF,DEN,Christian McCaffrey,RB,RB1,RB_RUSH_YARDS,leo-nflprop-v2,62,4,13.4,1.123,3
2026-10-04T00:22:24.024Z,2026-10-04,2026_04_DEN_SF,DEN @ SF,2026-10-04T20:25:00.000Z,SF,DEN,Christian McCaffrey,RB,RB1,ANYTIME_TD,leo-nflprop-v1,0.561,,,1.123,3
2026-10-04T00:22:24.024Z,2026-10-04,2026_04_DEN_SF,DEN @ SF,2026-10-04T20:25:00.000Z,SF,DEN,Kaelon Black,RB,RB2,RB_RUSH_YARDS,leo-nflprop-v2,43,4.4,8.5,1.123,3
2026-10-04T00:22:24.024Z,2026-10-04,2026_04_DEN_SF,DEN @ SF,2026-10-04T20:25:00.000Z,SF,DEN,Kaelon Black,RB,RB2,ANYTIME_TD,leo-nflprop-v1,0.216,,,1.123,3
2026-10-04T00:22:24.024Z,2026-10-04,2026_04_DEN_SF,DEN @ SF,2026-10-04T20:25:00.000Z,SF,DEN,Mike Evans,WR,WR1,WR_REC_YARDS,leo-nflprop-v2,65,9.3,6.4,1.041,3
2026-10-04T00:22:24.024Z,2026-10-04,2026_04_DEN_SF,DEN @ SF,2026-10-04T20:25:00.000Z,SF,DEN,Mike Evans,WR,WR1,ANYTIME_TD,leo-nflprop-v1,0.394,,,1.041,3
2026-10-04T00:22:24.024Z,2026-10-04,2026_04_DEN_SF,DEN @ SF,2026-10-04T20:25:00.000Z,SF,DEN,Deebo Samuel Sr.,WR,WR2,WR_REC_YARDS,leo-nflprop-v2,36,5.5,5.7,1.041,3
2026-10-04T00:22:24.024Z,2026-10-04,2026_04_DEN_SF,DEN @ SF,2026-10-04T20:25:00.000Z,SF,DEN,Deebo Samuel Sr.,WR,WR2,ANYTIME_TD,leo-nflprop-v1,0.382,,,1.041,3
2026-10-04T00:22:24.024Z,2026-10-04,2026_04_DEN_SF,DEN @ SF,2026-10-04T20:25:00.000Z,SF,DEN,Jordan Watkins,WR,WR3,WR_REC_YARDS,leo-nflprop-v2,42,20.6,1.8,1.041,1
2026-10-04T00:22:24.024Z,2026-10-04,2026_04_DEN_SF,DEN @ SF,2026-10-04T20:25:00.000Z,SF,DEN,Jordan Watkins,WR,WR3,ANYTIME_TD,leo-nflprop-v1,0.171,,,1.041,1
2026-10-04T00:22:24.024Z,2026-10-04,2026_04_DET_CAR,DET @ CAR,2026-10-05T00:20:00.000Z,DET,CAR,Jared Goff,QB,QB1,QB_PASS_YARDS,leo-nflprop-v2,238,7.6,35.4,0.915,3
2026-10-04T00:22:24.024Z,2026-10-04,2026_04_DET_CAR,DET @ CAR,2026-10-05T00:20:00.000Z,DET,CAR,Jahmyr Gibbs,RB,RB1,RB_RUSH_YARDS,leo-nflprop-v2,112,4.9,19.6,1.15,3
2026-10-04T00:22:24.024Z,2026-10-04,2026_04_DET_CAR,DET @ CAR,2026-10-05T00:20:00.000Z,DET,CAR,Jahmyr Gibbs,RB,RB1,ANYTIME_TD,leo-nflprop-v1,0.665,,,1.15,3
2026-10-04T00:22:24.024Z,2026-10-04,2026_04_DET_CAR,DET @ CAR,2026-10-05T00:20:00.000Z,DET,CAR,Sione Vaki,RB,RB2,RB_RUSH_YARDS,leo-nflprop-v2,13,4.4,2.2,1.15,3
2026-10-04T00:22:24.024Z,2026-10-04,2026_04_DET_CAR,DET @ CAR,2026-10-05T00:20:00.000Z,DET,CAR,Sione Vaki,RB,RB2,ANYTIME_TD,leo-nflprop-v1,0.101,,,1.15,3
2026-10-04T00:22:24.024Z,2026-10-04,2026_04_DET_CAR,DET @ CAR,2026-10-05T00:20:00.000Z,DET,CAR,Amon-Ra St. Brown,WR,WR1,WR_REC_YARDS,leo-nflprop-v2,68,6.5,10.9,0.915,3
2026-10-04T00:22:24.024Z,2026-10-04,2026_04_DET_CAR,DET @ CAR,2026-10-05T00:20:00.000Z,DET,CAR,Amon-Ra St. Brown,WR,WR1,ANYTIME_TD,leo-nflprop-v1,0.611,,,0.915,3
2026-10-04T00:22:24.024Z,2026-10-04,2026_04_DET_CAR,DET @ CAR,2026-10-05T00:20:00.000Z,DET,CAR,Jameson Williams,WR,WR2,WR_REC_YARDS,leo-nflprop-v2,52,9,5.9,0.915,3
2026-10-04T00:22:24.024Z,2026-10-04,2026_04_DET_CAR,DET @ CAR,2026-10-05T00:20:00.000Z,DET,CAR,Jameson Williams,WR,WR2,ANYTIME_TD,leo-nflprop-v1,0.181,,,0.915,3
2026-10-04T00:22:24.024Z,2026-10-04,2026_04_DET_CAR,DET @ CAR,2026-10-05T00:20:00.000Z,DET,CAR,Isaac TeSlaa,WR,WR3,WR_REC_YARDS,leo-nflprop-v2,24,9.1,2.4,0.915,3
2026-10-04T00:22:24.024Z,2026-10-04,2026_04_DET_CAR,DET @ CAR,2026-10-05T00:20:00.000Z,DET,CAR,Isaac TeSlaa,WR,WR3,ANYTIME_TD,leo-nflprop-v1,0.184,,,0.915,3
2026-10-04T00:22:24.024Z,2026-10-04,2026_04_DET_CAR,DET @ CAR,2026-10-05T00:20:00.000Z,CAR,DET,Bryce Young,QB,QB1,QB_PASS_YARDS,leo-nflprop-v2,295,7.3,36.2,1.15,3
2026-10-04T00:22:24.024Z,2026-10-04,2026_04_DET_CAR,DET @ CAR,2026-10-05T00:20:00.000Z,CAR,DET,Chuba Hubbard,RB,RB1,RB_RUSH_YARDS,leo-nflprop-v2,57,4.1,13.2,1.022,3
2026-10-04T00:22:24.024Z,2026-10-04,2026_04_DET_CAR,DET @ CAR,2026-10-05T00:20:00.000Z,CAR,DET,Chuba Hubbard,RB,RB1,ANYTIME_TD,leo-nflprop-v1,0.211,,,1.022,3
2026-10-04T00:22:24.024Z,2026-10-04,2026_04_DET_CAR,DET @ CAR,2026-10-05T00:20:00.000Z,CAR,DET,AJ Dillon,RB,RB2,RB_RUSH_YARDS,leo-nflprop-v2,18,4.3,3.7,1.022,3
2026-10-04T00:22:24.024Z,2026-10-04,2026_04_DET_CAR,DET @ CAR,2026-10-05T00:20:00.000Z,CAR,DET,AJ Dillon,RB,RB2,ANYTIME_TD,leo-nflprop-v1,0.105,,,1.022,3
2026-10-04T00:22:24.024Z,2026-10-04,2026_04_DET_CAR,DET @ CAR,2026-10-05T00:20:00.000Z,CAR,DET,Tetairoa McMillan,WR,WR1,WR_REC_YARDS,leo-nflprop-v2,71,7.8,7.5,1.15,3
2026-10-04T00:22:24.024Z,2026-10-04,2026_04_DET_CAR,DET @ CAR,2026-10-05T00:20:00.000Z,CAR,DET,Tetairoa McMillan,WR,WR1,ANYTIME_TD,leo-nflprop-v1,0.222,,,1.15,3
2026-10-04T00:22:24.024Z,2026-10-04,2026_04_DET_CAR,DET @ CAR,2026-10-05T00:20:00.000Z,CAR,DET,Jalen Coker,WR,WR2,WR_REC_YARDS,leo-nflprop-v2,62,9,5.7,1.15,3
2026-10-04T00:22:24.024Z,2026-10-04,2026_04_DET_CAR,DET @ CAR,2026-10-05T00:20:00.000Z,CAR,DET,Jalen Coker,WR,WR2,ANYTIME_TD,leo-nflprop-v1,0.402,,,1.15,3
2026-10-04T00:22:24.024Z,2026-10-04,2026_04_DET_CAR,DET @ CAR,2026-10-05T00:20:00.000Z,CAR,DET,John Metchie III,WR,WR3,WR_REC_YARDS,leo-nflprop-v2,19,3.7,3.6,1.15,2
2026-10-04T00:22:24.024Z,2026-10-04,2026_04_DET_CAR,DET @ CAR,2026-10-05T00:20:00.000Z,CAR,DET,John Metchie III,WR,WR3,ANYTIME_TD,leo-nflprop-v1,0.292,,,1.15,2
2026-10-04T12:16:03.850Z,2026-10-04,2026_04_NYJ_CHI,NYJ @ CHI,2026-10-04T17:00:00.000Z,NYJ,CHI,Sterling Shepard,WR,WR3,WR_REC_YARDS,leo-nflprop-v2,18,4.9,3,0.976,1
2026-10-04T12:16:03.850Z,2026-10-04,2026_04_NYJ_CHI,NYJ @ CHI,2026-10-04T17:00:00.000Z,NYJ,CHI,Sterling Shepard,WR,WR3,ANYTIME_TD,leo-nflprop-v1,0.109,,,0.976,1
2026-10-04T15:40:42.964Z,2026-10-04,2026_04_IND_WAS,IND @ WAS,2026-10-04T13:30:00.000Z,IND,WAS,Ashton Dulin,WR,WR3,WR_REC_YARDS,leo-nflprop-v2,6,2.6,0.9,1.11,1
2026-10-04T15:40:42.964Z,2026-10-04,2026_04_IND_WAS,IND @ WAS,2026-10-04T13:30:00.000Z,IND,WAS,Ashton Dulin,WR,WR3,ANYTIME_TD,leo-nflprop-v1,0.085,,,1.11,1
2026-10-04T15:40:42.964Z,2026-10-04,2026_04_IND_WAS,IND @ WAS,2026-10-04T13:30:00.000Z,WAS,IND,Dyami Brown,WR,WR3,WR_REC_YARDS,leo-nflprop-v2,10,2.1,2.8,1.109,3
2026-10-04T15:40:42.964Z,2026-10-04,2026_04_IND_WAS,IND @ WAS,2026-10-04T13:30:00.000Z,WAS,IND,Dyami Brown,WR,WR3,ANYTIME_TD,leo-nflprop-v1,0.099,,,1.109,3
2026-10-04T21:08:05.083Z,2026-10-04,2026_04_IND_WAS,IND @ WAS,2026-10-04T13:30:00.000Z,IND,WAS,Daniel Jones,QB,QB1,QB_PASS_YARDS,leo-nflprop-v2,217,6.5,32.5,1.068,4
2026-10-04T21:08:05.083Z,2026-10-04,2026_04_IND_WAS,IND @ WAS,2026-10-04T13:30:00.000Z,IND,WAS,Jonathan Taylor,RB,RB1,RB_RUSH_YARDS,leo-nflprop-v2,87,4.7,20.8,0.884,4
2026-10-04T21:08:05.083Z,2026-10-04,2026_04_IND_WAS,IND @ WAS,2026-10-04T13:30:00.000Z,IND,WAS,Jonathan Taylor,RB,RB1,ANYTIME_TD,leo-nflprop-v1,0.651,,,0.884,4
2026-10-04T21:08:05.083Z,2026-10-04,2026_04_IND_WAS,IND @ WAS,2026-10-04T13:30:00.000Z,IND,WAS,Seth McGowan,RB,RB2,RB_RUSH_YARDS,leo-nflprop-v2,13,4.3,2.9,0.884,4
2026-10-04T21:08:05.083Z,2026-10-04,2026_04_IND_WAS,IND @ WAS,2026-10-04T13:30:00.000Z,IND,WAS,Seth McGowan,RB,RB2,ANYTIME_TD,leo-nflprop-v1,0.155,,,0.884,4
2026-10-04T21:08:05.083Z,2026-10-04,2026_04_IND_WAS,IND @ WAS,2026-10-04T13:30:00.000Z,IND,WAS,Josh Downs,WR,WR1,WR_REC_YARDS,leo-nflprop-v2,49,6.6,6.4,1.068,4
2026-10-04T21:08:05.083Z,2026-10-04,2026_04_IND_WAS,IND @ WAS,2026-10-04T13:30:00.000Z,IND,WAS,Josh Downs,WR,WR1,ANYTIME_TD,leo-nflprop-v1,0.131,,,1.068,4
2026-10-04T21:08:05.083Z,2026-10-04,2026_04_IND_WAS,IND @ WAS,2026-10-04T13:30:00.000Z,IND,WAS,Ashton Dulin,WR,WR2,WR_REC_YARDS,leo-nflprop-v2,11,3.8,1.9,1.068,2
2026-10-04T21:08:05.083Z,2026-10-04,2026_04_IND_WAS,IND @ WAS,2026-10-04T13:30:00.000Z,IND,WAS,Ashton Dulin,WR,WR2,ANYTIME_TD,leo-nflprop-v1,0.069,,,1.068,2
2026-10-04T21:08:05.083Z,2026-10-04,2026_04_IND_WAS,IND @ WAS,2026-10-04T13:30:00.000Z,IND,WAS,Laquon Treadwell,WR,WR3,WR_REC_YARDS,leo-nflprop-v2,22,10.6,1.6,1.068,4
2026-10-04T21:08:05.083Z,2026-10-04,2026_04_IND_WAS,IND @ WAS,2026-10-04T13:30:00.000Z,IND,WAS,Laquon Treadwell,WR,WR3,ANYTIME_TD,leo-nflprop-v1,0.077,,,1.068,4
2026-10-04T21:08:05.083Z,2026-10-04,2026_04_IND_WAS,IND @ WAS,2026-10-04T13:30:00.000Z,WAS,IND,Athan Kaliakmanis,QB,QB1,QB_PASS_YARDS,leo-nflprop-v2,218,6.6,32,1.072,1
2026-10-04T21:08:05.083Z,2026-10-04,2026_04_IND_WAS,IND @ WAS,2026-10-04T13:30:00.000Z,WAS,IND,Jacory Croskey-Merritt,RB,RB1,RB_RUSH_YARDS,leo-nflprop-v2,58,4.1,13.2,1.028,4
2026-10-04T21:08:05.083Z,2026-10-04,2026_04_IND_WAS,IND @ WAS,2026-10-04T13:30:00.000Z,WAS,IND,Jacory Croskey-Merritt,RB,RB1,ANYTIME_TD,leo-nflprop-v1,0.301,,,1.028,4
2026-10-04T21:08:05.083Z,2026-10-04,2026_04_IND_WAS,IND @ WAS,2026-10-04T13:30:00.000Z,WAS,IND,Kaytron Allen,RB,RB2,RB_RUSH_YARDS,leo-nflprop-v2,19,4.3,4.1,1.028,3
2026-10-04T21:08:05.083Z,2026-10-04,2026_04_IND_WAS,IND @ WAS,2026-10-04T13:30:00.000Z,WAS,IND,Kaytron Allen,RB,RB2,ANYTIME_TD,leo-nflprop-v1,0.2,,,1.028,3
2026-10-04T21:08:05.083Z,2026-10-04,2026_04_IND_WAS,IND @ WAS,2026-10-04T13:30:00.000Z,WAS,IND,Stefon Diggs,WR,WR1,WR_REC_YARDS,leo-nflprop-v2,50,6.5,6.7,1.072,4
2026-10-04T21:08:05.083Z,2026-10-04,2026_04_IND_WAS,IND @ WAS,2026-10-04T13:30:00.000Z,WAS,IND,Stefon Diggs,WR,WR1,ANYTIME_TD,leo-nflprop-v1,0.416,,,1.072,4
2026-10-04T21:08:05.083Z,2026-10-04,2026_04_IND_WAS,IND @ WAS,2026-10-04T13:30:00.000Z,WAS,IND,Antonio Williams,WR,WR2,WR_REC_YARDS,leo-nflprop-v2,31,5.9,4.3,1.072,4
2026-10-04T21:08:05.083Z,2026-10-04,2026_04_IND_WAS,IND @ WAS,2026-10-04T13:30:00.000Z,WAS,IND,Antonio Williams,WR,WR2,ANYTIME_TD,leo-nflprop-v1,0.255,,,1.072,4
2026-10-04T21:08:05.083Z,2026-10-04,2026_04_IND_WAS,IND @ WAS,2026-10-04T13:30:00.000Z,WAS,IND,Dyami Brown,WR,WR3,WR_REC_YARDS,leo-nflprop-v2,22,5.7,3,1.072,4
2026-10-04T21:08:05.083Z,2026-10-04,2026_04_IND_WAS,IND @ WAS,2026-10-04T13:30:00.000Z,WAS,IND,Dyami Brown,WR,WR3,ANYTIME_TD,leo-nflprop-v1,0.084,,,1.072,4
2026-10-04T21:08:05.083Z,2026-10-04,2026_04_TEN_BAL,TEN @ BAL,2026-10-04T17:00:00.000Z,TEN,BAL,Cam Ward,QB,QB1,QB_PASS_YARDS,leo-nflprop-v2,182,6,31,1.018,4
2026-10-04T21:08:05.083Z,2026-10-04,2026_04_TEN_BAL,TEN @ BAL,2026-10-04T17:00:00.000Z,TEN,BAL,Tony Pollard,RB,RB1,RB_RUSH_YARDS,leo-nflprop-v2,59,4.4,13.6,0.95,4
2026-10-04T21:08:05.083Z,2026-10-04,2026_04_TEN_BAL,TEN @ BAL,2026-10-04T17:00:00.000Z,TEN,BAL,Tony Pollard,RB,RB1,ANYTIME_TD,leo-nflprop-v1,0.236,,,0.95,4
2026-10-04T21:08:05.083Z,2026-10-04,2026_04_TEN_BAL,TEN @ BAL,2026-10-04T17:00:00.000Z,TEN,BAL,Tyjae Spears,RB,RB2,RB_RUSH_YARDS,leo-nflprop-v2,18,4.4,4.1,0.95,4
2026-10-04T21:08:05.083Z,2026-10-04,2026_04_TEN_BAL,TEN @ BAL,2026-10-04T17:00:00.000Z,TEN,BAL,Tyjae Spears,RB,RB2,ANYTIME_TD,leo-nflprop-v1,0.101,,,0.95,4
2026-10-04T21:08:05.083Z,2026-10-04,2026_04_TEN_BAL,TEN @ BAL,2026-10-04T17:00:00.000Z,TEN,BAL,Carnell Tate,WR,WR1,WR_REC_YARDS,leo-nflprop-v2,71,7.8,8.5,1.018,4
2026-10-04T21:08:05.083Z,2026-10-04,2026_04_TEN_BAL,TEN @ BAL,2026-10-04T17:00:00.000Z,TEN,BAL,Carnell Tate,WR,WR1,ANYTIME_TD,leo-nflprop-v1,0.142,,,1.018,4
2026-10-04T21:08:05.083Z,2026-10-04,2026_04_TEN_BAL,TEN @ BAL,2026-10-04T17:00:00.000Z,TEN,BAL,Wan'Dale Robinson,WR,WR2,WR_REC_YARDS,leo-nflprop-v2,49,6.3,7.2,1.018,4
2026-10-04T21:08:05.083Z,2026-10-04,2026_04_TEN_BAL,TEN @ BAL,2026-10-04T17:00:00.000Z,TEN,BAL,Wan'Dale Robinson,WR,WR2,ANYTIME_TD,leo-nflprop-v1,0.322,,,1.018,4
2026-10-04T21:08:05.083Z,2026-10-04,2026_04_TEN_BAL,TEN @ BAL,2026-10-04T17:00:00.000Z,TEN,BAL,Elic Ayomanor,WR,WR3,WR_REC_YARDS,leo-nflprop-v2,53,12.9,3.8,1.018,4
2026-10-04T21:08:05.083Z,2026-10-04,2026_04_TEN_BAL,TEN @ BAL,2026-10-04T17:00:00.000Z,TEN,BAL,Elic Ayomanor,WR,WR3,ANYTIME_TD,leo-nflprop-v1,0.23,,,1.018,4
2026-10-04T21:08:05.083Z,2026-10-04,2026_04_TEN_BAL,TEN @ BAL,2026-10-04T17:00:00.000Z,BAL,TEN,Lamar Jackson,QB,QB1,QB_PASS_YARDS,leo-nflprop-v2,218,9.4,24.5,0.975,4
2026-10-04T21:08:05.083Z,2026-10-04,2026_04_TEN_BAL,TEN @ BAL,2026-10-04T17:00:00.000Z,BAL,TEN,Derrick Henry,RB,RB1,RB_RUSH_YARDS,leo-nflprop-v2,108,4.9,21.2,1.028,4
2026-10-04T21:08:05.083Z,2026-10-04,2026_04_TEN_BAL,TEN @ BAL,2026-10-04T17:00:00.000Z,BAL,TEN,Derrick Henry,RB,RB1,ANYTIME_TD,leo-nflprop-v1,0.72,,,1.028,4
2026-10-04T21:08:05.083Z,2026-10-04,2026_04_TEN_BAL,TEN @ BAL,2026-10-04T17:00:00.000Z,BAL,TEN,Justice Hill,RB,RB2,RB_RUSH_YARDS,leo-nflprop-v2,16,4.4,3.1,1.028,4
2026-10-04T21:08:05.083Z,2026-10-04,2026_04_TEN_BAL,TEN @ BAL,2026-10-04T17:00:00.000Z,BAL,TEN,Justice Hill,RB,RB2,ANYTIME_TD,leo-nflprop-v1,0.128,,,1.028,4
2026-10-04T21:08:05.083Z,2026-10-04,2026_04_TEN_BAL,TEN @ BAL,2026-10-04T17:00:00.000Z,BAL,TEN,Zay Flowers,WR,WR1,WR_REC_YARDS,leo-nflprop-v2,113,15.3,7.3,0.975,3
2026-10-04T21:08:05.083Z,2026-10-04,2026_04_TEN_BAL,TEN @ BAL,2026-10-04T17:00:00.000Z,BAL,TEN,Zay Flowers,WR,WR1,ANYTIME_TD,leo-nflprop-v1,0.358,,,0.975,3
2026-10-04T21:08:05.083Z,2026-10-04,2026_04_TEN_BAL,TEN @ BAL,2026-10-04T17:00:00.000Z,BAL,TEN,Rashod Bateman,WR,WR2,WR_REC_YARDS,leo-nflprop-v2,41,11.5,3.3,0.975,4
2026-10-04T21:08:05.083Z,2026-10-04,2026_04_TEN_BAL,TEN @ BAL,2026-10-04T17:00:00.000Z,BAL,TEN,Rashod Bateman,WR,WR2,ANYTIME_TD,leo-nflprop-v1,0.197,,,0.975,4
2026-10-04T21:08:05.083Z,2026-10-04,2026_04_TEN_BAL,TEN @ BAL,2026-10-04T17:00:00.000Z,BAL,TEN,Chris Moore,WR,WR3,WR_REC_YARDS,leo-nflprop-v2,26,10.3,2.2,0.975,3
2026-10-04T21:08:05.083Z,2026-10-04,2026_04_TEN_BAL,TEN @ BAL,2026-10-04T17:00:00.000Z,BAL,TEN,Chris Moore,WR,WR3,ANYTIME_TD,leo-nflprop-v1,0.211,,,0.975,3
2026-10-04T21:08:05.083Z,2026-10-04,2026_04_NE_BUF,NE @ BUF,2026-10-04T17:00:00.000Z,NE,BUF,Drake Maye,QB,QB1,QB_PASS_YARDS,leo-nflprop-v2,241,7.8,29.1,1.087,4
2026-10-04T21:08:05.083Z,2026-10-04,2026_04_NE_BUF,NE @ BUF,2026-10-04T17:00:00.000Z,NE,BUF,TreVeyon Henderson,RB,RB1,RB_RUSH_YARDS,leo-nflprop-v2,61,4.8,12.2,1.0170000000000001,3
2026-10-04T21:08:05.083Z,2026-10-04,2026_04_NE_BUF,NE @ BUF,2026-10-04T17:00:00.000Z,NE,BUF,TreVeyon Henderson,RB,RB1,ANYTIME_TD,leo-nflprop-v1,0.35,,,1.0170000000000001,3
2026-10-04T21:08:05.083Z,2026-10-04,2026_04_NE_BUF,NE @ BUF,2026-10-04T17:00:00.000Z,NE,BUF,Rhamondre Stevenson,RB,RB2,RB_RUSH_YARDS,leo-nflprop-v2,45,4.1,10.6,1.0170000000000001,4
2026-10-04T21:08:05.083Z,2026-10-04,2026_04_NE_BUF,NE @ BUF,2026-10-04T17:00:00.000Z,NE,BUF,Rhamondre Stevenson,RB,RB2,ANYTIME_TD,leo-nflprop-v1,0.304,,,1.0170000000000001,4
2026-10-04T21:08:05.083Z,2026-10-04,2026_04_NE_BUF,NE @ BUF,2026-10-04T17:00:00.000Z,NE,BUF,Mack Hollins,WR,WR1,WR_REC_YARDS,leo-nflprop-v2,56,10,4.8,1.087,4
2026-10-04T21:08:05.083Z,2026-10-04,2026_04_NE_BUF,NE @ BUF,2026-10-04T17:00:00.000Z,NE,BUF,Mack Hollins,WR,WR1,ANYTIME_TD,leo-nflprop-v1,0.098,,,1.087,4
2026-10-04T21:08:05.083Z,2026-10-04,2026_04_NE_BUF,NE @ BUF,2026-10-04T17:00:00.000Z,NE,BUF,Romeo Doubs,WR,WR2,WR_REC_YARDS,leo-nflprop-v2,70,11.8,5.2,1.087,4
2026-10-04T21:08:05.083Z,2026-10-04,2026_04_NE_BUF,NE @ BUF,2026-10-04T17:00:00.000Z,NE,BUF,Romeo Doubs,WR,WR2,ANYTIME_TD,leo-nflprop-v1,0.372,,,1.087,4
2026-10-04T21:08:05.083Z,2026-10-04,2026_04_NE_BUF,NE @ BUF,2026-10-04T17:00:00.000Z,NE,BUF,DeMario Douglas,WR,WR3,WR_REC_YARDS,leo-nflprop-v2,31,7.1,3.6,1.087,4
2026-10-04T21:08:05.083Z,2026-10-04,2026_04_NE_BUF,NE @ BUF,2026-10-04T17:00:00.000Z,NE,BUF,DeMario Douglas,WR,WR3,ANYTIME_TD,leo-nflprop-v1,0.112,,,1.087,4
2026-10-04T21:08:05.083Z,2026-10-04,2026_04_NE_BUF,NE @ BUF,2026-10-04T17:00:00.000Z,BUF,NE,Josh Allen,QB,QB1,QB_PASS_YARDS,leo-nflprop-v2,228,8.5,29.4,0.943,4
2026-10-04T21:08:05.083Z,2026-10-04,2026_04_NE_BUF,NE @ BUF,2026-10-04T17:00:00.000Z,BUF,NE,James Cook,RB,RB1,RB_RUSH_YARDS,leo-nflprop-v2,93,5.2,18.1,0.976,4
2026-10-04T21:08:05.083Z,2026-10-04,2026_04_NE_BUF,NE @ BUF,2026-10-04T17:00:00.000Z,BUF,NE,James Cook,RB,RB1,ANYTIME_TD,leo-nflprop-v1,0.488,,,0.976,4
2026-10-04T21:08:05.083Z,2026-10-04,2026_04_NE_BUF,NE @ BUF,2026-10-04T17:00:00.000Z,BUF,NE,Ray Davis,RB,RB2,RB_RUSH_YARDS,leo-nflprop-v2,8,4.7,1.4,0.976,3
2026-10-04T21:08:05.083Z,2026-10-04,2026_04_NE_BUF,NE @ BUF,2026-10-04T17:00:00.000Z,BUF,NE,Ray Davis,RB,RB2,ANYTIME_TD,leo-nflprop-v1,0.054,,,0.976,3
2026-10-04T21:08:05.083Z,2026-10-04,2026_04_NE_BUF,NE @ BUF,2026-10-04T17:00:00.000Z,BUF,NE,Khalil Shakir,WR,WR1,WR_REC_YARDS,leo-nflprop-v2,40,6.6,5.8,0.943,4
2026-10-04T21:08:05.083Z,2026-10-04,2026_04_NE_BUF,NE @ BUF,2026-10-04T17:00:00.000Z,BUF,NE,Khalil Shakir,WR,WR1,ANYTIME_TD,leo-nflprop-v1,0.117,,,0.943,4
2026-10-04T21:08:05.083Z,2026-10-04,2026_04_NE_BUF,NE @ BUF,2026-10-04T17:00:00.000Z,BUF,NE,DJ Moore,WR,WR2,WR_REC_YARDS,leo-nflprop-v2,28,5.5,4.8,0.943,4
2026-10-04T21:08:05.083Z,2026-10-04,2026_04_NE_BUF,NE @ BUF,2026-10-04T17:00:00.000Z,BUF,NE,DJ Moore,WR,WR2,ANYTIME_TD,leo-nflprop-v1,0.243,,,0.943,4
2026-10-04T21:08:05.083Z,2026-10-04,2026_04_NE_BUF,NE @ BUF,2026-10-04T17:00:00.000Z,BUF,NE,Keon Coleman,WR,WR3,WR_REC_YARDS,leo-nflprop-v2,53,12,4.4,0.943,4
2026-10-04T21:08:05.083Z,2026-10-04,2026_04_NE_BUF,NE @ BUF,2026-10-04T17:00:00.000Z,BUF,NE,Keon Coleman,WR,WR3,ANYTIME_TD,leo-nflprop-v1,0.236,,,0.943,4
2026-10-04T21:08:05.083Z,2026-10-04,2026_04_NYJ_CHI,NYJ @ CHI,2026-10-04T17:00:00.000Z,NYJ,CHI,Geno Smith,QB,QB1,QB_PASS_YARDS,leo-nflprop-v2,178,7.4,29.5,0.85,4
2026-10-04T21:08:05.083Z,2026-10-04,2026_04_NYJ_CHI,NYJ @ CHI,2026-10-04T17:00:00.000Z,NYJ,CHI,Braelon Allen,RB,RB1,RB_RUSH_YARDS,leo-nflprop-v2,31,4.2,7.6,0.943,4
2026-10-04T21:08:05.083Z,2026-10-04,2026_04_NYJ_CHI,NYJ @ CHI,2026-10-04T17:00:00.000Z,NYJ,CHI,Braelon Allen,RB,RB1,ANYTIME_TD,leo-nflprop-v1,0.239,,,0.943,4
2026-10-04T21:08:05.083Z,2026-10-04,2026_04_NYJ_CHI,NYJ @ CHI,2026-10-04T17:00:00.000Z,NYJ,CHI,Garrett Wilson,WR,WR1,WR_REC_YARDS,leo-nflprop-v2,58,7.6,8.4,0.85,4
2026-10-04T21:08:05.083Z,2026-10-04,2026_04_NYJ_CHI,NYJ @ CHI,2026-10-04T17:00:00.000Z,NYJ,CHI,Garrett Wilson,WR,WR1,ANYTIME_TD,leo-nflprop-v1,0.331,,,0.85,4
2026-10-04T21:08:05.083Z,2026-10-04,2026_04_NYJ_CHI,NYJ @ CHI,2026-10-04T17:00:00.000Z,NYJ,CHI,Isaiah Williams,WR,WR2,WR_REC_YARDS,leo-nflprop-v2,28,10.4,2.8,0.85,4
2026-10-04T21:08:05.083Z,2026-10-04,2026_04_NYJ_CHI,NYJ @ CHI,2026-10-04T17:00:00.000Z,NYJ,CHI,Isaiah Williams,WR,WR2,ANYTIME_TD,leo-nflprop-v1,0.133,,,0.85,4
2026-10-04T21:08:05.083Z,2026-10-04,2026_04_NYJ_CHI,NYJ @ CHI,2026-10-04T17:00:00.000Z,NYJ,CHI,Sterling Shepard,WR,WR3,WR_REC_YARDS,leo-nflprop-v2,13,4.2,2.6,0.85,2
2026-10-04T21:08:05.083Z,2026-10-04,2026_04_NYJ_CHI,NYJ @ CHI,2026-10-04T17:00:00.000Z,NYJ,CHI,Sterling Shepard,WR,WR3,ANYTIME_TD,leo-nflprop-v1,0.08,,,0.85,2
2026-10-04T21:08:05.083Z,2026-10-04,2026_04_NYJ_CHI,NYJ @ CHI,2026-10-04T17:00:00.000Z,CHI,NYJ,Case Keenum,QB,QB1,QB_PASS_YARDS,leo-nflprop-v2,216,7.1,32.3,0.9690000000000001,1
2026-10-04T21:08:05.083Z,2026-10-04,2026_04_NYJ_CHI,NYJ @ CHI,2026-10-04T17:00:00.000Z,CHI,NYJ,D'Andre Swift,RB,RB1,RB_RUSH_YARDS,leo-nflprop-v2,85,4.7,16.1,1.1079999999999999,4
2026-10-04T21:08:05.083Z,2026-10-04,2026_04_NYJ_CHI,NYJ @ CHI,2026-10-04T17:00:00.000Z,CHI,NYJ,D'Andre Swift,RB,RB1,ANYTIME_TD,leo-nflprop-v1,0.503,,,1.1079999999999999,4
2026-10-04T21:08:05.083Z,2026-10-04,2026_04_NYJ_CHI,NYJ @ CHI,2026-10-04T17:00:00.000Z,CHI,NYJ,Kyle Monangai,RB,RB2,RB_RUSH_YARDS,leo-nflprop-v2,74,4.9,13.4,1.1079999999999999,4
2026-10-04T21:08:05.083Z,2026-10-04,2026_04_NYJ_CHI,NYJ @ CHI,2026-10-04T17:00:00.000Z,CHI,NYJ,Kyle Monangai,RB,RB2,ANYTIME_TD,leo-nflprop-v1,0.446,,,1.1079999999999999,4
2026-10-04T21:08:05.083Z,2026-10-04,2026_04_NYJ_CHI,NYJ @ CHI,2026-10-04T17:00:00.000Z,CHI,NYJ,Luther Burden III,WR,WR1,WR_REC_YARDS,leo-nflprop-v2,49,7.9,5.9,0.9690000000000001,4
2026-10-04T21:08:05.083Z,2026-10-04,2026_04_NYJ_CHI,NYJ @ CHI,2026-10-04T17:00:00.000Z,CHI,NYJ,Luther Burden III,WR,WR1,ANYTIME_TD,leo-nflprop-v1,0.188,,,0.9690000000000001,4
2026-10-04T21:08:05.083Z,2026-10-04,2026_04_NYJ_CHI,NYJ @ CHI,2026-10-04T17:00:00.000Z,CHI,NYJ,Kalif Raymond,WR,WR2,WR_REC_YARDS,leo-nflprop-v2,36,8,4.1,0.9690000000000001,4
2026-10-04T21:08:05.083Z,2026-10-04,2026_04_NYJ_CHI,NYJ @ CHI,2026-10-04T17:00:00.000Z,CHI,NYJ,Kalif Raymond,WR,WR2,ANYTIME_TD,leo-nflprop-v1,0.169,,,0.9690000000000001,4
2026-10-04T21:08:05.083Z,2026-10-04,2026_04_NYJ_CHI,NYJ @ CHI,2026-10-04T17:00:00.000Z,CHI,NYJ,Rome Odunze,WR,WR3,WR_REC_YARDS,leo-nflprop-v2,62,10,6,0.9690000000000001,4
2026-10-04T21:08:05.083Z,2026-10-04,2026_04_NYJ_CHI,NYJ @ CHI,2026-10-04T17:00:00.000Z,CHI,NYJ,Rome Odunze,WR,WR3,ANYTIME_TD,leo-nflprop-v1,0.189,,,0.9690000000000001,4
2026-10-04T21:08:05.083Z,2026-10-04,2026_04_JAX_CIN,JAX @ CIN,2026-10-04T17:00:00.000Z,JAX,CIN,Trevor Lawrence,QB,QB1,QB_PASS_YARDS,leo-nflprop-v2,235,7.7,28.3,1.107,4
2026-10-04T21:08:05.083Z,2026-10-04,2026_04_JAX_CIN,JAX @ CIN,2026-10-04T17:00:00.000Z,JAX,CIN,Bhayshul Tuten,RB,RB1,RB_RUSH_YARDS,leo-nflprop-v2,57,4.4,13.2,0.9590000000000001,4
2026-10-04T21:08:05.083Z,2026-10-04,2026_04_JAX_CIN,JAX @ CIN,2026-10-04T17:00:00.000Z,JAX,CIN,Bhayshul Tuten,RB,RB1,ANYTIME_TD,leo-nflprop-v1,0.334,,,0.9590000000000001,4
2026-10-04T21:08:05.083Z,2026-10-04,2026_04_JAX_CIN,JAX @ CIN,2026-10-04T17:00:00.000Z,JAX,CIN,Chris Rodriguez Jr.,RB,RB2,RB_RUSH_YARDS,leo-nflprop-v2,31,4.4,7.1,0.9590000000000001,4
2026-10-04T21:08:05.083Z,2026-10-04,2026_04_JAX_CIN,JAX @ CIN,2026-10-04T17:00:00.000Z,JAX,CIN,Chris Rodriguez Jr.,RB,RB2,ANYTIME_TD,leo-nflprop-v1,0.369,,,0.9590000000000001,4
2026-10-04T21:08:05.083Z,2026-10-04,2026_04_JAX_CIN,JAX @ CIN,2026-10-04T17:00:00.000Z,JAX,CIN,Parker Washington,WR,WR1,WR_REC_YARDS,leo-nflprop-v2,55,7.3,6.4,1.107,4
2026-10-04T21:08:05.083Z,2026-10-04,2026_04_JAX_CIN,JAX @ CIN,2026-10-04T17:00:00.000Z,JAX,CIN,Parker Washington,WR,WR1,ANYTIME_TD,leo-nflprop-v1,0.361,,,1.107,4
2026-10-04T21:08:05.083Z,2026-10-04,2026_04_JAX_CIN,JAX @ CIN,2026-10-04T17:00:00.000Z,JAX,CIN,Jakobi Meyers,WR,WR2,WR_REC_YARDS,leo-nflprop-v2,81,13.5,5.2,1.107,4
2026-10-04T21:08:05.083Z,2026-10-04,2026_04_JAX_CIN,JAX @ CIN,2026-10-04T17:00:00.000Z,JAX,CIN,Jakobi Meyers,WR,WR2,ANYTIME_TD,leo-nflprop-v1,0.328,,,1.107,4
2026-10-04T21:08:05.083Z,2026-10-04,2026_04_JAX_CIN,JAX @ CIN,2026-10-04T17:00:00.000Z,JAX,CIN,Brian Thomas Jr.,WR,WR3,WR_REC_YARDS,leo-nflprop-v2,43,7.9,4.6,1.107,4
2026-10-04T21:08:05.083Z,2026-10-04,2026_04_JAX_CIN,JAX @ CIN,2026-10-04T17:00:00.000Z,JAX,CIN,Brian Thomas Jr.,WR,WR3,ANYTIME_TD,leo-nflprop-v1,0.216,,,1.107,4
2026-10-04T21:08:05.083Z,2026-10-04,2026_04_JAX_CIN,JAX @ CIN,2026-10-04T17:00:00.000Z,CIN,JAX,Joe Burrow,QB,QB1,QB_PASS_YARDS,leo-nflprop-v2,312,7.3,37.9,1.15,4
2026-10-04T21:08:05.083Z,2026-10-04,2026_04_JAX_CIN,JAX @ CIN,2026-10-04T17:00:00.000Z,CIN,JAX,Chase Brown,RB,RB1,RB_RUSH_YARDS,leo-nflprop-v2,54,4.3,14.5,0.85,4
2026-10-04T21:08:05.083Z,2026-10-04,2026_04_JAX_CIN,JAX @ CIN,2026-10-04T17:00:00.000Z,CIN,JAX,Chase Brown,RB,RB1,ANYTIME_TD,leo-nflprop-v1,0.228,,,0.85,4
2026-10-04T21:08:05.083Z,2026-10-04,2026_04_JAX_CIN,JAX @ CIN,2026-10-04T17:00:00.000Z,CIN,JAX,Samaje Perine,RB,RB2,RB_RUSH_YARDS,leo-nflprop-v2,15,4.4,3.7,0.85,4
2026-10-04T21:08:05.083Z,2026-10-04,2026_04_JAX_CIN,JAX @ CIN,2026-10-04T17:00:00.000Z,CIN,JAX,Samaje Perine,RB,RB2,ANYTIME_TD,leo-nflprop-v1,0.101,,,0.85,4
2026-10-04T21:08:05.083Z,2026-10-04,2026_04_JAX_CIN,JAX @ CIN,2026-10-04T17:00:00.000Z,CIN,JAX,Tee Higgins,WR,WR1,WR_REC_YARDS,leo-nflprop-v2,103,10.3,8.4,1.15,4
2026-10-04T21:08:05.083Z,2026-10-04,2026_04_JAX_CIN,JAX @ CIN,2026-10-04T17:00:00.000Z,CIN,JAX,Tee Higgins,WR,WR1,ANYTIME_TD,leo-nflprop-v1,0.39,,,1.15,4
2026-10-04T21:08:05.083Z,2026-10-04,2026_04_JAX_CIN,JAX @ CIN,2026-10-04T17:00:00.000Z,CIN,JAX,Ja'Marr Chase,WR,WR2,WR_REC_YARDS,leo-nflprop-v2,85,7.9,9,1.15,4
2026-10-04T21:08:05.083Z,2026-10-04,2026_04_JAX_CIN,JAX @ CIN,2026-10-04T17:00:00.000Z,CIN,JAX,Ja'Marr Chase,WR,WR2,ANYTIME_TD,leo-nflprop-v1,0.497,,,1.15,4
2026-10-04T21:08:05.083Z,2026-10-04,2026_04_JAX_CIN,JAX @ CIN,2026-10-04T17:00:00.000Z,CIN,JAX,Mitchell Tinsley,WR,WR3,WR_REC_YARDS,leo-nflprop-v2,31,6.4,3.7,1.15,1
2026-10-04T21:08:05.083Z,2026-10-04,2026_04_JAX_CIN,JAX @ CIN,2026-10-04T17:00:00.000Z,CIN,JAX,Mitchell Tinsley,WR,WR3,ANYTIME_TD,leo-nflprop-v1,0.221,,,1.15,1
2026-10-04T21:08:05.083Z,2026-10-04,2026_04_DAL_HOU,DAL @ HOU,2026-10-04T17:00:00.000Z,DAL,HOU,Dak Prescott,QB,QB1,QB_PASS_YARDS,leo-nflprop-v2,283,7.3,37.3,1.071,4
2026-10-04T21:08:05.083Z,2026-10-04,2026_04_DAL_HOU,DAL @ HOU,2026-10-04T17:00:00.000Z,DAL,HOU,Javonte Williams,RB,RB1,RB_RUSH_YARDS,leo-nflprop-v2,65,4.5,15.9,0.8759999999999999,4
2026-10-04T21:08:05.083Z,2026-10-04,2026_04_DAL_HOU,DAL @ HOU,2026-10-04T17:00:00.000Z,DAL,HOU,Javonte Williams,RB,RB1,ANYTIME_TD,leo-nflprop-v1,0.556,,,0.8759999999999999,4
2026-10-04T21:08:05.083Z,2026-10-04,2026_04_DAL_HOU,DAL @ HOU,2026-10-04T17:00:00.000Z,DAL,HOU,Tyler Goodson,RB,RB2,RB_RUSH_YARDS,leo-nflprop-v2,13,4.3,3.1,0.8759999999999999,2
2026-10-04T21:08:05.083Z,2026-10-04,2026_04_DAL_HOU,DAL @ HOU,2026-10-04T17:00:00.000Z,DAL,HOU,Tyler Goodson,RB,RB2,ANYTIME_TD,leo-nflprop-v1,0.08,,,0.8759999999999999,2
2026-10-04T21:08:05.083Z,2026-10-04,2026_04_DAL_HOU,DAL @ HOU,2026-10-04T17:00:00.000Z,DAL,HOU,CeeDee Lamb,WR,WR1,WR_REC_YARDS,leo-nflprop-v2,134,11.7,10.4,1.071,4
2026-10-04T21:08:05.083Z,2026-10-04,2026_04_DAL_HOU,DAL @ HOU,2026-10-04T17:00:00.000Z,DAL,HOU,CeeDee Lamb,WR,WR1,ANYTIME_TD,leo-nflprop-v1,0.489,,,1.071,4
2026-10-04T21:08:05.083Z,2026-10-04,2026_04_DAL_HOU,DAL @ HOU,2026-10-04T17:00:00.000Z,DAL,HOU,George Pickens,WR,WR2,WR_REC_YARDS,leo-nflprop-v2,94,11.3,7.5,1.071,4
2026-10-04T21:08:05.083Z,2026-10-04,2026_04_DAL_HOU,DAL @ HOU,2026-10-04T17:00:00.000Z,DAL,HOU,George Pickens,WR,WR2,ANYTIME_TD,leo-nflprop-v1,0.222,,,1.071,4
2026-10-04T21:08:05.083Z,2026-10-04,2026_04_DAL_HOU,DAL @ HOU,2026-10-04T17:00:00.000Z,DAL,HOU,Ryan Flournoy,WR,WR3,WR_REC_YARDS,leo-nflprop-v2,30,5.1,4.9,1.071,4
2026-10-04T21:08:05.083Z,2026-10-04,2026_04_DAL_HOU,DAL @ HOU,2026-10-04T17:00:00.000Z,DAL,HOU,Ryan Flournoy,WR,WR3,ANYTIME_TD,leo-nflprop-v1,0.138,,,1.071,4
2026-10-04T21:08:05.083Z,2026-10-04,2026_04_DAL_HOU,DAL @ HOU,2026-10-04T17:00:00.000Z,HOU,DAL,C.J. Stroud,QB,QB1,QB_PASS_YARDS,leo-nflprop-v2,266,7.4,35.8,1.025,4
2026-10-04T21:08:05.083Z,2026-10-04,2026_04_DAL_HOU,DAL @ HOU,2026-10-04T17:00:00.000Z,HOU,DAL,David Montgomery,RB,RB1,RB_RUSH_YARDS,leo-nflprop-v2,57,4,11.9,1.15,4
2026-10-04T21:08:05.083Z,2026-10-04,2026_04_DAL_HOU,DAL @ HOU,2026-10-04T17:00:00.000Z,HOU,DAL,David Montgomery,RB,RB1,ANYTIME_TD,leo-nflprop-v1,0.42,,,1.15,4
2026-10-04T21:08:05.083Z,2026-10-04,2026_04_DAL_HOU,DAL @ HOU,2026-10-04T17:00:00.000Z,HOU,DAL,Woody Marks,RB,RB2,RB_RUSH_YARDS,leo-nflprop-v2,37,3.8,8.2,1.15,4
2026-10-04T21:08:05.083Z,2026-10-04,2026_04_DAL_HOU,DAL @ HOU,2026-10-04T17:00:00.000Z,HOU,DAL,Woody Marks,RB,RB2,ANYTIME_TD,leo-nflprop-v1,0.329,,,1.15,4
2026-10-04T21:08:05.083Z,2026-10-04,2026_04_DAL_HOU,DAL @ HOU,2026-10-04T17:00:00.000Z,HOU,DAL,Nico Collins,WR,WR1,WR_REC_YARDS,leo-nflprop-v2,101,10.8,8.8,1.025,2
2026-10-04T21:08:05.083Z,2026-10-04,2026_04_DAL_HOU,DAL @ HOU,2026-10-04T17:00:00.000Z,HOU,DAL,Nico Collins,WR,WR1,ANYTIME_TD,leo-nflprop-v1,0.535,,,1.025,2
2026-10-04T21:08:05.083Z,2026-10-04,2026_04_DAL_HOU,DAL @ HOU,2026-10-04T17:00:00.000Z,HOU,DAL,Xavier Hutchinson,WR,WR2,WR_REC_YARDS,leo-nflprop-v2,41,6.9,5.2,1.025,4
2026-10-04T21:08:05.083Z,2026-10-04,2026_04_DAL_HOU,DAL @ HOU,2026-10-04T17:00:00.000Z,HOU,DAL,Xavier Hutchinson,WR,WR2,ANYTIME_TD,leo-nflprop-v1,0.106,,,1.025,4
2026-10-04T21:08:05.083Z,2026-10-04,2026_04_DAL_HOU,DAL @ HOU,2026-10-04T17:00:00.000Z,HOU,DAL,Jared Wayne,WR,WR3,WR_REC_YARDS,leo-nflprop-v2,26,7.9,2.7,1.025,3
2026-10-04T21:08:05.083Z,2026-10-04,2026_04_DAL_HOU,DAL @ HOU,2026-10-04T17:00:00.000Z,HOU,DAL,Jared Wayne,WR,WR3,ANYTIME_TD,leo-nflprop-v1,0.14,,,1.025,3
2026-10-04T21:08:05.083Z,2026-10-04,2026_04_ARI_NYG,ARI @ NYG,2026-10-04T17:00:00.000Z,ARI,NYG,Jacoby Brissett,QB,QB1,QB_PASS_YARDS,leo-nflprop-v2,216,5.9,38.8,0.971,4
2026-10-04T21:08:05.083Z,2026-10-04,2026_04_ARI_NYG,ARI @ NYG,2026-10-04T17:00:00.000Z,ARI,NYG,Jeremiyah Love,RB,RB1,RB_RUSH_YARDS,leo-nflprop-v2,58,4.3,13,1.0290000000000001,4
2026-10-04T21:08:05.083Z,2026-10-04,2026_04_ARI_NYG,ARI @ NYG,2026-10-04T17:00:00.000Z,ARI,NYG,Jeremiyah Love,RB,RB1,ANYTIME_TD,leo-nflprop-v1,0.277,,,1.0290000000000001,4
2026-10-04T21:08:05.083Z,2026-10-04,2026_04_ARI_NYG,ARI @ NYG,2026-10-04T17:00:00.000Z,ARI,NYG,Tyler Allgeier,RB,RB2,RB_RUSH_YARDS,leo-nflprop-v2,31,3.9,7.5,1.0290000000000001,4
2026-10-04T21:08:05.083Z,2026-10-04,2026_04_ARI_NYG,ARI @ NYG,2026-10-04T17:00:00.000Z,ARI,NYG,Tyler Allgeier,RB,RB2,ANYTIME_TD,leo-nflprop-v1,0.301,,,1.0290000000000001,4
2026-10-04T21:08:05.083Z,2026-10-04,2026_04_ARI_NYG,ARI @ NYG,2026-10-04T17:00:00.000Z,ARI,NYG,Michael Wilson,WR,WR1,WR_REC_YARDS,leo-nflprop-v2,58,5.9,9.4,0.971,4
2026-10-04T21:08:05.083Z,2026-10-04,2026_04_ARI_NYG,ARI @ NYG,2026-10-04T17:00:00.000Z,ARI,NYG,Michael Wilson,WR,WR1,ANYTIME_TD,leo-nflprop-v1,0.264,,,0.971,4
2026-10-04T21:08:05.083Z,2026-10-04,2026_04_ARI_NYG,ARI @ NYG,2026-10-04T17:00:00.000Z,ARI,NYG,Kendrick Bourne,WR,WR2,WR_REC_YARDS,leo-nflprop-v2,36,7.6,4.4,0.971,3
2026-10-04T21:08:05.083Z,2026-10-04,2026_04_ARI_NYG,ARI @ NYG,2026-10-04T17:00:00.000Z,ARI,NYG,Kendrick Bourne,WR,WR2,ANYTIME_TD,leo-nflprop-v1,0.049,,,0.971,3
2026-10-04T21:08:05.083Z,2026-10-04,2026_04_ARI_NYG,ARI @ NYG,2026-10-04T17:00:00.000Z,ARI,NYG,Marvin Harrison Jr.,WR,WR3,WR_REC_YARDS,leo-nflprop-v2,28,5.5,4.7,0.971,4
2026-10-04T21:08:05.083Z,2026-10-04,2026_04_ARI_NYG,ARI @ NYG,2026-10-04T17:00:00.000Z,ARI,NYG,Marvin Harrison Jr.,WR,WR3,ANYTIME_TD,leo-nflprop-v1,0.243,,,0.971,4
2026-10-04T21:08:05.083Z,2026-10-04,2026_04_ARI_NYG,ARI @ NYG,2026-10-04T17:00:00.000Z,NYG,ARI,Jameis Winston,QB,QB1,QB_PASS_YARDS,leo-nflprop-v2,186,6.5,28.2,1.048,3
2026-10-04T21:08:05.083Z,2026-10-04,2026_04_ARI_NYG,ARI @ NYG,2026-10-04T17:00:00.000Z,NYG,ARI,Cam Skattebo,RB,RB1,RB_RUSH_YARDS,leo-nflprop-v2,71,4,16.2,1.064,4
2026-10-04T21:08:05.083Z,2026-10-04,2026_04_ARI_NYG,ARI @ NYG,2026-10-04T17:00:00.000Z,NYG,ARI,Cam Skattebo,RB,RB1,ANYTIME_TD,leo-nflprop-v1,0.336,,,1.064,4
2026-10-04T21:08:05.083Z,2026-10-04,2026_04_ARI_NYG,ARI @ NYG,2026-10-04T17:00:00.000Z,NYG,ARI,Najee Harris,RB,RB2,RB_RUSH_YARDS,leo-nflprop-v2,35,4.3,7.4,1.064,3
2026-10-04T21:08:05.083Z,2026-10-04,2026_04_ARI_NYG,ARI @ NYG,2026-10-04T17:00:00.000Z,NYG,ARI,Najee Harris,RB,RB2,ANYTIME_TD,leo-nflprop-v1,0.143,,,1.064,3
2026-10-04T21:08:05.083Z,2026-10-04,2026_04_ARI_NYG,ARI @ NYG,2026-10-04T17:00:00.000Z,NYG,ARI,Malik Nabers,WR,WR1,WR_REC_YARDS,leo-nflprop-v2,57,6.9,7.3,1.048,4
2026-10-04T21:08:05.083Z,2026-10-04,2026_04_ARI_NYG,ARI @ NYG,2026-10-04T17:00:00.000Z,NYG,ARI,Malik Nabers,WR,WR1,ANYTIME_TD,leo-nflprop-v1,0.281,,,1.048,4
2026-10-04T21:08:05.083Z,2026-10-04,2026_04_ARI_NYG,ARI @ NYG,2026-10-04T17:00:00.000Z,NYG,ARI,Malachi Fields,WR,WR2,WR_REC_YARDS,leo-nflprop-v2,45,10.2,3.9,1.048,4
2026-10-04T21:08:05.083Z,2026-10-04,2026_04_ARI_NYG,ARI @ NYG,2026-10-04T17:00:00.000Z,NYG,ARI,Malachi Fields,WR,WR2,ANYTIME_TD,leo-nflprop-v1,0.25,,,1.048,4
2026-10-04T21:08:05.083Z,2026-10-04,2026_04_ARI_NYG,ARI @ NYG,2026-10-04T17:00:00.000Z,NYG,ARI,Darnell Mooney,WR,WR3,WR_REC_YARDS,leo-nflprop-v2,33,8.1,3.4,1.048,4
2026-10-04T21:08:05.083Z,2026-10-04,2026_04_ARI_NYG,ARI @ NYG,2026-10-04T17:00:00.000Z,NYG,ARI,Darnell Mooney,WR,WR3,ANYTIME_TD,leo-nflprop-v1,0.067,,,1.048,4
2026-10-04T21:08:05.083Z,2026-10-04,2026_04_LA_PHI,LA @ PHI,2026-10-04T17:00:00.000Z,LA,PHI,Matthew Stafford,QB,QB1,QB_PASS_YARDS,leo-nflprop-v2,288,7.5,38.7,1.016,4
2026-10-04T21:08:05.083Z,2026-10-04,2026_04_LA_PHI,LA @ PHI,2026-10-04T17:00:00.000Z,LA,PHI,Kyren Williams,RB,RB1,RB_RUSH_YARDS,leo-nflprop-v2,71,4.8,13.9,1.042,4
2026-10-04T21:08:05.083Z,2026-10-04,2026_04_LA_PHI,LA @ PHI,2026-10-04T17:00:00.000Z,LA,PHI,Kyren Williams,RB,RB1,ANYTIME_TD,leo-nflprop-v1,0.488,,,1.042,4
2026-10-04T21:08:05.083Z,2026-10-04,2026_04_LA_PHI,LA @ PHI,2026-10-04T17:00:00.000Z,LA,PHI,Blake Corum,RB,RB2,RB_RUSH_YARDS,leo-nflprop-v2,42,4.7,8.4,1.042,4
2026-10-04T21:08:05.083Z,2026-10-04,2026_04_LA_PHI,LA @ PHI,2026-10-04T17:00:00.000Z,LA,PHI,Blake Corum,RB,RB2,ANYTIME_TD,leo-nflprop-v1,0.171,,,1.042,4
2026-10-04T21:08:05.083Z,2026-10-04,2026_04_LA_PHI,LA @ PHI,2026-10-04T17:00:00.000Z,LA,PHI,Puka Nacua,WR,WR1,WR_REC_YARDS,leo-nflprop-v2,110,9.8,10.7,1.016,2
2026-10-04T21:08:05.083Z,2026-10-04,2026_04_LA_PHI,LA @ PHI,2026-10-04T17:00:00.000Z,LA,PHI,Puka Nacua,WR,WR1,ANYTIME_TD,leo-nflprop-v1,0.305,,,1.016,2
2026-10-04T21:08:05.083Z,2026-10-04,2026_04_LA_PHI,LA @ PHI,2026-10-04T17:00:00.000Z,LA,PHI,Davante Adams,WR,WR2,WR_REC_YARDS,leo-nflprop-v2,92,9.6,9.1,1.016,4
2026-10-04T21:08:05.083Z,2026-10-04,2026_04_LA_PHI,LA @ PHI,2026-10-04T17:00:00.000Z,LA,PHI,Davante Adams,WR,WR2,ANYTIME_TD,leo-nflprop-v1,0.481,,,1.016,4
2026-10-04T21:08:05.083Z,2026-10-04,2026_04_LA_PHI,LA @ PHI,2026-10-04T17:00:00.000Z,LA,PHI,Konata Mumpfield,WR,WR3,WR_REC_YARDS,leo-nflprop-v2,20,5.3,3,1.016,4
2026-10-04T21:08:05.083Z,2026-10-04,2026_04_LA_PHI,LA @ PHI,2026-10-04T17:00:00.000Z,LA,PHI,Konata Mumpfield,WR,WR3,ANYTIME_TD,leo-nflprop-v1,0.194,,,1.016,4
2026-10-04T21:08:05.083Z,2026-10-04,2026_04_LA_PHI,LA @ PHI,2026-10-04T17:00:00.000Z,PHI,LA,Jalen Hurts,QB,QB1,QB_PASS_YARDS,leo-nflprop-v2,151,6.5,28.5,0.85,4
2026-10-04T21:08:05.083Z,2026-10-04,2026_04_LA_PHI,LA @ PHI,2026-10-04T17:00:00.000Z,PHI,LA,Saquon Barkley,RB,RB1,RB_RUSH_YARDS,leo-nflprop-v2,42,4.2,10.7,0.8959999999999999,4
2026-10-04T21:08:05.083Z,2026-10-04,2026_04_LA_PHI,LA @ PHI,2026-10-04T17:00:00.000Z,PHI,LA,Saquon Barkley,RB,RB1,ANYTIME_TD,leo-nflprop-v1,0.172,,,0.8959999999999999,4
2026-10-04T21:08:05.083Z,2026-10-04,2026_04_LA_PHI,LA @ PHI,2026-10-04T17:00:00.000Z,PHI,LA,Tank Bigsby,RB,RB2,RB_RUSH_YARDS,leo-nflprop-v2,28,4.5,6.6,0.8959999999999999,4
2026-10-04T21:08:05.083Z,2026-10-04,2026_04_LA_PHI,LA @ PHI,2026-10-04T17:00:00.000Z,PHI,LA,Tank Bigsby,RB,RB2,ANYTIME_TD,leo-nflprop-v1,0.184,,,0.8959999999999999,4
2026-10-04T21:08:05.083Z,2026-10-04,2026_04_LA_PHI,LA @ PHI,2026-10-04T17:00:00.000Z,PHI,LA,Dontayvion Wicks,WR,WR1,WR_REC_YARDS,leo-nflprop-v2,34,8.1,4.4,0.85,4
2026-10-04T21:08:05.083Z,2026-10-04,2026_04_LA_PHI,LA @ PHI,2026-10-04T17:00:00.000Z,PHI,LA,Dontayvion Wicks,WR,WR1,ANYTIME_TD,leo-nflprop-v1,0.174,,,0.85,4
2026-10-04T21:08:05.083Z,2026-10-04,2026_04_LA_PHI,LA @ PHI,2026-10-04T17:00:00.000Z,PHI,LA,Makai Lemon,WR,WR2,WR_REC_YARDS,leo-nflprop-v2,28,7.6,3.8,0.85,4
2026-10-04T21:08:05.083Z,2026-10-04,2026_04_LA_PHI,LA @ PHI,2026-10-04T17:00:00.000Z,PHI,LA,Makai Lemon,WR,WR2,ANYTIME_TD,leo-nflprop-v1,0.12,,,0.85,4
2026-10-04T21:08:05.083Z,2026-10-04,2026_04_LA_PHI,LA @ PHI,2026-10-04T17:00:00.000Z,PHI,LA,Darius Cooper,WR,WR3,WR_REC_YARDS,leo-nflprop-v2,13,5,2.2,0.85,4
2026-10-04T21:08:05.083Z,2026-10-04,2026_04_LA_PHI,LA @ PHI,2026-10-04T17:00:00.000Z,PHI,LA,Darius Cooper,WR,WR3,ANYTIME_TD,leo-nflprop-v1,0.318,,,0.85,4
2026-10-04T21:08:05.083Z,2026-10-04,2026_04_GB_TB,GB @ TB,2026-10-04T17:00:00.000Z,GB,TB,Jordan Love,QB,QB1,QB_PASS_YARDS,leo-nflprop-v2,230,7,35.8,0.9420000000000001,4
2026-10-04T21:08:05.083Z,2026-10-04,2026_04_GB_TB,GB @ TB,2026-10-04T17:00:00.000Z,GB,TB,MarShawn Lloyd,RB,RB1,RB_RUSH_YARDS,leo-nflprop-v2,31,3.9,9,0.85,4
2026-10-04T21:08:05.083Z,2026-10-04,2026_04_GB_TB,GB @ TB,2026-10-04T17:00:00.000Z,GB,TB,MarShawn Lloyd,RB,RB1,ANYTIME_TD,leo-nflprop-v1,0.149,,,0.85,4
2026-10-04T21:08:05.083Z,2026-10-04,2026_04_GB_TB,GB @ TB,2026-10-04T17:00:00.000Z,GB,TB,Kaleb Johnson,RB,RB2,RB_RUSH_YARDS,leo-nflprop-v2,21,4.3,5.3,0.85,4
2026-10-04T21:08:05.083Z,2026-10-04,2026_04_GB_TB,GB @ TB,2026-10-04T17:00:00.000Z,GB,TB,Kaleb Johnson,RB,RB2,ANYTIME_TD,leo-nflprop-v1,0.059,,,0.85,4
2026-10-04T21:08:05.083Z,2026-10-04,2026_04_GB_TB,GB @ TB,2026-10-04T17:00:00.000Z,GB,TB,Matthew Golden,WR,WR1,WR_REC_YARDS,leo-nflprop-v2,45,6.9,6.3,0.9420000000000001,4
2026-10-04T21:08:05.083Z,2026-10-04,2026_04_GB_TB,GB @ TB,2026-10-04T17:00:00.000Z,GB,TB,Matthew Golden,WR,WR1,ANYTIME_TD,leo-nflprop-v1,0.243,,,0.9420000000000001,4
2026-10-04T21:08:05.083Z,2026-10-04,2026_04_GB_TB,GB @ TB,2026-10-04T17:00:00.000Z,GB,TB,Christian Watson,WR,WR2,WR_REC_YARDS,leo-nflprop-v2,73,10.9,6.7,0.9420000000000001,4
2026-10-04T21:08:05.083Z,2026-10-04,2026_04_GB_TB,GB @ TB,2026-10-04T17:00:00.000Z,GB,TB,Christian Watson,WR,WR2,ANYTIME_TD,leo-nflprop-v1,0.504,,,0.9420000000000001,4
2026-10-04T21:08:05.083Z,2026-10-04,2026_04_GB_TB,GB @ TB,2026-10-04T17:00:00.000Z,GB,TB,Skyy Moore,WR,WR3,WR_REC_YARDS,leo-nflprop-v2,8,2.5,1.8,0.9420000000000001,4
2026-10-04T21:08:05.083Z,2026-10-04,2026_04_GB_TB,GB @ TB,2026-10-04T17:00:00.000Z,GB,TB,Skyy Moore,WR,WR3,ANYTIME_TD,leo-nflprop-v1,0.036,,,0.9420000000000001,4
2026-10-04T21:08:05.083Z,2026-10-04,2026_04_GB_TB,GB @ TB,2026-10-04T17:00:00.000Z,TB,GB,Jalon Daniels,QB,QB1,QB_PASS_YARDS,leo-nflprop-v2,133,6.4,23.2,0.951,2
2026-10-04T21:08:05.083Z,2026-10-04,2026_04_GB_TB,GB @ TB,2026-10-04T17:00:00.000Z,TB,GB,Bucky Irving,RB,RB1,RB_RUSH_YARDS,leo-nflprop-v2,66,3.8,14.8,1.15,4
2026-10-04T21:08:05.083Z,2026-10-04,2026_04_GB_TB,GB @ TB,2026-10-04T17:00:00.000Z,TB,GB,Bucky Irving,RB,RB1,ANYTIME_TD,leo-nflprop-v1,0.23,,,1.15,4
2026-10-04T21:08:05.083Z,2026-10-04,2026_04_GB_TB,GB @ TB,2026-10-04T17:00:00.000Z,TB,GB,Kenny Gainwell,RB,RB2,RB_RUSH_YARDS,leo-nflprop-v2,24,4.7,4.1,1.15,4
2026-10-04T21:08:05.083Z,2026-10-04,2026_04_GB_TB,GB @ TB,2026-10-04T17:00:00.000Z,TB,GB,Kenny Gainwell,RB,RB2,ANYTIME_TD,leo-nflprop-v1,0.166,,,1.15,4
2026-10-04T21:08:05.083Z,2026-10-04,2026_04_GB_TB,GB @ TB,2026-10-04T17:00:00.000Z,TB,GB,Emeka Egbuka,WR,WR1,WR_REC_YARDS,leo-nflprop-v2,40,5.8,6.6,0.951,4
2026-10-04T21:08:05.083Z,2026-10-04,2026_04_GB_TB,GB @ TB,2026-10-04T17:00:00.000Z,TB,GB,Emeka Egbuka,WR,WR1,ANYTIME_TD,leo-nflprop-v1,0.244,,,0.951,4
2026-10-04T21:08:05.083Z,2026-10-04,2026_04_GB_TB,GB @ TB,2026-10-04T17:00:00.000Z,TB,GB,Chris Godwin Jr.,WR,WR2,WR_REC_YARDS,leo-nflprop-v2,44,8.4,5.1,0.951,4
2026-10-04T21:08:05.083Z,2026-10-04,2026_04_GB_TB,GB @ TB,2026-10-04T17:00:00.000Z,TB,GB,Chris Godwin Jr.,WR,WR2,ANYTIME_TD,leo-nflprop-v1,0.114,,,0.951,4
2026-10-04T21:08:05.083Z,2026-10-04,2026_04_GB_TB,GB @ TB,2026-10-04T17:00:00.000Z,TB,GB,Ted Hurst III,WR,WR3,WR_REC_YARDS,leo-nflprop-v2,38,8.9,4.1,0.951,4
2026-10-04T21:08:05.083Z,2026-10-04,2026_04_GB_TB,GB @ TB,2026-10-04T17:00:00.000Z,TB,GB,Ted Hurst III,WR,WR3,ANYTIME_TD,leo-nflprop-v1,0.23,,,0.951,4
2026-10-04T21:08:05.083Z,2026-10-04,2026_04_MIA_MIN,MIA @ MIN,2026-10-04T20:05:00.000Z,MIA,MIN,Malik Willis,QB,QB1,QB_PASS_YARDS,leo-nflprop-v2,220,7.2,29.8,1.0590000000000002,3
2026-10-04T21:08:05.083Z,2026-10-04,2026_04_MIA_MIN,MIA @ MIN,2026-10-04T20:05:00.000Z,MIA,MIN,Ollie Gordon II,RB,RB1,RB_RUSH_YARDS,leo-nflprop-v2,27,3.9,7.3,0.903,2
2026-10-04T21:08:05.083Z,2026-10-04,2026_04_MIA_MIN,MIA @ MIN,2026-10-04T20:05:00.000Z,MIA,MIN,Ollie Gordon II,RB,RB1,ANYTIME_TD,leo-nflprop-v1,0.251,,,0.903,2
2026-10-04T21:08:05.083Z,2026-10-04,2026_04_MIA_MIN,MIA @ MIN,2026-10-04T20:05:00.000Z,MIA,MIN,Jaylen Wright,RB,RB2,RB_RUSH_YARDS,leo-nflprop-v2,14,4,3.4,0.903,2
2026-10-04T21:08:05.083Z,2026-10-04,2026_04_MIA_MIN,MIA @ MIN,2026-10-04T20:05:00.000Z,MIA,MIN,Jaylen Wright,RB,RB2,ANYTIME_TD,leo-nflprop-v1,0.158,,,0.903,2
2026-10-04T21:08:05.083Z,2026-10-04,2026_04_MIA_MIN,MIA @ MIN,2026-10-04T20:05:00.000Z,MIA,MIN,Malik Washington,WR,WR1,WR_REC_YARDS,leo-nflprop-v2,44,6.7,5.7,1.0590000000000002,3
2026-10-04T21:08:05.083Z,2026-10-04,2026_04_MIA_MIN,MIA @ MIN,2026-10-04T20:05:00.000Z,MIA,MIN,Malik Washington,WR,WR1,ANYTIME_TD,leo-nflprop-v1,0.119,,,1.0590000000000002,3
2026-10-04T21:08:05.083Z,2026-10-04,2026_04_MIA_MIN,MIA @ MIN,2026-10-04T20:05:00.000Z,MIA,MIN,Chris Bell,WR,WR2,WR_REC_YARDS,leo-nflprop-v2,29,7.4,3.3,1.0590000000000002,3
2026-10-04T21:08:05.083Z,2026-10-04,2026_04_MIA_MIN,MIA @ MIN,2026-10-04T20:05:00.000Z,MIA,MIN,Chris Bell,WR,WR2,ANYTIME_TD,leo-nflprop-v1,0.166,,,1.0590000000000002,3
2026-10-04T21:08:05.083Z,2026-10-04,2026_04_MIA_MIN,MIA @ MIN,2026-10-04T20:05:00.000Z,MIA,MIN,Kevin Coleman Jr.,WR,WR3,WR_REC_YARDS,leo-nflprop-v2,5,0.4,2.7,1.0590000000000002,2
2026-10-04T21:08:05.083Z,2026-10-04,2026_04_MIA_MIN,MIA @ MIN,2026-10-04T20:05:00.000Z,MIA,MIN,Kevin Coleman Jr.,WR,WR3,ANYTIME_TD,leo-nflprop-v1,0.191,,,1.0590000000000002,2
2026-10-04T21:08:05.083Z,2026-10-04,2026_04_MIA_MIN,MIA @ MIN,2026-10-04T20:05:00.000Z,MIN,MIA,Carson Wentz,QB,QB1,QB_PASS_YARDS,leo-nflprop-v2,183,7.2,26.7,0.996,2
2026-10-04T21:08:05.083Z,2026-10-04,2026_04_MIA_MIN,MIA @ MIN,2026-10-04T20:05:00.000Z,MIN,MIA,Aaron Jones,RB,RB1,RB_RUSH_YARDS,leo-nflprop-v2,65,4.3,15.3,0.976,3
2026-10-04T21:08:05.083Z,2026-10-04,2026_04_MIA_MIN,MIA @ MIN,2026-10-04T20:05:00.000Z,MIN,MIA,Aaron Jones,RB,RB1,ANYTIME_TD,leo-nflprop-v1,0.238,,,0.976,3
2026-10-04T21:08:05.083Z,2026-10-04,2026_04_MIA_MIN,MIA @ MIN,2026-10-04T20:05:00.000Z,MIN,MIA,Demond Claiborne,RB,RB2,RB_RUSH_YARDS,leo-nflprop-v2,8,4.2,1.6,0.976,2
2026-10-04T21:08:05.083Z,2026-10-04,2026_04_MIA_MIN,MIA @ MIN,2026-10-04T20:05:00.000Z,MIN,MIA,Demond Claiborne,RB,RB2,ANYTIME_TD,leo-nflprop-v1,0.219,,,0.976,2
2026-10-04T21:08:05.083Z,2026-10-04,2026_04_MIA_MIN,MIA @ MIN,2026-10-04T20:05:00.000Z,MIN,MIA,Jordan Addison,WR,WR1,WR_REC_YARDS,leo-nflprop-v2,34,5.6,5.4,0.996,3
2026-10-04T21:08:05.083Z,2026-10-04,2026_04_MIA_MIN,MIA @ MIN,2026-10-04T20:05:00.000Z,MIN,MIA,Jordan Addison,WR,WR1,ANYTIME_TD,leo-nflprop-v1,0.243,,,0.996,3
2026-10-04T21:08:05.083Z,2026-10-04,2026_04_MIA_MIN,MIA @ MIN,2026-10-04T20:05:00.000Z,MIN,MIA,Tai Felton,WR,WR2,WR_REC_YARDS,leo-nflprop-v2,4,1,0.7,0.996,1
2026-10-04T21:08:05.083Z,2026-10-04,2026_04_MIA_MIN,MIA @ MIN,2026-10-04T20:05:00.000Z,MIN,MIA,Tai Felton,WR,WR2,ANYTIME_TD,leo-nflprop-v1,0.077,,,0.996,1
2026-10-04T21:08:05.083Z,2026-10-04,2026_04_MIA_MIN,MIA @ MIN,2026-10-04T20:05:00.000Z,MIN,MIA,Jauan Jennings,WR,WR3,WR_REC_YARDS,leo-nflprop-v2,16,3.6,3.5,0.996,2
2026-10-04T21:08:05.083Z,2026-10-04,2026_04_MIA_MIN,MIA @ MIN,2026-10-04T20:05:00.000Z,MIN,MIA,Jauan Jennings,WR,WR3,ANYTIME_TD,leo-nflprop-v1,0.289,,,0.996,2
2026-10-04T21:08:05.083Z,2026-10-04,2026_04_KC_LV,KC @ LV,2026-10-04T20:25:00.000Z,KC,LV,Patrick Mahomes,QB,QB1,QB_PASS_YARDS,leo-nflprop-v2,252,7.8,33.9,0.98,3
2026-10-04T21:08:05.083Z,2026-10-04,2026_04_KC_LV,KC @ LV,2026-10-04T20:25:00.000Z,KC,LV,Kenneth Walker III,RB,RB1,RB_RUSH_YARDS,leo-nflprop-v2,90,4.8,18.2,1.022,3
2026-10-04T21:08:05.083Z,2026-10-04,2026_04_KC_LV,KC @ LV,2026-10-04T20:25:00.000Z,KC,LV,Kenneth Walker III,RB,RB1,ANYTIME_TD,leo-nflprop-v1,0.379,,,1.022,3
2026-10-04T21:08:05.083Z,2026-10-04,2026_04_KC_LV,KC @ LV,2026-10-04T20:25:00.000Z,KC,LV,Emmett Johnson,RB,RB2,RB_RUSH_YARDS,leo-nflprop-v2,23,4.2,5,1.022,3
2026-10-04T21:08:05.083Z,2026-10-04,2026_04_KC_LV,KC @ LV,2026-10-04T20:25:00.000Z,KC,LV,Emmett Johnson,RB,RB2,ANYTIME_TD,leo-nflprop-v1,0.199,,,1.022,3
2026-10-04T21:08:05.083Z,2026-10-04,2026_04_KC_LV,KC @ LV,2026-10-04T20:25:00.000Z,KC,LV,Rashee Rice,WR,WR1,WR_REC_YARDS,leo-nflprop-v2,77,10.1,7.4,0.98,3
2026-10-04T21:08:05.083Z,2026-10-04,2026_04_KC_LV,KC @ LV,2026-10-04T20:25:00.000Z,KC,LV,Rashee Rice,WR,WR1,ANYTIME_TD,leo-nflprop-v1,0.338,,,0.98,3
2026-10-04T21:08:05.083Z,2026-10-04,2026_04_KC_LV,KC @ LV,2026-10-04T20:25:00.000Z,KC,LV,Xavier Worthy,WR,WR2,WR_REC_YARDS,leo-nflprop-v2,33,5.9,5.1,0.98,3
2026-10-04T21:08:05.083Z,2026-10-04,2026_04_KC_LV,KC @ LV,2026-10-04T20:25:00.000Z,KC,LV,Xavier Worthy,WR,WR2,ANYTIME_TD,leo-nflprop-v1,0.196,,,0.98,3
2026-10-04T21:08:05.083Z,2026-10-04,2026_04_KC_LV,KC @ LV,2026-10-04T20:25:00.000Z,KC,LV,Tyquan Thornton,WR,WR3,WR_REC_YARDS,leo-nflprop-v2,31,10.7,2.6,0.98,3
2026-10-04T21:08:05.083Z,2026-10-04,2026_04_KC_LV,KC @ LV,2026-10-04T20:25:00.000Z,KC,LV,Tyquan Thornton,WR,WR3,ANYTIME_TD,leo-nflprop-v1,0.139,,,0.98,3
2026-10-04T21:08:05.083Z,2026-10-04,2026_04_KC_LV,KC @ LV,2026-10-04T20:25:00.000Z,LV,KC,Kirk Cousins,QB,QB1,QB_PASS_YARDS,leo-nflprop-v2,188,7,30.8,0.909,3
2026-10-04T21:08:05.083Z,2026-10-04,2026_04_KC_LV,KC @ LV,2026-10-04T20:25:00.000Z,LV,KC,Ashton Jeanty,RB,RB1,RB_RUSH_YARDS,leo-nflprop-v2,70,3.8,18.8,0.9570000000000001,3
2026-10-04T21:08:05.083Z,2026-10-04,2026_04_KC_LV,KC @ LV,2026-10-04T20:25:00.000Z,LV,KC,Ashton Jeanty,RB,RB1,ANYTIME_TD,leo-nflprop-v1,0.159,,,0.9570000000000001,3
2026-10-04T21:08:05.083Z,2026-10-04,2026_04_KC_LV,KC @ LV,2026-10-04T20:25:00.000Z,LV,KC,Mike Washington Jr.,RB,RB2,RB_RUSH_YARDS,leo-nflprop-v2,22,4.8,4.4,0.9570000000000001,3
2026-10-04T21:08:05.083Z,2026-10-04,2026_04_KC_LV,KC @ LV,2026-10-04T20:25:00.000Z,LV,KC,Mike Washington Jr.,RB,RB2,ANYTIME_TD,leo-nflprop-v1,0.292,,,0.9570000000000001,3
2026-10-04T21:08:05.083Z,2026-10-04,2026_04_KC_LV,KC @ LV,2026-10-04T20:25:00.000Z,LV,KC,Tre Tucker,WR,WR1,WR_REC_YARDS,leo-nflprop-v2,54,10.6,5.2,0.909,3
2026-10-04T21:08:05.083Z,2026-10-04,2026_04_KC_LV,KC @ LV,2026-10-04T20:25:00.000Z,LV,KC,Tre Tucker,WR,WR1,ANYTIME_TD,leo-nflprop-v1,0.247,,,0.909,3
2026-10-04T21:08:05.083Z,2026-10-04,2026_04_KC_LV,KC @ LV,2026-10-04T20:25:00.000Z,LV,KC,Jalen Nailor,WR,WR2,WR_REC_YARDS,leo-nflprop-v2,20,5.1,3.5,0.909,3
2026-10-04T21:08:05.083Z,2026-10-04,2026_04_KC_LV,KC @ LV,2026-10-04T20:25:00.000Z,LV,KC,Jalen Nailor,WR,WR2,ANYTIME_TD,leo-nflprop-v1,0.123,,,0.909,3
2026-10-04T21:08:05.083Z,2026-10-04,2026_04_KC_LV,KC @ LV,2026-10-04T20:25:00.000Z,LV,KC,Cody White,WR,WR3,WR_REC_YARDS,leo-nflprop-v2,10,5.2,1.3,0.909,3
2026-10-04T21:08:05.083Z,2026-10-04,2026_04_KC_LV,KC @ LV,2026-10-04T20:25:00.000Z,LV,KC,Cody White,WR,WR3,ANYTIME_TD,leo-nflprop-v1,0.389,,,0.909,3
2026-10-04T21:08:05.083Z,2026-10-04,2026_04_LAC_SEA,LAC @ SEA,2026-10-04T20:25:00.000Z,LAC,SEA,Justin Herbert,QB,QB1,QB_PASS_YARDS,leo-nflprop-v2,179,7.2,30.4,0.851,3
2026-10-04T21:08:05.083Z,2026-10-04,2026_04_LAC_SEA,LAC @ SEA,2026-10-04T20:25:00.000Z,LAC,SEA,Omarion Hampton,RB,RB1,RB_RUSH_YARDS,leo-nflprop-v2,64,4.3,16.1,0.9079999999999999,3
2026-10-04T21:08:05.083Z,2026-10-04,2026_04_LAC_SEA,LAC @ SEA,2026-10-04T20:25:00.000Z,LAC,SEA,Omarion Hampton,RB,RB1,ANYTIME_TD,leo-nflprop-v1,0.379,,,0.9079999999999999,3
2026-10-04T21:08:05.083Z,2026-10-04,2026_04_LAC_SEA,LAC @ SEA,2026-10-04T20:25:00.000Z,LAC,SEA,Keaton Mitchell,RB,RB2,RB_RUSH_YARDS,leo-nflprop-v2,23,4.4,5.2,0.9079999999999999,3
2026-10-04T21:08:05.083Z,2026-10-04,2026_04_LAC_SEA,LAC @ SEA,2026-10-04T20:25:00.000Z,LAC,SEA,Keaton Mitchell,RB,RB2,ANYTIME_TD,leo-nflprop-v1,0.086,,,0.9079999999999999,3
2026-10-04T21:08:05.083Z,2026-10-04,2026_04_LAC_SEA,LAC @ SEA,2026-10-04T20:25:00.000Z,LAC,SEA,Quentin Johnston,WR,WR1,WR_REC_YARDS,leo-nflprop-v2,29,4.8,6,0.851,3
2026-10-04T21:08:05.083Z,2026-10-04,2026_04_LAC_SEA,LAC @ SEA,2026-10-04T20:25:00.000Z,LAC,SEA,Quentin Johnston,WR,WR1,ANYTIME_TD,leo-nflprop-v1,0.222,,,0.851,3
2026-10-04T21:08:05.083Z,2026-10-04,2026_04_LAC_SEA,LAC @ SEA,2026-10-04T20:25:00.000Z,LAC,SEA,Tre Harris,WR,WR2,WR_REC_YARDS,leo-nflprop-v2,38,9.8,4.1,0.851,3
2026-10-04T21:08:05.083Z,2026-10-04,2026_04_LAC_SEA,LAC @ SEA,2026-10-04T20:25:00.000Z,LAC,SEA,Tre Harris,WR,WR2,ANYTIME_TD,leo-nflprop-v1,0.06,,,0.851,3
2026-10-04T21:08:05.083Z,2026-10-04,2026_04_LAC_SEA,LAC @ SEA,2026-10-04T20:25:00.000Z,LAC,SEA,Ladd McConkey,WR,WR3,WR_REC_YARDS,leo-nflprop-v2,59,11.1,5.8,0.851,3
2026-10-04T21:08:05.083Z,2026-10-04,2026_04_LAC_SEA,LAC @ SEA,2026-10-04T20:25:00.000Z,LAC,SEA,Ladd McConkey,WR,WR3,ANYTIME_TD,leo-nflprop-v1,0.255,,,0.851,3
2026-10-04T21:08:05.083Z,2026-10-04,2026_04_LAC_SEA,LAC @ SEA,2026-10-04T20:25:00.000Z,SEA,LAC,Drew Lock,QB,QB1,QB_PASS_YARDS,leo-nflprop-v2,214,7.8,27.7,1.021,2
2026-10-04T21:08:05.083Z,2026-10-04,2026_04_LAC_SEA,LAC @ SEA,2026-10-04T20:25:00.000Z,SEA,LAC,Emanuel Wilson,RB,RB1,RB_RUSH_YARDS,leo-nflprop-v2,59,4.2,13.6,1.022,3
2026-10-04T21:08:05.083Z,2026-10-04,2026_04_LAC_SEA,LAC @ SEA,2026-10-04T20:25:00.000Z,SEA,LAC,Emanuel Wilson,RB,RB1,ANYTIME_TD,leo-nflprop-v1,0.125,,,1.022,3
2026-10-04T21:08:05.083Z,2026-10-04,2026_04_LAC_SEA,LAC @ SEA,2026-10-04T20:25:00.000Z,SEA,LAC,George Holani,RB,RB2,RB_RUSH_YARDS,leo-nflprop-v2,26,4.1,5.9,1.022,3
2026-10-04T21:08:05.083Z,2026-10-04,2026_04_LAC_SEA,LAC @ SEA,2026-10-04T20:25:00.000Z,SEA,LAC,George Holani,RB,RB2,ANYTIME_TD,leo-nflprop-v1,0.113,,,1.022,3
2026-10-04T21:08:05.083Z,2026-10-04,2026_04_LAC_SEA,LAC @ SEA,2026-10-04T20:25:00.000Z,SEA,LAC,Jaxon Smith-Njigba,WR,WR1,WR_REC_YARDS,leo-nflprop-v2,129,11.4,10.8,1.021,3
2026-10-04T21:08:05.083Z,2026-10-04,2026_04_LAC_SEA,LAC @ SEA,2026-10-04T20:25:00.000Z,SEA,LAC,Jaxon Smith-Njigba,WR,WR1,ANYTIME_TD,leo-nflprop-v1,0.691,,,1.021,3
2026-10-04T21:08:05.083Z,2026-10-04,2026_04_LAC_SEA,LAC @ SEA,2026-10-04T20:25:00.000Z,SEA,LAC,Rashid Shaheed,WR,WR2,WR_REC_YARDS,leo-nflprop-v2,24,4.6,4.3,1.021,3
2026-10-04T21:08:05.083Z,2026-10-04,2026_04_LAC_SEA,LAC @ SEA,2026-10-04T20:25:00.000Z,SEA,LAC,Rashid Shaheed,WR,WR2,ANYTIME_TD,leo-nflprop-v1,0.088,,,1.021,3
2026-10-04T21:08:05.083Z,2026-10-04,2026_04_LAC_SEA,LAC @ SEA,2026-10-04T20:25:00.000Z,SEA,LAC,Cooper Kupp,WR,WR3,WR_REC_YARDS,leo-nflprop-v2,45,10.4,3.9,1.021,3
2026-10-04T21:08:05.083Z,2026-10-04,2026_04_LAC_SEA,LAC @ SEA,2026-10-04T20:25:00.000Z,SEA,LAC,Cooper Kupp,WR,WR3,ANYTIME_TD,leo-nflprop-v1,0.219,,,1.021,3
2026-10-04T21:08:05.083Z,2026-10-04,2026_04_DEN_SF,DEN @ SF,2026-10-04T20:25:00.000Z,DEN,SF,Bo Nix,QB,QB1,QB_PASS_YARDS,leo-nflprop-v2,199,6.5,33,0.9670000000000001,3
2026-10-04T21:08:05.083Z,2026-10-04,2026_04_DEN_SF,DEN @ SF,2026-10-04T20:25:00.000Z,DEN,SF,J.K. Dobbins,RB,RB1,RB_RUSH_YARDS,leo-nflprop-v2,60,4.6,12.8,0.981,3
2026-10-04T21:08:05.083Z,2026-10-04,2026_04_DEN_SF,DEN @ SF,2026-10-04T20:25:00.000Z,DEN,SF,J.K. Dobbins,RB,RB1,ANYTIME_TD,leo-nflprop-v1,0.197,,,0.981,3
2026-10-04T21:08:05.083Z,2026-10-04,2026_04_DEN_SF,DEN @ SF,2026-10-04T20:25:00.000Z,DEN,SF,RJ Harvey,RB,RB2,RB_RUSH_YARDS,leo-nflprop-v2,19,3.8,4.8,0.981,2
2026-10-04T21:08:05.083Z,2026-10-04,2026_04_DEN_SF,DEN @ SF,2026-10-04T20:25:00.000Z,DEN,SF,RJ Harvey,RB,RB2,ANYTIME_TD,leo-nflprop-v1,0.232,,,0.981,2
2026-10-04T21:08:05.083Z,2026-10-04,2026_04_DEN_SF,DEN @ SF,2026-10-04T20:25:00.000Z,DEN,SF,Jaylen Waddle,WR,WR1,WR_REC_YARDS,leo-nflprop-v2,46,6.1,7.3,0.9670000000000001,3
2026-10-04T21:08:05.083Z,2026-10-04,2026_04_DEN_SF,DEN @ SF,2026-10-04T20:25:00.000Z,DEN,SF,Jaylen Waddle,WR,WR1,ANYTIME_TD,leo-nflprop-v1,0.178,,,0.9670000000000001,3
2026-10-04T21:08:05.083Z,2026-10-04,2026_04_DEN_SF,DEN @ SF,2026-10-04T20:25:00.000Z,DEN,SF,Courtland Sutton,WR,WR2,WR_REC_YARDS,leo-nflprop-v2,38,5.7,6.3,0.9670000000000001,3
2026-10-04T21:08:05.083Z,2026-10-04,2026_04_DEN_SF,DEN @ SF,2026-10-04T20:25:00.000Z,DEN,SF,Courtland Sutton,WR,WR2,ANYTIME_TD,leo-nflprop-v1,0.19,,,0.9670000000000001,3
2026-10-04T21:08:05.083Z,2026-10-04,2026_04_DEN_SF,DEN @ SF,2026-10-04T20:25:00.000Z,DEN,SF,Pat Bryant,WR,WR3,WR_REC_YARDS,leo-nflprop-v2,33,9.1,3.3,0.9670000000000001,3
2026-10-04T21:08:05.083Z,2026-10-04,2026_04_DEN_SF,DEN @ SF,2026-10-04T20:25:00.000Z,DEN,SF,Pat Bryant,WR,WR3,ANYTIME_TD,leo-nflprop-v1,0.197,,,0.9670000000000001,3
2026-10-04T21:08:05.083Z,2026-10-04,2026_04_DEN_SF,DEN @ SF,2026-10-04T20:25:00.000Z,SF,DEN,Brock Purdy,QB,QB1,QB_PASS_YARDS,leo-nflprop-v2,257,8.7,29.2,1.0390000000000001,3
2026-10-04T21:08:05.083Z,2026-10-04,2026_04_DEN_SF,DEN @ SF,2026-10-04T20:25:00.000Z,SF,DEN,Christian McCaffrey,RB,RB1,RB_RUSH_YARDS,leo-nflprop-v2,62,4,13.4,1.128,3
2026-10-04T21:08:05.083Z,2026-10-04,2026_04_DEN_SF,DEN @ SF,2026-10-04T20:25:00.000Z,SF,DEN,Christian McCaffrey,RB,RB1,ANYTIME_TD,leo-nflprop-v1,0.563,,,1.128,3
2026-10-04T21:08:05.083Z,2026-10-04,2026_04_DEN_SF,DEN @ SF,2026-10-04T20:25:00.000Z,SF,DEN,Kaelon Black,RB,RB2,RB_RUSH_YARDS,leo-nflprop-v2,43,4.4,8.5,1.128,3
2026-10-04T21:08:05.083Z,2026-10-04,2026_04_DEN_SF,DEN @ SF,2026-10-04T20:25:00.000Z,SF,DEN,Kaelon Black,RB,RB2,ANYTIME_TD,leo-nflprop-v1,0.217,,,1.128,3
2026-10-04T21:08:05.083Z,2026-10-04,2026_04_DEN_SF,DEN @ SF,2026-10-04T20:25:00.000Z,SF,DEN,Mike Evans,WR,WR1,WR_REC_YARDS,leo-nflprop-v2,65,9.3,6.4,1.0390000000000001,3
2026-10-04T21:08:05.083Z,2026-10-04,2026_04_DEN_SF,DEN @ SF,2026-10-04T20:25:00.000Z,SF,DEN,Mike Evans,WR,WR1,ANYTIME_TD,leo-nflprop-v1,0.394,,,1.0390000000000001,3
2026-10-04T21:08:05.083Z,2026-10-04,2026_04_DEN_SF,DEN @ SF,2026-10-04T20:25:00.000Z,SF,DEN,Deebo Samuel Sr.,WR,WR2,WR_REC_YARDS,leo-nflprop-v2,36,5.5,5.7,1.0390000000000001,3
2026-10-04T21:08:05.083Z,2026-10-04,2026_04_DEN_SF,DEN @ SF,2026-10-04T20:25:00.000Z,SF,DEN,Deebo Samuel Sr.,WR,WR2,ANYTIME_TD,leo-nflprop-v1,0.381,,,1.0390000000000001,3
2026-10-04T21:08:05.083Z,2026-10-04,2026_04_DEN_SF,DEN @ SF,2026-10-04T20:25:00.000Z,SF,DEN,Jordan Watkins,WR,WR3,WR_REC_YARDS,leo-nflprop-v2,42,20.6,1.8,1.0390000000000001,1
2026-10-04T21:08:05.083Z,2026-10-04,2026_04_DEN_SF,DEN @ SF,2026-10-04T20:25:00.000Z,SF,DEN,Jordan Watkins,WR,WR3,ANYTIME_TD,leo-nflprop-v1,0.171,,,1.0390000000000001,1
2026-10-04T21:08:05.083Z,2026-10-04,2026_04_DET_CAR,DET @ CAR,2026-10-05T00:20:00.000Z,DET,CAR,Jared Goff,QB,QB1,QB_PASS_YARDS,leo-nflprop-v2,237,7.6,35.4,0.9129999999999999,3
2026-10-04T21:08:05.083Z,2026-10-04,2026_04_DET_CAR,DET @ CAR,2026-10-05T00:20:00.000Z,DET,CAR,Amon-Ra St. Brown,WR,WR1,WR_REC_YARDS,leo-nflprop-v2,68,6.5,10.9,0.9129999999999999,3
2026-10-04T21:08:05.083Z,2026-10-04,2026_04_DET_CAR,DET @ CAR,2026-10-05T00:20:00.000Z,DET,CAR,Amon-Ra St. Brown,WR,WR1,ANYTIME_TD,leo-nflprop-v1,0.61,,,0.9129999999999999,3
2026-10-04T21:08:05.083Z,2026-10-04,2026_04_DET_CAR,DET @ CAR,2026-10-05T00:20:00.000Z,DET,CAR,Jameson Williams,WR,WR2,WR_REC_YARDS,leo-nflprop-v2,52,9,5.9,0.9129999999999999,3
2026-10-04T21:08:05.083Z,2026-10-04,2026_04_DET_CAR,DET @ CAR,2026-10-05T00:20:00.000Z,DET,CAR,Jameson Williams,WR,WR2,ANYTIME_TD,leo-nflprop-v1,0.181,,,0.9129999999999999,3
2026-10-04T21:08:05.083Z,2026-10-04,2026_04_DET_CAR,DET @ CAR,2026-10-05T00:20:00.000Z,DET,CAR,Isaac TeSlaa,WR,WR3,WR_REC_YARDS,leo-nflprop-v2,24,9.1,2.4,0.9129999999999999,3
2026-10-04T21:08:05.083Z,2026-10-04,2026_04_DET_CAR,DET @ CAR,2026-10-05T00:20:00.000Z,DET,CAR,Isaac TeSlaa,WR,WR3,ANYTIME_TD,leo-nflprop-v1,0.184,,,0.9129999999999999,3
2026-10-04T21:08:05.083Z,2026-10-04,2026_04_DET_CAR,DET @ CAR,2026-10-05T00:20:00.000Z,CAR,DET,Chuba Hubbard,RB,RB1,RB_RUSH_YARDS,leo-nflprop-v2,57,4.1,13.2,1.026,3
2026-10-04T21:08:05.083Z,2026-10-04,2026_04_DET_CAR,DET @ CAR,2026-10-05T00:20:00.000Z,CAR,DET,Chuba Hubbard,RB,RB1,ANYTIME_TD,leo-nflprop-v1,0.212,,,1.026,3
2026-10-04T21:08:05.083Z,2026-10-04,2026_04_DET_CAR,DET @ CAR,2026-10-05T00:20:00.000Z,CAR,DET,AJ Dillon,RB,RB2,RB_RUSH_YARDS,leo-nflprop-v2,18,4.3,3.7,1.026,3
2026-10-04T21:08:05.083Z,2026-10-04,2026_04_DET_CAR,DET @ CAR,2026-10-05T00:20:00.000Z,CAR,DET,AJ Dillon,RB,RB2,ANYTIME_TD,leo-nflprop-v1,0.105,,,1.026,3
